game_id,game_date,home_team,away_team,prior_home_wp,home_win_actual,score_diff
401224687,2020-07-30,LAL,LAC,0.59532,1,2
401224686,2020-07-30,NO,UTAH,0.586947,0,-2
401224688,2020-07-31,BKN,ORL,0.361408,0,-10
401224690,2020-07-31,WSH,PHX,0.321031,0,-13
401224689,2020-07-31,POR,MEM,0.590074,1,5
401224691,2020-07-31,MIL,BOS,0.584007,1,7
401224692,2020-07-31,SA,SAC,0.440734,1,9
401224713,2020-07-31,DAL,HOU,0.61984,0,-4
401224714,2020-08-01,DEN,MIA,0.540413,0,-20
401224715,2020-08-01,OKC,UTAH,0.707282,1,16
401224716,2020-08-01,LAC,NO,0.656978,1,23
401224718,2020-08-01,TOR,LAL,0.601801,1,15
401224717,2020-08-01,IND,PHI,0.490334,1,6
401224720,2020-08-02,BOS,POR,0.656175,1,4
401224721,2020-08-02,MEM,SA,0.570171,0,-2
401224722,2020-08-02,ORL,SAC,0.616809,1,16
401224723,2020-08-02,HOU,MIL,0.512869,1,4
401224724,2020-08-02,PHX,DAL,0.418276,1,2
401224719,2020-08-02,BKN,WSH,0.717909,1,8
401224726,2020-08-03,OKC,DEN,0.631689,0,-8
401224725,2020-08-03,MIA,TOR,0.471529,0,-4
401224727,2020-08-03,WSH,IND,0.286759,0,-11
401224730,2020-08-03,UTAH,LAL,0.416707,0,-8
401224728,2020-08-03,NO,MEM,0.627019,1,10
401224729,2020-08-03,PHI,SA,0.624136,1,2
401224735,2020-08-04,MIA,BOS,0.529357,1,6
401224736,2020-08-04,POR,HOU,0.521742,1,8
401224734,2020-08-04,IND,ORL,0.52255,1,11
401224731,2020-08-04,MIL,BKN,0.793229,0,-3
401224732,2020-08-04,SAC,DAL,0.441865,0,-4
401224733,2020-08-04,LAC,PHX,0.672859,0,-2
401224742,2020-08-05,BOS,BKN,0.716756,1,34
401224740,2020-08-05,LAL,OKC,0.629559,0,-19
401224741,2020-08-05,ORL,TOR,0.338549,0,-10
401224739,2020-08-05,SA,DEN,0.512767,0,-6
401224737,2020-08-05,UTAH,MEM,0.639867,1,9
401224738,2020-08-05,WSH,PHI,0.237056,0,-9
401224743,2020-08-06,SAC,NO,0.558979,1,15
401224745,2020-08-06,PHX,IND,0.497994,1,15
401224744,2020-08-06,MIL,MIA,0.74493,1,14
401224746,2020-08-06,DAL,LAC,0.405802,0,-15
401224747,2020-08-06,DEN,POR,0.493742,0,-10
401224748,2020-08-06,HOU,LAL,0.525522,1,16
401224751,2020-08-07,BKN,SAC,0.531476,1,13
401224749,2020-08-07,SA,UTAH,0.608783,1,8
401224750,2020-08-07,MEM,OKC,0.49219,1,29
401224754,2020-08-07,TOR,BOS,0.594681,0,-22
401224753,2020-08-07,NO,WSH,0.75668,1,11
401224752,2020-08-07,PHI,ORL,0.636181,1,7
401224755,2020-08-08,POR,LAC,0.431512,0,-5
401224756,2020-08-08,DEN,UTAH,0.703759,1,2
401224757,2020-08-08,IND,LAL,0.494441,1,5
401224758,2020-08-08,MIA,PHX,0.561785,0,-7
401224759,2020-08-08,DAL,MIL,0.454217,1,4
401224761,2020-08-09,TOR,MEM,0.714623,1,9
401224760,2020-08-09,OKC,WSH,0.805938,1,18
401224762,2020-08-09,NO,SA,0.503152,0,-9
401224763,2020-08-09,BOS,ORL,0.774242,1,3
401224765,2020-08-09,SAC,HOU,0.539374,0,-17
401224764,2020-08-09,POR,PHI,0.46212,1,3
401224766,2020-08-09,LAC,BKN,0.661785,0,-9
401224767,2020-08-10,PHX,OKC,0.592401,1,27
401224768,2020-08-10,UTAH,DAL,0.591646,0,-8
401224769,2020-08-10,MIL,TOR,0.505617,0,-8
401224770,2020-08-10,MIA,IND,0.618167,1,22
401224771,2020-08-10,LAL,DEN,0.670758,1,3
401224778,2020-08-11,WSH,MIL,0.244001,0,-13
401224775,2020-08-11,DAL,POR,0.526373,0,-3
401224776,2020-08-11,MEM,BOS,0.394505,0,-15
401224774,2020-08-11,PHI,PHX,0.452278,0,-13
401224773,2020-08-11,SA,HOU,0.599559,1,18
401224772,2020-08-11,ORL,BKN,0.661472,0,-12
401224777,2020-08-11,SAC,NO,0.669213,1,6
401224782,2020-08-12,DEN,LAC,0.418912,0,-13
401224781,2020-08-12,OKC,MIA,0.574661,1,1
401224780,2020-08-12,PHI,TOR,0.342106,0,-4
401224779,2020-08-12,HOU,IND,0.536401,0,-4
401224784,2020-08-13,BKN,POR,0.483059,0,-1
401224787,2020-08-13,ORL,NO,0.762363,1,6
401224789,2020-08-13,UTAH,SA,0.668048,1,6
401224785,2020-08-13,LAL,SAC,0.712449,0,-14
401224788,2020-08-13,PHX,DAL,0.502529,1,26
401224783,2020-08-13,BOS,WSH,0.604213,0,-6
401224786,2020-08-13,MEM,MIL,0.421834,1,13
401224793,2020-08-14,TOR,DEN,0.594401,1,8
401224791,2020-08-14,IND,MIA,0.535264,1,17
401224792,2020-08-14,LAC,OKC,0.500317,1,4
401224790,2020-08-14,HOU,PHI,0.506245,0,-38
401236333,2020-08-15,POR,MEM,0.604712,1,4
401236268,2020-08-17,BOS,PHI,0.6473,1,8
401236280,2020-08-17,DEN,UTAH,0.668261,1,10
401236261,2020-08-17,TOR,BKN,0.736136,1,24
401236273,2020-08-17,LAC,DAL,0.657187,1,8
401236254,2020-08-18,MIL,ORL,0.705056,0,-12
401236315,2020-08-18,IND,MIA,0.536033,0,-12
401236294,2020-08-18,HOU,OKC,0.540725,1,15
401236287,2020-08-18,LAL,POR,0.593702,0,-7
401236274,2020-08-19,LAC,DAL,0.67406,0,-13
401236281,2020-08-19,DEN,UTAH,0.668594,0,-19
401236262,2020-08-19,TOR,BKN,0.739085,1,5
401236269,2020-08-19,BOS,PHI,0.668214,1,27
401236288,2020-08-20,LAL,POR,0.609238,1,23
401236316,2020-08-20,IND,MIA,0.487594,0,-9
401236295,2020-08-20,HOU,OKC,0.633566,1,13
401236255,2020-08-20,MIL,ORL,0.699134,1,15
401236263,2020-08-21,BKN,TOR,0.276255,0,-25
401236282,2020-08-21,UTAH,DEN,0.726173,1,37
401236270,2020-08-21,PHI,BOS,0.492469,0,-8
401236275,2020-08-21,DAL,LAC,0.398127,0,-8
401236289,2020-08-22,POR,LAL,0.564831,0,-8
401236317,2020-08-22,MIA,IND,0.695001,1,9
401236256,2020-08-22,ORL,MIL,0.355876,0,-14
401236296,2020-08-22,OKC,HOU,0.552429,1,12
401236283,2020-08-23,UTAH,DEN,0.771562,1,2
401236271,2020-08-23,PHI,BOS,0.476968,0,-4
401236276,2020-08-23,DAL,LAC,0.422595,1,2
401236264,2020-08-23,BKN,TOR,0.320709,0,-28
401236257,2020-08-24,ORL,MIL,0.317872,0,-15
401236297,2020-08-24,OKC,HOU,0.635762,1,3
401236318,2020-08-24,MIA,IND,0.739081,1,12
401236290,2020-08-24,POR,LAL,0.551996,0,-20
401236284,2020-08-25,DEN,UTAH,0.466932,1,10
401236277,2020-08-25,LAC,DAL,0.70716,1,43
401236260,2020-08-29,MIL,ORL,0.724588,1,14
401236300,2020-08-29,HOU,OKC,0.680086,1,34
401236293,2020-08-29,LAL,POR,0.747695,1,9
401240076,2020-08-30,TOR,BOS,0.465459,0,-18
401236279,2020-08-30,DAL,LAC,0.374501,0,-14
401236286,2020-08-30,UTAH,DEN,0.745988,0,-12
401241638,2020-08-31,OKC,HOU,0.497423,1,4
401241760,2020-08-31,MIL,MIA,0.454109,0,-11
401240077,2020-09-01,TOR,BOS,0.430478,0,-3
401241818,2020-09-01,DEN,UTAH,0.519343,1,2
401241819,2020-09-02,HOU,OKC,0.657885,1,2
401241766,2020-09-02,MIL,MIA,0.523392,0,-2
401240078,2020-09-03,BOS,TOR,0.498489,0,-1
401241853,2020-09-03,LAC,DEN,0.739725,1,23
401241767,2020-09-04,MIA,MIL,0.569907,1,15
401242801,2020-09-04,LAL,HOU,0.610582,0,-15
401240079,2020-09-05,BOS,TOR,0.535699,0,-7
401242795,2020-09-05,LAC,DEN,0.746379,0,-9
401242802,2020-09-06,LAL,HOU,0.625327,1,8
401241769,2020-09-06,MIA,MIL,0.551131,0,-3
401240080,2020-09-07,TOR,BOS,0.573052,0,-22
401242796,2020-09-07,DEN,LAC,0.389389,0,-6
401241770,2020-09-08,MIL,MIA,0.411311,0,-9
401242803,2020-09-08,HOU,LAL,0.569332,0,-10
401242797,2020-09-09,DEN,LAC,0.383738,0,-11
401240081,2020-09-09,BOS,TOR,0.553784,0,-3
401242804,2020-09-10,HOU,LAL,0.528782,0,-10
401241765,2020-09-11,TOR,BOS,0.434041,0,-5
401242798,2020-09-11,LAC,DEN,0.732657,0,-6
401242805,2020-09-12,LAL,HOU,0.547922,1,23
401242799,2020-09-13,DEN,LAC,0.38969,1,13
401242800,2020-09-15,LAC,DEN,0.706136,0,-15
401245393,2020-09-15,BOS,MIA,0.507277,0,-3
401245394,2020-09-17,BOS,MIA,0.520541,0,-5
401246234,2020-09-18,LAL,DEN,0.728298,1,12
401245395,2020-09-19,MIA,BOS,0.49267,0,-11
401246235,2020-09-20,LAL,DEN,0.769559,1,2
401246236,2020-09-22,DEN,LAL,0.502248,1,8
401247145,2020-09-23,MIA,BOS,0.503746,1,3
401246237,2020-09-24,DEN,LAL,0.487856,0,-6
401247146,2020-09-25,BOS,MIA,0.587819,1,13
401246238,2020-09-26,LAL,DEN,0.754998,1,10
401247147,2020-09-27,MIA,BOS,0.533371,1,12
401248433,2020-09-30,LAL,MIA,0.574923,1,18
401248434,2020-10-02,LAL,MIA,0.703925,1,10
401248435,2020-10-04,MIA,LAL,0.423525,1,11
401248436,2020-10-06,MIA,LAL,0.44337,0,-6
401248437,2020-10-09,LAL,MIA,0.575991,0,-3
401248438,2020-10-11,MIA,LAL,0.452335,0,-13
401267302,2021-01-10,LAC,CHI,0.744297,1,3
401267312,2021-01-11,WSH,PHX,0.214954,1,21
401267311,2021-01-11,ORL,MIL,0.416293,0,-22
401267309,2021-01-11,CHA,NY,0.737716,1,21
401267319,2021-01-12,CLE,UTAH,0.260783,0,-30
401267318,2021-01-12,BKN,DEN,0.588107,1,6
401267323,2021-01-12,GS,IND,0.526195,0,-9
401267329,2021-01-13,MIN,MEM,0.416169,0,-11
401267328,2021-01-13,NY,BKN,0.401453,0,-7
401267333,2021-01-13,SAC,POR,0.368991,0,-6
401267330,2021-01-13,OKC,LAL,0.237512,0,-29
401267325,2021-01-13,DET,MIL,0.267028,0,-9
401267338,2021-01-14,POR,IND,0.535587,0,-24
401267335,2021-01-14,TOR,CHA,0.459323,1,3
401267337,2021-01-14,DEN,GS,0.60249,1,10
401267347,2021-01-15,LAL,NO,0.783647,1,17
401267342,2021-01-15,MIL,DAL,0.63204,1,3
401267341,2021-01-15,CLE,NY,0.500381,1,3
401267340,2021-01-15,BOS,ORL,0.600748,1,27
401267344,2021-01-15,OKC,CHI,0.613697,1,2
401267346,2021-01-15,UTAH,ATL,0.632178,1,24
401267348,2021-01-15,SAC,LAC,0.370304,0,-38
401267350,2021-01-16,BKN,ORL,0.731973,1,7
401267355,2021-01-16,POR,ATL,0.549574,1,6
401267349,2021-01-16,SA,HOU,0.729869,1,12
401267353,2021-01-16,MEM,PHI,0.61424,1,2
401267351,2021-01-16,TOR,CHA,0.460224,1,3
401267352,2021-01-16,MIA,DET,0.702689,0,-20
401267362,2021-01-17,LAC,IND,0.693673,1,33
401267361,2021-01-17,SAC,NO,0.509488,0,-5
401267360,2021-01-17,DEN,UTAH,0.545381,0,-4
401267358,2021-01-17,DAL,CHI,0.718526,0,-16
401267356,2021-01-17,BOS,NY,0.74396,0,-30
401267367,2021-01-18,POR,SA,0.433355,0,-21
401267368,2021-01-18,MEM,PHX,0.371312,1,4
401267363,2021-01-18,NY,ORL,0.566682,1,7
401267365,2021-01-18,ATL,MIN,0.819838,1,11
401267369,2021-01-18,BKN,MIL,0.507319,1,2
401267371,2021-01-18,CHI,HOU,0.522575,1,5
401267366,2021-01-18,MIA,DET,0.59175,1,6
401267372,2021-01-18,LAL,GS,0.677011,0,-2
401267370,2021-01-18,TOR,DAL,0.483257,1,23
401267374,2021-01-19,UTAH,NO,0.75139,1,16
401267373,2021-01-19,DEN,OKC,0.758577,1,18
401267381,2021-01-20,MIN,ORL,0.455302,0,-1
401267383,2021-01-20,GS,SA,0.432474,1,22
401267384,2021-01-20,LAC,SAC,0.790702,1,19
401267382,2021-01-20,HOU,PHX,0.335936,0,-6
401267379,2021-01-20,ATL,DET,0.740779,1,8
401267377,2021-01-20,IND,DAL,0.496511,0,-12
401267376,2021-01-20,CLE,BKN,0.403084,1,12
401267378,2021-01-20,PHI,BOS,0.779835,1,8
401267380,2021-01-20,TOR,MIA,0.599437,0,-9
401267387,2021-01-21,UTAH,NO,0.820644,1,11
401267386,2021-01-21,MIL,LAL,0.557438,0,-7
401267388,2021-01-21,GS,NY,0.526842,0,-15
401267396,2021-01-22,MIN,ATL,0.328249,0,-18
401267398,2021-01-22,PHX,DEN,0.635104,0,-4
401267399,2021-01-22,LAC,OKC,0.806465,1,14
401267401,2021-01-22,SAC,NY,0.361873,1,9
401267397,2021-01-22,SA,DAL,0.54149,0,-5
401267392,2021-01-22,CLE,BKN,0.479705,1,12
401267391,2021-01-22,IND,ORL,0.684343,1,2
401267394,2021-01-22,TOR,MIA,0.553112,1,20
401267389,2021-01-22,CHA,CHI,0.524406,0,-13
401267390,2021-01-22,DET,HOU,0.569973,0,-1
401267393,2021-01-22,PHI,BOS,0.815035,1,12
401267404,2021-01-23,BKN,MIA,0.756074,1,4
401267406,2021-01-23,MIN,NO,0.426052,1,10
401267403,2021-01-23,DET,PHI,0.274034,0,-4
401267408,2021-01-23,PHX,DEN,0.443364,0,-8
401267407,2021-01-23,DAL,HOU,0.73545,0,-25
401267405,2021-01-23,CHI,LAL,0.289423,0,-11
401267402,2021-01-23,UTAH,GS,0.728932,1,19
401267409,2021-01-24,IND,TOR,0.736141,0,-5
401267411,2021-01-24,LAC,OKC,0.798874,1,8
401267412,2021-01-24,ORL,CHA,0.415057,0,-3
401267410,2021-01-24,BOS,CLE,0.610475,1,38
401267414,2021-01-24,MIL,ATL,0.746852,1,14
401267413,2021-01-24,SA,WSH,0.827259,1,20
401267416,2021-01-24,POR,NY,0.560053,1,3
401267421,2021-01-25,CLE,LAL,0.254025,0,-7
401267420,2021-01-25,BKN,MIA,0.727253,1,13
401267419,2021-01-25,ORL,CHA,0.487344,1,9
401267418,2021-01-25,IND,TOR,0.631146,1,15
401267417,2021-01-25,DET,PHI,0.428821,1,15
401267425,2021-01-25,DAL,DEN,0.45824,0,-4
401267427,2021-01-25,POR,OKC,0.651222,0,-3
401267422,2021-01-25,CHI,BOS,0.615571,0,-16
401267426,2021-01-25,GS,MIN,0.825844,1,22
401267428,2021-01-26,ATL,LAC,0.621104,1,9
401267429,2021-01-26,HOU,WSH,0.782137,1,19
401267430,2021-01-26,UTAH,NY,0.771539,1,14
401267433,2021-01-27,ORL,SAC,0.60079,0,-14
401267432,2021-01-27,CLE,DET,0.742914,1,15
401267431,2021-01-27,CHA,IND,0.457053,0,-10
401267437,2021-01-27,TOR,MIL,0.411615,0,-7
401267435,2021-01-27,MIA,DEN,0.332468,0,-27
401267436,2021-01-27,PHI,LAL,0.470737,1,1
401267442,2021-01-27,UTAH,DAL,0.681929,1,12
401267441,2021-01-27,PHX,OKC,0.695453,0,-5
401267439,2021-01-27,NO,WSH,0.745775,1,18
401267443,2021-01-27,GS,MIN,0.815795,1,12
401267434,2021-01-27,ATL,BKN,0.410133,0,-4
401267440,2021-01-27,SA,BOS,0.695923,1,4
401267446,2021-01-28,PHX,GS,0.564679,1,21
401267447,2021-01-28,HOU,POR,0.651583,1,3
401267445,2021-01-28,MIA,LAC,0.386775,0,-4
401267444,2021-01-28,DET,LAL,0.263369,1,15
401267451,2021-01-29,NY,CLE,0.577707,1,21
401267448,2021-01-29,CHA,IND,0.482715,1,3
401267453,2021-01-29,NO,MIL,0.362788,1,5
401267450,2021-01-29,WSH,ATL,0.250334,0,-16
401267455,2021-01-29,OKC,BKN,0.350055,0,-22
401267456,2021-01-29,SA,DEN,0.543684,1,10
401267452,2021-01-29,TOR,SAC,0.58883,0,-2
401267449,2021-01-29,ORL,LAC,0.333134,0,-26
401267454,2021-01-29,MIN,PHI,0.269324,0,-24
401267457,2021-01-29,UTAH,DAL,0.659421,1,19
401267465,2021-01-30,GS,DET,0.717899,1,27
401267463,2021-01-30,DAL,PHX,0.463236,0,-6
401267464,2021-01-30,SA,MEM,0.586065,0,-17
401267458,2021-01-30,CHI,POR,0.5793,0,-1
401267462,2021-01-30,BOS,LAL,0.412222,0,-1
401267460,2021-01-30,NO,HOU,0.510029,0,-14
401267461,2021-01-30,MIA,SAC,0.425922,1,1
401267459,2021-01-30,CHA,MIL,0.380734,1,12
401267471,2021-01-31,MIN,CLE,0.505059,1,5
401267469,2021-01-31,TOR,ORL,0.578998,1,13
401267467,2021-01-31,IND,PHI,0.685552,0,-9
401267466,2021-01-31,DEN,UTAH,0.538982,1,11
401267470,2021-01-31,WSH,BKN,0.398703,1,3
401267468,2021-01-31,NY,LAC,0.332234,0,-14
401267475,2021-02-01,CHI,NY,0.580348,1,8
401267476,2021-02-01,MIL,POR,0.731481,1,28
401267477,2021-02-01,NO,SAC,0.561775,0,-9
401267472,2021-02-01,CLE,MIN,0.65572,1,2
401267473,2021-02-01,ATL,LAL,0.388425,0,-8
401267474,2021-02-01,MIA,CHA,0.46985,0,-8
401267479,2021-02-01,DAL,PHX,0.393957,0,-1
401267478,2021-02-01,OKC,HOU,0.355263,0,-30
401267480,2021-02-01,SA,MEM,0.598659,0,-31
401267484,2021-02-02,BKN,LAC,0.408102,1,4
401282283,2021-02-02,WSH,POR,0.41329,0,-11
401267483,2021-02-02,ORL,TOR,0.414163,0,-15
401267482,2021-02-02,IND,MEM,0.56441,1,18
401267486,2021-02-02,GS,BOS,0.512712,0,-4
401267485,2021-02-02,UTAH,DET,0.856649,1,12
401267496,2021-02-03,SAC,BOS,0.538255,1,5
401267491,2021-02-03,MIA,WSH,0.707025,0,-3
401267494,2021-02-03,SA,MIN,0.798314,1,3
401267488,2021-02-03,CLE,LAC,0.298307,0,-22
401267492,2021-02-03,CHI,NY,0.530218,0,-4
401267495,2021-02-03,NO,PHX,0.472232,1,22
401267490,2021-02-03,ATL,DAL,0.659997,0,-6
401267487,2021-02-03,CHA,PHI,0.441891,0,-7
401267489,2021-02-03,MIL,IND,0.67543,1,20
401267493,2021-02-03,OKC,HOU,0.344728,1,17
401267500,2021-02-04,MEM,HOU,0.65457,0,-12
401267501,2021-02-04,LAL,DEN,0.653935,1,21
401267497,2021-02-04,PHI,POR,0.68299,0,-16
401267499,2021-02-04,DAL,GS,0.452939,0,-31
401267498,2021-02-04,ATL,UTAH,0.205041,0,-21
401267510,2021-02-05,LAC,BOS,0.712461,0,-4
401267509,2021-02-05,PHX,DET,0.83846,1,17
401267502,2021-02-05,CHA,UTAH,0.388373,0,-17
401267507,2021-02-05,MIA,WSH,0.64824,1,27
401267508,2021-02-05,OKC,MIN,0.564802,0,-3
401267503,2021-02-05,IND,NO,0.580543,0,-1
401267506,2021-02-05,CLE,MIL,0.288388,0,-18
401267504,2021-02-05,ORL,CHI,0.419813,1,4
401267505,2021-02-05,BKN,TOR,0.696583,0,-6
401267518,2021-02-06,HOU,SA,0.534876,0,-5
401267511,2021-02-06,NY,POR,0.65868,1,11
401267512,2021-02-06,SAC,DEN,0.392471,1,5
401267513,2021-02-06,ORL,CHI,0.457073,0,-26
401267519,2021-02-06,OKC,MIN,0.708789,1,2
401267517,2021-02-06,CLE,MIL,0.275368,0,-25
401267520,2021-02-06,DAL,GS,0.460262,1,2
401267515,2021-02-06,NO,MEM,0.488954,1,9
401267521,2021-02-06,LAL,DET,0.891038,1,6
401267516,2021-02-06,ATL,TOR,0.638362,1,11
401267514,2021-02-06,PHI,BKN,0.735323,1,16
401282286,2021-02-07,CHA,WSH,0.793456,1,22
401267524,2021-02-07,NY,MIA,0.557359,0,-6
401267523,2021-02-07,IND,UTAH,0.399129,0,-8
401267525,2021-02-07,PHX,BOS,0.701603,1,9
401267526,2021-02-07,LAC,SAC,0.747073,0,-3
401267529,2021-02-08,MEM,TOR,0.638552,0,-15
401267528,2021-02-08,CHI,WSH,0.749204,0,-4
401267527,2021-02-08,CHA,HOU,0.606367,1,25
401267530,2021-02-08,DAL,MIN,0.78932,1,5
401267532,2021-02-08,PHX,CLE,0.667883,1,6
401267531,2021-02-08,SA,GS,0.557663,1,5
401267533,2021-02-08,DEN,MIL,0.399708,0,-13
401267534,2021-02-08,LAL,OKC,0.703476,1,7
401267535,2021-02-09,DET,BKN,0.395797,1,11
401267537,2021-02-09,NO,HOU,0.694724,1,29
401267536,2021-02-09,MIA,NY,0.524542,1,2
401267538,2021-02-09,SA,GS,0.454279,0,-23
401267541,2021-02-09,SAC,PHI,0.415479,0,-8
401267540,2021-02-09,POR,ORL,0.683926,1,9
401267539,2021-02-09,UTAH,BOS,0.714078,1,14
401267542,2021-02-10,WSH,TOR,0.308509,0,-22
401267544,2021-02-10,DAL,ATL,0.553639,1,1
401267547,2021-02-10,MIN,LAC,0.250117,0,-7
401267546,2021-02-10,MEM,CHA,0.556393,1,16
401267543,2021-02-10,BKN,IND,0.525584,1,10
401267545,2021-02-10,CHI,NO,0.462049,1,13
401267550,2021-02-10,LAL,OKC,0.810617,1,1
401267548,2021-02-10,DEN,CLE,0.72933,1,38
401267549,2021-02-10,PHX,MIL,0.484844,1,1
401267558,2021-02-11,BOS,TOR,0.535726,1,14
401267552,2021-02-11,HOU,MIA,0.561648,0,-7
401267551,2021-02-11,DET,IND,0.391018,0,-16
401267554,2021-02-11,POR,PHI,0.364294,1,4
401267553,2021-02-11,GS,ORL,0.821841,1,6
401267572,2021-02-12,BOS,DET,0.72248,0,-6
401267556,2021-02-12,WSH,NY,0.342339,0,-18
401267555,2021-02-12,CHA,MIN,0.695774,1,6
401267559,2021-02-12,DAL,NO,0.459549,1,13
401267557,2021-02-12,ATL,SA,0.458189,0,-11
401267560,2021-02-12,CHI,LAC,0.400727,0,-19
401267565,2021-02-12,SAC,ORL,0.746393,0,-11
401267561,2021-02-12,DEN,OKC,0.774518,1,2
401267564,2021-02-12,POR,CLE,0.645583,1,19
401267563,2021-02-12,LAL,MEM,0.714313,1,10
401267562,2021-02-12,UTAH,MIL,0.606602,1,14
401267566,2021-02-13,PHX,PHI,0.624757,1,9
401267567,2021-02-13,ATL,IND,0.461869,0,-12
401267568,2021-02-13,NY,HOU,0.645797,1,22
401267569,2021-02-13,GS,BKN,0.498416,0,-17
401267570,2021-02-13,UTAH,MIA,0.705781,1,18
401267571,2021-02-14,DAL,POR,0.49152,0,-3
401282833,2021-02-14,DET,NO,0.390012,1,11
401267574,2021-02-14,CHA,SA,0.442764,0,-12
401267573,2021-02-14,TOR,MIN,0.718123,0,-4
401282752,2021-02-14,WSH,BOS,0.348736,1,13
401267576,2021-02-14,DEN,LAL,0.548253,1,17
401267579,2021-02-14,LAC,CLE,0.767852,1,17
401267578,2021-02-14,SAC,MEM,0.549529,0,-14
401267577,2021-02-14,PHX,ORL,0.79373,1,19
401267575,2021-02-14,OKC,MIL,0.231633,1,5
401267580,2021-02-15,IND,CHI,0.58716,0,-8
401267581,2021-02-15,WSH,HOU,0.390527,1,12
401267585,2021-02-15,LAC,MIA,0.639447,1,7
401267582,2021-02-15,NY,ATL,0.593177,1,11
401267586,2021-02-15,SAC,BKN,0.344644,0,-11
401267584,2021-02-15,GS,CLE,0.813366,1,31
401267583,2021-02-15,UTAH,PHI,0.790399,1,11
401267593,2021-02-16,PHX,BKN,0.714013,0,-4
401267589,2021-02-16,MEM,NO,0.522258,0,-31
401267590,2021-02-16,MIL,TOR,0.537694,0,-11
401267592,2021-02-16,OKC,POR,0.331999,0,-11
401267587,2021-02-16,BOS,DEN,0.541497,1,13
401267591,2021-02-16,MIN,LAL,0.362608,0,-8
401267603,2021-02-17,GS,MIA,0.646267,1,8
401267597,2021-02-17,WSH,DEN,0.349032,1,2
401267601,2021-02-17,NO,POR,0.568896,0,-2
401283399,2021-02-17,MEM,OKC,0.647218,1,9
401267600,2021-02-17,MIN,IND,0.348404,0,-6
401267604,2021-02-17,LAC,UTAH,0.463997,0,-18
401267598,2021-02-17,BOS,ATL,0.595339,0,-8
401267599,2021-02-17,PHI,HOU,0.663125,1,5
401267596,2021-02-17,ORL,NY,0.328642,1,18
401299015,2021-02-17,CHI,DET,0.715785,1,3
401267606,2021-02-18,LAL,BKN,0.517574,0,-11
401267607,2021-02-18,SAC,MIA,0.449458,0,-8
401267605,2021-02-18,MIL,TOR,0.612582,0,-14
401267617,2021-02-19,LAC,UTAH,0.633241,1,4
401267614,2021-02-19,MIN,TOR,0.413913,0,-5
401267612,2021-02-19,MEM,DET,0.853743,1,14
401267613,2021-02-19,MIL,OKC,0.66302,1,13
401267615,2021-02-19,NO,PHX,0.498065,0,-18
401267611,2021-02-19,BOS,ATL,0.679015,1,12
401267609,2021-02-19,ORL,GS,0.357433,1,4
401297409,2021-02-19,CLE,DEN,0.278776,0,-17
401267610,2021-02-19,PHI,CHI,0.627564,1,7
401267620,2021-02-20,CHI,SAC,0.62649,1,8
401267624,2021-02-20,POR,WSH,0.691038,0,-7
401267622,2021-02-20,MEM,PHX,0.372856,0,-31
401267619,2021-02-20,CHA,GS,0.561983,1,2
401267623,2021-02-20,LAL,MIA,0.566219,0,-2
401267626,2021-02-21,CLE,OKC,0.348634,0,-16
401267632,2021-02-21,LAC,BKN,0.619398,0,-4
401267631,2021-02-21,MIL,SAC,0.736111,1,13
401267627,2021-02-21,ORL,DET,0.695134,1,9
401267630,2021-02-21,ATL,DEN,0.438828,1,8
401267629,2021-02-21,NY,MIN,0.720475,1,4
401267625,2021-02-21,NO,BOS,0.604149,1,5
401267628,2021-02-21,TOR,PHI,0.520884,1,7
401267639,2021-02-22,LAL,WSH,0.658663,0,-3
401267635,2021-02-22,OKC,MIA,0.414456,0,-14
401267637,2021-02-22,PHX,POR,0.710726,1,32
401267638,2021-02-22,UTAH,CHA,0.707986,1,22
401267634,2021-02-22,HOU,CHI,0.418517,0,-20
401267636,2021-02-22,DAL,MEM,0.553916,1,10
401267644,2021-02-23,TOR,PHI,0.538422,0,-7
401267647,2021-02-23,DEN,POR,0.596458,1,5
401267648,2021-02-23,LAC,WSH,0.805853,1,19
401267646,2021-02-23,MIL,MIN,0.75376,1,27
401267642,2021-02-23,BKN,SAC,0.724195,1,9
401267643,2021-02-23,NY,GS,0.487202,0,-8
401267645,2021-02-23,DAL,BOS,0.651782,1,3
401267640,2021-02-23,CLE,ATL,0.269142,1,1
401267641,2021-02-23,ORL,DET,0.70128,0,-12
401267656,2021-02-24,PHX,CHA,0.687618,0,-3
401267652,2021-02-24,MIA,TOR,0.549882,1,8
401267657,2021-02-24,UTAH,LAL,0.787493,1,25
401267653,2021-02-24,CHI,MIN,0.763243,1,7
401267654,2021-02-24,NO,DET,0.868602,1,10
401267655,2021-02-24,OKC,SA,0.457553,1,3
401267649,2021-02-24,IND,GS,0.504964,0,-4
401267650,2021-02-24,ATL,BOS,0.61503,1,15
401267651,2021-02-24,CLE,HOU,0.375077,1,16
401267663,2021-02-25,MIL,NO,0.628321,1,4
401267662,2021-02-25,DEN,WSH,0.727417,0,-2
401267659,2021-02-25,BKN,ORL,0.794702,1,37
401267661,2021-02-25,MEM,LAC,0.412845,1,28
401267658,2021-02-25,PHI,DAL,0.649792,1,14
401267660,2021-02-25,NY,SAC,0.689655,1,19
401267671,2021-02-26,GS,CHA,0.646304,1,9
401267672,2021-02-26,LAL,POR,0.596206,1,9
401267664,2021-02-26,DET,SAC,0.505779,0,-3
401267667,2021-02-26,MIA,UTAH,0.467025,1,8
401267668,2021-02-26,CHI,PHX,0.361738,0,-9
401267669,2021-02-26,MEM,LAC,0.331205,0,-20
401267670,2021-02-26,OKC,ATL,0.384176,1,9
401267665,2021-02-26,BOS,IND,0.565662,1,6
401267666,2021-02-26,TOR,HOU,0.686174,1,11
401267676,2021-02-27,ORL,UTAH,0.248761,0,-15
401267679,2021-02-27,BKN,DAL,0.648036,0,-17
401267674,2021-02-27,SA,NO,0.541483,1,3
401267675,2021-02-27,NY,IND,0.645138,1,3
401267678,2021-02-27,OKC,DEN,0.345257,0,-30
401267673,2021-02-27,PHI,CLE,0.781998,0,-3
401267677,2021-02-27,WSH,MIN,0.625814,1,16
401267688,2021-02-28,SAC,CHA,0.575918,0,-1
401267686,2021-02-28,MIN,PHX,0.140233,0,-19
401267681,2021-02-28,DET,NY,0.423918,0,-19
401267682,2021-02-28,MIA,ATL,0.563092,1,10
401267687,2021-02-28,LAL,GS,0.447728,1,26
401267684,2021-02-28,BOS,WSH,0.674424,1,1
401267680,2021-02-28,MIL,LAC,0.54747,1,5
401267685,2021-02-28,HOU,MEM,0.308372,0,-49
401267691,2021-03-01,CHI,DEN,0.450981,0,-6
401267694,2021-03-01,SA,BKN,0.380172,0,-11
401267695,2021-03-01,POR,CHA,0.669451,1,12
401267692,2021-03-01,HOU,CLE,0.566336,0,-11
401267693,2021-03-01,NO,UTAH,0.47871,1,5
401267690,2021-03-01,PHI,IND,0.644264,1,16
401267689,2021-03-01,ORL,DAL,0.353989,0,-6
401267700,2021-03-02,MIL,DEN,0.527626,0,-31
401267702,2021-03-02,LAL,PHX,0.279128,0,-10
401267701,2021-03-02,SA,NY,0.541915,1,26
401267697,2021-03-02,BOS,LAC,0.390029,1,5
401267698,2021-03-02,MIA,ATL,0.598561,0,-14
401267696,2021-03-02,WSH,MEM,0.395247,0,-14
401267710,2021-03-03,POR,GS,0.544333,1,2
401267711,2021-03-03,SAC,LAL,0.645271,1,3
401267709,2021-03-03,DAL,OKC,0.565809,1,9
401267704,2021-03-03,ORL,ATL,0.370848,0,-3
401267707,2021-03-03,MIN,CHA,0.390018,0,-33
401267708,2021-03-03,NO,CHI,0.586909,0,-4
401267703,2021-03-03,CLE,IND,0.363039,0,-3
401267705,2021-03-03,PHI,UTAH,0.572541,1,8
401309754,2021-03-03,TOR,DET,0.834729,0,-24
401267706,2021-03-03,HOU,BKN,0.224306,0,-18
401267716,2021-03-04,SA,OKC,0.669782,0,-5
401267717,2021-03-04,NO,MIA,0.433424,0,-10
401267718,2021-03-04,POR,SAC,0.634928,1,4
401267713,2021-03-04,IND,DEN,0.366015,0,-10
401267714,2021-03-04,WSH,LAC,0.293315,1,2
401302775,2021-03-04,NY,DET,0.850083,1,10
401283400,2021-03-04,PHX,GS,0.815311,1,22
401267715,2021-03-04,MEM,MIL,0.473146,0,-1
401267712,2021-03-04,BOS,TOR,0.644523,1,7
401307309,2021-03-10,MEM,WSH,0.743725,1,15
401307310,2021-03-10,DAL,SA,0.529527,1,11
401307359,2021-03-11,LAC,GS,0.642136,1,26
401307361,2021-03-11,SAC,HOU,0.692661,1,20
401307354,2021-03-11,MIA,ORL,0.658231,1,8
401307355,2021-03-11,CHI,PHI,0.674042,0,-22
401307360,2021-03-11,POR,PHX,0.302582,0,-6
401307357,2021-03-11,NO,MIN,0.725857,0,-30
401307356,2021-03-11,MIL,NY,0.746062,1,33
401307311,2021-03-11,CHA,DET,0.799348,1,3
401307358,2021-03-11,OKC,DAL,0.456338,1,8
401307312,2021-03-11,BKN,BOS,0.649546,1,12
401307353,2021-03-11,TOR,ATL,0.585098,0,-1
401307368,2021-03-12,LAL,IND,0.612134,1,5
401307367,2021-03-12,UTAH,HOU,0.885874,1,15
401307363,2021-03-12,MEM,DEN,0.443171,0,-1
401307362,2021-03-12,WSH,PHI,0.384672,0,-26
401307364,2021-03-12,NO,CLE,0.721773,1,34
401307366,2021-03-12,SA,ORL,0.758108,1,27
401307365,2021-03-12,CHI,MIA,0.507727,0,-11
401307375,2021-03-13,DEN,DAL,0.456796,0,-13
401307370,2021-03-13,BKN,DET,0.825855,1,5
401307376,2021-03-13,PHX,IND,0.685851,0,-11
401307373,2021-03-13,ATL,SAC,0.56783,1,15
401307371,2021-03-13,CHA,TOR,0.648068,1,10
401307369,2021-03-13,OKC,NY,0.40201,0,-22
401307374,2021-03-13,MIN,POR,0.30295,0,-4
401307372,2021-03-13,WSH,MIL,0.17398,0,-6
401307377,2021-03-14,OKC,MEM,0.291406,1,6
401307378,2021-03-14,GS,UTAH,0.420326,1,12
401307379,2021-03-14,PHI,SA,0.626309,1,35
401307380,2021-03-14,ORL,MIA,0.222864,0,-5
401307381,2021-03-14,ATL,CLE,0.746809,1,18
401307383,2021-03-14,MIN,POR,0.327477,1,2
401307382,2021-03-14,HOU,BOS,0.287907,0,-27
401307385,2021-03-14,NO,LAC,0.35611,1,20
401307384,2021-03-14,CHI,TOR,0.64327,1,23
401307388,2021-03-15,BKN,NY,0.790869,1,5
401307387,2021-03-15,WSH,MIL,0.283977,0,-11
401307386,2021-03-15,CHA,SAC,0.697125,1,6
401307389,2021-03-15,DET,SA,0.339139,0,-10
401307391,2021-03-15,DEN,IND,0.608871,1,15
401307390,2021-03-15,DAL,LAC,0.493723,0,-10
401307393,2021-03-15,GS,LAL,0.62331,0,-31
401307392,2021-03-15,PHX,MEM,0.771597,1,23
401307399,2021-03-16,POR,NO,0.52226,1,1
401307394,2021-03-16,BOS,UTAH,0.348653,0,-8
401307398,2021-03-16,HOU,ATL,0.22071,0,-12
401307397,2021-03-16,CHI,OKC,0.671138,1,21
401307396,2021-03-16,PHI,NY,0.738898,1,3
401307395,2021-03-16,MIA,CLE,0.846223,1,15
401307400,2021-03-16,LAL,MIN,0.782038,1,16
401307404,2021-03-17,WSH,SAC,0.453746,0,-2
401307402,2021-03-17,IND,BKN,0.368536,0,-9
401307401,2021-03-17,DET,TOR,0.442569,1,4
401307410,2021-03-17,DAL,LAC,0.474173,1,16
401307403,2021-03-17,PHI,MIL,0.486664,0,-4
401307405,2021-03-17,CLE,BOS,0.383917,1,7
401307409,2021-03-17,DEN,CHA,0.64497,1,25
401307407,2021-03-17,HOU,GS,0.159877,0,-14
401307408,2021-03-17,MEM,MIA,0.539786,1,4
401307406,2021-03-17,CHI,SA,0.46313,0,-7
401307411,2021-03-18,WSH,UTAH,0.225866,1,9
401307413,2021-03-18,NY,ORL,0.679899,1,1
401307412,2021-03-18,ATL,OKC,0.726538,1,23
401307415,2021-03-18,POR,NO,0.546341,1,8
401307414,2021-03-18,PHX,MIN,0.825936,0,-4
401307416,2021-03-18,LAL,CHA,0.631579,1,11
401307422,2021-03-19,HOU,DET,0.491496,0,-13
401307418,2021-03-19,CLE,SA,0.207879,0,-6
401307417,2021-03-19,BOS,SAC,0.599818,0,-11
401307423,2021-03-19,MEM,GS,0.709345,0,-13
401307426,2021-03-19,POR,DAL,0.465278,1,6
401307420,2021-03-19,ORL,BKN,0.199645,1,8
401307419,2021-03-19,MIA,IND,0.566675,0,-27
401307424,2021-03-19,DEN,CHI,0.66553,1,4
401307425,2021-03-19,PHX,MIN,0.846851,1,12
401307421,2021-03-19,TOR,UTAH,0.364109,0,-3
401307427,2021-03-20,LAL,ATL,0.616991,0,-5
401307429,2021-03-20,MEM,GS,0.653299,1,8
401307428,2021-03-20,PHI,SAC,0.567727,1,24
401307430,2021-03-20,MIL,SA,0.677751,1,7
401307431,2021-03-20,LAC,CHA,0.632727,1,27
401307434,2021-03-21,DEN,NO,0.679733,0,-5
401307438,2021-03-21,DET,CHI,0.415733,0,-14
401307432,2021-03-21,MIA,IND,0.508299,0,-3
401307435,2021-03-21,BOS,ORL,0.759762,1,16
401307433,2021-03-21,HOU,OKC,0.51813,0,-2
401307436,2021-03-21,BKN,WSH,0.777206,1,7
401307439,2021-03-21,NY,PHI,0.487711,0,-1
401307441,2021-03-21,POR,DAL,0.510707,0,-40
401307440,2021-03-21,PHX,LAL,0.801794,1,17
401307437,2021-03-21,CLE,TOR,0.331322,1,11
401307449,2021-03-22,LAC,ATL,0.559976,1,9
401307446,2021-03-22,HOU,TOR,0.377933,1,18
401307445,2021-03-22,CHI,UTAH,0.378795,0,-25
401307447,2021-03-22,MEM,BOS,0.760071,1,6
401307448,2021-03-22,MIL,IND,0.578204,1,27
401307444,2021-03-22,SA,CHA,0.633891,0,-3
401307443,2021-03-22,MIN,OKC,0.525987,0,-9
401307442,2021-03-22,CLE,SAC,0.386763,0,-14
401307451,2021-03-23,NY,WSH,0.675345,1,18
401307454,2021-03-23,GS,PHI,0.439861,0,-10
401307455,2021-03-23,POR,BKN,0.461858,0,-4
401307452,2021-03-23,NO,LAL,0.632211,1,17
401307450,2021-03-23,ORL,DEN,0.185313,0,-11
401307453,2021-03-23,MIA,PHX,0.30443,0,-10
401307459,2021-03-24,TOR,DEN,0.341319,1,24
401307465,2021-03-24,UTAH,BKN,0.766262,1,30
401307466,2021-03-24,SAC,ATL,0.42257,1,2
401307464,2021-03-24,SA,LAC,0.35833,0,-33
401307458,2021-03-24,ORL,PHX,0.150944,1,1
401307460,2021-03-24,CHI,CLE,0.769632,0,-9
401307461,2021-03-24,HOU,CHA,0.311065,0,-25
401307462,2021-03-24,MIN,DAL,0.228685,0,-20
401307463,2021-03-24,OKC,MEM,0.235763,0,-9
401307457,2021-03-24,MIL,BOS,0.706245,1,2
401307456,2021-03-24,IND,DET,0.706257,1,5
401307470,2021-03-25,LAL,PHI,0.501948,0,-8
401307471,2021-03-25,SAC,GS,0.606865,1,22
401307469,2021-03-25,SA,LAC,0.431117,0,-13
401307467,2021-03-25,MIA,POR,0.393324,0,-3
401307468,2021-03-25,NY,WSH,0.709134,1,4
401307472,2021-03-26,DET,BKN,0.316713,0,-2
401307477,2021-03-26,MIN,HOU,0.565318,1,6
401307474,2021-03-26,MIL,BOS,0.649841,0,-8
401307473,2021-03-26,TOR,PHX,0.267849,0,-4
401307480,2021-03-26,UTAH,MEM,0.663969,1,3
401307478,2021-03-26,NO,DEN,0.410241,0,-5
401307475,2021-03-26,CHA,MIA,0.590768,1,5
401307479,2021-03-26,DAL,IND,0.529501,0,-15
401307481,2021-03-26,GS,ATL,0.421271,0,-16
401307482,2021-03-26,LAL,CLE,0.77277,1,14
401307476,2021-03-26,ORL,POR,0.201906,0,-7
401307487,2021-03-27,NO,DAL,0.585156,1,9
401307490,2021-03-27,LAC,PHI,0.703258,1,10
401307491,2021-03-27,SAC,CLE,0.71409,1,2
401307488,2021-03-27,OKC,BOS,0.265857,0,-17
401307483,2021-03-27,WSH,DET,0.62575,1,14
401307486,2021-03-27,SA,CHI,0.612551,1,16
401307484,2021-03-27,MIL,NY,0.403577,0,-6
401307485,2021-03-27,MIN,HOU,0.660923,0,-22
401307489,2021-03-27,UTAH,MEM,0.694206,1,16
401307494,2021-03-28,DEN,ATL,0.563201,1,24
401307493,2021-03-28,TOR,POR,0.410652,0,-5
401307495,2021-03-28,LAL,ORL,0.796223,1,3
401307492,2021-03-28,CHA,PHX,0.323163,0,-4
401307498,2021-03-29,BKN,MIN,0.784803,1,5
401307502,2021-03-29,OKC,DAL,0.229387,0,-21
401307496,2021-03-29,WSH,IND,0.268926,1,8
401307499,2021-03-29,NY,MIA,0.610378,0,-10
401307497,2021-03-29,BOS,NO,0.504317,0,-6
401307500,2021-03-29,DET,TOR,0.478225,1,14
401307501,2021-03-29,HOU,MEM,0.226364,0,-10
401307503,2021-03-29,SA,SAC,0.557896,0,-17
401307506,2021-03-29,LAC,MIL,0.580039,1,24
401307505,2021-03-29,GS,CHI,0.55675,1,14
401307504,2021-03-29,UTAH,CLE,0.803127,1,39
401307510,2021-03-30,PHX,ATL,0.640072,1,7
401307507,2021-03-30,WSH,CHA,0.281719,0,-10
401307508,2021-03-30,DEN,PHI,0.694484,1,9
401307509,2021-03-30,LAC,ORL,0.773414,0,-7
401307517,2021-03-31,OKC,TOR,0.472861,1,10
401307511,2021-03-31,DET,POR,0.264801,0,-23
401307514,2021-03-31,BKN,HOU,0.87212,1,12
401307512,2021-03-31,IND,MIA,0.514779,0,-5
401307513,2021-03-31,BOS,DAL,0.335484,0,-5
401307520,2021-03-31,PHX,CHI,0.738356,1,5
401307515,2021-03-31,MEM,UTAH,0.495864,0,-4
401307519,2021-03-31,LAL,MIL,0.487543,0,-15
401307518,2021-03-31,SA,SAC,0.498064,1,14
401307516,2021-03-31,MIN,NY,0.390634,1,1
401307527,2021-04-01,LAC,DEN,0.575158,0,-7
401307526,2021-04-01,SA,ATL,0.424796,0,-5
401307524,2021-04-01,MIA,GS,0.508048,1,7
401307525,2021-04-01,NO,ORL,0.624671,0,-5
401307521,2021-04-01,CLE,PHI,0.346154,0,-20
401307522,2021-04-01,DET,WSH,0.536904,1,29
401307523,2021-04-01,BKN,CHA,0.643273,1,22
401307532,2021-04-02,MEM,MIN,0.829615,1,12
401307531,2021-04-02,TOR,GS,0.532668,1,53
401307529,2021-04-02,NY,DAL,0.446753,0,-13
401307528,2021-04-02,BOS,HOU,0.841936,1,16
401307530,2021-04-02,IND,CHA,0.671716,0,-17
401307535,2021-04-02,PHX,OKC,0.845953,1,37
401307533,2021-04-02,NO,ATL,0.366314,0,-23
401307536,2021-04-02,POR,MIL,0.456677,0,-18
401307534,2021-04-02,UTAH,CHI,0.752203,1,7
401307537,2021-04-02,SAC,LAL,0.584551,0,-21
401307538,2021-04-03,WSH,DAL,0.205812,0,-22
401307541,2021-04-03,PHI,MIN,0.863997,1,9
401307540,2021-04-03,MIA,CLE,0.765428,1,14
401307539,2021-04-03,DET,NY,0.378657,0,-44
401307543,2021-04-03,UTAH,ORL,0.829284,1,46
401307542,2021-04-03,SA,IND,0.662506,0,-6
401307545,2021-04-03,SAC,MIL,0.50407,0,-1
401307544,2021-04-03,POR,OKC,0.748979,1,48
401307547,2021-04-04,BOS,CHA,0.724849,1,30
401307548,2021-04-04,LAC,LAL,0.732838,1,18
401307549,2021-04-04,PHI,MEM,0.523042,0,-16
401307546,2021-04-04,CHI,BKN,0.434549,1,8
401307551,2021-04-04,HOU,NO,0.257684,0,-7
401307552,2021-04-04,DEN,ORL,0.83364,1,10
401307550,2021-04-04,ATL,GS,0.700386,1,6
401307559,2021-04-05,SA,CLE,0.750092,0,-24
401307558,2021-04-05,OKC,DET,0.534538,0,-24
401307557,2021-04-05,MIN,SAC,0.314036,1,10
401307555,2021-04-05,DAL,UTAH,0.513096,1,8
401307554,2021-04-05,BKN,NY,0.660554,1,2
401307553,2021-04-05,TOR,WSH,0.733912,1,2
401307556,2021-04-05,HOU,PHX,0.14245,0,-3
401307563,2021-04-06,TOR,LAL,0.431936,0,-9
401307562,2021-04-06,BOS,PHI,0.462902,0,-10
401307560,2021-04-06,IND,CHI,0.472372,0,-16
401307561,2021-04-06,ATL,NO,0.664296,1,16
401307565,2021-04-06,DEN,DET,0.845789,1,15
401307567,2021-04-06,LAC,POR,0.653101,1,17
401307566,2021-04-06,GS,MIL,0.451548,1,1
401307564,2021-04-06,MIA,MEM,0.523503,0,-12
401307569,2021-04-07,ORL,WSH,0.502431,0,-15
401307568,2021-04-07,IND,MIN,0.647808,1,4
401307570,2021-04-07,BOS,NY,0.616892,1,2
401307574,2021-04-07,OKC,CHA,0.285858,0,-11
401307573,2021-04-07,HOU,DAL,0.249583,1,9
401307572,2021-04-07,ATL,MEM,0.323664,0,-18
401307575,2021-04-07,DEN,SA,0.678569,1,10
401307576,2021-04-07,PHX,UTAH,0.610427,1,4
401307579,2021-04-08,DAL,MIL,0.543544,1,15
401307578,2021-04-08,OKC,CLE,0.348564,0,-27
401307577,2021-04-08,MIA,LAL,0.660947,1,6
401307581,2021-04-08,LAC,PHX,0.497192,1,10
401307582,2021-04-08,SAC,DET,0.787878,0,-12
401307580,2021-04-08,UTAH,POR,0.612016,1,19
401307592,2021-04-09,LAC,HOU,0.865183,1,17
401307583,2021-04-09,ORL,IND,0.334175,0,-5
401307586,2021-04-09,NY,MEM,0.491072,1,4
401307585,2021-04-09,BOS,MIN,0.7585,1,9
401307590,2021-04-09,DEN,SA,0.738834,1,2
401307589,2021-04-09,MIL,CHA,0.429134,0,-8
401307591,2021-04-09,GS,WSH,0.627848,0,-3
401307587,2021-04-10,CLE,TOR,0.611232,0,-20
401307593,2021-04-10,BKN,LAL,0.699822,0,-25
401307595,2021-04-10,UTAH,SAC,0.649791,1,16
401307594,2021-04-10,OKC,PHI,0.21622,0,-24
401307597,2021-04-10,PHX,WSH,0.895917,1,28
401307598,2021-04-10,POR,DET,0.809983,1,15
401307596,2021-04-10,GS,HOU,0.693106,1,16
401307603,2021-04-11,NY,TOR,0.6811,1,6
401307607,2021-04-11,LAC,DET,0.828526,1,7
401307608,2021-04-11,POR,MIA,0.495836,0,-9
401307604,2021-04-11,DAL,SA,0.575079,0,-2
401307599,2021-04-11,CHA,ATL,0.55538,0,-4
401307602,2021-04-11,ORL,MIL,0.293127,0,-37
401307600,2021-04-11,DEN,BOS,0.625096,0,-18
401307605,2021-04-11,MEM,IND,0.624192,0,-7
401307615,2021-04-12,UTAH,WSH,0.787817,0,-4
401307616,2021-04-12,GS,DEN,0.355004,1,9
401307617,2021-04-12,PHX,HOU,0.839196,1,6
401307610,2021-04-12,ORL,SA,0.242628,0,-23
401307609,2021-04-12,NY,LAL,0.593015,1,15
401307612,2021-04-12,DAL,PHI,0.344567,0,-18
401307622,2021-04-13,PHX,MIA,0.711095,1,20
401307621,2021-04-13,UTAH,OKC,0.846866,1,10
401307623,2021-04-13,POR,BOS,0.481526,0,-1
401307620,2021-04-13,CHA,LAL,0.500768,0,-8
401307619,2021-04-13,TOR,ATL,0.406194,0,-5
401320524,2021-04-13,MIN,BKN,0.228021,0,-30
401307618,2021-04-13,IND,LAC,0.418634,0,-11
401307635,2021-04-14,SAC,WSH,0.623248,0,-12
401307633,2021-04-14,MEM,DAL,0.453077,0,-1
401307631,2021-04-14,HOU,IND,0.342561,0,-8
401307634,2021-04-14,DEN,MIA,0.72264,1,17
401307632,2021-04-14,OKC,GS,0.211698,0,-38
401307626,2021-04-14,TOR,SA,0.316498,1,5
401307624,2021-04-14,CHA,CLE,0.604246,0,-13
401307625,2021-04-14,PHI,BKN,0.72264,1,6
401307629,2021-04-14,MIN,MIL,0.232016,0,-25
401307627,2021-04-14,DET,LAC,0.294538,0,-2
401307639,2021-04-15,PHX,SAC,0.768392,1,8
401307637,2021-04-15,CLE,GS,0.389886,0,-18
401307638,2021-04-15,LAL,BOS,0.517891,0,-8
401307636,2021-04-15,ATL,MIL,0.533728,0,-11
401307650,2021-04-16,DAL,NY,0.644958,0,-8
401307647,2021-04-16,HOU,DEN,0.27962,0,-29
401307648,2021-04-16,MIN,MIA,0.306655,1,8
401307645,2021-04-16,TOR,ORL,0.600356,1,11
401307644,2021-04-16,BKN,CHA,0.836728,1,15
401307642,2021-04-16,PHI,LAC,0.602724,1,3
401307640,2021-04-16,UTAH,IND,0.703717,1,8
401307649,2021-04-16,SA,POR,0.432034,0,-1
401307641,2021-04-16,DET,OKC,0.563003,1,6
401307651,2021-04-17,LAL,UTAH,0.601241,1,12
401307652,2021-04-17,WSH,DET,0.670471,1,21
401307654,2021-04-17,BOS,GS,0.653007,1,5
401307655,2021-04-17,MIL,MEM,0.540009,0,-13
401307656,2021-04-17,PHX,SA,0.796573,0,-26
401307659,2021-04-18,MIA,BKN,0.422561,1,2
401307663,2021-04-18,DAL,SAC,0.660677,0,-14
401307664,2021-04-18,LAC,MIN,0.83295,1,19
401307660,2021-04-18,CHA,POR,0.347161,1,8
401307661,2021-04-18,ORL,HOU,0.434038,0,-4
401307662,2021-04-18,TOR,OKC,0.631285,1,6
401307657,2021-04-18,ATL,IND,0.606393,1,12
401307665,2021-04-19,DET,CLE,0.361317,1,4
401307671,2021-04-19,MIL,PHX,0.518021,0,-1
401307667,2021-04-19,PHI,GS,0.68037,0,-11
401307672,2021-04-19,DEN,MEM,0.699578,1,2
401307670,2021-04-19,WSH,OKC,0.80969,1,12
401307669,2021-04-19,MIA,HOU,0.620825,1,22
401307668,2021-04-19,IND,SA,0.458935,0,-15
401307673,2021-04-19,LAL,UTAH,0.578272,0,-14
401307675,2021-04-20,NY,CHA,0.801952,1,12
401307674,2021-04-20,ATL,ORL,0.841013,1,16
401307678,2021-04-20,SAC,MIN,0.629876,0,-14
401307677,2021-04-20,POR,LAC,0.411578,0,-1
401307685,2021-04-21,HOU,UTAH,0.26433,0,-23
401307682,2021-04-21,WSH,GS,0.436088,1,4
401307680,2021-04-21,IND,OKC,0.818625,1,6
401307684,2021-04-21,TOR,BKN,0.502793,1,11
401307683,2021-04-21,NY,ATL,0.39922,1,10
401307681,2021-04-21,PHI,PHX,0.51714,0,-3
401307690,2021-04-21,SAC,MIN,0.607516,1,3
401307689,2021-04-21,POR,DEN,0.41519,0,-1
401307688,2021-04-21,LAC,MEM,0.443347,1,12
401307687,2021-04-21,SA,MIA,0.546903,0,-20
401307686,2021-04-21,DAL,DET,0.81857,1,10
401307693,2021-04-22,MIL,PHI,0.585586,1,7
401307691,2021-04-22,BOS,PHX,0.488486,1,13
401307694,2021-04-22,SA,DET,0.816008,1,15
401307696,2021-04-22,DAL,LAL,0.540733,1,5
401307701,2021-04-23,OKC,WSH,0.282289,0,-20
401307698,2021-04-23,BKN,BOS,0.682794,1,5
401307697,2021-04-23,ATL,MIA,0.50163,1,15
401307703,2021-04-23,POR,MEM,0.525288,0,-2
401307699,2021-04-23,CHA,CLE,0.596455,1,6
401307702,2021-04-23,GS,DEN,0.522797,1,21
401307700,2021-04-23,HOU,LAC,0.197614,0,-5
401307710,2021-04-24,UTAH,MIN,0.78978,0,-5
401307711,2021-04-24,DEN,HOU,0.900078,1,13
401307709,2021-04-24,DAL,LAL,0.594138,1,15
401307704,2021-04-24,NY,TOR,0.65358,1,17
401307705,2021-04-24,MIL,PHI,0.719369,1,38
401307706,2021-04-24,IND,DET,0.822448,1,6
401307717,2021-04-25,ORL,IND,0.23074,0,-19
401307718,2021-04-25,GS,SAC,0.768606,1,4
401307716,2021-04-25,ATL,MIL,0.541802,1,7
401307715,2021-04-25,WSH,CLE,0.736054,1,9
401307712,2021-04-25,CHA,BOS,0.335302,1,21
401307713,2021-04-25,BKN,PHX,0.501566,1,9
401307714,2021-04-25,POR,MEM,0.490383,0,-7
401307719,2021-04-26,DET,ATL,0.291893,1,14
401307721,2021-04-26,PHI,OKC,0.879209,1,31
401307720,2021-04-26,ORL,LAL,0.171752,0,-11
401307722,2021-04-26,WSH,SA,0.475071,0,-3
401307725,2021-04-26,TOR,CLE,0.696574,1,16
401307729,2021-04-26,SAC,DAL,0.303034,1,7
401307723,2021-04-26,NY,PHX,0.491714,0,-8
401307728,2021-04-26,DEN,MEM,0.609386,1,24
401307726,2021-04-26,MIN,UTAH,0.288867,1,1
401307734,2021-04-27,HOU,MIN,0.412864,0,-7
401307732,2021-04-27,IND,POR,0.502191,0,-21
401307731,2021-04-27,CHA,MIL,0.344463,0,-10
401307730,2021-04-27,BOS,OKC,0.812086,0,-4
401307733,2021-04-27,TOR,BKN,0.305039,0,-13
401307735,2021-04-27,GS,DAL,0.613573,0,-30
401307736,2021-04-28,CLE,ORL,0.58442,0,-5
401307738,2021-04-28,WSH,LAL,0.569763,1,9
401307739,2021-04-28,BOS,CHA,0.743211,1,9
401307737,2021-04-28,PHI,ATL,0.735915,1,44
401307744,2021-04-28,PHX,LAC,0.621552,1,8
401307742,2021-04-28,MEM,POR,0.485957,0,-21
401307745,2021-04-28,SAC,UTAH,0.305166,0,-49
401307741,2021-04-28,MIA,SA,0.607291,1,5
401307747,2021-04-29,IND,BKN,0.458394,0,-17
401307746,2021-04-29,DET,DAL,0.231042,0,-10
401307749,2021-04-29,MIN,GS,0.361121,1,12
401307748,2021-04-29,HOU,MIL,0.183321,1,7
401307751,2021-04-29,DEN,TOR,0.777307,1,10
401307754,2021-04-30,CLE,WSH,0.4142,0,-29
401307753,2021-04-30,BOS,SA,0.62553,1,3
401307752,2021-04-30,PHI,ATL,0.742552,1,22
401307756,2021-04-30,MEM,ORL,0.832823,1,17
401307758,2021-04-30,PHX,UTAH,0.663985,1,21
401307759,2021-04-30,LAL,SAC,0.670699,0,-4
401307755,2021-04-30,BKN,POR,0.476739,0,-19
401307769,2021-05-01,LAC,DEN,0.622145,0,-6
401307760,2021-05-01,CHA,DET,0.825318,1,13
401307761,2021-05-01,HOU,GS,0.238418,0,-26
401307766,2021-05-01,OKC,IND,0.172631,0,-57
401307764,2021-05-01,ORL,MEM,0.198228,1,1
401307763,2021-05-01,CLE,MIA,0.247582,0,-17
401307767,2021-05-01,DAL,WSH,0.700778,1,1
401307768,2021-05-01,UTAH,TOR,0.607662,1,4
401307776,2021-05-02,SA,PHI,0.247453,0,-2
401307770,2021-05-02,MIL,BKN,0.591989,1,3
401307772,2021-05-02,CHA,MIA,0.492483,0,-10
401307771,2021-05-02,BOS,POR,0.452553,0,-10
401307773,2021-05-02,DAL,SAC,0.59835,0,-12
401307775,2021-05-02,OKC,PHX,0.163961,0,-3
401307777,2021-05-02,LAL,TOR,0.68519,0,-7
401307774,2021-05-02,HOU,NY,0.216134,0,-25
401307784,2021-05-03,UTAH,SA,0.704734,1,11
401307783,2021-05-03,MEM,NY,0.391808,0,-14
401307781,2021-05-03,ATL,POR,0.49335,1,9
401307785,2021-05-03,LAL,DEN,0.395304,1,4
401307779,2021-05-03,WSH,IND,0.486741,1,13
401307778,2021-05-03,DET,ORL,0.490754,0,-7
401307789,2021-05-04,MIA,DAL,0.502818,0,-14
401307791,2021-05-04,OKC,SAC,0.401656,0,-4
401307792,2021-05-04,LAC,TOR,0.778833,1,5
401307786,2021-05-04,CLE,PHX,0.151816,0,-16
401307787,2021-05-04,DET,CHA,0.299439,0,-3
401307788,2021-05-04,MIL,BKN,0.583104,1,6
401307798,2021-05-05,MIL,WSH,0.678905,1,1
401307793,2021-05-05,CLE,POR,0.152704,0,-36
401307794,2021-05-05,ORL,BOS,0.213418,0,-36
401307797,2021-05-05,HOU,PHI,0.109178,0,-20
401307799,2021-05-05,MIN,MEM,0.275704,0,-4
401307800,2021-05-05,DEN,NY,0.666644,1,16
401307796,2021-05-05,IND,SAC,0.764508,0,-11
401307801,2021-05-05,UTAH,SA,0.710887,1,32
401307795,2021-05-05,ATL,PHX,0.424067,1,32
401307807,2021-05-06,GS,OKC,0.823321,1,21
401307806,2021-05-06,TOR,WSH,0.509193,0,-2
401307803,2021-05-06,DAL,BKN,0.505243,1,4
401307805,2021-05-06,IND,ATL,0.426507,1,7
401307804,2021-05-06,DET,MEM,0.289552,1,14
401307808,2021-05-06,LAC,LAL,0.756402,1,24
401307813,2021-05-07,MIL,HOU,0.912651,1,8
401307812,2021-05-07,MIA,MIN,0.794438,1,9
401307811,2021-05-07,CHA,ORL,0.732139,1,10
401307816,2021-05-07,PHX,NY,0.667556,1,23
401307817,2021-05-07,POR,LAL,0.745289,1,5
401307818,2021-05-07,SAC,SA,0.3529,0,-9
401307814,2021-05-07,DAL,CLE,0.889019,1,20
401307815,2021-05-07,UTAH,DEN,0.58748,1,7
401307821,2021-05-08,PHI,DET,0.893942,1,14
401307820,2021-05-08,IND,WSH,0.573055,0,-1
401307819,2021-05-08,TOR,MEM,0.371184,0,-10
401307825,2021-05-08,POR,SA,0.750354,1,22
401307824,2021-05-08,GS,OKC,0.882886,1,39
401307823,2021-05-08,UTAH,HOU,0.898769,1,8
401307822,2021-05-08,DEN,BKN,0.508186,0,-6
401307830,2021-05-09,ORL,MIN,0.32015,0,-32
401307826,2021-05-09,BOS,MIA,0.566935,0,-6
401307827,2021-05-09,LAC,NY,0.626916,0,-6
401307829,2021-05-09,CLE,DAL,0.242874,0,-27
401307833,2021-05-09,SAC,OKC,0.771332,1,28
401307832,2021-05-09,LAL,PHX,0.346465,1,13
401307835,2021-05-10,ATL,WSH,0.648877,1,1
401307834,2021-05-10,CLE,IND,0.138466,0,-9
401307837,2021-05-10,SA,MIL,0.340771,1,21
401307839,2021-05-10,POR,HOU,0.903716,1,11
401307838,2021-05-10,GS,UTAH,0.557811,1,3
401307842,2021-05-11,DET,MIN,0.28248,0,-19
401307841,2021-05-11,CHA,DEN,0.422646,0,-5
401307843,2021-05-11,TOR,LAC,0.151529,0,-19
401307849,2021-05-11,SAC,OKC,0.736238,1,16
401307840,2021-05-11,BOS,MIA,0.527369,0,-8
401307847,2021-05-11,MIL,ORL,0.866576,1,12
401307850,2021-05-11,LAL,NY,0.477069,1,2
401307848,2021-05-11,GS,PHX,0.464586,1,6
401307844,2021-05-11,IND,PHI,0.519334,1,9
401307846,2021-05-11,MEM,DAL,0.54186,1,29
401307851,2021-05-12,ATL,WSH,0.673324,1,4
401307853,2021-05-12,CLE,BOS,0.352449,1,8
401307852,2021-05-12,BKN,SA,0.805747,1,12
401307855,2021-05-12,UTAH,POR,0.530333,0,-7
401307856,2021-05-12,LAL,HOU,0.749737,1,2
401307858,2021-05-13,IND,MIL,0.470484,0,-9
401307857,2021-05-13,CHA,LAC,0.30179,0,-23
401307865,2021-05-13,PHX,POR,0.523846,1,1
401307861,2021-05-13,NY,SA,0.688179,1,4
401307859,2021-05-13,ATL,ORL,0.868343,1,23
401307864,2021-05-13,MIN,DEN,0.393297,0,-11
401307863,2021-05-13,MEM,SAC,0.673422,1,6
401307860,2021-05-13,MIA,PHI,0.489786,1,12
401307866,2021-05-14,WSH,CLE,0.708559,1,15
401307869,2021-05-14,OKC,UTAH,0.159918,0,-16
401307870,2021-05-14,DAL,TOR,0.805067,1,4
401307868,2021-05-14,PHI,ORL,0.882507,1,25
401307872,2021-05-14,MEM,SAC,0.539421,1,1
401307871,2021-05-14,HOU,LAC,0.238966,1,7
401307867,2021-05-14,DET,DEN,0.232069,0,-13
401307878,2021-05-15,NY,CHA,0.608898,1,9
401307875,2021-05-15,IND,LAL,0.521397,0,-7
401307879,2021-05-15,SA,PHX,0.152499,0,-37
401307877,2021-05-15,MIN,BOS,0.474668,0,-16
401307876,2021-05-15,MIL,MIA,0.701461,1,14
401307892,2021-05-16,SA,PHX,0.404425,0,-2
401307894,2021-05-16,WSH,CHA,0.540032,1,5
401307893,2021-05-16,TOR,IND,0.281942,0,-12
401307887,2021-05-16,NY,BOS,0.739991,1,4
401307889,2021-05-16,PHI,ORL,0.868741,1,11
401307884,2021-05-16,GS,MEM,0.624064,1,12
401307891,2021-05-16,SAC,UTAH,0.293802,0,-22
401307881,2021-05-16,BKN,CLE,0.88751,1,14
401307883,2021-05-16,DET,MIA,0.389227,0,-13
401307890,2021-05-16,POR,DEN,0.62188,1,16
401307888,2021-05-16,OKC,LAC,0.257432,1,5
401307880,2021-05-16,ATL,HOU,0.860984,1,29
401307885,2021-05-16,MIN,DAL,0.340044,1,15
401327715,2021-05-22,MIL,MIA,0.627832,1,2
401327716,2021-05-22,LAC,DAL,0.674102,0,-10
401327714,2021-05-22,BKN,BOS,0.631754,1,11
401327717,2021-05-22,DEN,POR,0.54735,0,-14
401327720,2021-05-23,PHX,LAL,0.657344,1,9
401327718,2021-05-23,PHI,WSH,0.750069,1,7
401327721,2021-05-23,UTAH,MEM,0.670476,0,-3
401327719,2021-05-23,NY,ATL,0.510832,0,-2
401327878,2021-05-24,MIL,MIA,0.72004,1,34
401327868,2021-05-24,DEN,POR,0.447137,1,19
401327875,2021-05-25,BKN,BOS,0.717048,1,22
401327865,2021-05-25,PHX,LAL,0.701148,0,-7
401327871,2021-05-25,LAC,DAL,0.675142,0,-6
401327881,2021-05-26,NY,ATL,0.476814,1,9
401327874,2021-05-26,PHI,WSH,0.764216,1,25
401327864,2021-05-26,UTAH,MEM,0.630821,1,12
401327869,2021-05-27,POR,DEN,0.618962,0,-5
401327879,2021-05-27,MIA,MIL,0.416717,0,-29
401327866,2021-05-27,LAL,PHX,0.386438,1,14
401327872,2021-05-28,DAL,LAC,0.38683,0,-10
401327882,2021-05-28,ATL,NY,0.56953,1,11
401327876,2021-05-28,BOS,BKN,0.40251,1,6
401327880,2021-05-29,MIA,MIL,0.407051,0,-17
401327870,2021-05-29,POR,DEN,0.68061,1,20
401327893,2021-05-29,WSH,PHI,0.329527,0,-29
401327907,2021-05-29,MEM,UTAH,0.443593,0,-10
401327883,2021-05-30,ATL,NY,0.579718,1,17
401327867,2021-05-30,LAL,PHX,0.400277,0,-8
401327877,2021-05-30,BOS,BKN,0.296928,0,-15
401327873,2021-05-30,DAL,LAC,0.399291,0,-25
401327894,2021-05-31,WSH,PHI,0.287706,1,8
401327908,2021-05-31,MEM,UTAH,0.418118,0,-7
401327890,2021-06-01,BKN,BOS,0.81751,1,14
401327901,2021-06-01,DEN,POR,0.489306,1,7
401327904,2021-06-01,PHX,LAL,0.698868,1,30
401327898,2021-06-02,LAC,DAL,0.630598,0,-5
401327909,2021-06-02,UTAH,MEM,0.728963,1,16
401327895,2021-06-02,PHI,WSH,0.718348,1,17
401327884,2021-06-02,NY,ATL,0.40579,0,-14
401327902,2021-06-03,POR,DEN,0.556042,0,-11
401327905,2021-06-03,LAL,PHX,0.308732,0,-13
401327899,2021-06-04,DAL,LAC,0.307392,0,-7
401332290,2021-06-05,BKN,MIL,0.638153,1,8
401332840,2021-06-06,PHI,ATL,0.551918,0,-4
401327900,2021-06-06,LAC,DAL,0.657326,1,15
401332409,2021-06-07,BKN,MIL,0.650757,1,39
401332410,2021-06-07,PHX,DEN,0.725547,1,17
401332953,2021-06-08,PHI,ATL,0.603976,1,16
401333058,2021-06-08,UTAH,LAC,0.491517,1,3
401332964,2021-06-09,PHX,DEN,0.738087,1,25
401333059,2021-06-10,UTAH,LAC,0.527531,1,6
401332959,2021-06-10,MIL,BKN,0.516311,1,3
401332965,2021-06-11,DEN,PHX,0.319223,0,-14
401332954,2021-06-11,ATL,PHI,0.453116,0,-16
401333060,2021-06-12,LAC,UTAH,0.612111,1,26
401332960,2021-06-13,MIL,BKN,0.561827,1,11
401332966,2021-06-13,DEN,PHX,0.297998,0,-7
401332955,2021-06-14,ATL,PHI,0.495847,1,3
401333061,2021-06-14,LAC,UTAH,0.64055,1,14
401332961,2021-06-15,BKN,MIL,0.605332,1,6
401332956,2021-06-16,PHI,ATL,0.564168,0,-3
401333062,2021-06-16,UTAH,LAC,0.561528,0,-8
401332962,2021-06-17,MIL,BKN,0.517289,1,15
401332957,2021-06-18,ATL,PHI,0.458278,0,-5
401333063,2021-06-18,LAC,UTAH,0.532528,1,12
401332963,2021-06-19,BKN,MIL,0.595507,0,-4
401337333,2021-06-20,PHX,LAC,0.657593,1,6
401332958,2021-06-20,PHI,ATL,0.583439,0,-7
401337334,2021-06-22,PHX,LAC,0.674809,1,1
401337340,2021-06-23,MIL,ATL,0.575313,0,-3
401337335,2021-06-24,LAC,PHX,0.382187,1,14
401337341,2021-06-25,MIL,ATL,0.723276,1,34
401337336,2021-06-26,LAC,PHX,0.359312,0,-4
401337342,2021-06-27,ATL,MIL,0.442831,0,-11
401337337,2021-06-28,PHX,LAC,0.603313,0,-14
401337343,2021-06-29,ATL,MIL,0.355527,1,22
401337338,2021-06-30,LAC,PHX,0.452221,0,-27
401337344,2021-07-01,MIL,ATL,0.728856,1,11
401337345,2021-07-03,ATL,MIL,0.562169,0,-11
401344135,2021-07-06,PHX,MIL,0.604134,1,13
401344136,2021-07-08,PHX,MIL,0.634917,1,10
401344137,2021-07-11,MIL,PHX,0.501713,1,20
401344138,2021-07-14,MIL,PHX,0.531111,1,6
401344139,2021-07-17,PHX,MIL,0.588131,0,-4
401344140,2021-07-20,MIL,PHX,0.613674,1,7
401359971,2021-11-08,PHI,NY,0.607415,0,-7
401359978,2021-11-08,LAL,CHA,0.479347,1,3
401359980,2021-11-09,UTAH,ATL,0.750288,1,12
401359979,2021-11-09,PHI,MIL,0.558599,0,-9
401359990,2021-11-10,SA,SAC,0.501128,1,19
401359991,2021-11-10,DEN,IND,0.487411,1,3
401359987,2021-11-10,CHI,DAL,0.767699,1,10
401359994,2021-11-10,LAL,MIA,0.391707,1,3
401359982,2021-11-10,CLE,WSH,0.57055,0,-3
401359983,2021-11-10,ORL,BKN,0.24992,0,-33
401359988,2021-11-10,MEM,CHA,0.575328,0,-10
401359985,2021-11-10,NY,MIL,0.7472,0,-12
401359984,2021-11-10,BOS,TOR,0.407969,1,16
401359996,2021-11-11,UTAH,IND,0.765178,0,-11
401359997,2021-11-11,LAC,MIA,0.717143,1,3
401359995,2021-11-11,PHI,TOR,0.685259,0,-6
401360008,2021-11-12,LAL,MIN,0.650047,0,-24
401360007,2021-11-12,GS,CHI,0.722997,1,26
401360006,2021-11-12,DEN,ATL,0.799147,1,9
401360005,2021-11-12,SA,DAL,0.554115,0,-14
401360001,2021-11-12,HOU,POR,0.312221,0,-12
401360003,2021-11-12,NO,BKN,0.246594,0,-8
401360004,2021-11-12,OKC,SAC,0.438003,1,2
401359999,2021-11-12,BOS,MIL,0.615714,1,9
401360000,2021-11-12,CLE,DET,0.810078,1,20
401359998,2021-11-12,CHA,NY,0.589249,1,8
401360002,2021-11-12,MEM,PHX,0.374363,0,-25
401360011,2021-11-13,ORL,WSH,0.315094,0,-12
401360010,2021-11-13,IND,PHI,0.475126,1,5
401360009,2021-11-13,UTAH,MIA,0.691254,0,-6
401360012,2021-11-13,NO,MEM,0.561331,1,11
401360013,2021-11-13,TOR,DET,0.759507,0,-6
401360015,2021-11-13,LAC,MIN,0.754622,1,27
401360014,2021-11-13,CLE,BOS,0.689462,1,2
401360022,2021-11-14,LAC,CHI,0.622337,0,-10
401360016,2021-11-14,LAL,SA,0.509261,1,8
401360017,2021-11-14,ATL,MIL,0.45625,1,20
401360020,2021-11-14,OKC,BKN,0.271346,0,-24
401360019,2021-11-14,HOU,PHX,0.253009,0,-26
401360018,2021-11-14,CHA,GS,0.387231,1,4
401360021,2021-11-14,DEN,POR,0.659937,1,29
401360027,2021-11-15,NY,IND,0.523434,1,8
401360026,2021-11-15,ATL,ORL,0.684659,1,18
401360025,2021-11-15,WSH,NO,0.732104,1,5
401360023,2021-11-15,CLE,BOS,0.676321,0,-6
401360024,2021-11-15,DET,SAC,0.262341,0,-22
401360031,2021-11-15,OKC,MIA,0.435329,0,-13
401360029,2021-11-15,MEM,HOU,0.769006,1,34
401360028,2021-11-15,DAL,DEN,0.572229,1,10
401360032,2021-11-15,POR,TOR,0.551598,1,5
401360033,2021-11-15,LAL,CHI,0.374842,0,-18
401360030,2021-11-15,MIN,PHX,0.367402,0,-3
401360035,2021-11-16,UTAH,PHI,0.666607,1,35
401360034,2021-11-16,BKN,GS,0.525606,0,-18
401360036,2021-11-16,LAC,SA,0.744988,1,14
401360042,2021-11-17,NY,ORL,0.801678,0,-6
401360041,2021-11-17,MIA,NO,0.70002,1,15
401360037,2021-11-17,CHA,WSH,0.58264,1,10
401360043,2021-11-17,MIL,LAL,0.697184,1,7
401360040,2021-11-17,BKN,CLE,0.675029,1,10
401360038,2021-11-17,DET,IND,0.29661,1,8
401360045,2021-11-17,OKC,HOU,0.603757,1,12
401360044,2021-11-17,MIN,SAC,0.457701,1,10
401360047,2021-11-17,POR,CHI,0.529458,1,5
401360046,2021-11-17,PHX,DAL,0.778923,1,7
401360039,2021-11-17,ATL,BOS,0.692322,1,11
401360049,2021-11-18,MIA,WSH,0.629922,1,15
401360048,2021-11-18,CLE,GS,0.24414,0,-15
401360051,2021-11-18,MIN,SA,0.552593,1,25
401360050,2021-11-18,MEM,LAC,0.431861,1,12
401360053,2021-11-18,UTAH,TOR,0.719929,1,16
401360052,2021-11-18,DEN,PHI,0.493318,0,-14
401360056,2021-11-19,BOS,LAL,0.541323,1,22
401360055,2021-11-19,DET,GS,0.282638,0,-3
401360054,2021-11-19,CHA,IND,0.59404,1,3
401360057,2021-11-19,BKN,ORL,0.858503,1,2
401360062,2021-11-19,SAC,TOR,0.592521,0,-19
401360061,2021-11-19,PHX,DAL,0.788851,1,8
401360059,2021-11-19,NO,LAC,0.327597,1,13
401360060,2021-11-19,DEN,CHI,0.299317,0,-6
401360058,2021-11-19,MIL,OKC,0.729573,1,7
401360064,2021-11-20,IND,NO,0.720433,1,17
401360066,2021-11-20,ATL,CHA,0.51877,1,10
401360063,2021-11-20,NY,HOU,0.805487,1,7
401360067,2021-11-20,BOS,OKC,0.722768,1,6
401360065,2021-11-20,WSH,MIA,0.500962,1,3
401360069,2021-11-20,MIN,MEM,0.654559,1,43
401360068,2021-11-20,MIL,ORL,0.875735,1,9
401360070,2021-11-20,POR,PHI,0.557779,1,7
401360071,2021-11-20,SAC,UTAH,0.336538,0,-18
401360072,2021-11-21,LAC,DAL,0.725432,1,6
401360073,2021-11-21,DET,LAL,0.361077,0,-5
401360075,2021-11-21,PHX,DEN,0.79106,1,29
401360074,2021-11-21,CHI,NY,0.759638,1,6
401360076,2021-11-21,GS,TOR,0.766432,1,15
401360082,2021-11-22,MIL,ORL,0.855858,1,31
401360078,2021-11-22,WSH,CHA,0.607574,0,-6
401360077,2021-11-22,CLE,BKN,0.305244,0,-5
401360080,2021-11-22,BOS,HOU,0.866939,1,18
401360079,2021-11-22,ATL,OKC,0.777443,1,12
401360081,2021-11-22,CHI,IND,0.645257,0,-32
401360084,2021-11-22,SA,PHX,0.256606,0,-4
401360085,2021-11-22,UTAH,MEM,0.732533,0,-1
401360086,2021-11-22,SAC,PHI,0.453737,0,-8
401360083,2021-11-22,NO,MIN,0.338469,0,-14
401360087,2021-11-23,DET,MIA,0.281395,0,-8
401360088,2021-11-23,NY,LAL,0.638407,1,6
401360089,2021-11-23,POR,DEN,0.721129,1,19
401360090,2021-11-23,LAC,DAL,0.604532,0,-8
401360100,2021-11-24,OKC,UTAH,0.178928,0,-6
401360098,2021-11-24,MIN,MIA,0.600579,1,12
401360093,2021-11-24,ORL,CHA,0.201686,0,-7
401360091,2021-11-24,CLE,PHX,0.325526,0,-5
401360094,2021-11-24,BOS,BKN,0.360602,0,-19
401360099,2021-11-24,NO,WSH,0.446706,1,25
401360092,2021-11-24,IND,LAL,0.637013,0,-8
401360096,2021-11-24,MEM,TOR,0.544534,0,-13
401360095,2021-11-24,HOU,CHI,0.260228,1,5
401360101,2021-11-24,SA,ATL,0.338055,0,-18
401360097,2021-11-24,MIL,DET,0.817414,1,21
401360103,2021-11-24,SAC,POR,0.366534,1,4
401360102,2021-11-24,GS,PHI,0.749139,1,20
401360107,2021-11-26,ORL,CHI,0.207806,0,-35
401360106,2021-11-26,NY,PHX,0.296797,0,-21
401360105,2021-11-26,CHA,MIN,0.681681,1,18
401360110,2021-11-26,OKC,WSH,0.312675,0,-2
401360109,2021-11-26,MEM,ATL,0.390305,0,-32
401360108,2021-11-26,IND,TOR,0.641539,1,17
401360111,2021-11-26,SA,BOS,0.28324,1,8
401360112,2021-11-26,DEN,MIL,0.234358,0,-11
401360114,2021-11-26,GS,POR,0.6779,1,15
401360115,2021-11-26,LAL,SAC,0.583219,0,-4
401360113,2021-11-26,UTAH,NO,0.809158,0,-1
401360104,2021-11-26,LAC,DET,0.83706,1,11
401360123,2021-11-27,UTAH,NO,0.794216,1,22
401360122,2021-11-27,DAL,WSH,0.505892,0,-6
401360120,2021-11-27,CHI,MIA,0.669003,0,-3
401360119,2021-11-27,CLE,ORL,0.867654,1,13
401360117,2021-11-27,ATL,NY,0.664778,0,-9
401360118,2021-11-27,BKN,PHX,0.520217,0,-6
401360116,2021-11-27,PHI,MIN,0.644396,0,-1
401360121,2021-11-27,HOU,CHA,0.313223,1,3
401360126,2021-11-28,TOR,BOS,0.52249,0,-12
401360128,2021-11-28,LAL,DET,0.825847,1,4
401360125,2021-11-28,IND,MIL,0.431238,0,-18
401360124,2021-11-28,LAC,GS,0.373265,0,-15
401360127,2021-11-28,MEM,SAC,0.435411,1,27
401360130,2021-11-29,MIA,DEN,0.500016,0,-9
401360131,2021-11-29,CHI,CHA,0.619813,1,14
401360129,2021-11-29,PHI,ORL,0.866457,1,5
401360133,2021-11-29,MIN,IND,0.655723,1,2
401360137,2021-11-29,LAC,NO,0.740696,0,-19
401360136,2021-11-29,UTAH,POR,0.702514,1,22
401360135,2021-11-29,SA,WSH,0.40096,1,17
401360134,2021-11-29,DAL,CLE,0.546964,0,-18
401360132,2021-11-29,HOU,OKC,0.608229,1,13
401360139,2021-11-30,TOR,MEM,0.580292,0,-7
401360138,2021-11-30,BKN,NY,0.780683,1,2
401360142,2021-11-30,SAC,LAL,0.524856,0,-25
401360141,2021-11-30,POR,DET,0.759051,1,18
401360140,2021-11-30,PHX,GS,0.564861,1,8
401360146,2021-12-01,BOS,PHI,0.564028,1,1
401360145,2021-12-01,WSH,MIN,0.602071,1,8
401360144,2021-12-01,ORL,DEN,0.234131,1,5
401360143,2021-12-01,IND,ATL,0.443699,0,-3
401360147,2021-12-01,MIA,CLE,0.540021,0,-26
401360150,2021-12-01,OKC,HOU,0.451804,0,-4
401360151,2021-12-01,LAC,SAC,0.671468,0,-9
401360149,2021-12-01,NO,DAL,0.428246,0,-32
401360148,2021-12-01,MIL,CHA,0.623217,1,2
401360153,2021-12-02,TOR,MIL,0.468204,1,4
401360152,2021-12-02,NY,CHI,0.386281,0,-4
401360154,2021-12-02,MEM,OKC,0.813642,1,73
401360155,2021-12-02,PHX,DET,0.86954,1,11
401360156,2021-12-02,POR,SA,0.673112,0,-31
401360160,2021-12-03,BKN,MIN,0.807106,1,5
401360158,2021-12-03,WSH,CLE,0.590764,0,-15
401360157,2021-12-03,IND,MIA,0.572733,0,-9
401360161,2021-12-03,HOU,ORL,0.681855,1,2
401360159,2021-12-03,ATL,PHI,0.57628,0,-2
401360163,2021-12-03,UTAH,BOS,0.74493,1,7
401360164,2021-12-03,GS,PHX,0.677357,1,22
401360162,2021-12-03,DAL,NO,0.656467,0,-16
401360165,2021-12-03,LAL,LAC,0.640568,0,-4
401360166,2021-12-04,NY,DEN,0.45366,0,-14
401360168,2021-12-04,MIL,MIA,0.762159,1,22
401360167,2021-12-04,BKN,CHI,0.515528,0,-4
401360170,2021-12-04,GS,SA,0.802411,0,-5
401360169,2021-12-04,DAL,MEM,0.302228,0,-7
401360171,2021-12-04,POR,BOS,0.455853,0,-28
401360172,2021-12-04,SAC,LAC,0.560732,1,5
401360176,2021-12-05,HOU,NO,0.50685,1,10
401360174,2021-12-05,ATL,CHA,0.681012,0,-3
401360175,2021-12-05,TOR,WSH,0.578159,1,12
401360173,2021-12-05,CLE,UTAH,0.456004,0,-1
401360178,2021-12-06,DET,OKC,0.54421,0,-11
401360182,2021-12-06,MIL,CLE,0.627576,1,8
401360183,2021-12-06,MIN,ATL,0.324631,0,-11
401360179,2021-12-06,IND,WSH,0.616326,1,6
401360177,2021-12-06,CHA,PHI,0.40554,0,-3
401360184,2021-12-06,PHX,SA,0.770121,1,4
401360185,2021-12-06,GS,ORL,0.895901,1,31
401360181,2021-12-06,CHI,DEN,0.560597,1,12
401360186,2021-12-06,POR,LAC,0.36265,0,-12
401360180,2021-12-06,MIA,MEM,0.617451,0,-15
401360187,2021-12-07,DAL,BKN,0.388143,0,-3
401360188,2021-12-07,SA,NY,0.394009,0,-12
401360189,2021-12-07,LAL,BOS,0.577186,1,15
401360191,2021-12-08,CLE,CHI,0.504445,1,23
401360192,2021-12-08,DET,WSH,0.404762,0,-3
401360196,2021-12-08,HOU,BKN,0.404141,1,10
401360199,2021-12-08,NO,DEN,0.333666,0,-6
401360195,2021-12-08,TOR,OKC,0.756778,0,-1
401360193,2021-12-08,IND,NY,0.685129,1,20
401360194,2021-12-08,MIA,MIL,0.348913,1,9
401360200,2021-12-08,GS,POR,0.856439,1,10
401360198,2021-12-08,MIN,UTAH,0.30872,0,-32
401360201,2021-12-08,SAC,ORL,0.68379,1,12
401360202,2021-12-08,LAC,BOS,0.533396,1,3
401360197,2021-12-08,MEM,DAL,0.671376,0,-8
401360190,2021-12-08,CHA,PHI,0.38785,0,-4
401360203,2021-12-09,PHI,UTAH,0.458956,0,-22
401360204,2021-12-09,MEM,LAL,0.448292,1,13
401360205,2021-12-09,SA,DEN,0.350486,1,12
401360207,2021-12-10,IND,DAL,0.679428,1,13
401360206,2021-12-10,CHA,SAC,0.611095,1,1
401360209,2021-12-10,TOR,NY,0.57238,1,3
401360208,2021-12-10,ATL,BKN,0.462438,0,-8
401360213,2021-12-10,OKC,LAL,0.323384,0,-21
401360210,2021-12-10,HOU,MIL,0.358492,0,-9
401360214,2021-12-10,PHX,BOS,0.738016,1,21
401360211,2021-12-10,MIN,CLE,0.353857,0,-17
401360212,2021-12-10,NO,DET,0.709085,1,16
401360215,2021-12-11,LAC,ORL,0.762872,1,2
401360216,2021-12-11,WSH,UTAH,0.374779,0,-25
401360219,2021-12-11,MEM,HOU,0.73027,1,7
401360218,2021-12-11,MIA,CHI,0.39279,1,26
401360217,2021-12-11,CLE,SAC,0.749245,1,14
401360221,2021-12-11,SA,DEN,0.373895,0,-15
401360220,2021-12-11,PHI,GS,0.449961,1,9
401360223,2021-12-12,DET,BKN,0.221017,0,-12
401360224,2021-12-12,OKC,DAL,0.409317,0,-19
401360225,2021-12-12,SA,NO,0.556254,1,15
401360226,2021-12-12,POR,MIN,0.532524,0,-5
401360227,2021-12-12,LAL,ORL,0.828555,1,12
401360222,2021-12-12,NY,MIL,0.315201,0,-15
401360231,2021-12-13,ATL,HOU,0.766671,0,-6
401360229,2021-12-13,IND,GS,0.417346,0,-2
401360232,2021-12-13,BOS,MIL,0.433933,1,14
401360230,2021-12-13,TOR,SAC,0.604708,1,23
401360228,2021-12-13,CLE,MIA,0.781639,1,11
401360235,2021-12-13,DEN,WSH,0.704223,1,6
401360236,2021-12-13,LAC,PHX,0.471624,1,16
401360234,2021-12-13,DAL,CHA,0.481306,1,24
401360233,2021-12-13,MEM,PHI,0.615573,1,35
401360238,2021-12-14,NY,GS,0.337999,0,-9
401360237,2021-12-14,BKN,TOR,0.673401,1,2
401360240,2021-12-14,POR,PHX,0.382093,0,-4
401360242,2021-12-15,ORL,ATL,0.252975,0,-12
401360241,2021-12-15,CLE,HOU,0.829755,1,35
401360243,2021-12-15,PHI,MIA,0.711755,0,-5
401360245,2021-12-15,MIL,IND,0.539201,1,15
401360246,2021-12-15,OKC,NO,0.436593,0,-3
401360249,2021-12-15,UTAH,LAC,0.809897,1,21
401360247,2021-12-15,SA,CHA,0.530794,0,-16
401360251,2021-12-15,SAC,WSH,0.58149,1,14
401360250,2021-12-15,POR,MEM,0.393801,0,-10
401360248,2021-12-15,DEN,MIN,0.682624,0,-17
401360244,2021-12-15,DAL,LAL,0.428623,0,-3
401360252,2021-12-16,IND,DET,0.785424,1,9
401360253,2021-12-16,BKN,PHI,0.56348,1,9
401360255,2021-12-16,HOU,NY,0.397554,0,-13
401360256,2021-12-16,PHX,WSH,0.821044,1,20
401360259,2021-12-17,BOS,GS,0.436565,0,-4
401360262,2021-12-17,NO,MIL,0.464077,1,4
401360257,2021-12-17,ORL,MIA,0.239199,0,-10
401360258,2021-12-17,ATL,DEN,0.565648,0,-18
401360264,2021-12-17,SAC,MEM,0.311862,0,-19
401360261,2021-12-17,UTAH,SA,0.738128,0,-2
401360263,2021-12-17,POR,CHA,0.489634,1,9
401360260,2021-12-17,MIN,LAL,0.472742,1,18
401360271,2021-12-18,UTAH,WSH,0.785507,0,-6
401360268,2021-12-18,OKC,LAC,0.392325,1,1
401360270,2021-12-18,MIL,CLE,0.247972,0,-29
401360267,2021-12-18,TOR,GS,0.541143,1,19
401360265,2021-12-18,DET,HOU,0.347253,0,-9
401360266,2021-12-18,BKN,ORL,0.733161,0,-7
401360269,2021-12-18,BOS,NY,0.713861,1,7
401360272,2021-12-19,CHI,LAL,0.614078,1,5
401360280,2021-12-19,PHX,CHA,0.704107,1,31
401360279,2021-12-19,MIN,DAL,0.661893,1,6
401360274,2021-12-19,MEM,POR,0.818458,0,-5
401360275,2021-12-19,SAC,SA,0.390388,1,7
401360273,2021-12-19,DET,MIA,0.38129,1,10
401360286,2021-12-20,GS,SAC,0.804646,1,15
401360287,2021-12-20,LAC,SA,0.566524,0,-24
401360285,2021-12-20,UTAH,CHA,0.705483,1,10
401360284,2021-12-20,MEM,OKC,0.806034,0,-3
401360281,2021-12-20,BOS,PHI,0.479579,0,-5
401360283,2021-12-20,CHI,HOU,0.770335,1,15
401360290,2021-12-21,NY,DET,0.631257,1,14
401360289,2021-12-21,MIA,IND,0.482838,1,29
401360291,2021-12-21,NO,POR,0.585078,1,14
401360292,2021-12-21,DAL,MIN,0.4606,1,12
401360293,2021-12-21,LAL,PHX,0.391638,0,-18
401360298,2021-12-22,OKC,DEN,0.270181,1,14
401360295,2021-12-22,BOS,CLE,0.387379,1,10
401360299,2021-12-22,SAC,LAC,0.503774,0,-16
401360297,2021-12-22,MIL,HOU,0.662143,1,20
401360294,2021-12-22,ATL,ORL,0.783338,0,-6
401360307,2021-12-23,PHX,OKC,0.835041,1,12
401360311,2021-12-23,LAL,SA,0.520859,0,-28
401360309,2021-12-23,GS,MEM,0.492379,1,9
401360306,2021-12-23,DEN,CHA,0.428794,0,-8
401360308,2021-12-23,UTAH,MIN,0.788295,1,12
401360304,2021-12-23,NY,WSH,0.584377,0,-7
401360303,2021-12-23,MIA,DET,0.806445,1,3
401360300,2021-12-23,IND,HOU,0.610281,1,12
401360301,2021-12-23,ORL,NO,0.309592,0,-6
401360302,2021-12-23,PHI,ATL,0.707985,0,-2
401360305,2021-12-23,DAL,MIL,0.425538,0,-7
401358785,2021-12-25,UTAH,DAL,0.792033,1,4
401358784,2021-12-25,LAL,BKN,0.525636,0,-7
401358782,2021-12-25,MIL,BOS,0.650776,1,4
401358781,2021-12-25,NY,ATL,0.517136,1,14
401358783,2021-12-25,PHX,GS,0.688889,0,-9
401360319,2021-12-26,LAC,DEN,0.375438,0,-3
401360313,2021-12-26,CLE,TOR,0.783102,1,45
401360318,2021-12-26,CHI,IND,0.705087,1,8
401360314,2021-12-26,WSH,PHI,0.369895,0,-21
401360317,2021-12-26,SA,DET,0.768145,1,35
401360315,2021-12-26,SAC,MEM,0.289203,0,-25
401360316,2021-12-26,OKC,NO,0.460013,1,5
401360312,2021-12-26,MIA,ORL,0.860328,1,10
401360324,2021-12-27,PHX,MEM,0.587191,0,-1
401360325,2021-12-27,POR,DAL,0.505597,0,-15
401360323,2021-12-27,SA,UTAH,0.378823,0,-6
401360326,2021-12-27,LAC,BKN,0.423628,0,-16
401360321,2021-12-27,ATL,CHI,0.526875,0,-12
401360320,2021-12-27,CHA,HOU,0.746038,1,24
401360322,2021-12-27,MIN,BOS,0.38792,1,5
401360333,2021-12-28,GS,DEN,0.693135,0,-3
401360334,2021-12-28,SAC,OKC,0.556962,1,6
401360330,2021-12-28,HOU,LAL,0.307312,0,-9
401360329,2021-12-28,TOR,PHI,0.324426,0,-5
401360332,2021-12-28,NO,CLE,0.335123,1,4
401360328,2021-12-28,MIA,WSH,0.788432,1,7
401360327,2021-12-28,ORL,MIL,0.179458,0,-17
401360331,2021-12-28,MIN,NY,0.345008,0,-8
401360336,2021-12-29,IND,CHA,0.49143,0,-8
401360337,2021-12-29,BOS,LAC,0.560462,0,-9
401360339,2021-12-29,MEM,LAL,0.770201,1,5
401360338,2021-12-29,CHI,ATL,0.695217,1,14
401360341,2021-12-29,PHX,OKC,0.853761,1,18
401360343,2021-12-29,SAC,DAL,0.454619,1,1
401360342,2021-12-29,POR,UTAH,0.366608,0,-15
401360335,2021-12-29,DET,NY,0.236774,0,-9
401360346,2021-12-30,WSH,CLE,0.37175,1,17
401360345,2021-12-30,ORL,MIL,0.174856,0,-18
401360344,2021-12-30,BKN,PHI,0.515444,0,-8
401360352,2021-12-31,CLE,ATL,0.491892,0,-3
401360348,2021-12-31,BOS,PHX,0.348949,1,15
401360349,2021-12-31,IND,CHI,0.402385,0,-2
401360350,2021-12-31,SAC,DAL,0.508876,0,-16
401360351,2021-12-31,HOU,MIA,0.269234,0,-10
401360354,2021-12-31,MEM,SA,0.707183,1,13
401360355,2021-12-31,OKC,NY,0.4851,1,15
401360356,2021-12-31,UTAH,MIN,0.796594,1,12
401360357,2021-12-31,LAL,POR,0.668626,1,33
401360353,2021-12-31,TOR,LAC,0.594762,1,8
401360358,2022-01-01,MIL,NO,0.770574,1,23
401360361,2022-01-01,BKN,LAC,0.698978,0,-4
401360359,2022-01-01,DET,SA,0.225662,1,1
401360363,2022-01-01,UTAH,GS,0.582244,0,-7
401360362,2022-01-01,HOU,DEN,0.375865,0,-13
401360360,2022-01-01,WSH,CHI,0.332742,0,-1
401360364,2022-01-02,TOR,NY,0.629268,1,15
401360367,2022-01-02,SAC,MIA,0.300442,1,2
401360366,2022-01-02,CLE,IND,0.704619,1,4
401360365,2022-01-02,BOS,ORL,0.815567,1,5
401360369,2022-01-02,OKC,DAL,0.311061,0,-9
401360368,2022-01-02,CHA,PHX,0.476072,0,-34
401360370,2022-01-02,LAL,MIN,0.768264,1,5
401360374,2022-01-03,CHI,ORL,0.851456,1,4
401360371,2022-01-03,PHI,HOU,0.830361,1,20
401360373,2022-01-03,BKN,MEM,0.600385,0,-14
401360376,2022-01-03,NO,UTAH,0.345928,0,-11
401360372,2022-01-03,WSH,CHA,0.421007,1,3
401360378,2022-01-03,GS,MIA,0.692917,1,7
401360380,2022-01-03,LAC,MIN,0.714363,0,-18
401360379,2022-01-03,POR,ATL,0.271965,1,5
401360377,2022-01-03,DAL,DEN,0.585733,1,14
401360375,2022-01-03,MIL,DET,0.876543,0,-9
401360382,2022-01-04,TOR,SA,0.588146,1,25
401360381,2022-01-04,CLE,MEM,0.521411,0,-4
401360383,2022-01-04,NY,IND,0.657349,1,10
401360384,2022-01-04,NO,PHX,0.308797,0,-13
401360385,2022-01-04,LAL,SAC,0.7969,1,8
401360391,2022-01-05,DAL,GS,0.556161,1,17
401360393,2022-01-05,MIN,OKC,0.704676,1,8
401360388,2022-01-05,WSH,HOU,0.710817,0,-3
401360387,2022-01-05,ORL,PHI,0.210883,0,-10
401360386,2022-01-05,CHA,DET,0.838592,1,29
401360390,2022-01-05,IND,BKN,0.264093,0,-8
401360392,2022-01-05,MIL,TOR,0.569313,0,-6
401360396,2022-01-05,SAC,ATL,0.398753,0,-6
401360395,2022-01-05,POR,MIA,0.418208,0,-6
401360394,2022-01-05,DEN,UTAH,0.456826,0,-6
401360389,2022-01-05,BOS,SA,0.652562,0,-2
401360397,2022-01-06,NY,BOS,0.45292,1,3
401360399,2022-01-06,NO,GS,0.497541,1,5
401360398,2022-01-06,MEM,DET,0.867786,1,30
401360400,2022-01-06,PHX,LAC,0.796708,1,17
401360403,2022-01-07,TOR,UTAH,0.736198,1,14
401360401,2022-01-07,PHI,SA,0.555328,1,19
401360402,2022-01-07,BKN,MIL,0.694085,0,-12
401360405,2022-01-07,HOU,DAL,0.405602,0,-24
401360406,2022-01-07,OKC,MIN,0.382259,0,-30
401360407,2022-01-07,DEN,SAC,0.757606,1,10
401360408,2022-01-07,LAL,ATL,0.568334,1,16
401360409,2022-01-07,POR,CLE,0.18381,0,-13
401360404,2022-01-07,CHI,WSH,0.778408,1,8
401360410,2022-01-08,LAC,MEM,0.42745,0,-15
401360413,2022-01-08,IND,UTAH,0.390189,1,12
401360412,2022-01-08,DET,ORL,0.506081,1,5
401360411,2022-01-08,CHA,MIL,0.647594,1,8
401360414,2022-01-08,BOS,NY,0.671351,1,24
401360415,2022-01-08,PHX,MIA,0.688539,0,-23
401360417,2022-01-09,ORL,WSH,0.415265,0,-2
401360421,2022-01-09,BKN,SA,0.669235,1,2
401360419,2022-01-09,HOU,MIN,0.372027,0,-18
401360416,2022-01-09,LAC,ATL,0.335899,1,13
401360420,2022-01-09,OKC,DEN,0.286409,0,-4
401360424,2022-01-09,POR,SAC,0.273076,1,15
401360422,2022-01-09,DAL,CHI,0.467768,1,14
401360423,2022-01-09,GS,CLE,0.514301,1,14
401360425,2022-01-09,LAL,MEM,0.371599,0,-8
401360418,2022-01-09,TOR,NO,0.685202,1,4
401360427,2022-01-10,DET,UTAH,0.259176,1,10
401360426,2022-01-10,CHA,MIL,0.510897,1,4
401360429,2022-01-10,NY,SA,0.619632,1,15
401360428,2022-01-10,BOS,IND,0.767796,1,3
401360530,2022-01-10,HOU,PHI,0.249792,0,-20
401401133,2022-01-10,POR,BKN,0.247016,1,6
401360430,2022-01-10,SAC,CLE,0.272455,0,-1
401360431,2022-01-11,WSH,OKC,0.57709,1,4
401360432,2022-01-11,TOR,PHX,0.446736,0,-4
401401138,2022-01-11,CHI,DET,0.860661,1,46
401360434,2022-01-11,NO,MIN,0.432631,1,3
401360435,2022-01-11,LAC,DEN,0.470984,1,2
401360433,2022-01-11,MEM,GS,0.717316,1,8
401360439,2022-01-12,WSH,ORL,0.603466,1,6
401360438,2022-01-12,PHI,CHA,0.514176,0,-11
401360437,2022-01-12,IND,BOS,0.443134,0,-19
401360441,2022-01-12,NY,DAL,0.390503,1,23
401360440,2022-01-12,ATL,MIA,0.504707,0,-24
401360442,2022-01-12,SA,HOU,0.636808,0,-4
401360443,2022-01-12,UTAH,CLE,0.483772,0,-20
401360445,2022-01-12,SAC,LAL,0.355581,1,9
401360444,2022-01-12,CHI,BKN,0.526894,0,-26
401360447,2022-01-13,MEM,MIN,0.697034,1,8
401360448,2022-01-13,NO,LAC,0.657056,1,24
401360446,2022-01-13,MIL,GS,0.5339,1,19
401360450,2022-01-13,DEN,POR,0.709748,1,32
401360449,2022-01-13,BKN,OKC,0.649461,0,-21
401360456,2022-01-14,CHI,GS,0.596594,0,-42
401360454,2022-01-14,PHI,BOS,0.618114,1,12
401360453,2022-01-14,IND,PHX,0.299174,0,-18
401360452,2022-01-14,DET,TOR,0.233654,1,16
401360451,2022-01-14,CHA,ORL,0.695392,0,-7
401360455,2022-01-14,MIA,ATL,0.667951,1,6
401360457,2022-01-14,SA,CLE,0.285617,0,-5
401360459,2022-01-14,SAC,HOU,0.638874,1,12
401360458,2022-01-14,MEM,DAL,0.572253,0,-27
401360464,2022-01-15,MIA,PHI,0.533546,0,-11
401360461,2022-01-15,WSH,POR,0.667098,0,-5
401360463,2022-01-15,BKN,NO,0.644571,1,15
401360462,2022-01-15,ATL,NY,0.522159,0,-9
401360465,2022-01-15,OKC,CLE,0.267708,0,-5
401360460,2022-01-15,MIL,TOR,0.578466,0,-7
401360466,2022-01-15,BOS,CHI,0.615669,1,2
401360468,2022-01-15,DEN,LAL,0.605681,1,37
401360469,2022-01-15,DAL,ORL,0.823896,1,16
401360467,2022-01-15,SA,LAC,0.566982,1,7
401360471,2022-01-16,MIN,GS,0.66672,1,20
401360436,2022-01-16,DET,PHX,0.192722,0,-27
401360470,2022-01-16,SAC,HOU,0.525466,0,-6
401360472,2022-01-16,DEN,UTAH,0.566164,0,-23
401360477,2022-01-17,MEM,CHI,0.759686,1,13
401360473,2022-01-17,BOS,NO,0.606181,1,12
401360474,2022-01-17,NY,CHA,0.493251,0,-10
401360475,2022-01-17,WSH,PHI,0.394792,1,19
401360476,2022-01-17,CLE,BKN,0.536069,1,7
401360478,2022-01-17,LAC,IND,0.541196,1,6
401360479,2022-01-17,ATL,MIL,0.381701,1,7
401360481,2022-01-17,MIA,TOR,0.586153,1,5
401360484,2022-01-17,LAL,UTAH,0.461418,1,6
401360480,2022-01-17,ORL,POR,0.445984,0,-10
401360483,2022-01-17,SA,PHX,0.366358,0,-14
401360482,2022-01-17,DAL,OKC,0.762544,1,2
401360485,2022-01-18,NY,MIN,0.436238,0,-2
401360486,2022-01-18,GS,DET,0.838748,1,16
401360494,2022-01-19,DAL,TOR,0.589209,1,4
401360493,2022-01-19,MIL,MEM,0.517996,1,12
401360492,2022-01-19,CHI,CLE,0.526476,1,13
401360495,2022-01-19,SA,OKC,0.639459,1,22
401360496,2022-01-19,UTAH,HOU,0.742978,0,-5
401360499,2022-01-19,LAL,IND,0.658828,0,-7
401360490,2022-01-19,BOS,CHA,0.546293,0,-9
401360489,2022-01-19,ATL,MIN,0.520779,1,12
401360491,2022-01-19,MIA,POR,0.780459,1,12
401360487,2022-01-19,PHI,ORL,0.865275,1,13
401360488,2022-01-19,WSH,BKN,0.413416,0,-1
401360497,2022-01-19,DEN,LAC,0.763383,1,2
401360498,2022-01-19,SAC,DET,0.611081,0,-2
401360501,2022-01-20,DAL,PHX,0.424424,0,-8
401360500,2022-01-20,NY,NO,0.506348,0,-11
401360502,2022-01-20,GS,IND,0.854997,0,-4
401360506,2022-01-21,ATL,MIA,0.530772,1,2
401360509,2022-01-21,MIL,CHI,0.655544,1,4
401360505,2022-01-21,PHI,LAC,0.784955,0,-1
401360504,2022-01-21,ORL,LAL,0.325412,0,-11
401360503,2022-01-21,CHA,OKC,0.788402,1,23
401360508,2022-01-21,WSH,TOR,0.445408,0,-4
401360512,2022-01-21,UTAH,DET,0.770509,1,10
401360511,2022-01-21,DEN,MEM,0.463081,0,-4
401360513,2022-01-21,GS,HOU,0.764242,1,2
401360510,2022-01-21,SA,BKN,0.488381,0,-15
401360507,2022-01-21,BOS,POR,0.685381,0,-4
401360515,2022-01-22,MIL,SAC,0.679186,1,6
401360514,2022-01-22,CLE,OKC,0.831411,1,7
401360516,2022-01-22,PHX,IND,0.871786,1,10
401360523,2022-01-23,SA,PHI,0.355148,0,-6
401360518,2022-01-23,WSH,BOS,0.524398,0,-29
401360521,2022-01-23,TOR,POR,0.738337,0,-9
401360520,2022-01-23,ORL,CHI,0.328482,1,19
401360517,2022-01-23,NY,LAC,0.612253,1,8
401360519,2022-01-23,MIA,LAL,0.709456,1,6
401360522,2022-01-23,CHA,ATL,0.566324,0,-22
401360525,2022-01-23,MIN,BKN,0.560698,1,11
401360527,2022-01-23,GS,UTAH,0.624071,1,2
401360526,2022-01-23,DEN,DET,0.853711,1,6
401360524,2022-01-23,DAL,MEM,0.620364,1,13
401360528,2022-01-24,CLE,NY,0.730936,1,2
401360549,2022-01-24,OKC,CHI,0.41981,0,-1
401360531,2022-01-24,NO,IND,0.689646,1,4
401360532,2022-01-24,PHX,UTAH,0.840587,1,6
401360534,2022-01-25,TOR,CHA,0.465852,1,12
401360537,2022-01-25,BKN,LAL,0.510057,0,-10
401360535,2022-01-25,WSH,LAC,0.651664,0,-1
401360533,2022-01-25,DET,DEN,0.257029,0,-5
401401137,2022-01-25,PHI,NO,0.791687,1,10
401360536,2022-01-25,BOS,SAC,0.757911,1,53
401360538,2022-01-25,HOU,SA,0.313694,0,-30
401360539,2022-01-25,GS,DAL,0.493172,1,38
401360540,2022-01-25,POR,MIN,0.443816,0,-2
401360550,2022-01-26,UTAH,PHX,0.394469,0,-8
401360551,2022-01-26,POR,DAL,0.237701,0,-20
401360547,2022-01-26,SA,MEM,0.277181,0,-8
401401140,2022-01-26,CHI,TOR,0.670672,1,6
401401134,2022-01-26,BKN,DEN,0.280689,0,-6
401360546,2022-01-26,MIA,NY,0.778363,1,14
401360541,2022-01-26,CLE,MIL,0.465055,1,16
401360542,2022-01-26,IND,CHA,0.302661,0,-32
401360543,2022-01-26,ORL,LAC,0.471034,0,-9
401360544,2022-01-26,ATL,SAC,0.745561,1,17
401360553,2022-01-27,GS,MIN,0.687338,1,9
401360552,2022-01-27,PHI,LAL,0.760444,1,18
401360561,2022-01-28,SA,CHI,0.470682,1,9
401360563,2022-01-28,MIL,NY,0.79131,1,15
401360562,2022-01-28,PHX,MIN,0.747192,1,10
401360548,2022-01-28,NO,DEN,0.441626,0,-11
401360559,2022-01-28,MEM,UTAH,0.833617,1,10
401360558,2022-01-28,HOU,POR,0.505947,0,-15
401360560,2022-01-28,OKC,IND,0.51846,0,-3
401360554,2022-01-28,CHA,LAL,0.790006,1,3
401360556,2022-01-28,ATL,BOS,0.480005,1,16
401360555,2022-01-28,ORL,DET,0.68096,1,16
401360557,2022-01-28,MIA,LAC,0.813247,1,7
401360569,2022-01-29,GS,BKN,0.789021,1,4
401360567,2022-01-29,MIA,TOR,0.57698,0,-4
401360568,2022-01-29,MEM,WSH,0.757012,1,20
401360566,2022-01-29,PHI,SAC,0.832539,1,2
401360564,2022-01-29,NO,BOS,0.26518,0,-10
401360565,2022-01-29,DAL,IND,0.809075,1,27
401360576,2022-01-30,MIN,UTAH,0.71856,1,20
401360577,2022-01-30,PHX,SA,0.83521,1,5
401360574,2022-01-30,ORL,DAL,0.271914,1,2
401360570,2022-01-30,ATL,LAL,0.68308,1,8
401360573,2022-01-30,DET,CLE,0.227096,1,10
401360572,2022-01-30,CHI,POR,0.78816,1,14
401360571,2022-01-30,CHA,LAC,0.681448,0,-25
401360575,2022-01-30,MIL,DEN,0.629034,0,-36
401360578,2022-01-31,CLE,NO,0.64637,1,3
401360580,2022-01-31,PHI,MEM,0.372538,1,3
401360582,2022-01-31,NY,SAC,0.686084,1,20
401360586,2022-01-31,ATL,TOR,0.445294,0,-6
401360581,2022-01-31,BOS,MIA,0.707804,1,30
401360583,2022-01-31,HOU,GS,0.273344,0,-14
401360584,2022-01-31,OKC,POR,0.42852,1,17
401360579,2022-01-31,IND,LAC,0.344172,1,6
401360603,2022-02-01,TOR,MIA,0.496762,1,4
401360587,2022-02-01,MIL,WSH,0.696976,1,14
401360589,2022-02-01,MIN,DEN,0.582172,1,15
401360588,2022-02-01,CHI,ORL,0.768919,1,11
401360590,2022-02-01,SA,GS,0.594834,0,-4
401360591,2022-02-01,PHX,BKN,0.771613,1,10
401360585,2022-02-01,DET,NO,0.324954,0,-10
401360592,2022-02-02,IND,ORL,0.465956,0,-1
401360597,2022-02-02,DAL,OKC,0.813945,0,-6
401360596,2022-02-02,HOU,CLE,0.430007,1,11
401360595,2022-02-02,NY,MEM,0.274962,0,-12
401360593,2022-02-02,PHI,WSH,0.765305,0,-3
401360599,2022-02-02,SAC,BKN,0.300865,1,11
401360594,2022-02-02,BOS,CHA,0.579833,1,6
401360598,2022-02-02,UTAH,DEN,0.540993,1,4
401360600,2022-02-02,LAL,POR,0.654259,1,5
401401143,2022-02-03,SA,MIA,0.368558,0,-17
401360601,2022-02-03,DET,MIN,0.279786,0,-11
401401141,2022-02-03,TOR,CHI,0.493052,1,7
401360602,2022-02-03,ATL,PHX,0.411558,1,9
401360605,2022-02-03,LAC,LAL,0.662618,1,1
401360604,2022-02-03,GS,SAC,0.854791,1,12
401360608,2022-02-04,IND,CHI,0.265672,0,-7
401360611,2022-02-04,SA,HOU,0.653767,1,25
401360607,2022-02-04,DET,BOS,0.198588,0,-9
401360606,2022-02-04,CHA,CLE,0.739131,0,-1
401360613,2022-02-04,DEN,NO,0.537531,0,-8
401360614,2022-02-04,POR,OKC,0.511903,0,-3
401360610,2022-02-04,DAL,PHI,0.551415,1,9
401360612,2022-02-04,UTAH,BKN,0.696764,1,23
401360609,2022-02-04,TOR,ATL,0.545089,1,11
401360615,2022-02-05,ORL,MEM,0.223051,0,-20
401360617,2022-02-05,WSH,PHX,0.279298,0,-15
401360616,2022-02-05,CHA,MIA,0.465184,0,-18
401360618,2022-02-05,LAL,NY,0.698657,1,7
401360620,2022-02-05,SAC,OKC,0.489395,1,10
401360619,2022-02-05,POR,MIL,0.223,0,-29
401360622,2022-02-06,MIN,DET,0.85152,1,13
401360623,2022-02-06,DEN,BKN,0.747934,1,20
401360626,2022-02-06,DAL,ATL,0.596243,1,9
401360625,2022-02-06,ORL,BOS,0.193304,0,-33
401360624,2022-02-06,CLE,IND,0.806304,1,13
401360627,2022-02-06,HOU,NO,0.267754,0,-13
401360628,2022-02-06,LAC,MIL,0.343059,0,-24
401360621,2022-02-06,CHI,PHI,0.528915,0,-11
401360630,2022-02-07,WSH,MIA,0.349955,0,-21
401360629,2022-02-07,CHA,TOR,0.501987,0,-15
401360632,2022-02-07,OKC,GS,0.171688,0,-12
401360631,2022-02-07,CHI,PHX,0.397172,0,-3
401360633,2022-02-07,UTAH,NY,0.723284,1,9
401360634,2022-02-08,PHI,PHX,0.463225,0,-5
401360636,2022-02-08,BKN,BOS,0.219286,0,-35
401360635,2022-02-08,ATL,IND,0.859833,1,21
401360638,2022-02-08,NO,HOU,0.774782,1,13
401360639,2022-02-08,DAL,DET,0.839458,1,30
401360640,2022-02-08,DEN,NY,0.737836,1,17
401360643,2022-02-08,SAC,MIN,0.206378,0,-20
401360642,2022-02-08,POR,ORL,0.477554,0,-18
401360641,2022-02-08,LAL,MIL,0.431049,0,-15
401360637,2022-02-08,MEM,LAC,0.811576,1,26
401360649,2022-02-09,SAC,MIN,0.253816,1,13
401360645,2022-02-09,CHA,CHI,0.469673,0,-12
401360644,2022-02-09,CLE,SA,0.620648,1,13
401360648,2022-02-09,POR,LAL,0.362034,1,2
401360647,2022-02-09,UTAH,GS,0.522019,1,26
401360646,2022-02-09,OKC,TOR,0.21692,0,-19
401360655,2022-02-10,PHX,MIL,0.634993,1,24
401360656,2022-02-10,GS,NY,0.809036,0,-2
401360653,2022-02-10,HOU,TOR,0.358122,0,-19
401360651,2022-02-10,WSH,BKN,0.525162,1,1
401360652,2022-02-10,NO,MIA,0.480401,0,-15
401360650,2022-02-10,DET,MEM,0.168502,0,-25
401360654,2022-02-10,DAL,LAC,0.77877,1,7
401360663,2022-02-11,UTAH,ORL,0.734548,1,15
401360659,2022-02-11,PHI,OKC,0.840689,1,13
401360662,2022-02-11,CHI,MIN,0.528716,1,12
401360660,2022-02-11,ATL,SA,0.660343,0,-15
401360661,2022-02-11,BOS,DEN,0.5648,1,6
401360657,2022-02-11,DET,CHA,0.252156,0,-22
401360658,2022-02-11,IND,CLE,0.35302,0,-7
401360674,2022-02-12,PHX,ORL,0.852337,1,27
401360672,2022-02-12,DAL,LAC,0.809243,0,-2
401360673,2022-02-12,GS,LAL,0.639144,1,2
401360670,2022-02-12,MIA,BKN,0.830676,1,4
401360671,2022-02-12,CHI,OKC,0.824108,1,5
401360664,2022-02-12,POR,NY,0.608216,1,9
401360665,2022-02-12,CHA,MEM,0.312794,0,-7
401360666,2022-02-12,WSH,SAC,0.515517,0,-13
401360667,2022-02-12,NO,SA,0.525631,0,-10
401360668,2022-02-12,PHI,CLE,0.597426,1,10
401360669,2022-02-12,TOR,DEN,0.53034,0,-1
401360675,2022-02-13,BOS,ATL,0.647823,1,10
401360676,2022-02-13,IND,MIN,0.202954,0,-9
401360677,2022-02-14,WSH,DET,0.659948,1,9
401360679,2022-02-14,NY,OKC,0.610264,0,-4
401360678,2022-02-14,BKN,SAC,0.553698,1,24
401360682,2022-02-14,NO,TOR,0.470665,1,30
401360684,2022-02-14,UTAH,HOU,0.829263,1,34
401360680,2022-02-14,CHI,SA,0.690309,1,11
401360683,2022-02-14,DEN,ORL,0.784823,1,10
401360685,2022-02-14,LAC,GS,0.301341,1,15
401360681,2022-02-14,MIL,POR,0.758413,0,-15
401360689,2022-02-15,MIL,IND,0.764753,1,9
401360692,2022-02-15,PHX,LAC,0.845245,1,7
401360691,2022-02-15,NO,MEM,0.31285,0,-12
401360690,2022-02-15,MIN,CHA,0.676581,1,6
401360687,2022-02-15,MIA,DAL,0.637833,0,-8
401360688,2022-02-15,PHI,BOS,0.46831,0,-48
401360686,2022-02-15,ATL,CLE,0.564018,1,8
401360699,2022-02-16,MIN,TOR,0.650698,0,-12
401360702,2022-02-16,GS,DEN,0.485319,0,-1
401360703,2022-02-16,LAL,UTAH,0.451999,1,5
401360701,2022-02-16,PHX,HOU,0.896134,1,3
401360698,2022-02-16,MEM,POR,0.797692,0,-4
401360697,2022-02-16,CHI,SAC,0.773891,1,7
401360700,2022-02-16,OKC,SA,0.185246,0,-8
401360693,2022-02-16,ORL,ATL,0.291677,0,-21
401360694,2022-02-16,BOS,DET,0.830123,0,-1
401360695,2022-02-16,IND,WSH,0.47971,1,5
401360696,2022-02-16,NY,BKN,0.568969,0,-5
401360707,2022-02-17,LAC,HOU,0.730551,1,31
401360706,2022-02-17,MIL,PHI,0.549914,0,-3
401360704,2022-02-17,CHA,MIA,0.457819,0,-4
401401136,2022-02-17,BKN,WSH,0.533767,0,-14
401360705,2022-02-17,NO,DAL,0.369727,0,-7
401360711,2022-02-24,MIN,MEM,0.443597,1,5
401360713,2022-02-24,POR,GS,0.266661,0,-37
401360714,2022-02-24,SAC,DEN,0.251772,0,-18
401360710,2022-02-24,CHI,ATL,0.6186,1,4
401360708,2022-02-24,DET,CLE,0.35987,1,3
401360712,2022-02-24,OKC,PHX,0.221977,0,-20
401360709,2022-02-24,BKN,BOS,0.18633,0,-23
401360716,2022-02-25,IND,OKC,0.624245,0,-4
401360715,2022-02-25,CHA,TOR,0.595083,1,32
401360719,2022-02-25,NY,MIA,0.369632,0,-15
401360717,2022-02-25,ORL,HOU,0.54856,1,8
401360718,2022-02-25,WSH,SA,0.404847,0,-4
401360721,2022-02-25,PHX,NO,0.740838,0,-15
401360722,2022-02-25,UTAH,DAL,0.581536,1,5
401360720,2022-02-25,MIN,PHI,0.528028,0,-31
401360723,2022-02-25,LAL,LAC,0.627228,0,-3
401360724,2022-02-26,DET,BOS,0.150011,0,-9
401360725,2022-02-26,ATL,TOR,0.656855,1,27
401360728,2022-02-26,CHI,MEM,0.522554,0,-6
401360727,2022-02-26,MIA,SA,0.816165,1,4
401360726,2022-02-26,CLE,WSH,0.755701,1,6
401360729,2022-02-26,MIL,BKN,0.656527,0,-3
401360730,2022-02-26,DEN,SAC,0.766759,1,5
401360734,2022-02-27,CHA,DET,0.833818,0,-1
401360733,2022-02-27,IND,BOS,0.203101,1,21
401360735,2022-02-27,HOU,LAC,0.34079,0,-1
401360732,2022-02-27,PHX,UTAH,0.588313,0,-4
401360736,2022-02-27,GS,DAL,0.591189,0,-6
401360738,2022-02-27,LAL,NO,0.528019,0,-28
401360731,2022-02-27,NY,PHI,0.234181,0,-16
401360737,2022-02-27,POR,DEN,0.24173,0,-32
401360740,2022-02-28,ORL,IND,0.581544,1,16
401360739,2022-02-28,CLE,MIN,0.467768,0,-5
401360741,2022-02-28,MIA,CHI,0.579407,1,13
401360545,2022-02-28,BKN,TOR,0.457132,0,-36
401360744,2022-02-28,OKC,SAC,0.380073,0,-21
401360743,2022-02-28,MIL,CHA,0.627226,1,24
401360742,2022-02-28,MEM,SA,0.754424,1,13
401360745,2022-03-01,WSH,DET,0.682115,1,3
401360747,2022-03-01,TOR,BKN,0.713629,1,1
401360746,2022-03-01,BOS,ATL,0.60282,1,9
401360749,2022-03-01,MIN,GS,0.483374,1,15
401360748,2022-03-01,HOU,LAC,0.396294,0,-13
401360750,2022-03-01,LAL,DAL,0.39976,0,-5
401360753,2022-03-02,PHI,NY,0.785053,1,15
401360755,2022-03-02,MIL,MIA,0.568677,1,1
401360752,2022-03-02,ORL,IND,0.512142,0,-8
401360756,2022-03-02,NO,SAC,0.646754,1,30
401360757,2022-03-02,DEN,OKC,0.810324,0,-12
401360754,2022-03-02,HOU,UTAH,0.209061,0,-5
401360758,2022-03-02,PHX,POR,0.855489,1,30
401360751,2022-03-02,CLE,CHA,0.620297,0,-21
401360529,2022-03-03,ATL,CHI,0.547681,1,6
401360761,2022-03-03,TOR,DET,0.753988,0,-2
401360760,2022-03-03,BKN,MIA,0.485972,0,-6
401360759,2022-03-03,BOS,MEM,0.545427,1,13
401360763,2022-03-03,SA,SAC,0.627887,0,-3
401360762,2022-03-03,DAL,GS,0.565894,1,9
401360764,2022-03-03,LAC,LAL,0.524661,1,21
401360768,2022-03-04,CHI,MIL,0.505198,0,-6
401360766,2022-03-04,PHI,CLE,0.661557,1,6
401360765,2022-03-04,DET,IND,0.440348,1,5
401401142,2022-03-04,TOR,ORL,0.737969,0,-6
401360767,2022-03-04,WSH,ATL,0.277529,0,-3
401360771,2022-03-04,DEN,HOU,0.852987,1,15
401360772,2022-03-04,PHX,NY,0.783662,1,1
401360769,2022-03-04,NO,UTAH,0.503333,1,34
401360770,2022-03-04,OKC,MIN,0.228847,0,-37
401360773,2022-03-05,DAL,SAC,0.629907,1,1
401360774,2022-03-05,CHA,SA,0.619464,1,6
401360777,2022-03-05,MIN,POR,0.842082,1,14
401360776,2022-03-05,MEM,ORL,0.835802,1,28
401360775,2022-03-05,MIA,PHI,0.584465,1,17
401360778,2022-03-05,LAL,GS,0.370246,1,8
401360780,2022-03-06,MIL,PHX,0.553503,1,10
401360783,2022-03-06,HOU,MEM,0.20775,1,11
401360779,2022-03-06,BOS,BKN,0.729288,1,6
401360782,2022-03-06,WSH,IND,0.684541,1,10
401360785,2022-03-06,LAC,NY,0.672388,0,-23
401360781,2022-03-06,CLE,TOR,0.676235,1,8
401360786,2022-03-06,DEN,NO,0.645311,1,8
401360784,2022-03-06,OKC,UTAH,0.166859,0,-13
401360788,2022-03-07,PHI,CHI,0.612714,1,15
401360787,2022-03-07,DET,ATL,0.16649,1,3
401360789,2022-03-07,MIA,HOU,0.885095,1,17
401360790,2022-03-07,MIN,POR,0.861518,1,43
401360792,2022-03-07,SA,LAL,0.754977,1,7
401360791,2022-03-07,DAL,UTAH,0.650618,1,8
401401144,2022-03-07,DEN,GS,0.73412,1,7
401360793,2022-03-07,SAC,NY,0.497725,0,-16
401360796,2022-03-08,ORL,PHX,0.204522,0,-3
401360799,2022-03-08,GS,LAC,0.646254,1,15
401360797,2022-03-08,MEM,NO,0.790519,1,21
401360795,2022-03-08,IND,CLE,0.268194,0,-3
401360798,2022-03-08,OKC,MIL,0.183898,0,-27
401360794,2022-03-08,CHA,BKN,0.618567,0,-11
401360804,2022-03-09,HOU,LAL,0.385594,1,9
401360811,2022-03-09,LAC,WSH,0.612114,1,6
401360809,2022-03-09,UTAH,POR,0.865354,1,38
401360810,2022-03-09,SAC,DEN,0.263057,0,-6
401360807,2022-03-09,DAL,NY,0.756472,0,-30
401360803,2022-03-09,MIL,ATL,0.536432,1,9
401360808,2022-03-09,SA,TOR,0.566738,0,-15
401360805,2022-03-09,MIN,OKC,0.832047,1,30
401360806,2022-03-09,NO,ORL,0.676045,0,-6
401360802,2022-03-09,MIA,PHX,0.498282,0,-21
401360800,2022-03-09,CHA,BOS,0.275688,0,-14
401360801,2022-03-09,DET,CHI,0.266247,0,-6
401360813,2022-03-10,DEN,GS,0.582953,0,-11
401360812,2022-03-10,PHI,BKN,0.699402,0,-29
401360817,2022-03-11,MIA,CLE,0.747188,1,12
401360823,2022-03-11,LAL,WSH,0.571186,1,13
401360821,2022-03-11,SA,UTAH,0.403049,1,2
401360818,2022-03-11,HOU,DAL,0.211385,0,-13
401360822,2022-03-11,PHX,TOR,0.733358,0,-5
401360820,2022-03-11,NO,CHA,0.506199,0,-22
401360815,2022-03-11,ATL,LAC,0.604847,1,6
401360816,2022-03-11,BOS,DET,0.871782,1,11
401360814,2022-03-11,ORL,MIN,0.269648,1,8
401360819,2022-03-11,MEM,NY,0.746469,1,4
401360830,2022-03-12,POR,WSH,0.445017,1,9
401360828,2022-03-12,DEN,TOR,0.735856,0,-12
401360827,2022-03-12,GS,MIL,0.575919,1,13
401360829,2022-03-12,UTAH,SAC,0.774594,1,9
401360825,2022-03-12,CHI,CLE,0.753185,1,10
401360826,2022-03-12,SA,IND,0.498278,0,-11
401360824,2022-03-12,MIA,MIN,0.475881,0,-9
401360838,2022-03-13,PHX,LAL,0.855192,1,29
401360835,2022-03-13,ATL,IND,0.789372,1,3
401360836,2022-03-13,NO,HOU,0.690701,1,25
401360834,2022-03-13,ORL,PHI,0.22563,0,-2
401360833,2022-03-13,BOS,DAL,0.644868,0,-3
401360832,2022-03-13,DET,LAC,0.262214,0,-4
401360831,2022-03-13,BKN,NY,0.526302,1,3
401360837,2022-03-13,OKC,MEM,0.211607,0,-7
401360846,2022-03-14,UTAH,MIL,0.513259,0,-6
401360847,2022-03-14,LAL,TOR,0.397651,0,-11
401360844,2022-03-14,GS,WSH,0.787321,1,14
401360843,2022-03-14,SA,MIN,0.350257,0,-10
401360845,2022-03-14,SAC,CHI,0.27383,1,9
401360840,2022-03-14,ATL,POR,0.805823,1,9
401360842,2022-03-14,OKC,CHA,0.265517,0,-18
401360841,2022-03-14,PHI,DEN,0.420314,0,-4
401360839,2022-03-14,CLE,LAC,0.660614,1,9
401360851,2022-03-15,NO,PHX,0.363214,0,-16
401360849,2022-03-15,ORL,BKN,0.357501,0,-42
401360848,2022-03-15,IND,MEM,0.264061,0,-33
401360850,2022-03-15,MIA,DET,0.896407,1,7
401360858,2022-03-16,MIN,LAL,0.846603,1,20
401360854,2022-03-16,WSH,DEN,0.321387,0,-18
401360853,2022-03-16,CLE,PHI,0.42132,0,-4
401360852,2022-03-16,CHA,ATL,0.475031,1,10
401360856,2022-03-16,NY,POR,0.710114,1,30
401360855,2022-03-16,BKN,DAL,0.46844,0,-2
401360857,2022-03-16,HOU,PHX,0.181116,0,-17
401360859,2022-03-16,SA,OKC,0.754999,1,2
401360862,2022-03-16,SAC,MIL,0.222535,0,-9
401360861,2022-03-16,GS,BOS,0.499751,0,-22
401360863,2022-03-16,LAC,TOR,0.485554,0,-3
401360860,2022-03-16,UTAH,CHI,0.575167,1,15
401360864,2022-03-17,ORL,DET,0.61111,0,-14
401360872,2022-03-18,ATL,MEM,0.354753,1,15
401360865,2022-03-18,NY,WSH,0.670676,1,3
401360874,2022-03-18,CLE,DEN,0.441065,1,3
401360873,2022-03-18,BKN,POR,0.788237,1,5
401360866,2022-03-18,TOR,LAL,0.74292,0,-5
401360875,2022-03-18,PHI,DAL,0.568882,1,10
401360868,2022-03-18,HOU,IND,0.472152,0,-3
401360869,2022-03-18,SA,NO,0.530556,0,-33
401360870,2022-03-18,UTAH,LAC,0.656022,1,29
401360871,2022-03-18,SAC,BOS,0.136099,0,-29
401360867,2022-03-18,MIA,OKC,0.858631,1,12
401360876,2022-03-18,PHX,CHI,0.708194,1,27
401360877,2022-03-19,MIN,MIL,0.684009,1,19
401360878,2022-03-19,CHA,DAL,0.638447,1,21
401360880,2022-03-19,WSH,LAL,0.631899,1,8
401360879,2022-03-19,CLE,DET,0.798963,1,4
401360882,2022-03-20,HOU,MEM,0.237544,0,-24
401360881,2022-03-20,IND,POR,0.667721,1,31
401360885,2022-03-20,SAC,PHX,0.177911,0,-3
401360884,2022-03-20,ORL,OKC,0.672879,1,5
401360883,2022-03-20,ATL,NO,0.677412,0,-5
401360887,2022-03-20,DEN,BOS,0.404517,0,-20
401360889,2022-03-20,GS,SA,0.695087,0,-2
401360888,2022-03-20,PHI,TOR,0.583388,0,-5
401360886,2022-03-20,NY,UTAH,0.373517,0,-15
401360898,2022-03-21,DAL,MIN,0.491007,1,2
401360895,2022-03-21,CHI,TOR,0.630148,1,14
401360897,2022-03-21,OKC,BOS,0.176878,0,-9
401360893,2022-03-21,PHI,MIA,0.263497,1,7
401360896,2022-03-21,HOU,WSH,0.370651,1,18
401360890,2022-03-21,CHA,NO,0.692596,1,3
401360891,2022-03-21,CLE,LAL,0.731624,0,-11
401360892,2022-03-21,DET,POR,0.516985,0,-4
401360894,2022-03-21,BKN,UTAH,0.512311,1,8
401360902,2022-03-22,DEN,LAC,0.744815,1,12
401360899,2022-03-22,ORL,GS,0.319273,1,4
401360900,2022-03-22,NY,ATL,0.3282,0,-6
401360901,2022-03-22,MIL,CHI,0.621688,1,28
401360911,2022-03-23,DAL,HOU,0.705087,1,19
401360912,2022-03-23,LAL,PHI,0.256997,0,-5
401360905,2022-03-23,IND,SAC,0.628399,0,-1
401360913,2022-03-23,POR,SA,0.252955,0,-37
401360909,2022-03-23,MIN,PHX,0.477892,0,-9
401360903,2022-03-23,CHA,NY,0.757065,0,-15
401360906,2022-03-23,BOS,UTAH,0.666701,1,28
401360904,2022-03-23,DET,ATL,0.268024,1,21
401360910,2022-03-23,OKC,ORL,0.332537,1,16
401360907,2022-03-23,MIA,GS,0.731545,0,-14
401360908,2022-03-23,MEM,BKN,0.711918,1,12
401360918,2022-03-24,DEN,PHX,0.451653,0,-10
401360915,2022-03-24,MEM,IND,0.834149,1,30
401360916,2022-03-24,MIL,WSH,0.620597,1,12
401360914,2022-03-24,TOR,CLE,0.530653,1,13
401360917,2022-03-24,NO,CHI,0.650966,1,17
401360925,2022-03-25,LAC,PHI,0.388138,0,-25
401360924,2022-03-25,POR,HOU,0.374052,0,-19
401360923,2022-03-25,MIN,DAL,0.65015,1,21
401360922,2022-03-25,MIA,NY,0.746275,0,-8
401360919,2022-03-25,CHA,UTAH,0.582692,1,6
401360920,2022-03-25,DET,WSH,0.471374,0,-3
401360921,2022-03-25,ATL,GS,0.576834,1,11
401360933,2022-03-26,POR,HOU,0.412169,0,-17
401360932,2022-03-26,DEN,OKC,0.881417,1,6
401360929,2022-03-26,CLE,CHI,0.556614,0,-4
401360928,2022-03-26,TOR,IND,0.694036,1,40
401360931,2022-03-26,MEM,MIL,0.670227,1,25
401360930,2022-03-26,MIA,BKN,0.662361,0,-15
401360927,2022-03-26,ORL,SAC,0.531726,0,-4
401360926,2022-03-26,NO,SA,0.619013,0,-4
401360939,2022-03-27,BKN,CHA,0.482726,0,-9
401360935,2022-03-27,BOS,MIN,0.58123,1,22
401360940,2022-03-27,DAL,UTAH,0.595061,1,14
401360937,2022-03-27,PHX,PHI,0.654325,1,10
401360936,2022-03-27,WSH,GS,0.470605,1,8
401360938,2022-03-27,NO,LAL,0.667239,1,8
401360934,2022-03-27,DET,NY,0.240782,0,-2
401360949,2022-03-28,POR,OKC,0.53896,0,-3
401360947,2022-03-28,HOU,SA,0.26499,0,-3
401360948,2022-03-28,MEM,GS,0.793303,1,28
401360944,2022-03-28,MIA,SAC,0.854742,1,23
401360941,2022-03-28,CHA,DEN,0.471561,0,-4
401360946,2022-03-28,TOR,BOS,0.597108,1,3
401360942,2022-03-28,CLE,ORL,0.758446,1,6
401360945,2022-03-28,NY,CHI,0.471115,1,5
401360943,2022-03-28,IND,ATL,0.279301,0,-9
401360951,2022-03-29,WSH,CHI,0.445632,0,-13
401360950,2022-03-29,PHI,MIL,0.459947,0,-2
401360953,2022-03-29,DAL,LAL,0.854659,1,18
401360954,2022-03-29,LAC,UTAH,0.541807,1,6
401360952,2022-03-29,BKN,DET,0.849221,1,7
401360964,2022-03-30,GS,PHX,0.311269,0,-4
401360963,2022-03-30,SA,MEM,0.356151,0,-1
401360961,2022-03-30,HOU,SAC,0.514636,0,-3
401360962,2022-03-30,OKC,ATL,0.131818,0,-18
401360965,2022-03-30,POR,NO,0.150053,0,-10
401360959,2022-03-30,NY,CHA,0.426434,0,-11
401360960,2022-03-30,TOR,MIN,0.483962,1,23
401360955,2022-03-30,CLE,DAL,0.537879,0,-8
401360956,2022-03-30,IND,DEN,0.239011,0,-7
401360957,2022-03-30,WSH,ORL,0.749152,1,17
401360958,2022-03-30,BOS,MIA,0.603576,0,-8
401360968,2022-03-31,CHI,LAC,0.572226,1,5
401360969,2022-03-31,UTAH,LAL,0.854274,1,13
401401145,2022-03-31,ATL,CLE,0.710278,1,24
401360966,2022-03-31,DET,PHI,0.22502,1,8
401360967,2022-03-31,BKN,MIL,0.489815,0,-1
401360975,2022-04-01,MIL,LAC,0.364884,0,-34
401360970,2022-04-01,ORL,TOR,0.270241,0,-13
401360972,2022-04-01,BOS,IND,0.83842,1,5
401360976,2022-04-01,OKC,DET,0.259742,0,-9
401360971,2022-04-01,WSH,DAL,0.437103,1,32
401360974,2022-04-01,MEM,PHX,0.508154,1,8
401360978,2022-04-01,DEN,MIN,0.484775,0,-6
401360979,2022-04-01,LAL,NO,0.294765,0,-3
401360973,2022-04-01,HOU,SAC,0.506975,0,-5
401360977,2022-04-01,SA,POR,0.787035,1,19
401360980,2022-04-02,PHI,CHA,0.57346,1,30
401360981,2022-04-02,NY,CLE,0.505123,0,-18
401360982,2022-04-02,ATL,BKN,0.692258,1,7
401360983,2022-04-02,CHI,MIA,0.481855,0,-18
401360984,2022-04-02,GS,UTAH,0.563279,1,4
401360988,2022-04-03,IND,DET,0.550175,0,-4
401360986,2022-04-03,MIL,DAL,0.619863,0,-6
401360985,2022-04-03,BOS,WSH,0.772628,1,42
401360987,2022-04-03,LAL,DEN,0.288894,0,-11
401360989,2022-04-03,CLE,PHI,0.410325,0,-4
401360994,2022-04-03,SA,POR,0.781147,1,21
401360993,2022-04-03,OKC,PHX,0.190448,1,21
401360992,2022-04-03,HOU,MIN,0.260773,0,-7
401360991,2022-04-03,TOR,MIA,0.476621,0,-5
401360995,2022-04-03,SAC,GS,0.312029,0,-19
401360996,2022-04-03,LAC,NO,0.501802,1,19
401360990,2022-04-03,ORL,NY,0.355151,0,-30
401360999,2022-04-05,BKN,HOU,0.83464,1,13
401361003,2022-04-05,MIN,WSH,0.72751,0,-18
401361001,2022-04-05,TOR,ATL,0.525145,1,10
401360998,2022-04-05,ORL,CLE,0.350659,1,5
401361004,2022-04-05,OKC,POR,0.471911,1,4
401361000,2022-04-05,MIA,CHA,0.668726,1,29
401361002,2022-04-05,CHI,MIL,0.433635,0,-21
401361005,2022-04-05,DEN,SA,0.731496,0,-19
401361007,2022-04-05,SAC,NO,0.187555,0,-14
401361008,2022-04-05,PHX,LAL,0.90039,1,11
401361006,2022-04-05,UTAH,MEM,0.484092,1,6
401360997,2022-04-05,IND,PHI,0.188013,0,-9
401361014,2022-04-06,LAC,PHX,0.619741,1,4
401361013,2022-04-06,UTAH,OKC,0.821271,1,36
401361009,2022-04-06,DET,DAL,0.234733,0,-18
401361012,2022-04-06,CHI,BOS,0.275143,0,-23
401361010,2022-04-06,NY,BKN,0.511541,0,-12
401361011,2022-04-06,ATL,WSH,0.679783,1,15
401361015,2022-04-07,CHA,ORL,0.8707,1,27
401361017,2022-04-07,MIL,BOS,0.545565,1,6
401361016,2022-04-07,TOR,PHI,0.437442,1,5
401361019,2022-04-07,NO,POR,0.881735,1,33
401361018,2022-04-07,MIN,SA,0.747875,1,6
401361020,2022-04-07,DEN,MEM,0.520924,1,13
401361021,2022-04-07,GS,LAL,0.815964,1,16
401361025,2022-04-08,TOR,HOU,0.8548,1,2
401361027,2022-04-08,CHI,CHA,0.449564,0,-16
401361023,2022-04-08,WSH,NY,0.302846,0,-22
401361024,2022-04-08,BKN,CLE,0.686781,1,11
401361022,2022-04-08,DET,MIL,0.310699,0,-30
401361026,2022-04-08,MIA,ATL,0.643524,1,4
401361028,2022-04-08,DAL,POR,0.903218,1,50
401361029,2022-04-08,UTAH,PHX,0.475488,0,-6
401361030,2022-04-08,LAL,OKC,0.629501,1,19
401361031,2022-04-09,LAC,SAC,0.776456,1,19
401361033,2022-04-09,PHI,IND,0.83038,1,13
401361032,2022-04-09,MEM,NO,0.720664,1,27
401361034,2022-04-09,SA,GS,0.482757,0,-6
401361047,2022-04-10,PHI,DET,0.69692,1,12
401361042,2022-04-10,MEM,BOS,0.308396,0,-29
401361040,2022-04-10,HOU,ATL,0.282707,0,-16
401361037,2022-04-10,CLE,MIL,0.473282,1,18
401361036,2022-04-10,CHA,WSH,0.787064,1,16
401361035,2022-04-10,BKN,IND,0.778037,1,8
401361046,2022-04-10,ORL,MIA,0.394837,1,14
401361045,2022-04-10,NY,TOR,0.573751,1,11
401361043,2022-04-10,MIN,CHI,0.746852,0,-4
401361049,2022-04-10,POR,UTAH,0.183591,0,-31
401361048,2022-04-10,PHX,SAC,0.626832,0,-7
401361044,2022-04-10,NO,GS,0.584292,0,-21
401361041,2022-04-10,LAC,OKC,0.848763,1,50
401361039,2022-04-10,DEN,LAL,0.635363,0,-5
401361038,2022-04-10,DAL,SA,0.74684,1,10
401428071,2022-04-12,MIN,LAC,0.547945,1,5
401428070,2022-04-12,BKN,CLE,0.594293,1,7
401428073,2022-04-13,NO,SA,0.552196,1,10
401428072,2022-04-13,ATL,CHA,0.644306,1,29
401428074,2022-04-15,CLE,ATL,0.432146,0,-6
401428075,2022-04-15,LAC,NO,0.523487,0,-4
401429874,2022-04-16,PHI,TOR,0.666445,1,20
401429872,2022-04-16,DAL,UTAH,0.497218,0,-6
401429875,2022-04-16,GS,DEN,0.612478,1,16
401429873,2022-04-16,MEM,MIN,0.614282,0,-13
401429891,2022-04-17,MIA,ATL,0.651826,1,24
401429890,2022-04-17,BOS,BKN,0.67981,1,1
401429892,2022-04-17,MIL,CHI,0.790537,1,7
401429893,2022-04-17,PHX,NO,0.674252,1,11
401430247,2022-04-18,GS,DEN,0.685806,1,20
401430233,2022-04-18,PHI,TOR,0.650744,1,15
401430232,2022-04-18,DAL,UTAH,0.507356,1,6
401430216,2022-04-19,MIA,ATL,0.656385,1,10
401430222,2022-04-19,PHX,NO,0.663222,0,-11
401430223,2022-04-19,MEM,MIN,0.606327,1,28
401430210,2022-04-20,BOS,BKN,0.695826,1,7
401430236,2022-04-20,TOR,PHI,0.43982,0,-3
401430246,2022-04-20,MIL,CHI,0.750286,0,-4
401430235,2022-04-21,UTAH,DAL,0.60225,0,-8
401430250,2022-04-21,DEN,GS,0.482377,0,-5
401430227,2022-04-21,MIN,MEM,0.422824,0,-9
401430224,2022-04-22,NO,PHX,0.504436,0,-3
401430217,2022-04-22,ATL,MIA,0.498628,1,1
401430248,2022-04-22,CHI,MIL,0.4348,0,-30
401430237,2022-04-23,UTAH,DAL,0.481486,1,1
401430240,2022-04-23,TOR,PHI,0.435418,1,8
401430211,2022-04-23,BKN,BOS,0.410777,0,-6
401430230,2022-04-23,MIN,MEM,0.458119,1,1
401430225,2022-04-24,NO,PHX,0.528929,1,15
401430249,2022-04-24,CHI,MIL,0.392098,0,-24
401430253,2022-04-24,DEN,GS,0.485656,1,5
401430218,2022-04-24,ATL,MIA,0.516196,0,-24
401430239,2022-04-25,DAL,UTAH,0.669076,1,25
401430243,2022-04-25,PHI,TOR,0.699894,0,-15
401430212,2022-04-25,BKN,BOS,0.426426,0,-4
401430226,2022-04-26,PHX,NO,0.615269,1,15
401430219,2022-04-26,MIA,ATL,0.73945,1,3
401430231,2022-04-26,MEM,MIN,0.692178,1,2
401430251,2022-04-27,MIL,CHI,0.774533,1,16
401430255,2022-04-27,GS,DEN,0.70388,1,4
401430244,2022-04-28,TOR,PHI,0.448626,0,-35
401430228,2022-04-28,NO,PHX,0.401574,0,-6
401430241,2022-04-28,UTAH,DAL,0.437547,0,-2
401430234,2022-04-29,MIN,MEM,0.430896,0,-8
401433610,2022-05-01,BOS,MIL,0.648782,0,-12
401434770,2022-05-01,MEM,GS,0.515739,0,-1
401434050,2022-05-02,MIA,PHI,0.737529,1,14
401434070,2022-05-02,PHX,DAL,0.58737,1,7
401434771,2022-05-03,MEM,GS,0.562589,1,5
401433611,2022-05-03,BOS,MIL,0.638555,1,23
401434051,2022-05-04,MIA,PHI,0.711189,1,16
401434110,2022-05-04,PHX,DAL,0.587967,1,20
401434052,2022-05-06,PHI,MIA,0.615872,1,20
401434111,2022-05-06,DAL,PHX,0.548863,1,9
401433612,2022-05-07,MIL,BOS,0.5413,1,2
401434772,2022-05-07,GS,MEM,0.588275,1,30
401434112,2022-05-08,DAL,PHX,0.615563,1,10
401434053,2022-05-08,PHI,MIA,0.650416,1,8
401433613,2022-05-09,MIL,BOS,0.522712,0,-8
401434773,2022-05-09,GS,MEM,0.591283,1,3
401434113,2022-05-10,PHX,DAL,0.655438,1,30
401434054,2022-05-10,MIA,PHI,0.593561,1,35
401433614,2022-05-11,BOS,MIL,0.615526,0,-3
401434774,2022-05-11,MEM,GS,0.52401,1,39
401434114,2022-05-12,DAL,PHX,0.558941,1,27
401434055,2022-05-12,PHI,MIA,0.543401,0,-9
401433615,2022-05-13,MIL,BOS,0.45875,0,-13
401434775,2022-05-13,GS,MEM,0.524604,1,14
401433616,2022-05-15,BOS,MIL,0.617557,1,28
401434115,2022-05-15,PHX,DAL,0.616528,0,-33
401438130,2022-05-17,MIA,BOS,0.598846,1,11
401438944,2022-05-18,GS,DAL,0.57187,1,25
401438131,2022-05-19,MIA,BOS,0.58462,0,-25
401438945,2022-05-20,GS,DAL,0.607131,1,9
401438132,2022-05-21,BOS,MIA,0.623342,0,-6
401438946,2022-05-22,DAL,GS,0.53953,0,-9
401438133,2022-05-23,BOS,MIA,0.631925,1,20
401438947,2022-05-24,DAL,GS,0.525851,1,10
401438134,2022-05-25,MIA,BOS,0.470397,0,-13
401438948,2022-05-26,GS,DAL,0.597795,1,10
401438135,2022-05-27,BOS,MIA,0.684674,0,-8
401438136,2022-05-29,MIA,BOS,0.507896,0,-4
401442530,2022-06-02,GS,BOS,0.52627,0,-12
401442531,2022-06-05,GS,BOS,0.533842,1,19
401442532,2022-06-08,BOS,GS,0.602974,1,16
401442533,2022-06-10,BOS,GS,0.603906,0,-10
401442534,2022-06-13,GS,BOS,0.603601,1,10
401442535,2022-06-16,BOS,GS,0.494891,0,-13
401468306,2022-11-07,CHI,TOR,0.516307,1,14
401468299,2022-11-07,CHA,WSH,0.567265,0,-8
401468300,2022-11-07,ORL,HOU,0.615188,0,-7
401468315,2022-11-09,IND,DEN,0.429156,0,-3
401468320,2022-11-09,TOR,HOU,0.806345,1,7
401468317,2022-11-09,ATL,UTAH,0.604442,0,-6
401468314,2022-11-09,CHA,POR,0.424065,0,-10
401468318,2022-11-09,BOS,DET,0.833303,1,16
401468319,2022-11-09,BKN,NY,0.459162,1,27
401468324,2022-11-09,SA,MEM,0.579703,0,-2
401468325,2022-11-09,LAC,LAL,0.75665,1,13
401468323,2022-11-09,OKC,MIL,0.541347,0,-4
401468321,2022-11-09,CHI,NO,0.513615,0,-4
401468322,2022-11-09,MIN,PHX,0.56975,0,-12
401468327,2022-11-10,WSH,DAL,0.519431,1,8
401468329,2022-11-10,MIA,CHA,0.689072,1,5
401468328,2022-11-10,ATL,PHI,0.701883,1,9
401468330,2022-11-10,NO,POR,0.645101,0,-11
401468334,2022-11-11,OKC,TOR,0.487209,1,19
401468332,2022-11-11,ORL,PHX,0.365138,1,17
401468331,2022-11-11,BOS,DEN,0.608245,1,19
401468333,2022-11-11,NY,DET,0.796291,1,9
401468336,2022-11-11,MEM,MIN,0.702238,1,11
401468337,2022-11-11,GS,CLE,0.460346,1,5
401468338,2022-11-11,LAL,SAC,0.247807,0,-6
401468335,2022-11-11,SA,MIL,0.539068,1,18
401468344,2022-11-12,MIA,CHA,0.619216,1,17
401468346,2022-11-12,NO,HOU,0.794819,1,13
401468343,2022-11-12,PHI,ATL,0.450158,1,12
401468345,2022-11-12,DAL,POR,0.630749,1,5
401468342,2022-11-12,IND,TOR,0.619285,1,14
401468340,2022-11-12,WSH,UTAH,0.480163,1,9
401468341,2022-11-12,DET,BOS,0.258716,0,-9
401468339,2022-11-12,LAC,BKN,0.683396,0,-15
401468347,2022-11-13,NY,OKC,0.650446,0,-10
401468350,2022-11-13,PHI,UTAH,0.540728,1,7
401468349,2022-11-13,WSH,MEM,0.665054,1,10
401468348,2022-11-13,CLE,MIN,0.676411,0,-5
401468352,2022-11-13,SAC,GS,0.601541,1,7
401468353,2022-11-13,LAL,BKN,0.394781,1,13
401468351,2022-11-13,CHI,DEN,0.462475,0,-23
401468355,2022-11-14,ORL,CHA,0.53658,0,-7
401468360,2022-11-14,GS,SA,0.661542,1,37
401468358,2022-11-14,HOU,LAC,0.383659,0,-16
401468359,2022-11-14,MIL,ATL,0.542642,0,-15
401468356,2022-11-14,BOS,OKC,0.753705,1,4
401468357,2022-11-14,MIA,PHX,0.548286,1,1
401468354,2022-11-14,DET,TOR,0.372667,0,-4
401468361,2022-11-15,NO,MEM,0.605368,1,11
401468364,2022-11-15,POR,SA,0.71142,1,7
401468365,2022-11-15,SAC,BKN,0.624167,1,32
401468363,2022-11-15,UTAH,NY,0.604084,0,-7
401468362,2022-11-15,DAL,LAC,0.584042,1,2
401468367,2022-11-16,ORL,MIN,0.368726,0,-18
401468366,2022-11-16,CHA,IND,0.436938,0,-12
401468368,2022-11-16,WSH,OKC,0.647921,0,-1
401468370,2022-11-16,TOR,MIA,0.722283,1,8
401468375,2022-11-16,PHX,GS,0.594072,1,11
401468371,2022-11-16,MIL,CLE,0.523013,1,15
401468373,2022-11-16,DAL,HOU,0.624828,0,-9
401468374,2022-11-16,DEN,NY,0.607271,0,-3
401468369,2022-11-16,ATL,BOS,0.575109,0,-25
401468372,2022-11-16,NO,CHI,0.691228,1,14
401468376,2022-11-17,POR,BKN,0.567165,0,-2
401468378,2022-11-17,LAC,DET,0.838281,1,5
401468377,2022-11-17,SAC,SA,0.745936,1,18
401468382,2022-11-18,CHI,ORL,0.631509,0,-1
401468379,2022-11-18,WSH,MIA,0.654869,1,1
401468381,2022-11-18,PHI,MIL,0.494366,1,8
401468380,2022-11-18,CLE,CHA,0.774963,1,10
401468384,2022-11-18,MEM,OKC,0.714412,1,11
401468387,2022-11-18,UTAH,PHX,0.632922,1,1
401468386,2022-11-18,NO,BOS,0.396226,0,-8
401468385,2022-11-18,DAL,DEN,0.723419,1,28
401468388,2022-11-18,GS,NY,0.607853,1,10
401468389,2022-11-18,LAL,DET,0.684338,1,7
401468383,2022-11-18,HOU,IND,0.272193,0,-8
401468390,2022-11-19,ATL,TOR,0.659649,1,2
401468391,2022-11-19,IND,ORL,0.838622,1,1
401468392,2022-11-19,PHI,MIN,0.463717,0,-3
401468393,2022-11-19,POR,UTAH,0.623299,0,-5
401468394,2022-11-19,LAC,SA,0.835735,1,22
401468399,2022-11-20,CLE,MIA,0.768112,1,26
401468395,2022-11-20,PHX,NY,0.64427,1,21
401468396,2022-11-20,WSH,CHA,0.762681,1,4
401468400,2022-11-20,HOU,GS,0.405699,0,-7
401468401,2022-11-20,DAL,DEN,0.738258,0,-1
401468398,2022-11-20,BKN,MEM,0.734768,1,12
401468402,2022-11-20,LAL,SA,0.649463,1,31
401468397,2022-11-20,SAC,DET,0.842769,1,8
401468403,2022-11-21,CLE,ATL,0.592006,1,12
401468404,2022-11-21,IND,ORL,0.836983,1,21
401468409,2022-11-21,OKC,NY,0.540291,0,-10
401468408,2022-11-21,NO,GS,0.829649,1,45
401468407,2022-11-21,MIN,MIA,0.730627,1,4
401468406,2022-11-21,MIL,POR,0.654607,1,8
401468405,2022-11-21,CHI,BOS,0.272695,1,14
401468410,2022-11-21,LAC,UTAH,0.71497,1,7
401468413,2022-11-22,DEN,DET,0.832439,0,-2
401468414,2022-11-22,PHX,LAL,0.737296,1,10
401468411,2022-11-22,PHI,BKN,0.432031,1,9
401468412,2022-11-22,MEM,SAC,0.465764,0,-4
401468426,2022-11-23,GS,LAC,0.654276,1,17
401468419,2022-11-23,BOS,DAL,0.72104,1,13
401468417,2022-11-23,IND,MIN,0.682379,0,-14
401468415,2022-11-23,CHA,PHI,0.530019,1,6
401468421,2022-11-23,TOR,BKN,0.319654,0,-14
401468420,2022-11-23,MIA,WSH,0.638338,1,8
401468416,2022-11-23,CLE,POR,0.695958,1,18
401468418,2022-11-23,ATL,SAC,0.443682,1,9
401468423,2022-11-23,OKC,DEN,0.436198,0,-5
401468424,2022-11-23,SA,NO,0.228865,0,-19
401468425,2022-11-23,UTAH,DET,0.803795,0,-9
401468422,2022-11-23,MIL,CHI,0.740243,0,-5
401468436,2022-11-25,OKC,CHI,0.532816,1,4
401468434,2022-11-25,MEM,NO,0.535624,1,21
401468427,2022-11-25,CHA,MIN,0.327062,1,2
401468428,2022-11-25,ORL,PHI,0.54149,0,-8
401468429,2022-11-25,NY,POR,0.52945,0,-3
401468437,2022-11-25,SA,LAL,0.389266,0,-11
401468435,2022-11-25,MIL,CLE,0.610804,1,15
401468439,2022-11-25,GS,UTAH,0.672191,1,11
401468433,2022-11-25,HOU,ATL,0.343256,1,6
401468431,2022-11-25,IND,BKN,0.551044,1,11
401468430,2022-11-25,BOS,SAC,0.68146,1,18
401468438,2022-11-25,PHX,DET,0.828605,1,6
401468432,2022-11-25,MIA,WSH,0.488822,1,3
401468440,2022-11-25,LAC,DEN,0.491997,0,-10
401468444,2022-11-26,PHX,UTAH,0.684489,1,1
401468442,2022-11-26,HOU,OKC,0.486164,1,13
401468443,2022-11-26,SA,LAL,0.34211,0,-5
401468441,2022-11-26,TOR,DAL,0.547027,1,5
401468450,2022-11-27,DET,CLE,0.244457,0,-8
401468453,2022-11-27,MIL,DAL,0.655627,1,9
401468449,2022-11-27,BOS,WSH,0.764437,1,9
401468451,2022-11-27,NY,MEM,0.525382,0,-4
401468447,2022-11-27,LAC,IND,0.412878,1,14
401468448,2022-11-27,ATL,MIA,0.669507,0,-8
401468445,2022-11-27,BKN,POR,0.656074,1,14
401468446,2022-11-27,MIN,GS,0.587932,0,-23
401468452,2022-11-27,ORL,PHI,0.539991,0,-30
401468462,2022-11-28,SAC,PHX,0.557106,0,-5
401468456,2022-11-28,BOS,CHA,0.801936,1,35
401468455,2022-11-28,WSH,MIN,0.500646,1,15
401468454,2022-11-28,PHI,ATL,0.486824,1,3
401468458,2022-11-28,TOR,CLE,0.541657,1,12
401468461,2022-11-28,UTAH,CHI,0.653005,0,-7
401468459,2022-11-28,NO,OKC,0.717287,1,4
401468460,2022-11-28,DEN,HOU,0.819988,1,16
401468463,2022-11-28,LAL,IND,0.494083,0,-1
401468457,2022-11-28,BKN,ORL,0.794732,1,7
401468464,2022-11-29,DET,NY,0.361896,0,-30
401468465,2022-11-29,DAL,GS,0.593974,1,3
401468466,2022-11-29,POR,LAC,0.643625,0,-6
401468469,2022-11-30,BOS,MIA,0.783076,1,13
401468470,2022-11-30,BKN,WSH,0.655905,1,6
401468473,2022-11-30,NO,TOR,0.690066,1,18
401468467,2022-11-30,CLE,PHI,0.701809,1,28
401468471,2022-11-30,NY,MIL,0.342775,0,-6
401468474,2022-11-30,OKC,SA,0.577027,1,8
401468468,2022-11-30,ORL,ATL,0.375045,0,-17
401468476,2022-11-30,PHX,CHI,0.709468,1,19
401468475,2022-11-30,DEN,HOU,0.841466,1,20
401468478,2022-11-30,SAC,IND,0.617143,1,23
401468479,2022-11-30,LAL,POR,0.540017,1,19
401468477,2022-11-30,UTAH,LAC,0.720906,1,13
401468472,2022-11-30,MIN,MEM,0.435547,1,8
401468480,2022-12-01,DET,DAL,0.399899,1,6
401468482,2022-12-02,ATL,DEN,0.451581,1,8
401468481,2022-12-02,CHA,WSH,0.46187,1,1
401468486,2022-12-02,MIL,LAL,0.637728,0,-4
401468485,2022-12-02,CLE,ORL,0.743146,1,11
401468484,2022-12-02,BKN,TOR,0.6727,1,9
401468483,2022-12-02,BOS,MIA,0.696264,0,-4
401468487,2022-12-02,MEM,PHI,0.722189,1,8
401468490,2022-12-02,UTAH,IND,0.595722,1,20
401468489,2022-12-02,PHX,HOU,0.814224,0,-1
401468491,2022-12-02,GS,CHI,0.661615,1,8
401468488,2022-12-02,SA,NO,0.296998,0,-18
401468497,2022-12-03,GS,HOU,0.747914,1,19
401468496,2022-12-03,MIN,OKC,0.653496,0,-7
401468498,2022-12-03,UTAH,POR,0.651424,0,-5
401468495,2022-12-03,TOR,ORL,0.740346,1,13
401468493,2022-12-03,LAC,SAC,0.410212,0,-27
401468492,2022-12-03,NY,DAL,0.549664,0,-21
401468494,2022-12-03,CHA,MIL,0.43059,0,-9
401468502,2022-12-04,DET,MEM,0.327788,0,-10
401468506,2022-12-04,POR,IND,0.569242,1,16
401468503,2022-12-04,NY,CLE,0.425443,1,11
401468501,2022-12-04,BKN,BOS,0.497673,0,-11
401468505,2022-12-04,SAC,CHI,0.677421,1,9
401468500,2022-12-04,SA,PHX,0.27197,0,-38
401468499,2022-12-04,NO,DEN,0.715087,1,15
401468504,2022-12-04,WSH,LAL,0.445777,0,-11
401468512,2022-12-05,MEM,MIA,0.419814,1,8
401468507,2022-12-05,CHA,LAC,0.33869,0,-2
401468509,2022-12-05,ATL,OKC,0.635356,0,-7
401468510,2022-12-05,TOR,BOS,0.418762,0,-6
401468511,2022-12-05,HOU,PHI,0.391315,1,9
401468513,2022-12-05,DAL,PHX,0.539969,1,19
401468514,2022-12-05,GS,IND,0.746672,0,-8
401468508,2022-12-05,ORL,MIL,0.346098,0,-7
401468516,2022-12-06,MIA,DET,0.754772,0,-20
401468515,2022-12-06,CLE,LAL,0.575908,1,14
401468517,2022-12-06,DEN,DAL,0.689166,0,-1
401468520,2022-12-07,NY,ATL,0.492871,1,24
401468518,2022-12-07,ORL,LAC,0.427427,1,5
401468525,2022-12-07,MIN,IND,0.583726,1,6
401468521,2022-12-07,TOR,LAL,0.642777,1,13
401468519,2022-12-07,BKN,CHA,0.823035,1,6
401468528,2022-12-07,PHX,BOS,0.541359,0,-27
401468522,2022-12-07,CHI,WSH,0.62305,1,4
401468524,2022-12-07,MIL,SAC,0.599492,1,13
401468527,2022-12-07,UTAH,GS,0.76259,1,1
401468523,2022-12-07,MEM,OKC,0.708238,1,21
401468526,2022-12-07,NO,DET,0.884482,1,6
401468529,2022-12-08,MIA,LAC,0.594448,1,5
401468530,2022-12-08,SA,HOU,0.474233,1,9
401468531,2022-12-08,POR,DEN,0.494943,0,-1
401468535,2022-12-09,BKN,ATL,0.728467,1,4
401468534,2022-12-09,ORL,TOR,0.353148,1,4
401468533,2022-12-09,IND,WSH,0.62725,1,10
401468537,2022-12-09,PHI,LAL,0.507518,1,11
401468536,2022-12-09,CLE,SAC,0.51064,0,-11
401468538,2022-12-09,MEM,DET,0.839684,1,11
401468539,2022-12-09,NO,PHX,0.703801,1,11
401468541,2022-12-09,DAL,MIL,0.485018,0,-1
401468532,2022-12-09,CHA,NY,0.358567,0,-19
401468540,2022-12-09,UTAH,MIN,0.586454,0,-10
401468547,2022-12-10,GS,BOS,0.431365,1,16
401468549,2022-12-10,POR,MIN,0.589914,1,6
401468546,2022-12-10,CHI,DAL,0.66495,1,29
401468548,2022-12-10,DEN,UTAH,0.811857,1,5
401468543,2022-12-10,IND,BKN,0.654046,0,-3
401468542,2022-12-10,MIA,SA,0.79856,0,-4
401468544,2022-12-10,WSH,LAC,0.375982,0,-7
401468545,2022-12-10,CLE,OKC,0.631841,1,8
401468556,2022-12-11,HOU,MIL,0.284726,1,5
401468555,2022-12-11,ATL,CHI,0.576123,1,1
401468551,2022-12-11,DET,LAL,0.339542,0,-7
401468550,2022-12-11,NO,PHX,0.75545,1,5
401468553,2022-12-11,ORL,TOR,0.371876,1,12
401468554,2022-12-11,PHI,CHA,0.825858,1,18
401468552,2022-12-11,NY,SAC,0.524914,1,13
401468558,2022-12-12,WSH,BKN,0.367879,0,-12
401468559,2022-12-12,MEM,ATL,0.804916,1,25
401468557,2022-12-12,IND,MIA,0.488822,0,-5
401468563,2022-12-12,LAC,BOS,0.417935,1,20
401468560,2022-12-12,DAL,OKC,0.709336,1,7
401468562,2022-12-12,POR,MIN,0.577583,1,21
401468561,2022-12-12,SA,CLE,0.263528,1,1
401468564,2022-12-13,PHI,SAC,0.565322,1,20
401468565,2022-12-13,MIL,GS,0.631886,1,17
401468566,2022-12-13,HOU,PHX,0.455473,1,14
401468567,2022-12-13,UTAH,NO,0.536902,1,21
401468568,2022-12-13,LAL,BOS,0.412821,0,-4
401468571,2022-12-14,ORL,ATL,0.49914,1,11
401468570,2022-12-14,IND,GS,0.607872,1,6
401468569,2022-12-14,CHA,DET,0.591268,0,-7
401468572,2022-12-14,TOR,SAC,0.447539,0,-1
401468573,2022-12-14,CHI,NY,0.540053,0,-8
401468577,2022-12-14,DEN,WSH,0.84636,1,13
401468575,2022-12-14,SA,POR,0.243686,0,-16
401468574,2022-12-14,OKC,MIA,0.498463,0,-2
401468578,2022-12-14,LAC,MIN,0.665439,1,11
401468576,2022-12-14,DAL,CLE,0.5212,0,-15
401468580,2022-12-15,MEM,MIL,0.661053,1,41
401468579,2022-12-15,HOU,MIA,0.494024,0,-3
401468581,2022-12-15,UTAH,NO,0.566385,1,3
401468582,2022-12-15,LAC,PHX,0.524314,0,-16
401468590,2022-12-16,OKC,MIN,0.561318,0,-2
401468586,2022-12-16,CLE,IND,0.692969,1,6
401468584,2022-12-16,DET,SAC,0.277722,0,-9
401468583,2022-12-16,CHA,ATL,0.465698,0,-19
401468588,2022-12-16,TOR,BKN,0.454139,0,-3
401468589,2022-12-16,CHI,NY,0.500404,0,-23
401468585,2022-12-16,BOS,ORL,0.733533,0,-8
401468591,2022-12-16,DAL,POR,0.525887,1,20
401468592,2022-12-16,LAL,DEN,0.510859,1,18
401468587,2022-12-16,PHI,GS,0.821079,1,12
401468593,2022-12-17,LAC,WSH,0.755106,1,9
401468594,2022-12-17,SA,MIA,0.295621,0,-10
401468598,2022-12-17,OKC,MEM,0.203981,1,6
401468597,2022-12-17,MIL,UTAH,0.610613,1,26
401468596,2022-12-17,HOU,POR,0.491111,0,-12
401468595,2022-12-17,CLE,DAL,0.791509,1,1
401468599,2022-12-17,PHX,NO,0.549177,1,4
401468600,2022-12-18,BOS,ORL,0.726119,0,-3
401468603,2022-12-18,TOR,GS,0.652241,0,-16
401468601,2022-12-18,IND,NY,0.448523,0,-3
401468605,2022-12-18,DEN,CHA,0.804718,1,4
401468604,2022-12-18,MIN,CHI,0.576176,1,24
401468602,2022-12-18,DET,BKN,0.337816,0,-3
401468606,2022-12-18,LAL,WSH,0.70268,1,2
401468608,2022-12-19,PHI,TOR,0.665147,1,3
401468607,2022-12-19,CLE,UTAH,0.747529,1,23
401468609,2022-12-19,ATL,ORL,0.668391,1,1
401468613,2022-12-19,OKC,POR,0.476336,1,2
401468612,2022-12-19,NO,MIL,0.529302,0,-9
401468611,2022-12-19,MIN,DAL,0.475224,1,10
401468610,2022-12-19,HOU,SA,0.685493,0,-19
401468614,2022-12-19,PHX,LAL,0.772412,1,26
401468615,2022-12-19,SAC,CHA,0.761255,0,-6
401468616,2022-12-20,DET,UTAH,0.457227,0,-15
401468618,2022-12-20,NY,GS,0.727995,1,38
401468617,2022-12-20,MIA,CHI,0.544968,0,-10
401468619,2022-12-20,PHX,WSH,0.693959,0,-3
401468620,2022-12-20,DEN,MEM,0.55231,1,14
401468622,2022-12-21,PHI,DET,0.851299,1,20
401468621,2022-12-21,CLE,MIL,0.594138,1,8
401468626,2022-12-21,NY,TOR,0.580836,0,-7
401468625,2022-12-21,BKN,GS,0.740456,1,30
401468624,2022-12-21,BOS,IND,0.622064,0,-5
401468623,2022-12-21,ATL,CHI,0.463115,0,-2
401468629,2022-12-21,OKC,POR,0.500527,1,3
401468628,2022-12-21,MIN,DAL,0.500301,0,-5
401468627,2022-12-21,HOU,ORL,0.451811,0,-6
401468631,2022-12-21,LAC,CHA,0.760849,1,21
401468630,2022-12-21,SAC,LAL,0.71213,1,14
401468633,2022-12-22,UTAH,WSH,0.728992,1,8
401468632,2022-12-22,NO,SA,0.824899,1,9
401468641,2022-12-23,MIA,IND,0.576891,0,-3
401468635,2022-12-23,PHI,LAC,0.59464,1,5
401468634,2022-12-23,ORL,SA,0.737421,1,20
401468640,2022-12-23,NY,CHI,0.594269,0,-1
401468639,2022-12-23,CLE,TOR,0.632612,0,-11
401468638,2022-12-23,BKN,MIL,0.638234,1,18
401468644,2022-12-23,DEN,POR,0.678225,1,13
401468637,2022-12-23,BOS,MIN,0.731838,1,12
401468643,2022-12-23,OKC,NO,0.624845,0,-3
401468646,2022-12-23,SAC,WSH,0.701299,0,-14
401468645,2022-12-23,PHX,MEM,0.444868,0,-25
401468647,2022-12-23,LAL,CHA,0.636279,0,-4
401468642,2022-12-23,HOU,DAL,0.305541,0,-6
401468636,2022-12-23,ATL,DET,0.81086,1,25
401468650,2022-12-25,BOS,MIL,0.665283,1,21
401468649,2022-12-25,DAL,LAL,0.651351,1,9
401468648,2022-12-25,NY,PHI,0.43037,0,-7
401468651,2022-12-25,GS,MEM,0.354203,1,14
401468652,2022-12-25,DEN,PHX,0.703723,1,3
401468659,2022-12-26,POR,CHA,0.752587,1,11
401468656,2022-12-26,CHI,HOU,0.714587,0,-15
401468654,2022-12-26,DET,LAC,0.31478,0,-11
401468653,2022-12-26,CLE,BKN,0.553658,0,-8
401468655,2022-12-26,MIA,MIN,0.51497,1,3
401468657,2022-12-26,NO,IND,0.671664,1,20
401468658,2022-12-26,SA,UTAH,0.379661,1,4
401468660,2022-12-27,ORL,LAL,0.539817,0,-19
401468665,2022-12-27,MEM,PHX,0.747707,0,-17
401468662,2022-12-27,BOS,HOU,0.843767,1,24
401468669,2022-12-27,SAC,DEN,0.477104,0,-7
401468661,2022-12-27,WSH,PHI,0.410479,1,5
401468667,2022-12-27,DAL,NY,0.625927,1,5
401468663,2022-12-27,IND,ATL,0.481925,1,15
401468666,2022-12-27,OKC,SA,0.770812,1,16
401468664,2022-12-27,TOR,LAC,0.456183,0,-11
401468668,2022-12-27,GS,CHA,0.659586,1,5
401468671,2022-12-28,WSH,PHX,0.526386,1,25
401468670,2022-12-28,DET,ORL,0.39194,1,20
401468673,2022-12-28,MIA,LAL,0.611642,1,14
401468672,2022-12-28,ATL,BKN,0.368565,0,-1
401468675,2022-12-28,NO,MIN,0.73124,1,1
401468674,2022-12-28,CHI,MIL,0.572191,1,6
401468677,2022-12-28,SAC,DEN,0.561073,1,1
401468676,2022-12-28,GS,UTAH,0.366544,1,5
401468681,2022-12-29,TOR,MEM,0.349264,0,-13
401468678,2022-12-29,CHA,OKC,0.413189,1,8
401468679,2022-12-29,IND,CLE,0.485274,1,9
401468683,2022-12-29,DAL,HOU,0.797591,1,15
401468682,2022-12-29,SA,NY,0.335035,1,7
401468680,2022-12-29,BOS,LAC,0.586255,1,6
401468688,2022-12-30,MIL,MIN,0.556712,1,9
401468691,2022-12-30,GS,POR,0.477146,1,6
401468689,2022-12-30,NO,PHI,0.485759,1,11
401468692,2022-12-30,SAC,UTAH,0.62975,1,1
401468690,2022-12-30,DEN,MIA,0.656531,1,5
401468687,2022-12-30,CHI,DET,0.789087,1,14
401468686,2022-12-30,TOR,PHX,0.536505,1,9
401468685,2022-12-30,ATL,LAL,0.571622,0,-9
401468684,2022-12-30,ORL,WSH,0.386192,0,-19
401468693,2022-12-31,IND,LAC,0.461279,1,1
401468695,2022-12-31,CHI,CLE,0.615889,0,-1
401468701,2022-12-31,UTAH,MIA,0.63585,0,-3
401468696,2022-12-31,HOU,NY,0.38924,0,-20
401468697,2022-12-31,SA,DAL,0.238186,0,-1
401468700,2022-12-31,OKC,PHI,0.510931,0,-19
401468694,2022-12-31,CHA,BKN,0.29525,0,-17
401468699,2022-12-31,MIN,DET,0.777939,0,-12
401468698,2022-12-31,MEM,NO,0.631029,1,15
401468702,2023-01-01,MEM,SAC,0.685067,1,10
401468703,2023-01-01,MIL,WSH,0.378743,0,-23
401468704,2023-01-01,DEN,BOS,0.470235,1,12
401468712,2023-01-02,MIN,DEN,0.459277,1,13
401468715,2023-01-02,LAC,MIA,0.568077,0,-10
401468713,2023-01-02,GS,ATL,0.461722,1,2
401468714,2023-01-02,POR,DET,0.827078,1,29
401468711,2023-01-02,HOU,DAL,0.276207,0,-5
401468706,2023-01-02,CHA,LAL,0.387721,0,-6
401468707,2023-01-02,CLE,CHI,0.556563,1,11
401468708,2023-01-02,IND,TOR,0.536727,1,8
401468709,2023-01-02,PHI,NO,0.644418,1,9
401468705,2023-01-02,NY,PHX,0.705537,1,19
401468710,2023-01-02,BKN,SA,0.846719,1,36
401468716,2023-01-03,MIL,WSH,0.581831,1,10
401468718,2023-01-03,UTAH,SAC,0.562145,0,-2
401468717,2023-01-03,OKC,BOS,0.267852,1,33
401468727,2023-01-04,NO,HOU,0.816433,1,11
401468726,2023-01-04,MIN,POR,0.511896,1,7
401468723,2023-01-04,NY,SA,0.837192,1,3
401468730,2023-01-04,SAC,ATL,0.47854,0,-3
401468725,2023-01-04,CHI,BKN,0.392586,1,9
401468729,2023-01-04,LAL,MIA,0.358937,1,3
401468724,2023-01-04,TOR,MIL,0.524569,0,-3
401468720,2023-01-04,CLE,PHX,0.66469,1,2
401468728,2023-01-04,GS,DET,0.729769,0,-3
401468719,2023-01-04,CHA,MEM,0.272776,0,-24
401468721,2023-01-04,ORL,OKC,0.514435,1,11
401468722,2023-01-04,PHI,IND,0.624786,1,3
401468734,2023-01-05,DEN,LAC,0.625132,1,31
401468732,2023-01-05,DAL,BOS,0.453216,0,-29
401468733,2023-01-05,HOU,UTAH,0.346047,0,-17
401468731,2023-01-05,ORL,MEM,0.241732,0,-8
401468735,2023-01-06,IND,POR,0.524379,1,9
401468741,2023-01-06,NO,BKN,0.36712,0,-6
401468740,2023-01-06,SA,DET,0.499497,1,12
401468736,2023-01-06,PHI,CHI,0.636286,0,-14
401468737,2023-01-06,TOR,NY,0.354083,0,-4
401468743,2023-01-06,DEN,CLE,0.698596,1,13
401468744,2023-01-06,PHX,MIA,0.570825,0,-8
401468738,2023-01-06,MIL,CHA,0.773745,0,-29
401468745,2023-01-06,LAL,ATL,0.506028,1,16
401468739,2023-01-06,OKC,WSH,0.546367,1,17
401468742,2023-01-06,MIN,LAC,0.719445,1,13
401468746,2023-01-07,SA,BOS,0.104521,0,-5
401468748,2023-01-07,DAL,NO,0.744998,1,10
401468747,2023-01-07,CHI,UTAH,0.570172,1,8
401468749,2023-01-07,GS,ORL,0.551811,0,-14
401468750,2023-01-07,SAC,LAL,0.538732,0,-2
401468755,2023-01-08,MEM,UTAH,0.753519,1,5
401468751,2023-01-08,DET,PHI,0.22916,0,-12
401468752,2023-01-08,TOR,POR,0.470575,1,12
401468753,2023-01-08,IND,CHA,0.710623,1,5
401468756,2023-01-08,HOU,MIN,0.328588,0,-8
401468758,2023-01-08,PHX,CLE,0.459881,0,-14
401468759,2023-01-08,LAC,ATL,0.493092,0,-4
401468754,2023-01-08,MIA,BKN,0.360018,0,-1
401468757,2023-01-08,OKC,DAL,0.582038,1,11
401468760,2023-01-09,WSH,NO,0.634061,0,-20
401468762,2023-01-09,NY,MIL,0.626959,0,-4
401468761,2023-01-09,BOS,CHI,0.651855,1,8
401468763,2023-01-09,MEM,SA,0.856074,1,8
401468764,2023-01-09,DEN,LAL,0.801844,1,13
401468765,2023-01-09,SAC,ORL,0.594474,1,25
401468768,2023-01-10,TOR,CHA,0.661439,1,12
401468767,2023-01-10,PHI,DET,0.836605,1,31
401468766,2023-01-10,MIA,OKC,0.553931,1,1
401468772,2023-01-10,LAC,DAL,0.441285,1,12
401468771,2023-01-10,POR,ORL,0.676454,0,-3
401468770,2023-01-10,GS,PHX,0.74294,0,-12
401468769,2023-01-10,UTAH,CLE,0.505234,1,2
401468774,2023-01-11,WSH,CHI,0.481051,1,3
401468773,2023-01-11,DET,MIN,0.388078,1,17
401468777,2023-01-11,NY,IND,0.614639,1,6
401468776,2023-01-11,BOS,NO,0.700629,1,11
401468775,2023-01-11,ATL,MIL,0.432713,0,-9
401468778,2023-01-11,MEM,SA,0.857594,1,6
401468780,2023-01-11,SAC,HOU,0.830307,1,20
401468779,2023-01-11,DEN,PHX,0.855805,1,29
401468781,2023-01-12,PHI,OKC,0.695336,0,-19
401468784,2023-01-12,TOR,CHA,0.708862,1,10
401468783,2023-01-12,MIA,MIL,0.69083,1,6
401468786,2023-01-12,POR,CLE,0.497555,0,-6
401468785,2023-01-12,LAL,DAL,0.442713,0,-4
401468782,2023-01-12,BKN,BOS,0.454793,0,-11
401468789,2023-01-13,WSH,NY,0.365296,0,-4
401468788,2023-01-13,IND,ATL,0.406965,0,-2
401468787,2023-01-13,DET,NO,0.302029,0,-6
401468790,2023-01-13,SA,GS,0.323834,0,-31
401468792,2023-01-13,MIN,PHX,0.745649,1,5
401468791,2023-01-13,CHI,OKC,0.455858,0,-14
401468793,2023-01-13,UTAH,ORL,0.598707,1,4
401468795,2023-01-13,SAC,HOU,0.848386,1,25
401468794,2023-01-13,LAC,DEN,0.482123,0,-12
401468797,2023-01-14,CHA,BOS,0.248897,0,-16
401468796,2023-01-14,MIA,MIL,0.741586,1,16
401468798,2023-01-14,IND,MEM,0.320543,0,-18
401468802,2023-01-14,POR,DAL,0.551093,1,17
401468799,2023-01-14,TOR,ATL,0.465776,0,-11
401468800,2023-01-14,MIN,CLE,0.455613,1,8
401468801,2023-01-14,UTAH,PHI,0.30868,0,-1
401468810,2023-01-15,LAL,PHI,0.448052,0,-1
401468808,2023-01-15,DEN,ORL,0.72808,1,3
401468807,2023-01-15,SA,SAC,0.243406,0,-13
401468809,2023-01-15,POR,DAL,0.727619,1,17
401468805,2023-01-15,CHI,GS,0.524885,1,14
401468804,2023-01-15,LAC,HOU,0.848734,1,21
401468803,2023-01-15,DET,NY,0.152573,0,-13
401468806,2023-01-15,BKN,OKC,0.561397,0,-10
401468812,2023-01-16,MIL,IND,0.531544,1,13
401468814,2023-01-16,NY,TOR,0.538072,0,-2
401468813,2023-01-16,CLE,NO,0.717648,1,10
401468816,2023-01-16,ATL,MIA,0.519704,1,8
401468811,2023-01-16,CHA,BOS,0.226103,0,-12
401468818,2023-01-16,MEM,PHX,0.82858,1,30
401468819,2023-01-16,LAL,HOU,0.80903,1,8
401468815,2023-01-16,WSH,GS,0.538642,0,-9
401468817,2023-01-16,MIN,UTAH,0.68774,0,-1
401468821,2023-01-17,SA,BKN,0.28291,1,8
401468822,2023-01-17,DEN,POR,0.690098,1,9
401468823,2023-01-17,LAC,PHI,0.479692,0,-10
401468820,2023-01-17,MIL,TOR,0.396179,1,8
401468832,2023-01-18,LAL,SAC,0.548326,0,-5
401468831,2023-01-18,DEN,MIN,0.690639,1,4
401468830,2023-01-18,UTAH,LAC,0.713111,1,23
401468826,2023-01-18,HOU,CHA,0.459889,0,-5
401468827,2023-01-18,MEM,CLE,0.738181,1,1
401468829,2023-01-18,OKC,IND,0.734714,1,20
401468824,2023-01-18,NY,WSH,0.647358,0,-11
401468825,2023-01-18,DAL,ATL,0.465995,0,-8
401468828,2023-01-18,NO,MIA,0.511125,0,-26
401468836,2023-01-19,PHX,BKN,0.479554,1,5
401468837,2023-01-19,POR,PHI,0.469414,0,-10
401468835,2023-01-19,MIN,TOR,0.464032,1,2
401468834,2023-01-19,BOS,GS,0.725927,1,3
401468833,2023-01-19,DET,CHI,0.303174,0,-18
401468844,2023-01-20,UTAH,BKN,0.568247,0,-11
401468846,2023-01-20,SAC,OKC,0.593963,1,5
401468843,2023-01-20,DEN,IND,0.766824,1,23
401468842,2023-01-20,SA,LAC,0.33362,0,-5
401468845,2023-01-20,LAL,MEM,0.468049,1,1
401468840,2023-01-20,CLE,GS,0.644478,0,-6
401468841,2023-01-20,DAL,MIA,0.491931,1,25
401468838,2023-01-20,ORL,NO,0.597645,1,13
401468839,2023-01-20,ATL,NY,0.456155,1,15
401468847,2023-01-21,TOR,BOS,0.364656,0,-2
401468848,2023-01-21,WSH,ORL,0.653957,1,20
401468853,2023-01-21,SAC,PHI,0.636282,0,-2
401468850,2023-01-21,CLE,MIL,0.703584,1,12
401468851,2023-01-21,MIN,HOU,0.82087,1,9
401468852,2023-01-21,PHX,IND,0.654676,1,5
401468849,2023-01-21,ATL,CHA,0.75442,0,-4
401468857,2023-01-22,DEN,OKC,0.630981,0,-2
401468860,2023-01-22,POR,LAL,0.516819,0,-9
401468858,2023-01-22,PHX,MEM,0.345252,1,2
401468859,2023-01-22,GS,BKN,0.473407,0,-4
401468854,2023-01-22,MIA,NO,0.784757,1,4
401468856,2023-01-22,DAL,LAC,0.502179,0,-14
401468855,2023-01-22,TOR,NY,0.365668,1,9
401468866,2023-01-23,POR,SA,0.700947,1,20
401468867,2023-01-23,SAC,MEM,0.62284,1,33
401468865,2023-01-23,UTAH,CHA,0.768205,1,18
401468862,2023-01-23,ORL,BOS,0.413749,1,15
401468864,2023-01-23,HOU,MIN,0.332974,1,5
401468861,2023-01-23,DET,MIL,0.323102,0,-20
401468863,2023-01-23,CHI,ATL,0.589673,1,11
401468874,2023-01-24,LAL,LAC,0.56356,0,-18
401468873,2023-01-24,PHX,CHA,0.736116,1,31
401468872,2023-01-24,DAL,WSH,0.591733,0,-1
401468871,2023-01-24,NO,DEN,0.349317,0,-1
401468870,2023-01-24,NY,CLE,0.525994,1,2
401468868,2023-01-24,IND,CHI,0.463997,1,6
401468869,2023-01-24,MIA,BOS,0.535697,1,3
401468883,2023-01-25,SAC,TOR,0.592052,0,-18
401468884,2023-01-25,LAL,SA,0.72188,1,9
401468881,2023-01-25,GS,MEM,0.502829,1,2
401468882,2023-01-25,POR,UTAH,0.607856,1,10
401468877,2023-01-25,HOU,WSH,0.406936,0,-5
401468875,2023-01-25,ORL,IND,0.644633,1,6
401468879,2023-01-25,NO,MIN,0.581262,0,-9
401468880,2023-01-25,OKC,ATL,0.505147,0,-5
401468876,2023-01-25,PHI,BKN,0.633677,1,4
401468878,2023-01-25,MIL,DEN,0.723624,1,8
401468889,2023-01-26,PHX,DAL,0.559073,0,-4
401468890,2023-01-26,LAC,SA,0.833972,1,38
401468885,2023-01-26,BOS,NY,0.633027,0,-3
401468888,2023-01-26,HOU,CLE,0.338339,0,-18
401468887,2023-01-26,CHA,CHI,0.352736,1,15
401468886,2023-01-26,BKN,DET,0.696198,0,-8
401468895,2023-01-27,GS,TOR,0.522379,1,12
401468894,2023-01-27,OKC,CLE,0.645514,1,12
401468893,2023-01-27,MIA,ORL,0.633751,1,5
401468891,2023-01-27,IND,MIL,0.420623,0,-10
401468892,2023-01-27,MIN,MEM,0.578377,1,11
401468905,2023-01-28,UTAH,DAL,0.698421,1,8
401468902,2023-01-28,NO,WSH,0.579419,0,-10
401468904,2023-01-28,BOS,LAL,0.57095,1,4
401468906,2023-01-28,POR,TOR,0.528185,0,-18
401468903,2023-01-28,SA,PHX,0.286844,0,-10
401468901,2023-01-28,MIN,SAC,0.527457,1,7
401468898,2023-01-28,DET,HOU,0.699455,0,-3
401468899,2023-01-28,ORL,CHI,0.494865,0,-19
401468897,2023-01-28,BKN,NY,0.617057,1,7
401468896,2023-01-28,PHI,DEN,0.619915,1,7
401468900,2023-01-28,ATL,LAC,0.540962,0,-7
401468910,2023-01-29,MIL,NO,0.818519,1,25
401468909,2023-01-29,CLE,LAC,0.705378,1,23
401468907,2023-01-29,CHA,MIA,0.299745,1,5
401468908,2023-01-29,MEM,IND,0.724738,1,12
401468914,2023-01-30,OKC,GS,0.630596,0,-8
401468918,2023-01-30,POR,ATL,0.647688,1,4
401468917,2023-01-30,PHX,TOR,0.451984,1,8
401468916,2023-01-30,DAL,DET,0.757236,1,6
401468913,2023-01-30,MIN,SAC,0.461762,0,-7
401468915,2023-01-30,SA,WSH,0.28931,0,-21
401468912,2023-01-30,BKN,LAL,0.720339,1,17
401468911,2023-01-30,PHI,ORL,0.66801,0,-10
401468923,2023-01-31,DEN,NO,0.712435,1,9
401468922,2023-01-31,MIL,CHA,0.760102,1,9
401468921,2023-01-31,CHI,LAC,0.556334,0,-5
401468919,2023-01-31,CLE,MIA,0.609534,0,-3
401468920,2023-01-31,NY,LAL,0.566967,0,-6
401468927,2023-02-01,BOS,BKN,0.718269,1,43
401468926,2023-02-01,MEM,POR,0.578619,0,-10
401468925,2023-02-01,PHI,ORL,0.684609,1,11
401468928,2023-02-01,HOU,OKC,0.256672,1,6
401468932,2023-02-01,PHX,ATL,0.49125,0,-32
401468931,2023-02-01,UTAH,TOR,0.573142,1,3
401468929,2023-02-01,MIN,GS,0.609497,1,5
401468930,2023-02-01,SA,SAC,0.198263,0,-10
401468937,2023-02-02,DAL,NO,0.58796,1,5
401468939,2023-02-02,MIL,LAC,0.637864,1,1
401468936,2023-02-02,CHI,CHA,0.743592,1,16
401468938,2023-02-02,DEN,GS,0.759325,1,17
401468935,2023-02-02,NY,MIA,0.427915,1,2
401468933,2023-02-02,IND,LAL,0.431557,0,-1
401468934,2023-02-02,CLE,MEM,0.648427,1,15
401468940,2023-02-03,DET,CHA,0.511324,1,6
401468942,2023-02-03,WSH,POR,0.442741,0,-8
401468941,2023-02-03,IND,SAC,0.417481,1,3
401468943,2023-02-03,BOS,PHX,0.72618,0,-12
401468945,2023-02-03,MIN,ORL,0.620164,0,-7
401468944,2023-02-03,HOU,TOR,0.251241,0,-6
401468947,2023-02-03,UTAH,ATL,0.551708,0,-7
401468946,2023-02-03,SA,PHI,0.221278,0,-12
401468956,2023-02-04,DEN,ATL,0.775694,1,20
401468951,2023-02-04,CHI,POR,0.577102,1,8
401468952,2023-02-04,MIL,MIA,0.652983,1,8
401468954,2023-02-04,OKC,HOU,0.883348,1,32
401468955,2023-02-04,GS,DAL,0.641431,1,6
401468950,2023-02-04,NY,LAC,0.47051,0,-6
401468948,2023-02-04,BKN,WSH,0.450875,1,2
401468953,2023-02-04,NO,LAL,0.52506,1,5
401468949,2023-02-04,DET,PHX,0.274808,0,-16
401468959,2023-02-05,NY,PHI,0.402733,1,11
401468962,2023-02-05,NO,SAC,0.398868,1,32
401468960,2023-02-05,MEM,TOR,0.594606,0,-3
401468961,2023-02-05,MIN,DEN,0.776076,1,30
401468957,2023-02-05,CHA,ORL,0.374731,0,-6
401468958,2023-02-05,IND,CLE,0.448103,0,-19
401468965,2023-02-06,BKN,LAC,0.257792,0,-8
401468966,2023-02-06,CHI,SA,0.856353,1,24
401468967,2023-02-06,HOU,SAC,0.241861,0,-20
401468964,2023-02-06,WSH,CLE,0.404006,0,-23
401468968,2023-02-06,UTAH,DAL,0.706657,0,-13
401468970,2023-02-06,POR,MIL,0.474248,0,-19
401468969,2023-02-06,GS,OKC,0.480981,1,27
401468963,2023-02-06,DET,BOS,0.245197,0,-12
401468976,2023-02-07,LAL,OKC,0.487989,0,-3
401468975,2023-02-07,DEN,MIN,0.681958,1,34
401468974,2023-02-07,MEM,CHI,0.629202,1,15
401468971,2023-02-07,ORL,NY,0.488487,0,-4
401468973,2023-02-07,NO,ATL,0.540015,1,9
401468972,2023-02-07,BKN,PHX,0.305738,0,-4
401468984,2023-02-08,LAC,DAL,0.583442,0,-6
401468985,2023-02-08,POR,GS,0.603007,1,3
401468983,2023-02-08,UTAH,MIN,0.592702,0,-25
401468980,2023-02-08,MIA,IND,0.686636,1,5
401468979,2023-02-08,BOS,PHI,0.519764,1,7
401468981,2023-02-08,TOR,SA,0.826914,1,14
401468977,2023-02-08,CLE,DET,0.776862,1,28
401468982,2023-02-08,HOU,SAC,0.226367,0,-2
401468978,2023-02-08,WSH,CHA,0.704135,1,14
401468987,2023-02-09,ATL,PHX,0.700595,1,9
401468989,2023-02-09,LAL,MIL,0.355042,0,-9
401468986,2023-02-09,ORL,DEN,0.322168,1,11
401468988,2023-02-09,BKN,CHI,0.299545,1,11
401468997,2023-02-10,NO,CLE,0.435386,0,-11
401468998,2023-02-10,POR,OKC,0.513562,0,-9
401468999,2023-02-10,SAC,DAL,0.656625,0,-8
401468995,2023-02-10,MIA,HOU,0.858097,1,2
401468993,2023-02-10,BOS,CHA,0.797769,1,11
401468996,2023-02-10,MEM,MIN,0.601528,1,21
401468990,2023-02-10,DET,SA,0.67923,1,7
401468991,2023-02-10,IND,PHX,0.425321,0,-13
401468992,2023-02-10,PHI,NY,0.632318,1,11
401469000,2023-02-10,LAC,MIL,0.444608,0,-13
401468994,2023-02-10,TOR,UTAH,0.589226,0,-6
401469003,2023-02-11,ORL,MIA,0.504401,0,-4
401469005,2023-02-11,ATL,SA,0.881249,1,19
401469004,2023-02-11,WSH,IND,0.689192,1,14
401469006,2023-02-11,NY,UTAH,0.683489,1,6
401469001,2023-02-11,BKN,PHI,0.402929,0,-3
401469007,2023-02-11,CLE,CHI,0.616069,1,8
401469008,2023-02-11,GS,LAL,0.615822,0,-6
401469009,2023-02-11,SAC,DAL,0.620159,1,5
401469002,2023-02-11,CHA,DEN,0.209933,0,-14
401469010,2023-02-12,BOS,MEM,0.585352,1,10
401469011,2023-02-12,TOR,DET,0.740137,1,1
401469016,2023-02-13,MIA,DEN,0.30749,0,-4
401469014,2023-02-13,IND,UTAH,0.408333,0,-6
401469013,2023-02-13,CLE,SA,0.906866,1,8
401469012,2023-02-13,CHA,ATL,0.333984,1,6
401469017,2023-02-13,NY,BKN,0.584353,1,18
401469015,2023-02-13,PHI,HOU,0.85598,1,19
401469020,2023-02-13,DAL,MIN,0.570274,0,-3
401469022,2023-02-13,POR,LAL,0.632807,1,12
401469021,2023-02-13,GS,WSH,0.540074,1,9
401469018,2023-02-13,CHI,ORL,0.644207,0,-9
401469019,2023-02-13,OKC,NO,0.70286,0,-3
401469026,2023-02-14,LAC,GS,0.622165,1,10
401469024,2023-02-14,MIL,BOS,0.717995,1,6
401469023,2023-02-14,TOR,ORL,0.687164,1,10
401469025,2023-02-14,PHX,SAC,0.527343,1,11
401469027,2023-02-14,POR,WSH,0.471013,0,-25
401469032,2023-02-15,BOS,DET,0.815895,1,18
401469030,2023-02-15,PHI,CLE,0.574728,1,6
401469028,2023-02-15,CHA,SA,0.668979,1,10
401469029,2023-02-15,IND,CHI,0.452584,1,4
401469031,2023-02-15,ATL,NY,0.555306,0,-21
401469035,2023-02-15,OKC,HOU,0.822753,1,37
401469036,2023-02-15,DEN,DAL,0.768841,1,9
401469037,2023-02-15,LAL,NO,0.550535,1,18
401469034,2023-02-15,MEM,UTAH,0.771224,1,6
401469033,2023-02-15,BKN,MIA,0.627133,1,11
401469038,2023-02-16,CHI,MIL,0.358529,0,-12
401469039,2023-02-16,MIN,WSH,0.44553,0,-8
401469040,2023-02-16,PHX,LAC,0.427372,0,-9
401469044,2023-02-23,PHI,MEM,0.596535,1,5
401469043,2023-02-23,ORL,DET,0.787882,1,2
401469045,2023-02-23,TOR,NO,0.67745,1,5
401469041,2023-02-23,CLE,DEN,0.521075,0,-6
401469042,2023-02-23,IND,BOS,0.247516,0,-4
401469047,2023-02-23,UTAH,OKC,0.441964,1,1
401469049,2023-02-23,SAC,POR,0.679906,1,17
401469048,2023-02-23,LAL,GS,0.574312,1,13
401469046,2023-02-23,DAL,SA,0.874011,1,26
401469054,2023-02-24,PHX,OKC,0.586759,1,9
401469057,2023-02-24,LAC,SAC,0.454956,0,-1
401469056,2023-02-24,GS,HOU,0.830964,1,15
401469052,2023-02-24,MIL,MIA,0.627703,1,29
401469055,2023-02-24,CHI,BKN,0.577917,1,44
401469051,2023-02-24,ATL,CLE,0.437843,1,17
401469050,2023-02-24,WSH,NY,0.552116,0,-6
401469053,2023-02-24,MIN,CHA,0.78263,0,-8
401469063,2023-02-25,PHI,BOS,0.508154,0,-3
401469064,2023-02-25,UTAH,SA,0.799856,1,16
401469061,2023-02-25,NY,NO,0.641043,1,22
401469062,2023-02-25,MEM,DEN,0.518212,1,18
401469060,2023-02-25,ORL,IND,0.631614,0,-13
401469058,2023-02-25,DET,TOR,0.245581,0,-4
401469059,2023-02-25,CHA,MIA,0.281972,1,5
401469071,2023-02-26,GS,MIN,0.639433,1,5
401469073,2023-02-26,DEN,LAC,0.667924,1,10
401469072,2023-02-26,POR,HOU,0.801454,1,17
401469070,2023-02-26,OKC,SAC,0.41427,0,-9
401469067,2023-02-26,CHI,WSH,0.613371,1,20
401469065,2023-02-26,MIL,PHX,0.66799,1,3
401469066,2023-02-26,ATL,BKN,0.586241,1,2
401469069,2023-02-26,CLE,TOR,0.769277,1,25
401469068,2023-02-26,DAL,LAL,0.569053,0,-3
401469076,2023-02-27,NY,BOS,0.535251,1,15
401469077,2023-02-27,NO,ORL,0.442129,0,-8
401469074,2023-02-27,CHA,DET,0.702356,1,11
401469075,2023-02-27,PHI,MIA,0.592254,0,-2
401469087,2023-02-28,LAC,MIN,0.524853,0,-7
401469085,2023-02-28,UTAH,SA,0.75583,0,-8
401469084,2023-02-28,DAL,IND,0.688986,0,-2
401469081,2023-02-28,HOU,DEN,0.180415,0,-21
401469086,2023-02-28,GS,POR,0.636975,1,18
401469078,2023-02-28,ATL,WSH,0.583712,0,-3
401469079,2023-02-28,BKN,MIL,0.353312,0,-14
401469080,2023-02-28,TOR,CHI,0.521381,1,6
401469082,2023-02-28,MEM,LAL,0.77714,1,12
401469083,2023-02-28,OKC,SAC,0.572804,0,-6
401469090,2023-03-01,BOS,CLE,0.51998,1,4
401469089,2023-03-01,DET,CHI,0.231749,0,-2
401469088,2023-03-01,CHA,PHX,0.248312,0,-14
401469092,2023-03-01,NY,BKN,0.697816,1,24
401469094,2023-03-01,MIL,ORL,0.728753,1,22
401469091,2023-03-01,MIA,PHI,0.510678,0,-23
401469095,2023-03-01,OKC,LAL,0.657946,0,-6
401469093,2023-03-01,HOU,MEM,0.200805,0,-14
401469096,2023-03-01,POR,NO,0.551364,0,-11
401469097,2023-03-02,WSH,TOR,0.557169,1,11
401469098,2023-03-02,DAL,PHI,0.519196,1,7
401469099,2023-03-02,SA,IND,0.414171,1,11
401469100,2023-03-02,GS,LAC,0.568701,1,24
401469105,2023-03-03,CHI,PHX,0.52469,0,-21
401469101,2023-03-03,CHA,ORL,0.276212,0,-11
401469103,2023-03-03,BOS,BKN,0.616507,0,-10
401469106,2023-03-03,OKC,UTAH,0.731135,1,27
401469102,2023-03-03,ATL,POR,0.652266,1,18
401469109,2023-03-03,SAC,LAC,0.70777,1,1
401469107,2023-03-03,DEN,MEM,0.718521,1,16
401469110,2023-03-03,LAL,MIN,0.533137,0,-8
401469108,2023-03-03,GS,NO,0.635379,1,9
401469104,2023-03-03,MIA,NY,0.424508,0,-2
401469111,2023-03-04,WSH,TOR,0.569952,0,-7
401469112,2023-03-04,CLE,DET,0.908578,1,24
401469114,2023-03-04,SA,HOU,0.456221,0,-12
401469113,2023-03-04,MIA,ATL,0.488137,1,8
401469115,2023-03-04,MIL,PHI,0.551711,0,-3
401469116,2023-03-04,SAC,MIN,0.568498,0,-4
401469119,2023-03-05,LAL,GS,0.50003,1,8
401469120,2023-03-05,BKN,CHA,0.779727,1,16
401469117,2023-03-05,DAL,PHX,0.538057,0,-4
401469118,2023-03-05,CHI,IND,0.619531,0,-3
401469122,2023-03-05,HOU,SA,0.62092,1,32
401469123,2023-03-05,OKC,UTAH,0.736534,1,10
401469128,2023-03-05,WSH,MIL,0.381074,0,-6
401469124,2023-03-05,BOS,NY,0.671783,0,-2
401469125,2023-03-05,LAC,MEM,0.56661,1,6
401469121,2023-03-05,ORL,POR,0.480915,0,-3
401469126,2023-03-06,CLE,BOS,0.726811,1,4
401469130,2023-03-06,DEN,TOR,0.697417,1,5
401469129,2023-03-06,MIA,ATL,0.502781,1,2
401469131,2023-03-06,SAC,NO,0.60842,1,15
401469127,2023-03-06,IND,PHI,0.281705,0,-4
401469132,2023-03-06,DET,POR,0.258378,0,-6
401469139,2023-03-07,LAL,MEM,0.631652,1,9
401469138,2023-03-07,DAL,UTAH,0.75289,1,4
401469136,2023-03-07,HOU,BKN,0.276335,0,-22
401469137,2023-03-07,OKC,GS,0.615528,1,9
401469135,2023-03-07,MIN,PHI,0.588613,0,-23
401469133,2023-03-07,ORL,MIL,0.422155,0,-11
401526670,2023-03-07,DET,WSH,0.142016,0,-2
401469134,2023-03-07,NY,CHA,0.744079,0,-7
401469142,2023-03-08,MIA,CLE,0.334191,0,-4
401469141,2023-03-08,BOS,POR,0.657257,1,22
401469143,2023-03-08,NO,DAL,0.445567,1,7
401469146,2023-03-08,LAC,TOR,0.539175,1,8
401469144,2023-03-08,DEN,CHI,0.731085,0,-21
401469145,2023-03-08,PHX,OKC,0.737926,1,31
401469140,2023-03-08,WSH,ATL,0.545224,0,-2
401469150,2023-03-09,MIL,BKN,0.738342,1,5
401469151,2023-03-09,MEM,GS,0.547368,1,21
401469152,2023-03-09,SAC,NY,0.553722,1,5
401469148,2023-03-09,IND,HOU,0.733651,1,9
401469149,2023-03-09,ORL,UTAH,0.603367,0,-7
401469147,2023-03-09,DET,CHA,0.347067,0,-10
401469158,2023-03-10,LAL,TOR,0.572299,1,10
401469155,2023-03-10,MIA,CLE,0.424787,1,4
401469153,2023-03-10,PHI,POR,0.642385,1,1
401469157,2023-03-10,SA,DEN,0.239892,1,8
401469154,2023-03-10,WSH,ATL,0.526192,0,-7
401469156,2023-03-10,MIN,BKN,0.512691,0,-1
401469163,2023-03-11,ATL,BOS,0.43242,0,-9
401469162,2023-03-11,ORL,MIA,0.504422,1,12
401469161,2023-03-11,DET,IND,0.390998,0,-6
401469160,2023-03-11,CHA,UTAH,0.420575,0,-8
401469159,2023-03-11,LAC,NY,0.574703,1,11
401469164,2023-03-11,HOU,CHI,0.257157,0,-8
401469165,2023-03-11,MEM,DAL,0.683548,1,4
401469166,2023-03-11,NO,OKC,0.381484,0,-14
401469168,2023-03-11,PHX,SAC,0.595025,0,-9
401469167,2023-03-11,GS,MIL,0.406466,1,9
401469174,2023-03-12,LAL,NY,0.573714,0,-4
401469173,2023-03-12,SA,OKC,0.260474,0,-12
401469172,2023-03-12,NO,POR,0.598216,1,17
401469170,2023-03-12,CHA,CLE,0.204534,0,-6
401469169,2023-03-12,DEN,BKN,0.698476,0,-2
401469171,2023-03-12,PHI,WSH,0.742051,1,19
401469181,2023-03-13,SAC,MIL,0.528232,0,-9
401469179,2023-03-13,HOU,BOS,0.219653,1,2
401469176,2023-03-13,ATL,MIN,0.570215,0,-21
401469175,2023-03-13,DET,IND,0.341689,1,20
401469178,2023-03-13,DAL,MEM,0.402909,0,-16
401469180,2023-03-13,GS,PHX,0.52974,1,11
401469177,2023-03-13,MIA,UTAH,0.67547,1,4
401469189,2023-03-14,POR,NY,0.415913,0,-16
401469188,2023-03-14,PHX,MIL,0.404125,0,-12
401469185,2023-03-14,NO,LAL,0.463564,0,-15
401469182,2023-03-14,CHA,CLE,0.367066,0,-16
401469187,2023-03-14,SA,ORL,0.352281,1,18
401469184,2023-03-14,TOR,DEN,0.385204,1,15
401469183,2023-03-14,WSH,DET,0.844073,1,20
401469186,2023-03-14,OKC,BKN,0.532964,1,14
401469191,2023-03-15,MIA,MEM,0.606384,1,19
401469190,2023-03-15,CLE,PHI,0.4136,0,-9
401469194,2023-03-15,MIN,BOS,0.486099,0,-2
401469193,2023-03-15,HOU,LAL,0.366888,1,4
401469192,2023-03-15,CHI,SAC,0.526856,0,-3
401469195,2023-03-15,SA,DAL,0.351135,0,-9
401469196,2023-03-15,LAC,GS,0.591422,1,8
401469197,2023-03-16,DET,DEN,0.185117,0,-19
401469199,2023-03-16,TOR,OKC,0.492096,1,17
401469198,2023-03-16,BKN,SAC,0.506625,0,-5
401469200,2023-03-16,MIL,IND,0.797335,0,-16
401469201,2023-03-16,PHX,ORL,0.672396,1,3
401469206,2023-03-17,HOU,NO,0.365443,1,2
401469202,2023-03-17,CHA,PHI,0.217597,0,-39
401469204,2023-03-17,CLE,WSH,0.75552,1,23
401469207,2023-03-17,SA,MEM,0.320922,0,-6
401469208,2023-03-17,POR,BOS,0.319235,0,-14
401469205,2023-03-17,CHI,MIN,0.621886,1,8
401469209,2023-03-17,LAL,DAL,0.565527,0,-1
401469203,2023-03-17,ATL,GS,0.646272,1,8
401469215,2023-03-18,CHI,MIA,0.649523,1,14
401469217,2023-03-18,UTAH,BOS,0.427721,1,1
401469214,2023-03-18,WSH,SAC,0.331841,0,-14
401469216,2023-03-18,MEM,GS,0.57981,1,14
401469210,2023-03-18,NY,DEN,0.493801,1,6
401469213,2023-03-18,TOR,MIN,0.640635,1,15
401469212,2023-03-18,IND,PHI,0.366426,0,-20
401469211,2023-03-18,LAC,ORL,0.654119,0,-5
401469224,2023-03-19,POR,LAC,0.366246,0,-15
401469225,2023-03-19,LAL,ORL,0.71098,1,6
401469223,2023-03-19,MIL,TOR,0.695644,1,7
401469220,2023-03-19,SA,ATL,0.26724,1,8
401469221,2023-03-19,DET,MIA,0.22037,0,-12
401469219,2023-03-19,OKC,PHX,0.608744,1,4
401469218,2023-03-19,BKN,DEN,0.41799,0,-6
401469222,2023-03-19,HOU,NO,0.3791,0,-10
401469230,2023-03-20,MEM,DAL,0.662635,1,4
401469231,2023-03-20,UTAH,SAC,0.33623,1,8
401469229,2023-03-20,HOU,GS,0.284409,0,-13
401469228,2023-03-20,NY,MIN,0.786423,0,-6
401469226,2023-03-20,CHA,IND,0.40878,1,6
401469227,2023-03-20,PHI,CHI,0.597319,0,-4
401469237,2023-03-21,LAC,OKC,0.559822,0,-1
401469236,2023-03-21,SAC,BOS,0.428005,0,-23
401469232,2023-03-21,ORL,WSH,0.605263,1,10
401469233,2023-03-21,ATL,DET,0.854943,1,22
401469234,2023-03-21,BKN,CLE,0.277156,0,-6
401469235,2023-03-21,NO,SA,0.848323,1,35
401469238,2023-03-22,WSH,DEN,0.260678,0,-14
401469240,2023-03-22,TOR,IND,0.73301,0,-4
401469239,2023-03-22,MIA,NY,0.461456,1,7
401469244,2023-03-22,MIL,SA,0.890322,1,36
401469245,2023-03-22,MIN,ATL,0.57978,1,1
401469243,2023-03-22,MEM,HOU,0.821193,1,5
401469246,2023-03-22,UTAH,POR,0.62574,0,-12
401469247,2023-03-22,LAL,PHX,0.630611,1,11
401469242,2023-03-22,CHI,PHI,0.600521,0,-25
401469241,2023-03-22,DAL,GS,0.518862,0,-2
401469248,2023-03-23,ORL,NY,0.530284,1,5
401469249,2023-03-23,BKN,CLE,0.268258,0,-2
401469250,2023-03-23,NO,CHA,0.762248,1,19
401469251,2023-03-23,LAC,OKC,0.543641,1,22
401469256,2023-03-24,DAL,CHA,0.828667,0,-8
401469253,2023-03-24,WSH,SA,0.704324,1,12
401469252,2023-03-24,BOS,IND,0.801046,1,25
401469254,2023-03-24,TOR,DET,0.889378,1,21
401469255,2023-03-24,MEM,HOU,0.832153,1,37
401469257,2023-03-24,UTAH,MIL,0.213594,0,-28
401469258,2023-03-24,GS,PHI,0.527395,1,8
401469261,2023-03-24,LAL,OKC,0.525998,1,5
401469260,2023-03-24,SAC,PHX,0.658432,1,8
401469259,2023-03-24,POR,CHI,0.199378,0,-28
401469262,2023-03-25,ATL,IND,0.744107,1,13
401469263,2023-03-25,MIA,BKN,0.651438,0,-29
401469264,2023-03-25,DEN,MIL,0.608647,1,23
401469266,2023-03-25,SAC,UTAH,0.805721,1,8
401469265,2023-03-25,PHX,PHI,0.435382,1,20
401469267,2023-03-25,LAC,NO,0.531811,0,-21
401469274,2023-03-26,TOR,WSH,0.7997,1,10
401469268,2023-03-26,CHA,DAL,0.247053,1,6
401469269,2023-03-26,LAL,CHI,0.60777,0,-10
401469273,2023-03-26,ORL,BKN,0.570431,1,13
401469272,2023-03-26,CLE,HOU,0.890799,1,17
401469271,2023-03-26,BOS,SA,0.858792,1,44
401469270,2023-03-26,ATL,MEM,0.430299,0,-4
401469275,2023-03-26,POR,OKC,0.159827,0,-6
401469276,2023-03-26,GS,MIN,0.637035,0,-3
401469282,2023-03-27,POR,NO,0.115957,0,-34
401469283,2023-03-27,SAC,MIN,0.635445,0,-4
401469281,2023-03-27,DEN,PHI,0.769036,1,5
401469284,2023-03-27,LAC,CHI,0.623675,1,12
401469279,2023-03-27,NY,HOU,0.783569,1,22
401469277,2023-03-27,DET,MIL,0.184327,0,-9
401469278,2023-03-27,IND,DAL,0.311197,0,-23
401469280,2023-03-27,UTAH,PHX,0.450267,0,-14
401469288,2023-03-28,MEM,ORL,0.757317,1,5
401469289,2023-03-28,OKC,CHA,0.751657,0,-3
401469290,2023-03-28,GS,NO,0.536233,1,11
401469287,2023-03-28,TOR,MIA,0.73453,1,14
401469285,2023-03-28,WSH,BOS,0.237019,1,19
401469286,2023-03-28,ATL,CLE,0.430135,1,2
401469293,2023-03-29,NY,MIA,0.708229,1,9
401469291,2023-03-29,IND,MIL,0.201886,0,-13
401469294,2023-03-29,PHI,DAL,0.661935,1,8
401469292,2023-03-29,BKN,HOU,0.791809,1,9
401469298,2023-03-29,SA,UTAH,0.402102,0,-11
401469297,2023-03-29,OKC,DET,0.829293,1,1
401469300,2023-03-29,POR,SAC,0.170152,0,-40
401469299,2023-03-29,PHX,MIN,0.576715,1,7
401469296,2023-03-29,MEM,LAC,0.663363,0,-9
401469295,2023-03-29,CHI,LAL,0.424229,0,-11
401469301,2023-03-30,MIL,BOS,0.490914,0,-41
401469302,2023-03-30,DEN,NO,0.58015,0,-19
401469303,2023-03-31,CHA,CHI,0.171173,0,-30
401469306,2023-03-31,WSH,ORL,0.323558,0,-7
401469307,2023-03-31,BOS,UTAH,0.834862,1,8
401469305,2023-03-31,PHI,TOR,0.663153,1,7
401469304,2023-03-31,IND,OKC,0.420957,1,4
401469309,2023-03-31,CLE,NY,0.640137,0,-14
401469313,2023-03-31,GS,SA,0.881232,1,15
401469310,2023-03-31,HOU,DET,0.632156,1,6
401469312,2023-03-31,MIN,LAL,0.469519,0,-12
401469311,2023-03-31,MEM,LAC,0.64451,1,14
401469314,2023-03-31,POR,SAC,0.155469,0,-24
401469315,2023-03-31,PHX,DEN,0.718877,1,7
401469308,2023-03-31,BKN,ATL,0.472242,1,17
401469316,2023-04-01,MIA,DAL,0.47513,1,7
401469317,2023-04-01,NO,LAC,0.612895,1,8
401469323,2023-04-02,NY,WSH,0.814623,1,9
401469321,2023-04-02,MIN,POR,0.727744,0,-2
401469320,2023-04-02,CHI,MEM,0.553255,1,21
401469319,2023-04-02,BKN,UTAH,0.623471,1,1
401469325,2023-04-02,SAC,SA,0.882754,0,-8
401469324,2023-04-02,ORL,DET,0.85411,1,26
401469322,2023-04-02,ATL,DAL,0.616056,1,2
401469326,2023-04-02,HOU,LAL,0.244085,0,-25
401469329,2023-04-02,MIL,PHI,0.551694,1,13
401469328,2023-04-02,CLE,IND,0.834318,1,10
401469330,2023-04-02,DEN,GS,0.609092,1,2
401469327,2023-04-02,OKC,PHX,0.44494,0,-10
401469318,2023-04-02,CHA,TOR,0.156168,0,-20
401469334,2023-04-04,WSH,MIL,0.147201,0,-12
401469339,2023-04-04,MEM,POR,0.829906,1,10
401469333,2023-04-04,ORL,CLE,0.340426,0,-4
401469332,2023-04-04,DET,MIA,0.16933,0,-13
401469331,2023-04-04,CHA,TOR,0.164889,0,-20
401469335,2023-04-04,BKN,MIN,0.586984,0,-5
401469337,2023-04-04,CHI,ATL,0.686168,0,-18
401469338,2023-04-04,HOU,DEN,0.236418,1,21
401469341,2023-04-04,UTAH,LAL,0.340531,0,-2
401469343,2023-04-04,PHX,SA,0.867625,1,21
401469342,2023-04-04,GS,OKC,0.617581,1,11
401469336,2023-04-04,PHI,BOS,0.574691,1,2
401469340,2023-04-04,NO,SAC,0.482114,0,-18
401469351,2023-04-05,LAC,LAL,0.536141,1,7
401469349,2023-04-05,NO,MEM,0.581441,1,7
401469347,2023-04-05,BOS,TOR,0.67022,1,4
401469346,2023-04-05,ATL,WSH,0.820278,1,18
401469344,2023-04-05,DET,BKN,0.181268,0,-15
401469345,2023-04-05,IND,NY,0.397719,0,-9
401469350,2023-04-05,DAL,SAC,0.468423,1,4
401469348,2023-04-05,MIL,CHI,0.659564,1,13
401469356,2023-04-06,PHX,DEN,0.803207,1,4
401469355,2023-04-06,UTAH,OKC,0.246612,0,-16
401469353,2023-04-06,PHI,MIA,0.687765,0,-28
401469352,2023-04-06,ORL,CLE,0.370736,0,-24
401469354,2023-04-06,SA,POR,0.453102,1,2
401469361,2023-04-07,BOS,TOR,0.648514,1,19
401469358,2023-04-07,IND,DET,0.667966,0,-7
401469357,2023-04-07,CHA,HOU,0.359428,0,-3
401469362,2023-04-07,BKN,ORL,0.74983,1,17
401469359,2023-04-07,WSH,MIA,0.495057,1,6
401469360,2023-04-07,ATL,PHI,0.709715,0,-5
401469365,2023-04-07,DAL,CHI,0.556218,0,-3
401469366,2023-04-07,SAC,GS,0.461735,0,-22
401469367,2023-04-07,LAL,PHX,0.738112,1,14
401469363,2023-04-07,MIL,MEM,0.304959,0,-23
401469364,2023-04-07,NO,NY,0.638861,1,8
401469368,2023-04-08,UTAH,DEN,0.218796,1,4
401469370,2023-04-08,LAC,POR,0.808196,1,11
401469369,2023-04-08,SA,MIN,0.20073,0,-20
401469375,2023-04-09,NY,IND,0.806961,0,-5
401469373,2023-04-09,CLE,CHA,0.642141,0,-11
401469374,2023-04-09,MIA,ORL,0.649812,1,13
401469372,2023-04-09,BKN,PHI,0.470081,0,-29
401469376,2023-04-09,TOR,MIL,0.546935,1,16
401469378,2023-04-09,CHI,DET,0.841288,1,22
401469385,2023-04-09,POR,GS,0.159498,0,-56
401469377,2023-04-09,WSH,HOU,0.4675,0,-5
401469371,2023-04-09,BOS,ATL,0.663188,1,6
401469381,2023-04-09,OKC,MEM,0.506615,1,15
401469379,2023-04-09,DAL,SA,0.586292,0,-21
401469380,2023-04-09,MIN,NO,0.460573,1,5
401469384,2023-04-09,PHX,LAC,0.363899,0,-5
401469382,2023-04-09,DEN,SAC,0.272574,1,14
401469383,2023-04-09,LAL,UTAH,0.869356,1,11
401539671,2023-04-11,MIA,ATL,0.563158,0,-11
401539672,2023-04-11,LAL,MIN,0.590994,1,6
401539674,2023-04-12,NO,OKC,0.605797,0,-5
401539673,2023-04-12,TOR,CHI,0.542356,0,-4
401539675,2023-04-14,MIA,CHI,0.563912,1,11
401539676,2023-04-14,MIN,OKC,0.568719,1,25
401540750,2023-04-15,PHI,BKN,0.677824,1,20
401540751,2023-04-15,BOS,ATL,0.728147,1,13
401540752,2023-04-15,CLE,NY,0.596954,0,-4
401540753,2023-04-15,SAC,GS,0.571726,1,3
401540754,2023-04-16,MIL,MIA,0.562396,0,-13
401540756,2023-04-16,MEM,LAL,0.566598,0,-16
401540757,2023-04-16,PHX,LAC,0.6015,0,-5
401540755,2023-04-16,DEN,MIN,0.614287,1,29
401541169,2023-04-17,SAC,GS,0.595107,1,8
401541173,2023-04-17,PHI,BKN,0.674909,1,12
401541172,2023-04-18,BOS,ATL,0.733725,1,13
401541174,2023-04-18,CLE,NY,0.580463,1,17
401541170,2023-04-18,PHX,LAC,0.580499,1,14
401541168,2023-04-19,MEM,LAL,0.550301,1,10
401541171,2023-04-19,MIL,MIA,0.623249,1,16
401541167,2023-04-19,DEN,MIN,0.709287,1,9
401541178,2023-04-20,LAC,PHX,0.382715,0,-5
401541177,2023-04-20,GS,SAC,0.562292,1,17
401541181,2023-04-20,BKN,PHI,0.43744,0,-5
401541182,2023-04-21,NY,CLE,0.664596,1,20
401541175,2023-04-21,MIN,DEN,0.463611,0,-9
401541180,2023-04-21,ATL,BOS,0.386055,1,8
401541189,2023-04-22,BKN,PHI,0.538789,0,-8
401541186,2023-04-22,LAC,PHX,0.40202,0,-12
401541179,2023-04-22,MIA,MIL,0.504869,1,22
401541176,2023-04-22,LAL,MEM,0.574262,1,10
401541183,2023-04-23,MIN,DEN,0.442863,1,6
401541188,2023-04-23,ATL,BOS,0.371113,0,-8
401541190,2023-04-23,NY,CLE,0.565923,1,9
401541185,2023-04-23,GS,SAC,0.626608,1,1
401541184,2023-04-24,LAL,MEM,0.576058,1,6
401541187,2023-04-24,MIA,MIL,0.471197,1,5
401541243,2023-04-25,BOS,ATL,0.713527,0,-2
401541196,2023-04-25,DEN,MIN,0.698942,1,3
401541237,2023-04-25,PHX,LAC,0.728817,1,6
401541234,2023-04-26,SAC,GS,0.55997,0,-7
401541231,2023-04-26,MEM,LAL,0.467195,1,17
401541249,2023-04-26,CLE,NY,0.536022,0,-11
401541240,2023-04-26,MIL,MIA,0.67533,0,-2
401541244,2023-04-27,ATL,BOS,0.406654,0,-8
401541232,2023-04-28,LAL,MEM,0.629489,1,40
401541235,2023-04-28,GS,SAC,0.638045,0,-19
401544334,2023-04-29,DEN,PHX,0.588871,1,18
401544973,2023-04-30,NY,MIA,0.681047,0,-7
401541236,2023-04-30,SAC,GS,0.553003,0,-20
401545111,2023-05-01,BOS,PHI,0.698907,0,-4
401544335,2023-05-01,DEN,PHX,0.688498,1,10
401544974,2023-05-02,NY,MIA,0.763204,1,6
401545231,2023-05-02,GS,LAL,0.492518,0,-5
401545112,2023-05-03,BOS,PHI,0.630342,1,34
401545232,2023-05-04,GS,LAL,0.489291,1,27
401544336,2023-05-05,PHX,DEN,0.425703,1,7
401545113,2023-05-05,PHI,BOS,0.456387,0,-12
401544975,2023-05-06,MIA,NY,0.549653,1,19
401545233,2023-05-06,LAL,GS,0.605664,1,30
401545114,2023-05-07,PHI,BOS,0.449328,1,1
401544337,2023-05-07,PHX,DEN,0.452041,1,5
401544976,2023-05-08,MIA,NY,0.575622,1,8
401545234,2023-05-08,LAL,GS,0.639249,1,3
401544338,2023-05-09,DEN,PHX,0.695175,1,16
401545115,2023-05-09,BOS,PHI,0.616718,0,-12
401544977,2023-05-10,NY,MIA,0.666255,1,9
401545235,2023-05-10,GS,LAL,0.478477,1,15
401545116,2023-05-11,PHI,BOS,0.427522,0,-9
401544339,2023-05-11,PHX,DEN,0.432861,0,-25
401544978,2023-05-12,MIA,NY,0.645771,1,4
401545236,2023-05-12,LAL,GS,0.591812,1,21
401545117,2023-05-14,BOS,PHI,0.626417,1,24
401547679,2023-05-16,DEN,LAL,0.599391,1,6
401547671,2023-05-17,BOS,MIA,0.665634,0,-7
401547682,2023-05-18,DEN,LAL,0.588066,1,5
401547672,2023-05-19,BOS,MIA,0.690544,0,-6
401547683,2023-05-20,LAL,DEN,0.403798,0,-11
401547673,2023-05-21,MIA,BOS,0.354489,1,26
401547684,2023-05-22,LAL,DEN,0.40917,0,-2
401547674,2023-05-23,MIA,BOS,0.471024,0,-17
401547675,2023-05-25,BOS,MIA,0.63115,1,13
401547676,2023-05-27,MIA,BOS,0.426829,0,-1
401547678,2023-05-29,BOS,MIA,0.627538,0,-19
401544846,2023-06-01,DEN,MIA,0.7459,1,11
401544847,2023-06-04,DEN,MIA,0.711477,0,-3
401544848,2023-06-07,MIA,DEN,0.332286,0,-15
401544849,2023-06-09,MIA,DEN,0.301457,0,-13
401544850,2023-06-12,DEN,MIA,0.731609,1,5
401584109,2023-11-14,OKC,SA,0.79475,1,36
401584110,2023-11-14,NO,DAL,0.511609,1,21
401584114,2023-11-14,LAL,MEM,0.701954,1,27
401584827,2023-11-15,POR,CLE,0.241283,0,-14
401584825,2023-11-15,PHX,MIN,0.430994,1,18
401584824,2023-11-15,CHI,ORL,0.335124,0,-2
401584822,2023-11-15,PHI,BOS,0.468112,0,-10
401584823,2023-11-15,TOR,MIL,0.512832,0,-16
401584820,2023-11-15,WSH,DAL,0.32298,0,-13
401584821,2023-11-15,ATL,NY,0.641622,0,-2
401584829,2023-11-16,GS,OKC,0.419994,0,-19
401584828,2023-11-16,MIA,BKN,0.561497,1,7
401584115,2023-11-17,CHA,MIL,0.386708,0,-31
401584119,2023-11-17,TOR,BOS,0.287802,0,-3
401584117,2023-11-17,ATL,PHI,0.553775,0,-10
401584116,2023-11-17,WSH,NY,0.343387,0,-21
401584118,2023-11-17,CLE,DET,0.676268,1,8
401584123,2023-11-17,UTAH,PHX,0.310543,0,-3
401584122,2023-11-17,NO,DEN,0.451045,1,5
401584121,2023-11-17,CHI,ORL,0.387744,0,-6
401584120,2023-11-17,SA,SAC,0.309092,0,-9
401584124,2023-11-17,POR,LAL,0.202059,0,-12
401584830,2023-11-18,CHA,NY,0.291259,0,-14
401584831,2023-11-18,NO,MIN,0.30501,0,-1
401584834,2023-11-18,SA,MEM,0.543251,0,-12
401584833,2023-11-18,MIL,DAL,0.544151,1,7
401584832,2023-11-18,CHI,MIA,0.479818,1,5
401584835,2023-11-18,GS,OKC,0.374083,0,-7
401584838,2023-11-19,CLE,DEN,0.374686,1,12
401584836,2023-11-19,BKN,PHI,0.548778,0,-22
401584839,2023-11-19,TOR,DET,0.751015,1,29
401584844,2023-11-19,LAL,HOU,0.61827,1,1
401584837,2023-11-19,IND,ORL,0.571651,0,-12
401584841,2023-11-19,MEM,BOS,0.12568,0,-2
401584843,2023-11-19,POR,OKC,0.131531,0,-43
401584842,2023-11-19,UTAH,PHX,0.284362,0,-3
401584840,2023-11-19,DAL,SAC,0.62841,0,-16
401584848,2023-11-20,CHI,MIA,0.465151,0,-18
401584849,2023-11-20,MIN,NY,0.713734,1,17
401584850,2023-11-20,NO,SAC,0.583448,1,36
401584852,2023-11-20,GS,HOU,0.612634,1,5
401584845,2023-11-20,CHA,BOS,0.312202,1,3
401584846,2023-11-20,DET,DEN,0.280917,0,-4
401584847,2023-11-20,WSH,MIL,0.28544,0,-13
401584851,2023-11-20,SA,LAC,0.301536,0,-25
401584130,2023-11-21,LAL,UTAH,0.767784,1,32
401584127,2023-11-21,ATL,IND,0.615771,0,-5
401584129,2023-11-21,PHX,POR,0.868704,1,13
401584128,2023-11-21,PHI,CLE,0.763492,0,-3
401584126,2023-11-21,ORL,TOR,0.758718,1,19
401584863,2023-11-22,SA,LAC,0.274168,0,-7
401584853,2023-11-22,CHA,WSH,0.62698,1,3
401584858,2023-11-22,IND,TOR,0.604213,0,-1
401584857,2023-11-22,CLE,MIA,0.554014,0,-33
401584855,2023-11-22,ATL,BKN,0.519677,1,2
401584856,2023-11-22,BOS,MIL,0.642443,1,3
401584854,2023-11-22,ORL,DEN,0.587924,1,5
401584866,2023-11-22,LAL,DAL,0.53376,0,-3
401584860,2023-11-22,MIN,PHI,0.74656,1,13
401584859,2023-11-22,HOU,MEM,0.842051,1,20
401584865,2023-11-22,POR,UTAH,0.458894,1,16
401584864,2023-11-22,PHX,GS,0.550396,1,8
401584861,2023-11-22,NO,SAC,0.574458,1,5
401584862,2023-11-22,OKC,CHI,0.858036,1,14
401584138,2023-11-24,MIN,SAC,0.672597,0,-13
401584131,2023-11-24,ORL,BOS,0.53389,1,17
401584132,2023-11-24,MEM,PHX,0.228159,0,-21
401584134,2023-11-24,TOR,CHI,0.765104,1,13
401584133,2023-11-24,NY,MIA,0.622795,1,2
401584135,2023-11-24,IND,DET,0.809749,1,23
401584136,2023-11-24,HOU,DEN,0.580296,1,19
401584139,2023-11-24,GS,SA,0.754056,1,6
401584140,2023-11-24,LAC,NO,0.552124,0,-10
401584137,2023-11-24,MIL,WSH,0.812703,1,3
401584869,2023-11-25,WSH,ATL,0.250403,0,-28
401584868,2023-11-25,BKN,MIA,0.607427,1,15
401584867,2023-11-25,OKC,PHI,0.603756,0,-4
401584870,2023-11-25,CLE,LAL,0.421495,0,-6
401584871,2023-11-25,UTAH,NO,0.388434,1,5
401584872,2023-11-25,LAC,DAL,0.523722,1,19
401584880,2023-11-26,DEN,SA,0.766628,1,12
401584879,2023-11-26,CLE,TOR,0.571965,1,3
401584874,2023-11-26,BOS,ATL,0.691173,1,10
401584878,2023-11-26,BKN,CHI,0.729131,1,9
401584876,2023-11-26,ORL,CHA,0.780244,1,13
401584877,2023-11-26,MEM,MIN,0.160062,0,-22
401584873,2023-11-26,MIL,POR,0.863052,1,6
401584875,2023-11-26,NY,PHX,0.603729,0,-3
401584885,2023-11-27,LAC,DEN,0.781339,0,-9
401584884,2023-11-27,UTAH,NO,0.351181,1,2
401584881,2023-11-27,DET,WSH,0.556228,0,-19
401584882,2023-11-27,IND,POR,0.82123,0,-4
401584883,2023-11-27,PHI,LAL,0.625592,1,44
401584147,2023-11-28,DAL,HOU,0.553863,1,6
401584148,2023-11-28,SAC,GS,0.621984,1,1
401584141,2023-11-28,BOS,CHI,0.8524,1,27
401584146,2023-11-28,MIN,OKC,0.535125,1,3
401584143,2023-11-28,CLE,ATL,0.578009,1,23
401584144,2023-11-28,MIA,MIL,0.448176,0,-7
401584145,2023-11-28,NY,CHA,0.80772,1,24
401584142,2023-11-28,BKN,TOR,0.645107,1,12
401584891,2023-11-29,DEN,HOU,0.719176,1,10
401584889,2023-11-29,MEM,UTAH,0.446402,1,14
401584890,2023-11-29,NO,PHI,0.581947,1,10
401584892,2023-11-29,SAC,LAC,0.481022,0,-14
401584886,2023-11-29,DET,LAL,0.368783,0,-26
401584887,2023-11-29,ORL,WSH,0.806108,1,19
401584888,2023-11-29,TOR,PHX,0.424061,1,7
401584901,2023-11-30,GS,LAC,0.508931,1,6
401584897,2023-11-30,CHI,MIL,0.220807,1,7
401584898,2023-11-30,MIN,UTAH,0.8286,1,11
401584899,2023-11-30,OKC,LAL,0.723739,1,23
401584893,2023-11-30,CLE,POR,0.843176,0,-8
401584894,2023-11-30,BKN,CHA,0.755556,0,-1
401584895,2023-11-30,MIA,IND,0.57836,1,10
401584896,2023-11-30,NY,DET,0.848963,1,6
401584900,2023-11-30,SA,ATL,0.318151,0,-2
401584904,2023-12-01,TOR,NY,0.547335,0,-13
401584905,2023-12-01,DAL,MEM,0.651693,0,-14
401584902,2023-12-01,ORL,WSH,0.806547,1,5
401584907,2023-12-01,PHX,DEN,0.613986,0,-8
401584906,2023-12-01,NO,SA,0.839954,1,15
401584903,2023-12-01,BOS,PHI,0.787005,1,6
401584913,2023-12-02,CHI,NO,0.329498,1,6
401584908,2023-12-02,LAC,GS,0.625341,1,1
401584909,2023-12-02,CHA,MIN,0.306234,0,-6
401584911,2023-12-02,DET,CLE,0.304297,0,-9
401584910,2023-12-02,BKN,ORL,0.552408,1,28
401584914,2023-12-02,MIL,ATL,0.668343,1,11
401584917,2023-12-02,UTAH,POR,0.593354,1,5
401584916,2023-12-02,PHX,MEM,0.840315,1,7
401584915,2023-12-02,DAL,OKC,0.28368,0,-6
401584918,2023-12-02,SAC,DEN,0.558985,1,6
401584919,2023-12-02,LAL,HOU,0.509202,1,10
401584912,2023-12-02,MIA,IND,0.514641,0,-15
401607491,2023-12-04,IND,BOS,0.416997,1,10
401607492,2023-12-04,SAC,NO,0.529792,0,-10
401607490,2023-12-05,LAL,PHX,0.529069,1,3
401607489,2023-12-05,MIL,NY,0.640532,1,24
401616460,2023-12-06,DET,MEM,0.556637,0,-14
401616465,2023-12-06,CHI,CHA,0.522698,1,11
401616468,2023-12-06,GS,POR,0.796283,1,4
401616469,2023-12-06,LAC,DEN,0.555532,1,9
401616467,2023-12-06,DAL,UTAH,0.814686,1,50
401616466,2023-12-06,HOU,OKC,0.399907,1,9
401616462,2023-12-06,WSH,PHI,0.229582,0,-5
401616463,2023-12-06,ATL,BKN,0.514849,0,-1
401616464,2023-12-06,MIN,SA,0.830888,1,8
401616459,2023-12-06,CLE,ORL,0.527092,1,10
401616461,2023-12-06,TOR,MIA,0.5495,0,-9
401607494,2023-12-07,MIL,IND,0.646603,0,-9
401607493,2023-12-07,LAL,NO,0.515724,1,44
401616470,2023-12-08,CHA,TOR,0.349351,1,3
401616471,2023-12-08,ORL,DET,0.826099,1,32
401617581,2023-12-08,PHX,SAC,0.577295,0,-8
401616476,2023-12-08,OKC,GS,0.70504,1,2
401617579,2023-12-08,BOS,NY,0.666009,1,10
401616472,2023-12-08,PHI,ATL,0.742733,1,11
401616473,2023-12-08,BKN,WSH,0.763182,1,27
401616474,2023-12-08,MIA,CLE,0.56573,0,-12
401616475,2023-12-08,MEM,MIN,0.176085,0,-24
401616477,2023-12-08,SA,CHI,0.44224,0,-9
401616478,2023-12-08,DEN,HOU,0.607817,0,-8
401616479,2023-12-08,UTAH,LAC,0.186364,0,-14
401616480,2023-12-08,POR,DAL,0.247891,0,-13
401607495,2023-12-09,LAL,IND,0.627182,1,14
401584921,2023-12-11,DET,IND,0.312002,0,-8
401584922,2023-12-11,ORL,CLE,0.707654,1,10
401584928,2023-12-11,MIL,CHI,0.797906,1,4
401584930,2023-12-11,OKC,UTAH,0.87403,1,14
401584925,2023-12-11,NY,TOR,0.638022,1,6
401584923,2023-12-11,PHI,WSH,0.77874,1,45
401584924,2023-12-11,ATL,DEN,0.462528,0,-7
401584932,2023-12-11,LAC,POR,0.881957,1,5
401584929,2023-12-11,NO,MIN,0.528885,1,14
401584927,2023-12-11,MEM,DAL,0.235174,0,-7
401584926,2023-12-11,HOU,SA,0.789405,1,11
401584931,2023-12-11,SAC,BKN,0.561998,1,13
401584920,2023-12-11,CHA,MIA,0.289992,0,-2
401584937,2023-12-12,LAC,SAC,0.598998,1,20
401584936,2023-12-12,PHX,GS,0.651153,1,3
401584935,2023-12-12,CHI,DEN,0.358686,0,-8
401584933,2023-12-12,BOS,CLE,0.765986,1,7
401584934,2023-12-12,DAL,LAL,0.470105,1,2
401584940,2023-12-13,MIA,CHA,0.708189,1,11
401584939,2023-12-13,WSH,NO,0.345425,0,-20
401584938,2023-12-13,DET,PHI,0.180112,0,-18
401584941,2023-12-13,TOR,ATL,0.533238,1,7
401584946,2023-12-13,UTAH,NY,0.327364,1,4
401584944,2023-12-13,SA,LAL,0.319994,0,-3
401584943,2023-12-13,MIL,IND,0.678388,1,14
401584942,2023-12-13,HOU,MEM,0.860954,1,13
401584945,2023-12-13,PHX,BKN,0.417695,0,-4
401584951,2023-12-14,POR,UTAH,0.514236,0,-8
401584953,2023-12-14,LAC,GS,0.624714,1,8
401584950,2023-12-14,DEN,BKN,0.591389,1,23
401584952,2023-12-14,SAC,OKC,0.36292,1,5
401584947,2023-12-14,BOS,CLE,0.735661,1,9
401584948,2023-12-14,MIA,CHI,0.603851,0,-8
401584949,2023-12-14,DAL,MIN,0.544324,0,-18
401584959,2023-12-15,SA,LAL,0.395418,1,14
401584955,2023-12-15,PHI,DET,0.838842,1,32
401584954,2023-12-15,CHA,NO,0.304793,0,-5
401584956,2023-12-15,WSH,IND,0.368929,1,14
401584960,2023-12-15,MEM,HOU,0.228669,0,-7
401584961,2023-12-15,PHX,NY,0.483005,0,-17
401584957,2023-12-15,BOS,ORL,0.619251,1,17
401584958,2023-12-15,TOR,ATL,0.542486,0,-21
401584965,2023-12-16,MIA,CHI,0.57805,1,2
401584963,2023-12-16,CHA,PHI,0.192114,0,-53
401584964,2023-12-16,CLE,ATL,0.609984,1,8
401584966,2023-12-16,MIN,IND,0.748015,1,18
401584962,2023-12-16,MIL,DET,0.840053,1,32
401584967,2023-12-16,GS,BKN,0.451756,1,4
401584969,2023-12-16,POR,DAL,0.24646,0,-11
401584968,2023-12-16,DEN,OKC,0.452255,0,-1
401584971,2023-12-16,LAC,NY,0.569646,1,22
401584970,2023-12-16,SAC,UTAH,0.672348,1,21
401584972,2023-12-17,BOS,ORL,0.727205,1,17
401584973,2023-12-17,SA,NO,0.254077,0,-36
401584974,2023-12-17,MIL,HOU,0.576922,1,9
401584975,2023-12-17,PHX,WSH,0.76978,1,4
401584976,2023-12-17,POR,GS,0.287875,0,-4
401584981,2023-12-18,MIA,MIN,0.433328,0,-4
401584978,2023-12-18,IND,LAC,0.334411,0,-24
401584980,2023-12-18,ATL,DET,0.786004,1,6
401584982,2023-12-18,TOR,CHA,0.676888,1,15
401584979,2023-12-18,PHI,CHI,0.712206,0,-4
401584977,2023-12-18,CLE,HOU,0.542754,1,5
401584984,2023-12-18,DEN,DAL,0.605569,1,26
401584986,2023-12-18,SAC,WSH,0.79914,1,12
401584987,2023-12-18,LAL,NY,0.549372,0,-5
401584985,2023-12-18,UTAH,BKN,0.354918,1,17
401584983,2023-12-18,OKC,MEM,0.85789,1,19
401584988,2023-12-19,NO,MEM,0.748896,0,-2
401584989,2023-12-19,MIL,SA,0.847988,1,13
401584991,2023-12-19,POR,PHX,0.252531,1,5
401584990,2023-12-19,GS,BOS,0.380815,1,6
401584997,2023-12-20,TOR,DEN,0.421393,0,-9
401584995,2023-12-20,PHI,MIN,0.533884,1,14
401584994,2023-12-20,ORL,MIA,0.626829,0,-9
401584993,2023-12-20,IND,CHA,0.846224,1,31
401584992,2023-12-20,CLE,UTAH,0.573542,1,8
401584996,2023-12-20,BKN,NY,0.500129,0,-19
401585001,2023-12-20,SAC,BOS,0.454715,0,-25
401585000,2023-12-20,DAL,LAC,0.437201,0,-9
401584999,2023-12-20,HOU,ATL,0.61071,0,-7
401584998,2023-12-20,CHI,LAL,0.467705,1,16
401585008,2023-12-21,MIN,LAL,0.653234,1,7
401585004,2023-12-21,CHI,SA,0.732324,1,19
401585005,2023-12-21,MEM,IND,0.434764,1,13
401585009,2023-12-21,POR,WSH,0.512038,0,-1
401585007,2023-12-21,OKC,LAC,0.655674,1,19
401585003,2023-12-21,CLE,NO,0.27516,0,-19
401585002,2023-12-21,DET,UTAH,0.502761,0,-8
401585006,2023-12-21,MIL,ORL,0.664851,1,4
401585015,2023-12-22,SAC,PHX,0.612192,1,15
401585012,2023-12-22,MIA,ATL,0.61955,1,9
401585014,2023-12-22,GS,WSH,0.766414,1,11
401585011,2023-12-22,BKN,DEN,0.418236,0,-5
401585010,2023-12-22,PHI,TOR,0.776165,1,10
401585013,2023-12-22,HOU,DAL,0.730656,1,26
401585022,2023-12-23,BKN,DET,0.759518,1,11
401585018,2023-12-23,CHA,DEN,0.183559,0,-7
401585016,2023-12-23,NY,MIL,0.464623,0,-19
401585020,2023-12-23,NO,HOU,0.608248,0,-2
401585019,2023-12-23,IND,ORL,0.516388,0,-7
401585023,2023-12-23,TOR,UTAH,0.538478,0,-7
401585025,2023-12-23,OKC,LAL,0.606982,0,-9
401585021,2023-12-23,ATL,MEM,0.632635,0,-6
401585028,2023-12-23,SAC,MIN,0.463069,0,-12
401585026,2023-12-23,DAL,SA,0.777064,1,25
401585017,2023-12-23,LAC,BOS,0.428335,0,-37
401585024,2023-12-23,CHI,CLE,0.685139,0,-14
401585027,2023-12-23,GS,POR,0.730713,1,20
401585029,2023-12-25,NY,MIL,0.505193,1,7
401585030,2023-12-25,DEN,GS,0.636309,1,6
401585031,2023-12-25,LAL,BOS,0.396342,0,-11
401585032,2023-12-25,MIA,PHI,0.480007,1,6
401585033,2023-12-25,PHX,DAL,0.450386,0,-14
401585034,2023-12-26,DET,BKN,0.282942,0,-6
401585039,2023-12-26,OKC,MIN,0.564803,1,23
401585035,2023-12-26,WSH,ORL,0.338195,0,-8
401585041,2023-12-26,POR,SAC,0.3641,1,17
401585040,2023-12-26,SA,UTAH,0.385049,0,-12
401585036,2023-12-26,CHI,ATL,0.528515,1,5
401585042,2023-12-26,LAC,CHA,0.84381,1,9
401585037,2023-12-26,HOU,IND,0.710665,0,-6
401585038,2023-12-26,NO,MEM,0.674664,0,-1
401585044,2023-12-27,WSH,TOR,0.398461,0,-30
401585043,2023-12-27,ORL,PHI,0.463789,0,-20
401585045,2023-12-27,BKN,MIL,0.355198,0,-22
401585047,2023-12-27,OKC,NY,0.663611,1,9
401585046,2023-12-27,HOU,PHX,0.559714,0,-16
401585048,2023-12-27,DAL,CLE,0.753728,0,-3
401585053,2023-12-28,DEN,MEM,0.830978,1,37
401585052,2023-12-28,NO,UTAH,0.699624,1,7
401585050,2023-12-28,CHI,IND,0.63351,0,-16
401585049,2023-12-28,BOS,DET,0.865484,1,6
401585055,2023-12-28,POR,SA,0.549614,0,-13
401585056,2023-12-28,LAL,CHA,0.845875,1,21
401585051,2023-12-28,MIN,DAL,0.826257,1,8
401585054,2023-12-28,GS,MIA,0.499131,0,-12
401585064,2023-12-29,PHX,CHA,0.804418,1,14
401585065,2023-12-29,POR,SA,0.645595,1,6
401585063,2023-12-29,DEN,OKC,0.410537,0,-26
401585066,2023-12-29,LAC,MEM,0.743428,1,11
401585062,2023-12-29,HOU,PHI,0.455871,0,-4
401585060,2023-12-29,BOS,TOR,0.690057,1,2
401585061,2023-12-29,CLE,MIL,0.433862,0,-8
401585057,2023-12-29,ORL,NY,0.546932,1,9
401585058,2023-12-29,WSH,BKN,0.295506,1,6
401585059,2023-12-29,ATL,SAC,0.450683,0,-7
401585072,2023-12-30,GS,DAL,0.514291,0,-10
401585070,2023-12-30,CHI,PHI,0.453788,1,13
401585071,2023-12-30,MIN,LAL,0.607017,1,2
401585068,2023-12-30,DET,TOR,0.385344,1,2
401585067,2023-12-30,UTAH,MIA,0.364573,1,8
401585069,2023-12-30,IND,NY,0.494711,1,14
401585077,2023-12-31,MEM,SAC,0.398474,0,-31
401585078,2023-12-31,PHX,ORL,0.611588,1,5
401585074,2023-12-31,NO,LAL,0.585942,1,20
401585073,2023-12-31,WSH,ATL,0.337964,0,-4
401585076,2023-12-31,SA,BOS,0.122552,0,-33
401585075,2023-12-31,OKC,BKN,0.723379,1,16
401585083,2024-01-01,DEN,CHA,0.885032,1,18
401585086,2024-01-01,LAC,MIA,0.608371,1,17
401585085,2024-01-01,UTAH,DAL,0.441946,1,37
401585081,2024-01-01,HOU,DET,0.779272,1,23
401585080,2024-01-01,TOR,CLE,0.495141,1,3
401585079,2024-01-01,NY,MIN,0.39313,1,6
401585084,2024-01-01,PHX,POR,0.790891,1,21
401585082,2024-01-01,MIL,IND,0.739291,0,-9
401585087,2024-01-02,PHI,CHI,0.679729,1,13
401585090,2024-01-02,OKC,BOS,0.597481,1,4
401585089,2024-01-02,NO,BKN,0.625674,1,27
401585088,2024-01-02,MEM,SA,0.631154,1,8
401585092,2024-01-02,SAC,CHA,0.838592,0,-7
401585091,2024-01-02,GS,ORL,0.601113,1,6
401585095,2024-01-03,ATL,OKC,0.367723,1,3
401585099,2024-01-03,MIN,NO,0.595066,0,-11
401585098,2024-01-03,MEM,TOR,0.352981,0,-5
401585097,2024-01-03,HOU,BKN,0.583869,1,11
401585100,2024-01-03,DAL,POR,0.700927,1,29
401585096,2024-01-03,NY,CHI,0.604751,1,16
401585102,2024-01-03,UTAH,DET,0.73985,1,6
401585101,2024-01-03,PHX,LAC,0.394943,0,-9
401585104,2024-01-03,SAC,ORL,0.65344,1,3
401585103,2024-01-03,LAL,MIA,0.488908,0,-14
401585093,2024-01-03,CLE,WSH,0.758423,1,39
401585094,2024-01-03,IND,MIL,0.480987,1,12
401585105,2024-01-04,SA,MIL,0.232457,0,-4
401585106,2024-01-04,GS,DEN,0.402936,0,-3
401585108,2024-01-05,IND,ATL,0.601409,1,34
401585111,2024-01-05,PHI,NY,0.690802,0,-36
401585110,2024-01-05,CLE,WSH,0.780082,1,24
401585109,2024-01-05,BKN,OKC,0.311632,1,9
401585112,2024-01-05,CHI,CHA,0.770138,1,13
401585114,2024-01-05,NO,LAC,0.576537,0,-16
401585113,2024-01-05,HOU,MIN,0.504828,0,-27
401585117,2024-01-05,PHX,MIA,0.509637,1,16
401585115,2024-01-05,DAL,POR,0.722944,1,36
401585116,2024-01-05,DEN,ORL,0.700557,0,-2
401585120,2024-01-05,SAC,TOR,0.614345,1,5
401585119,2024-01-05,LAL,MEM,0.623242,0,-14
401585118,2024-01-05,GS,DET,0.794067,1,4
401585107,2024-01-05,BOS,UTAH,0.725301,1,29
401585122,2024-01-06,WSH,NY,0.254767,0,-16
401585121,2024-01-06,IND,BOS,0.361119,0,-17
401585123,2024-01-06,PHI,UTAH,0.611073,0,-11
401585124,2024-01-06,HOU,MIL,0.368128,1,4
401585128,2024-01-07,SAC,NO,0.546011,0,-33
401585127,2024-01-07,ORL,ATL,0.574655,1,7
401585129,2024-01-07,DAL,MIN,0.446192,1,7
401585126,2024-01-07,BKN,POR,0.701808,0,-7
401585130,2024-01-07,DEN,DET,0.841121,1,17
401585131,2024-01-07,PHX,MEM,0.824622,0,-6
401585133,2024-01-07,LAL,LAC,0.419343,1,3
401585132,2024-01-07,GS,TOR,0.587005,0,-15
401585125,2024-01-07,CLE,SA,0.816133,1,2
401585138,2024-01-08,MIL,UTAH,0.621807,0,-16
401585136,2024-01-08,WSH,OKC,0.214,0,-8
401585135,2024-01-08,IND,BOS,0.4095,1,2
401585134,2024-01-08,CHA,CHI,0.258592,0,-7
401585137,2024-01-08,MIA,HOU,0.563235,1,7
401585139,2024-01-08,LAC,PHX,0.628227,1,27
401585144,2024-01-09,LAL,TOR,0.643894,1,1
401585143,2024-01-09,DAL,MEM,0.753496,0,-17
401585142,2024-01-09,NY,POR,0.856205,1,28
401585140,2024-01-09,DET,SAC,0.234886,0,-21
401585141,2024-01-09,ORL,MIN,0.440932,0,-21
401585153,2024-01-10,GS,NO,0.409407,0,-36
401585154,2024-01-10,LAC,TOR,0.743978,1,6
401585152,2024-01-10,UTAH,DEN,0.391011,1,13
401585151,2024-01-10,CHI,HOU,0.543966,1,5
401585149,2024-01-10,ATL,PHI,0.433189,1,7
401585145,2024-01-10,BOS,MIN,0.618775,1,7
401585146,2024-01-10,CHA,SAC,0.307579,0,-25
401585147,2024-01-10,DET,SA,0.383211,0,-22
401585148,2024-01-10,IND,WSH,0.807522,1,8
401585150,2024-01-10,MIA,OKC,0.357507,0,-8
401585159,2024-01-11,LAL,PHX,0.559706,0,-18
401585157,2024-01-11,OKC,POR,0.89054,1,62
401585158,2024-01-11,DAL,NY,0.440463,1,4
401585155,2024-01-11,CLE,BKN,0.612213,1,9
401585156,2024-01-11,MIL,BOS,0.549769,1,33
401585168,2024-01-12,UTAH,TOR,0.695791,1,32
401585163,2024-01-12,MIA,ORL,0.625881,1,3
401585164,2024-01-12,CHI,GS,0.553915,0,-9
401585165,2024-01-12,MEM,LAC,0.247952,0,-9
401585167,2024-01-12,DEN,NO,0.596137,1,12
401585169,2024-01-12,SA,CHA,0.528552,1,36
401585160,2024-01-12,PHI,SAC,0.643928,1,19
401585161,2024-01-12,ATL,IND,0.470984,0,-18
401585166,2024-01-12,MIN,POR,0.903305,1,23
401585162,2024-01-12,DET,HOU,0.214642,0,-2
401585174,2024-01-13,OKC,ORL,0.790295,1,12
401585170,2024-01-13,BOS,HOU,0.787515,1,32
401585171,2024-01-13,ATL,WSH,0.668963,0,-28
401585173,2024-01-13,MIL,GS,0.725291,1,11
401585177,2024-01-13,UTAH,LAL,0.646399,1,7
401585176,2024-01-13,SA,CHI,0.210032,0,-6
401585175,2024-01-13,DAL,NO,0.56192,0,-10
401585172,2024-01-13,MEM,NY,0.198517,0,-12
401585178,2024-01-14,DEN,IND,0.731953,1,8
401585179,2024-01-14,MIA,CHA,0.783518,1,17
401585181,2024-01-14,MIN,LAC,0.590904,1,4
401585180,2024-01-14,MIL,SAC,0.620572,1,1
401585182,2024-01-14,POR,PHX,0.215942,0,-11
401585188,2024-01-15,MEM,GS,0.37583,1,9
401585183,2024-01-15,PHI,HOU,0.757906,1,9
401585184,2024-01-15,DAL,NO,0.388693,1,5
401585185,2024-01-15,NY,ORL,0.599885,0,-4
401585187,2024-01-15,ATL,SA,0.616882,1,10
401585189,2024-01-15,CLE,CHI,0.621103,1,18
401585191,2024-01-15,TOR,BOS,0.274162,0,-9
401585190,2024-01-15,BKN,MIA,0.432985,0,-1
401585192,2024-01-15,UTAH,IND,0.637545,1,27
401585193,2024-01-15,LAL,OKC,0.413684,1,7
401585186,2024-01-15,WSH,DET,0.602178,0,-12
401585196,2024-01-16,LAC,OKC,0.572649,1,11
401585194,2024-01-16,PHI,DEN,0.504591,1,5
401585195,2024-01-16,PHX,SAC,0.630635,1,2
401585201,2024-01-17,NY,HOU,0.712594,1,15
401585199,2024-01-17,BOS,SA,0.798304,1,19
401585202,2024-01-17,TOR,MIA,0.383587,1,24
401585206,2024-01-17,POR,BKN,0.359408,1,2
401585200,2024-01-17,CLE,MIL,0.683723,1,40
401585203,2024-01-17,NO,CHA,0.836685,1,20
401585205,2024-01-17,LAL,DAL,0.604799,1,17
401585197,2024-01-17,DET,MIN,0.197458,0,-7
401585198,2024-01-17,ATL,ORL,0.521637,1,2
401585208,2024-01-18,TOR,CHI,0.455664,0,-6
401585207,2024-01-18,NY,WSH,0.820938,1,4
401585209,2024-01-18,UTAH,OKC,0.432383,0,-5
401585211,2024-01-18,SAC,IND,0.606665,0,-5
401585210,2024-01-18,MIN,MEM,0.781988,1,15
401585214,2024-01-19,BOS,DEN,0.548595,0,-2
401585216,2024-01-19,NO,PHX,0.540817,0,-14
401585213,2024-01-19,ORL,PHI,0.346696,0,-15
401585212,2024-01-19,CHA,SA,0.533709,1,4
401585218,2024-01-19,POR,IND,0.300133,1,3
401585219,2024-01-19,LAL,BKN,0.678422,0,-18
401585215,2024-01-19,MIA,ATL,0.739959,0,-1
401585222,2024-01-20,WSH,SA,0.410504,0,-4
401585220,2024-01-20,DET,MIL,0.221467,0,-6
401585224,2024-01-20,NY,TOR,0.714405,1,26
401585221,2024-01-20,CHA,PHI,0.143657,0,-8
401585226,2024-01-20,HOU,UTAH,0.517888,1,1
401585223,2024-01-20,ATL,CLE,0.297757,0,-21
401585227,2024-01-20,MIN,OKC,0.583681,0,-5
401585225,2024-01-20,CHI,MEM,0.771749,1,29
401585233,2024-01-21,LAL,POR,0.835494,1,24
401585231,2024-01-21,HOU,BOS,0.21813,0,-9
401585232,2024-01-21,PHX,IND,0.72916,1,7
401585230,2024-01-21,WSH,DEN,0.173356,0,-9
401585228,2024-01-21,LAC,BKN,0.743449,1,11
401585229,2024-01-21,ORL,MIA,0.483253,1,18
401585237,2024-01-22,TOR,MEM,0.66668,0,-8
401585235,2024-01-22,ORL,CLE,0.336344,0,-27
401585236,2024-01-22,PHI,SA,0.785393,1,10
401585234,2024-01-22,DET,MIL,0.214871,0,-9
401585241,2024-01-22,SAC,ATL,0.677674,1,15
401585238,2024-01-22,MIN,CHA,0.790656,0,-3
401585240,2024-01-22,PHX,CHI,0.597204,1,2
401585239,2024-01-22,DAL,BOS,0.294914,0,-9
401585242,2024-01-23,IND,DEN,0.345895,0,-5
401585243,2024-01-23,BKN,NY,0.347091,0,-5
401585245,2024-01-23,OKC,POR,0.834583,1,2
401585244,2024-01-23,NO,UTAH,0.692031,1,29
401585246,2024-01-23,LAC,LAL,0.705208,1,11
401585251,2024-01-24,HOU,POR,0.749203,0,-6
401585248,2024-01-24,WSH,MIN,0.236367,0,-11
401585247,2024-01-24,DET,CHA,0.606037,1,7
401585249,2024-01-24,MIA,MEM,0.715489,0,-9
401585252,2024-01-24,MIL,CLE,0.499538,1,10
401585250,2024-01-24,SA,OKC,0.183708,0,-26
401585254,2024-01-24,GS,ATL,0.635244,1,22
401585253,2024-01-24,DAL,PHX,0.458577,0,-23
401585257,2024-01-25,BKN,MIN,0.304665,0,-2
401585256,2024-01-25,WSH,UTAH,0.234324,0,-15
401585255,2024-01-25,IND,PHI,0.392693,1,12
401585258,2024-01-25,MIA,BOS,0.245098,0,-33
401585261,2024-01-25,LAL,CHI,0.540589,1,9
401585260,2024-01-25,GS,SAC,0.454704,0,-1
401585259,2024-01-25,NY,DEN,0.554872,1,38
401585268,2024-01-26,NO,OKC,0.476477,0,-24
401585265,2024-01-26,TOR,LAC,0.243651,0,-20
401585263,2024-01-26,CHA,HOU,0.299359,0,-34
401585267,2024-01-26,MIL,CLE,0.510397,0,-12
401585269,2024-01-26,SA,POR,0.571904,1,16
401585264,2024-01-26,IND,PHX,0.413077,1,2
401585266,2024-01-26,MEM,ORL,0.336466,1,1
401585262,2024-01-26,ATL,DAL,0.432559,0,-5
401585277,2024-01-27,SA,MIN,0.31158,1,1
401585278,2024-01-27,GS,LAL,0.493372,0,-1
401585276,2024-01-27,MIL,NO,0.473417,1,24
401585274,2024-01-27,BOS,LAC,0.555426,0,-19
401585279,2024-01-27,DAL,SAC,0.476686,0,-5
401585273,2024-01-27,BKN,HOU,0.445386,1,2
401585272,2024-01-27,DEN,PHI,0.756345,1,6
401585271,2024-01-27,NY,MIA,0.692433,1,16
401585270,2024-01-27,DET,WSH,0.513496,0,-14
401585275,2024-01-27,CHA,UTAH,0.192042,0,-12
401585284,2024-01-28,POR,CHI,0.278882,0,-8
401585283,2024-01-28,ORL,PHX,0.435024,1,15
401585281,2024-01-28,ATL,TOR,0.601242,1,1
401585282,2024-01-28,DET,OKC,0.148729,1,16
401585280,2024-01-28,IND,MEM,0.707078,1,6
401585290,2024-01-29,HOU,LAL,0.474533,1,16
401585296,2024-01-29,POR,PHI,0.362113,1,26
401585295,2024-01-29,DEN,MIL,0.627376,1,6
401585294,2024-01-29,DAL,ORL,0.560497,1,2
401585291,2024-01-29,MEM,SAC,0.314208,0,-9
401585289,2024-01-29,MIA,PHX,0.402253,0,-13
401585293,2024-01-29,SA,WSH,0.640634,0,-5
401585287,2024-01-29,BOS,NO,0.625209,1,6
401585288,2024-01-29,BKN,UTAH,0.398118,1,33
401585285,2024-01-29,CHA,NY,0.146944,0,-21
401585286,2024-01-29,CLE,LAC,0.53485,1,10
401585292,2024-01-29,OKC,MIN,0.543594,0,-6
401585300,2024-01-30,CHI,TOR,0.75957,0,-11
401585301,2024-01-30,GS,PHI,0.477774,1,12
401585298,2024-01-30,BOS,IND,0.71449,1,5
401585299,2024-01-30,NY,UTAH,0.610311,1,15
401585297,2024-01-30,ATL,LAL,0.410167,1,16
401585311,2024-01-31,POR,MIL,0.287879,1,3
401585305,2024-01-31,BKN,PHX,0.437674,0,-16
401585307,2024-01-31,HOU,NO,0.347948,0,-11
401585308,2024-01-31,MIN,DAL,0.85271,1,34
401585306,2024-01-31,MIA,SAC,0.423579,1,9
401585310,2024-01-31,OKC,DEN,0.637958,1,5
401585309,2024-01-31,SA,ORL,0.386353,0,-10
401585304,2024-01-31,WSH,LAC,0.178946,0,-16
401585303,2024-01-31,CLE,DET,0.832592,1,7
401585302,2024-01-31,CHA,CHI,0.208676,0,-7
401585314,2024-02-01,UTAH,PHI,0.621163,0,-3
401585315,2024-02-01,MEM,CLE,0.298591,0,-7
401585312,2024-02-01,BOS,LAL,0.716976,0,-9
401585313,2024-02-01,NY,IND,0.706065,1,4
401585320,2024-02-02,HOU,TOR,0.639471,1,29
401585321,2024-02-02,MEM,GS,0.39236,0,-20
401585322,2024-02-02,MIN,ORL,0.685181,0,-2
401585323,2024-02-02,OKC,CHA,0.861914,1,20
401585325,2024-02-02,DEN,POR,0.888407,1,12
401585318,2024-02-02,ATL,PHX,0.360101,1,9
401585319,2024-02-02,IND,SAC,0.405366,0,-11
401585316,2024-02-02,DET,LAC,0.194306,0,-11
401585317,2024-02-02,WSH,MIA,0.288503,0,-8
401585324,2024-02-02,SA,NO,0.309201,0,-1
401585326,2024-02-03,PHI,BKN,0.501556,0,-15
401585331,2024-02-03,SA,CLE,0.243738,0,-16
401585328,2024-02-03,CHI,SAC,0.556003,0,-8
401585330,2024-02-03,DAL,MIL,0.402084,0,-12
401585329,2024-02-03,NY,LAL,0.596142,0,-8
401585327,2024-02-03,ATL,GS,0.468847,1,7
401585333,2024-02-04,WSH,PHX,0.212193,0,-28
401585335,2024-02-04,CHA,IND,0.305787,0,-16
401585334,2024-02-04,BOS,MEM,0.843582,1,40
401585336,2024-02-04,MIA,LAC,0.289473,0,-8
401585338,2024-02-04,OKC,TOR,0.804161,1,8
401585337,2024-02-04,MIN,HOU,0.741424,1,21
401585339,2024-02-04,UTAH,MIL,0.528345,1,15
401585340,2024-02-04,DEN,POR,0.875506,1,9
401585332,2024-02-04,DET,ORL,0.303539,0,-12
401585343,2024-02-05,PHI,DAL,0.622297,0,-16
401585342,2024-02-05,CLE,SAC,0.708206,1,26
401585341,2024-02-05,CHA,LAL,0.178462,0,-6
401585346,2024-02-05,NO,TOR,0.821166,1,38
401585344,2024-02-05,ATL,LAC,0.250663,0,-5
401585345,2024-02-05,BKN,GS,0.535419,0,-11
401585347,2024-02-06,IND,HOU,0.615284,1,3
401585350,2024-02-06,NY,MEM,0.828927,1,10
401585349,2024-02-06,MIA,ORL,0.540131,1,26
401585348,2024-02-06,BKN,DAL,0.474199,0,-12
401585351,2024-02-06,CHI,MIN,0.435366,1,6
401585352,2024-02-06,UTAH,OKC,0.358571,1,7
401585353,2024-02-06,PHX,MIL,0.604359,1,8
401585357,2024-02-07,BOS,ATL,0.730739,1,8
401585356,2024-02-07,WSH,CLE,0.190747,0,-8
401585358,2024-02-07,MIA,SA,0.721775,1,12
401585359,2024-02-07,LAC,NO,0.579688,0,-11
401585355,2024-02-07,PHI,GS,0.5567,0,-23
401585360,2024-02-07,SAC,DET,0.808702,0,-13
401585354,2024-02-07,CHA,TOR,0.456709,0,-6
401585364,2024-02-08,NY,DAL,0.448769,0,-14
401585366,2024-02-08,MIL,MIN,0.311619,0,-24
401585362,2024-02-08,ORL,SA,0.755774,1,16
401585363,2024-02-08,BKN,CLE,0.270464,0,-23
401585367,2024-02-08,PHX,UTAH,0.667676,1,14
401585365,2024-02-08,MEM,CHI,0.188215,0,-8
401585369,2024-02-08,POR,DET,0.368378,0,-6
401585368,2024-02-08,LAL,DEN,0.368628,0,-8
401585361,2024-02-08,IND,GS,0.481375,0,-22
401585370,2024-02-09,PHI,ATL,0.59864,0,-6
401585372,2024-02-09,TOR,HOU,0.421715,1,3
401585371,2024-02-09,BOS,WSH,0.852387,1,4
401585373,2024-02-09,MIL,CHA,0.836786,1,36
401585374,2024-02-09,SAC,DEN,0.445822,1,29
401585375,2024-02-09,LAL,NO,0.392565,1,17
401585379,2024-02-10,CHA,MEM,0.461369,1,9
401585376,2024-02-10,DAL,OKC,0.336991,1,35
401585377,2024-02-10,LAC,DET,0.842135,1,6
401585378,2024-02-10,BKN,SA,0.599637,1,20
401585381,2024-02-10,WSH,PHI,0.214822,0,-6
401585384,2024-02-10,TOR,CLE,0.201874,0,-24
401585382,2024-02-10,ATL,HOU,0.589439,1,9
401585385,2024-02-10,GS,PHX,0.467158,1,1
401585386,2024-02-10,POR,NO,0.139919,0,-9
401585383,2024-02-10,NY,IND,0.677779,0,-14
401585380,2024-02-10,ORL,CHI,0.564723,1,6
401585387,2024-02-11,MIA,BOS,0.27361,0,-4
401585388,2024-02-11,OKC,SAC,0.636149,1,14
401585391,2024-02-12,ATL,CHI,0.342176,0,-10
401585394,2024-02-12,MEM,NO,0.205236,0,-9
401585390,2024-02-12,CLE,PHI,0.699276,0,-2
401585389,2024-02-12,CHA,IND,0.368728,1,9
401585395,2024-02-12,MIL,DEN,0.632902,1,17
401585397,2024-02-12,UTAH,GS,0.540522,0,-22
401585393,2024-02-12,HOU,NY,0.388881,1,2
401585396,2024-02-12,DAL,WSH,0.83811,1,8
401585392,2024-02-12,TOR,SA,0.566503,0,-23
401585398,2024-02-12,LAC,MIN,0.60245,0,-21
401585404,2024-02-13,LAL,DET,0.7857,1,14
401585403,2024-02-13,POR,MIN,0.162999,0,-12
401585402,2024-02-13,PHX,SAC,0.678739,1,5
401585399,2024-02-13,BKN,BOS,0.228465,0,-8
401585400,2024-02-13,ORL,OKC,0.333572,0,-14
401585401,2024-02-13,MIL,MIA,0.682574,0,-26
401585412,2024-02-14,NO,WSH,0.878622,1,7
401585407,2024-02-14,PHI,MIA,0.540151,0,-5
401585406,2024-02-14,ORL,NY,0.58815,1,18
401585405,2024-02-14,CHA,ATL,0.323503,1,23
401585410,2024-02-14,TOR,IND,0.355047,0,-2
401585409,2024-02-14,CLE,CHI,0.617242,1,3
401585413,2024-02-14,DAL,SA,0.722002,1,23
401585411,2024-02-14,MEM,HOU,0.484281,1,8
401585416,2024-02-14,UTAH,LAL,0.455408,0,-16
401585415,2024-02-14,PHX,DET,0.871585,1,16
401585414,2024-02-14,DEN,SAC,0.620206,0,-4
401585417,2024-02-14,GS,LAC,0.39615,0,-5
401585408,2024-02-14,BOS,BKN,0.782952,1,50
401585418,2024-02-15,MEM,MIL,0.187013,1,3
401636113,2024-02-15,UTAH,GS,0.436402,0,-3
401585419,2024-02-15,POR,MIN,0.143589,0,-37
401585424,2024-02-22,DAL,PHX,0.564474,1,10
401585425,2024-02-22,CHI,BOS,0.31377,0,-17
401585423,2024-02-22,TOR,BKN,0.432451,1,28
401585426,2024-02-22,NO,HOU,0.757973,1,22
401585427,2024-02-22,OKC,LAC,0.527401,1,22
401585420,2024-02-22,CLE,ORL,0.662836,0,-7
401585430,2024-02-22,GS,LAL,0.537641,1,18
401585422,2024-02-22,PHI,NY,0.451478,0,-14
401585428,2024-02-22,DEN,WSH,0.858502,1,20
401585429,2024-02-22,UTAH,CHA,0.764283,0,-8
401585431,2024-02-22,SAC,SA,0.757876,1,5
401585421,2024-02-22,IND,DET,0.81405,1,14
401585435,2024-02-23,MEM,LAC,0.211364,0,-6
401585433,2024-02-23,PHI,CLE,0.326406,1,7
401585441,2024-02-23,LAL,SA,0.759438,1,5
401585437,2024-02-23,OKC,WSH,0.877567,1,41
401585438,2024-02-23,NO,MIA,0.620527,0,-11
401585434,2024-02-23,HOU,PHX,0.382854,1,4
401585440,2024-02-23,POR,DEN,0.290634,0,-15
401585439,2024-02-23,GS,CHA,0.842454,1,13
401585436,2024-02-23,MIN,MIL,0.643967,0,-5
401585432,2024-02-23,ATL,TOR,0.583833,0,-2
401585444,2024-02-24,NY,BOS,0.327686,0,-14
401585443,2024-02-24,MIN,BKN,0.774025,1,15
401585442,2024-02-24,DET,ORL,0.277425,0,-3
401585448,2024-02-25,WSH,CLE,0.14164,0,-9
401585445,2024-02-25,PHI,MIL,0.489217,0,-21
401585446,2024-02-25,PHX,LAL,0.552414,1,10
401585447,2024-02-25,IND,DAL,0.452904,1,22
401585449,2024-02-25,ATL,ORL,0.430932,1,17
401585452,2024-02-25,GS,DEN,0.631575,0,-16
401585450,2024-02-25,HOU,OKC,0.278749,0,-13
401585453,2024-02-25,UTAH,SA,0.713688,1,19
401585455,2024-02-25,LAC,SAC,0.671424,0,-16
401585454,2024-02-25,POR,CHA,0.504024,0,-13
401585451,2024-02-25,NO,CHI,0.614636,0,-8
401585459,2024-02-26,SAC,MIA,0.614684,0,-11
401585457,2024-02-26,IND,TOR,0.643309,0,-8
401585456,2024-02-26,NY,DET,0.831091,1,2
401585458,2024-02-26,MEM,BKN,0.455666,0,-25
401585464,2024-02-27,BOS,PHI,0.774567,1,18
401585462,2024-02-27,WSH,GS,0.189059,0,-11
401585461,2024-02-27,ORL,BKN,0.66829,1,27
401585460,2024-02-27,CLE,DAL,0.627343,1,2
401585465,2024-02-27,NY,NO,0.315113,0,-23
401585469,2024-02-27,OKC,HOU,0.806056,1,17
401585463,2024-02-27,ATL,UTAH,0.520992,1,27
401585466,2024-02-27,MIN,SA,0.817568,1,9
401585470,2024-02-27,POR,MIA,0.188258,0,-10
401585468,2024-02-27,MIL,CHA,0.844817,1,38
401585467,2024-02-27,CHI,DET,0.840481,0,-10
401585472,2024-02-28,TOR,DAL,0.359938,0,-11
401585471,2024-02-28,IND,NO,0.477577,1,9
401585474,2024-02-28,CHI,CLE,0.353984,1,9
401585473,2024-02-28,MIN,MEM,0.853855,1,9
401585475,2024-02-28,DEN,SAC,0.688555,1,21
401585476,2024-02-28,LAC,LAL,0.496484,0,-4
401585479,2024-02-29,BKN,ATL,0.300861,1,27
401585480,2024-02-29,NY,GS,0.453606,0,-11
401585478,2024-02-29,ORL,UTAH,0.68203,1,8
401585477,2024-02-29,CHA,MIL,0.200905,0,-12
401585482,2024-02-29,PHX,HOU,0.752867,1,5
401585483,2024-02-29,DEN,MIA,0.625645,1,6
401585484,2024-02-29,LAL,WSH,0.839795,1,3
401585481,2024-02-29,SA,OKC,0.194543,1,14
401585490,2024-03-01,MIN,SAC,0.777215,0,-4
401585492,2024-03-01,CHI,MIL,0.432609,0,-16
401585493,2024-03-01,LAC,WSH,0.864356,1,25
401585491,2024-03-01,NO,IND,0.6153,1,27
401585489,2024-03-01,MEM,POR,0.369427,0,-30
401585488,2024-03-01,TOR,GS,0.298668,0,-15
401585485,2024-03-01,DET,CLE,0.257258,0,-10
401585486,2024-03-01,PHI,CHA,0.7595,1,7
401585487,2024-03-01,BOS,DAL,0.685703,1,28
401585497,2024-03-02,LAL,DEN,0.521411,0,-10
401585496,2024-03-02,MEM,POR,0.434175,0,-7
401585498,2024-03-02,PHX,HOU,0.716406,0,-9
401585494,2024-03-02,BKN,ATL,0.325564,1,12
401585495,2024-03-02,MIA,UTAH,0.734522,1,6
401585499,2024-03-03,DAL,PHI,0.726528,0,-4
401585501,2024-03-03,MIN,LAC,0.61191,0,-1
401585500,2024-03-03,BOS,GS,0.70706,1,52
401585503,2024-03-03,TOR,CHA,0.445242,1,5
401585505,2024-03-03,SA,IND,0.358785,1,12
401585504,2024-03-03,CLE,NY,0.690155,0,-9
401585506,2024-03-03,PHX,OKC,0.357471,0,-8
401585502,2024-03-03,ORL,DET,0.822027,1,22
401585507,2024-03-04,BKN,MEM,0.645841,0,-4
401585509,2024-03-04,MIN,POR,0.910015,1,5
401585508,2024-03-04,MIL,LAC,0.546188,1,7
401585510,2024-03-04,UTAH,WSH,0.730942,1,12
401585511,2024-03-04,SAC,CHI,0.491504,0,-4
401585512,2024-03-04,LAL,OKC,0.433224,1,12
401585517,2024-03-05,NY,ATL,0.515209,0,-16
401585515,2024-03-05,BKN,PHI,0.486258,1,5
401585513,2024-03-05,CHA,ORL,0.3858,0,-12
401585516,2024-03-05,MIA,DET,0.839607,1,8
401585521,2024-03-05,DEN,PHX,0.616933,0,-10
401585514,2024-03-05,CLE,BOS,0.515291,1,1
401585519,2024-03-05,HOU,SA,0.682471,1,13
401585518,2024-03-05,TOR,NO,0.197353,0,-41
401585520,2024-03-05,DAL,IND,0.593323,0,-17
401585522,2024-03-06,WSH,ORL,0.256926,0,-10
401585525,2024-03-06,HOU,LAC,0.355863,0,-6
401585524,2024-03-06,PHI,MEM,0.531459,0,-6
401585523,2024-03-06,ATL,CLE,0.38353,1,11
401585526,2024-03-06,UTAH,CHI,0.311897,0,-2
401585528,2024-03-06,POR,OKC,0.159996,0,-8
401585527,2024-03-06,GS,MIL,0.419661,1,35
401585529,2024-03-06,LAL,SAC,0.626157,0,-10
401585530,2024-03-07,DET,BKN,0.507671,1,6
401585532,2024-03-07,DAL,MIA,0.476093,1,6
401585531,2024-03-07,IND,MIN,0.4458,0,-2
401585533,2024-03-07,PHX,TOR,0.750205,1,7
401585536,2024-03-07,SAC,SA,0.836633,1,2
401585535,2024-03-07,GS,CHI,0.584886,0,-3
401585534,2024-03-07,DEN,BOS,0.468702,1,6
401585544,2024-03-08,POR,HOU,0.290115,0,-16
401585541,2024-03-08,MEM,ATL,0.284465,0,-7
401585542,2024-03-08,OKC,MIA,0.667121,1,7
401585543,2024-03-08,LAL,MIL,0.437012,1,1
401585540,2024-03-08,NY,ORL,0.611859,1,24
401585537,2024-03-08,PHI,NO,0.232528,0,-8
401585538,2024-03-08,WSH,CHA,0.566379,1,12
401585539,2024-03-08,CLE,MIN,0.554872,1,9
401585548,2024-03-09,PHX,BOS,0.346996,0,-10
401585550,2024-03-09,DEN,UTAH,0.756282,1,21
401585551,2024-03-09,POR,TOR,0.510589,1,10
401585546,2024-03-09,CHA,BKN,0.453319,1,11
401585547,2024-03-09,DET,DAL,0.229511,0,-18
401585545,2024-03-09,LAC,CHI,0.721549,1,10
401585549,2024-03-09,GS,SA,0.82192,0,-13
401585559,2024-03-10,OKC,MEM,0.823759,1,31
401585560,2024-03-10,LAL,MIN,0.532962,1,11
401585555,2024-03-10,NY,PHI,0.683518,0,-6
401585553,2024-03-10,ATL,NO,0.367679,0,-13
401585558,2024-03-10,CLE,BKN,0.764271,0,-19
401585556,2024-03-10,ORL,IND,0.660017,0,-14
401585552,2024-03-10,LAC,MIL,0.36222,0,-7
401585554,2024-03-10,MIA,WSH,0.843283,0,-2
401585557,2024-03-10,SAC,HOU,0.597702,0,-8
401585566,2024-03-11,POR,BOS,0.167122,0,-22
401585565,2024-03-11,DEN,TOR,0.89502,1,6
401585563,2024-03-11,CHI,DAL,0.433532,0,-35
401585564,2024-03-11,SA,GS,0.258292,0,-10
401585561,2024-03-11,DET,CHA,0.631934,1,17
401585562,2024-03-11,CLE,PHX,0.399427,0,-6
401585569,2024-03-12,OKC,IND,0.634725,0,-10
401585572,2024-03-12,LAC,MIN,0.567658,0,-18
401585573,2024-03-12,SAC,MIL,0.389974,1,35
401585571,2024-03-12,UTAH,BOS,0.242906,0,-16
401585567,2024-03-12,NY,PHI,0.693061,1,27
401585568,2024-03-12,MEM,WSH,0.50199,1,12
401585570,2024-03-12,SA,HOU,0.38791,0,-2
401585579,2024-03-13,NO,CLE,0.533417,0,-21
401585575,2024-03-13,ORL,BKN,0.738715,1,8
401585574,2024-03-13,DET,TOR,0.641615,1,9
401585577,2024-03-13,MIA,DEN,0.431159,0,-12
401585580,2024-03-13,DAL,GS,0.616161,1,10
401585581,2024-03-13,POR,ATL,0.317,1,4
401585578,2024-03-13,MEM,CHA,0.449297,0,-12
401585576,2024-03-13,IND,CHI,0.60812,0,-3
401585582,2024-03-13,SAC,LAL,0.531183,1,13
401585588,2024-03-14,POR,NY,0.184319,0,-12
401585584,2024-03-14,CHI,LAC,0.484254,0,-15
401585587,2024-03-14,OKC,DAL,0.729268,1,7
401585586,2024-03-14,MIL,PHI,0.744074,1,9
401585583,2024-03-14,BOS,PHX,0.633536,1,15
401585585,2024-03-14,HOU,WSH,0.714517,1,16
401585594,2024-03-15,UTAH,ATL,0.48357,1,2
401585593,2024-03-15,SA,DEN,0.211838,0,-11
401585592,2024-03-15,NO,LAC,0.721663,1,8
401585589,2024-03-15,CHA,PHX,0.2472,0,-11
401585590,2024-03-15,DET,MIA,0.262877,0,-13
401585591,2024-03-15,TOR,ORL,0.237828,0,-10
401585601,2024-03-16,LAL,GS,0.531951,0,-7
401585603,2024-03-16,SAC,NY,0.506175,0,-7
401585602,2024-03-16,UTAH,MIN,0.186353,0,-19
401585599,2024-03-16,CHI,WSH,0.797585,1,29
401585600,2024-03-16,MEM,OKC,0.198812,0,-6
401585596,2024-03-16,IND,BKN,0.722602,1,21
401585597,2024-03-16,PHI,CHA,0.642272,1,11
401585598,2024-03-16,NO,POR,0.834805,1,19
401585595,2024-03-16,HOU,CLE,0.374851,1,14
401585605,2024-03-17,DET,MIA,0.341243,0,-3
401585604,2024-03-17,MIL,PHX,0.552686,1,11
401585606,2024-03-17,DAL,DEN,0.495066,1,2
401585608,2024-03-17,WSH,BOS,0.098531,0,-26
401585607,2024-03-17,ORL,TOR,0.866745,1,15
401585609,2024-03-17,SA,BKN,0.465288,1,7
401585610,2024-03-17,LAC,ATL,0.666263,0,-17
401585611,2024-03-18,IND,CLE,0.591467,0,-5
401585613,2024-03-18,PHI,MIA,0.451242,1,7
401585612,2024-03-18,BOS,DET,0.921847,1,25
401585614,2024-03-18,CHI,POR,0.788909,1,3
401585615,2024-03-18,UTAH,MIN,0.277676,0,-10
401585617,2024-03-18,SAC,MEM,0.804255,1,10
401585616,2024-03-18,GS,NY,0.509678,0,-7
401585618,2024-03-18,LAL,ATL,0.708938,1,31
401585620,2024-03-19,WSH,HOU,0.216239,0,-23
401585619,2024-03-19,ORL,CHA,0.836115,1,20
401585621,2024-03-19,BKN,NO,0.233634,0,-13
401585623,2024-03-19,MIN,DEN,0.37384,0,-3
401585622,2024-03-19,SA,DAL,0.246222,0,-6
401585625,2024-03-20,DET,IND,0.260221,0,-19
401585624,2024-03-20,CLE,MIA,0.607328,0,-3
401585627,2024-03-20,TOR,SAC,0.179327,0,-34
401585626,2024-03-20,BOS,MIL,0.635061,1,3
401585628,2024-03-20,OKC,UTAH,0.851466,1,12
401585631,2024-03-20,POR,LAC,0.274094,0,-13
401585630,2024-03-20,PHX,PHI,0.68615,1,13
401585629,2024-03-20,GS,MEM,0.78749,1,21
401585635,2024-03-21,MIL,BKN,0.721756,1,7
401585634,2024-03-21,HOU,CHI,0.584934,1,10
401585633,2024-03-21,WSH,SAC,0.28417,1,7
401585632,2024-03-21,ORL,NO,0.515086,1,15
401585637,2024-03-21,DEN,NY,0.686433,1,13
401585636,2024-03-21,DAL,UTAH,0.832967,1,16
401585638,2024-03-21,PHX,ATL,0.707714,1,13
401585645,2024-03-22,POR,LAC,0.231468,0,-8
401585646,2024-03-22,LAL,PHI,0.758632,1,7
401585644,2024-03-22,GS,IND,0.506645,0,-12
401585641,2024-03-22,MIA,NO,0.440541,0,-23
401585639,2024-03-22,DET,BOS,0.134114,0,-27
401585643,2024-03-22,SA,MEM,0.550919,0,-2
401585642,2024-03-22,MIN,CLE,0.706836,1,13
401585640,2024-03-22,TOR,OKC,0.081233,0,-20
401585653,2024-03-23,SA,PHX,0.241907,0,-25
401585647,2024-03-23,NY,BKN,0.745363,1,12
401585648,2024-03-23,ORL,SAC,0.659513,0,-2
401585649,2024-03-23,ATL,CHA,0.716056,1,41
401585654,2024-03-23,POR,DEN,0.223202,0,-3
401585652,2024-03-23,HOU,UTAH,0.725894,1,28
401585651,2024-03-23,CHI,BOS,0.330512,0,-11
401585650,2024-03-23,WSH,TOR,0.681994,1,3
401585655,2024-03-24,DET,NO,0.10396,0,-13
401585656,2024-03-24,LAC,PHI,0.653058,0,-14
401585657,2024-03-24,MIA,CLE,0.581274,1,37
401585659,2024-03-24,MIN,GS,0.683107,1,4
401585658,2024-03-24,MIL,OKC,0.44492,1,25
401585660,2024-03-24,LAL,IND,0.56211,1,5
401585666,2024-03-25,HOU,POR,0.883694,1,18
401585661,2024-03-25,CLE,CHA,0.793597,1,23
401585663,2024-03-25,NY,DET,0.904987,1,25
401585662,2024-03-25,ATL,BOS,0.361244,1,2
401585667,2024-03-25,SA,PHX,0.202013,1,2
401585665,2024-03-25,CHI,WSH,0.85068,0,-2
401585668,2024-03-25,DEN,MEM,0.813562,1,25
401585671,2024-03-25,LAC,IND,0.461212,0,-17
401585670,2024-03-25,SAC,PHI,0.732863,1,12
401585669,2024-03-25,UTAH,DAL,0.221542,0,-10
401585664,2024-03-25,TOR,BKN,0.344335,0,-8
401585673,2024-03-26,MIL,LAL,0.593993,0,-4
401585672,2024-03-26,MIA,GS,0.442913,0,-21
401585674,2024-03-26,NO,OKC,0.474162,0,-7
401585675,2024-03-26,SAC,DAL,0.388965,0,-36
401585684,2024-03-27,MIN,DET,0.889752,1,15
401585679,2024-03-27,ATL,POR,0.854018,1,14
401585678,2024-03-27,WSH,BKN,0.438442,0,-3
401585677,2024-03-27,ORL,GS,0.621052,0,-8
401585676,2024-03-27,CHA,CLE,0.292944,1,7
401585681,2024-03-27,TOR,NY,0.189757,0,-44
401585686,2024-03-27,UTAH,SA,0.533236,0,-7
401585685,2024-03-27,OKC,HOU,0.507143,0,-6
401585682,2024-03-27,CHI,IND,0.446349,1,26
401585687,2024-03-27,DEN,PHX,0.630762,0,-7
401585683,2024-03-27,MEM,LAL,0.26995,0,-12
401585680,2024-03-27,PHI,LAC,0.308257,0,-1
401585689,2024-03-28,NO,MIL,0.582454,1,7
401585688,2024-03-28,ATL,BOS,0.302239,1,1
401585692,2024-03-29,ORL,LAC,0.514815,0,-3
401585701,2024-03-29,SAC,DAL,0.394849,0,-4
401585694,2024-03-29,BKN,CHI,0.34556,1,17
401585693,2024-03-29,WSH,DET,0.499097,0,-9
401585690,2024-03-29,CHA,GS,0.212552,0,-18
401585695,2024-03-29,CLE,PHI,0.724916,1,3
401585691,2024-03-29,IND,LAL,0.503797,1,19
401585698,2024-03-29,SA,NY,0.292581,1,4
401585697,2024-03-29,OKC,PHX,0.495222,1,25
401585696,2024-03-29,MIA,POR,0.87389,1,60
401585700,2024-03-29,UTAH,HOU,0.249597,0,-1
401585699,2024-03-29,DEN,MIN,0.549409,0,-13
401585704,2024-03-30,ATL,MIL,0.389265,0,-9
401585703,2024-03-30,ORL,MEM,0.778605,1,30
401585702,2024-03-30,NO,BOS,0.465717,0,-12
401585714,2024-03-31,SAC,UTAH,0.84983,1,21
401585710,2024-03-31,NY,OKC,0.437199,0,-1
401585711,2024-03-31,HOU,DAL,0.432182,0,-18
401585712,2024-03-31,MIN,CHI,0.72685,0,-8
401585713,2024-03-31,SA,GS,0.23047,0,-4
401585707,2024-03-31,CHA,LAC,0.207102,0,-12
401585708,2024-03-31,TOR,PHI,0.292334,0,-15
401585709,2024-03-31,WSH,MIA,0.244921,0,-12
401585705,2024-03-31,DEN,CLE,0.651713,1,29
401585706,2024-03-31,BKN,LAL,0.258231,0,-12
401585720,2024-04-01,NO,PHX,0.511473,0,-13
401585719,2024-04-01,CHI,ATL,0.495277,0,-12
401585715,2024-04-01,CHA,BOS,0.086685,0,-14
401585718,2024-04-01,ORL,POR,0.86879,1,1
401585717,2024-04-01,IND,BKN,0.775866,1,22
401585716,2024-04-01,DET,MEM,0.365539,0,-2
401585722,2024-04-02,TOR,LAL,0.162251,0,-17
401585721,2024-04-02,PHI,OKC,0.520036,1,4
401585723,2024-04-02,WSH,MIL,0.248621,1,4
401585724,2024-04-02,MIA,NY,0.53882,1,10
401636114,2024-04-02,GS,DAL,0.45828,1,4
401585726,2024-04-02,MIN,HOU,0.655577,1,7
401585727,2024-04-02,DEN,SA,0.843547,1,5
401585728,2024-04-02,UTAH,CLE,0.328148,0,-16
401585729,2024-04-02,SAC,LAC,0.562517,1,14
401585733,2024-04-03,BOS,OKC,0.737208,1,35
401585730,2024-04-03,CHA,POR,0.387999,0,-3
401585734,2024-04-03,BKN,IND,0.345433,1,4
401585735,2024-04-03,MIL,MEM,0.72207,0,-10
401585731,2024-04-03,WSH,LAL,0.207561,0,-5
401585737,2024-04-03,NO,ORL,0.539551,0,-9
401585736,2024-04-03,MIN,TOR,0.885899,1,48
401585738,2024-04-03,PHX,CLE,0.604327,1,21
401585732,2024-04-03,ATL,DET,0.871612,1,8
401585752,2024-04-04,DAL,ATL,0.697912,1,14
401585740,2024-04-04,NY,SAC,0.578886,1,11
401585739,2024-04-04,MIA,PHI,0.597707,0,-4
401585741,2024-04-04,HOU,GS,0.582466,0,-23
401585742,2024-04-04,LAC,DEN,0.483826,1,2
401585751,2024-04-05,NO,SA,0.734743,0,-2
401585744,2024-04-05,IND,OKC,0.668555,1,14
401585743,2024-04-05,CHA,ORL,0.197962,1,9
401585746,2024-04-05,BOS,SAC,0.710242,1,1
401585745,2024-04-05,WSH,POR,0.522037,0,-6
401585750,2024-04-05,MIL,TOR,0.792222,0,-6
401585747,2024-04-05,CHI,NY,0.482867,1,8
401585725,2024-04-05,DAL,GS,0.545905,1,2
401585753,2024-04-05,PHX,MIN,0.452843,1,10
401585754,2024-04-05,LAC,UTAH,0.803158,1,29
401585748,2024-04-05,HOU,MIA,0.435056,0,-15
401585749,2024-04-05,MEM,DET,0.61641,1,18
401585758,2024-04-06,DEN,ATL,0.68305,1,32
401585757,2024-04-06,MEM,PHI,0.189902,0,-20
401585756,2024-04-06,BKN,DET,0.801923,1,10
401585755,2024-04-06,LAL,CLE,0.606647,1,19
401585760,2024-04-07,LAC,CLE,0.758471,1,2
401585759,2024-04-07,DAL,HOU,0.693354,1,11
401585761,2024-04-07,IND,MIA,0.454664,1,2
401585766,2024-04-07,PHX,NO,0.615896,0,-8
401585765,2024-04-07,TOR,WSH,0.575003,1,8
401585764,2024-04-07,ORL,CHI,0.619097,1,15
401585763,2024-04-07,CHA,OKC,0.224775,0,-3
401585768,2024-04-07,SA,PHI,0.39012,0,-7
401585767,2024-04-07,MIL,NY,0.519093,0,-13
401585769,2024-04-07,BKN,SAC,0.318812,0,-30
401585770,2024-04-07,GS,UTAH,0.74448,1,8
401585771,2024-04-07,LAL,MIN,0.422636,0,-10
401585762,2024-04-07,BOS,POR,0.885551,1,17
401585774,2024-04-09,TOR,IND,0.202845,0,-17
401585773,2024-04-09,PHI,DET,0.867018,1,18
401585772,2024-04-09,CHA,DAL,0.149946,0,-26
401585776,2024-04-09,MIL,BOS,0.467708,1,13
401585775,2024-04-09,ATL,MIA,0.389331,0,-6
401585781,2024-04-09,OKC,SAC,0.61,1,7
401585777,2024-04-09,CHI,NY,0.367615,0,-11
401585778,2024-04-09,HOU,ORL,0.618422,1,12
401585782,2024-04-09,UTAH,DEN,0.146547,0,-16
401585785,2024-04-09,POR,NO,0.240906,0,-10
401585783,2024-04-09,LAL,GS,0.54392,0,-14
401585780,2024-04-09,MIN,WSH,0.910275,1,9
401585779,2024-04-09,MEM,SA,0.339151,0,-15
401585784,2024-04-09,PHX,LAC,0.571027,0,-13
401585787,2024-04-10,ATL,CHA,0.696519,0,-1
401585792,2024-04-10,DEN,MIN,0.562282,1,9
401585786,2024-04-10,CLE,MEM,0.851969,1,12
401585789,2024-04-10,MIA,DAL,0.437435,0,-19
401585793,2024-04-10,LAC,PHX,0.202329,0,-16
401585791,2024-04-10,OKC,SA,0.864617,1,38
401585790,2024-04-10,MIL,ORL,0.488864,1,18
401585788,2024-04-10,BKN,TOR,0.797469,1,4
401585794,2024-04-11,DET,CHI,0.266749,0,-22
401585795,2024-04-11,BOS,NY,0.593027,0,-9
401585796,2024-04-11,UTAH,HOU,0.199064,1,3
401585798,2024-04-11,SAC,NO,0.513562,0,-12
401585797,2024-04-11,POR,GS,0.155428,0,-8
401585809,2024-04-12,DAL,DET,0.643848,0,-18
401585802,2024-04-12,CLE,IND,0.489752,1,9
401585807,2024-04-12,OKC,MIL,0.801553,1,18
401585799,2024-04-12,PHI,ORL,0.570965,1,12
401585800,2024-04-12,WSH,CHI,0.330948,0,-2
401585808,2024-04-12,SA,DEN,0.216929,1,1
401585811,2024-04-12,POR,HOU,0.25689,0,-9
401585812,2024-04-12,LAC,UTAH,0.8059,0,-1
401585804,2024-04-12,MIA,TOR,0.779209,1,22
401585801,2024-04-12,BOS,CHA,0.699505,1,33
401585810,2024-04-12,GS,NO,0.524939,0,-5
401585813,2024-04-12,SAC,PHX,0.410263,0,-1
401585805,2024-04-12,MEM,LAL,0.146138,0,-3
401585806,2024-04-12,MIN,ATL,0.761138,1,3
401585803,2024-04-12,NY,BKN,0.793177,1,4
401585817,2024-04-14,MIA,TOR,0.87934,1,15
401585814,2024-04-14,BOS,WSH,0.869894,1,10
401585826,2024-04-14,GS,UTAH,0.868325,1,7
401585819,2024-04-14,ORL,MIL,0.659287,1,25
401585820,2024-04-14,PHI,BKN,0.772538,1,21
401585816,2024-04-14,IND,ATL,0.685074,1,42
401585818,2024-04-14,NY,CHI,0.741087,1,1
401585815,2024-04-14,CLE,CHA,0.668098,0,-10
401585825,2024-04-14,SA,DET,0.600955,1,28
401585828,2024-04-14,SAC,POR,0.88764,1,39
401585827,2024-04-14,LAC,HOU,0.2749,0,-11
401585824,2024-04-14,OKC,DAL,0.840071,1,49
401585823,2024-04-14,NO,LAL,0.569151,0,-16
401585822,2024-04-14,MIN,PHX,0.642956,0,-19
401585821,2024-04-14,MEM,DEN,0.141622,0,-15
401654656,2024-04-16,SAC,GS,0.535022,1,24
401654655,2024-04-16,NO,LAL,0.507463,0,-4
401654659,2024-04-17,PHI,MIA,0.482848,1,1
401654658,2024-04-17,CHI,ATL,0.633025,1,15
401654660,2024-04-19,MIA,CHI,0.591198,1,21
401654661,2024-04-19,NO,SAC,0.404085,1,7
401654756,2024-04-20,NY,PHI,0.587026,1,7
401654759,2024-04-20,MIN,PHX,0.604508,1,25
401654758,2024-04-20,DEN,LAL,0.59278,1,11
401654757,2024-04-20,CLE,ORL,0.51894,1,14
401654761,2024-04-21,MIL,IND,0.471773,1,15
401654762,2024-04-21,OKC,NO,0.735157,1,2
401654760,2024-04-21,BOS,MIA,0.709199,1,20
401654763,2024-04-21,LAC,DAL,0.549266,1,12
401655118,2024-04-22,CLE,ORL,0.57999,1,10
401655106,2024-04-22,NY,PHI,0.553153,1,3
401655082,2024-04-22,DEN,LAL,0.582437,1,2
401655112,2024-04-23,MIL,IND,0.490385,0,-17
401655088,2024-04-23,MIN,PHX,0.637801,1,12
401655094,2024-04-23,LAC,DAL,0.473555,0,-3
401655076,2024-04-24,OKC,NO,0.748586,1,32
401655100,2024-04-24,BOS,MIA,0.703123,0,-10
401655119,2024-04-25,ORL,CLE,0.608504,1,38
401655107,2024-04-25,PHI,NY,0.446741,1,11
401655083,2024-04-25,LAL,DEN,0.476656,0,-7
401655113,2024-04-26,IND,MIL,0.681243,1,3
401655095,2024-04-26,DAL,LAC,0.61263,1,11
401655089,2024-04-26,PHX,MIN,0.402562,0,-17
401655084,2024-04-27,LAL,DEN,0.444285,1,11
401655101,2024-04-27,MIA,BOS,0.35303,0,-20
401655077,2024-04-27,NO,OKC,0.303232,0,-21
401655120,2024-04-27,ORL,CLE,0.683995,1,23
401655090,2024-04-28,PHX,MIN,0.390025,0,-6
401655114,2024-04-28,IND,MIL,0.772198,1,13
401655108,2024-04-28,PHI,NY,0.442609,0,-5
401655096,2024-04-28,DAL,LAC,0.594022,0,-5
401655102,2024-04-29,MIA,BOS,0.321905,0,-14
401655078,2024-04-29,NO,OKC,0.267851,0,-8
401655085,2024-04-29,DEN,LAL,0.617647,1,2
401655109,2024-04-30,NY,PHI,0.506831,0,-6
401655121,2024-04-30,CLE,ORL,0.421013,1,1
401655115,2024-04-30,MIL,IND,0.390717,1,23
401655097,2024-05-01,LAC,DAL,0.374474,0,-30
401655103,2024-05-01,BOS,MIA,0.664324,1,34
401655110,2024-05-02,PHI,NY,0.45129,0,-3
401655116,2024-05-02,IND,MIL,0.672647,1,22
401655122,2024-05-03,ORL,CLE,0.731059,1,7
401655098,2024-05-03,DAL,LAC,0.707652,1,13
401657182,2024-05-04,DEN,MIN,0.513935,0,-7
401655123,2024-05-05,CLE,ORL,0.38143,1,12
401657420,2024-05-06,NY,IND,0.618509,1,4
401657183,2024-05-06,DEN,MIN,0.559038,0,-26
401657231,2024-05-07,OKC,DAL,0.574318,1,22
401658224,2024-05-07,BOS,CLE,0.768875,1,25
401657421,2024-05-08,NY,IND,0.608479,1,9
401658225,2024-05-09,BOS,CLE,0.745117,0,-24
401658188,2024-05-09,OKC,DAL,0.54741,0,-9
401657422,2024-05-10,IND,NY,0.547656,1,5
401657184,2024-05-10,MIN,DEN,0.562387,0,-27
401658190,2024-05-11,DAL,OKC,0.505178,1,4
401658226,2024-05-11,CLE,BOS,0.295605,0,-13
401657185,2024-05-12,MIN,DEN,0.473355,0,-8
401657423,2024-05-12,IND,NY,0.642988,1,32
401658227,2024-05-13,CLE,BOS,0.236922,0,-7
401658191,2024-05-13,DAL,OKC,0.49564,0,-4
401657186,2024-05-14,DEN,MIN,0.635802,1,15
401658196,2024-05-14,NY,IND,0.466962,1,30
401658228,2024-05-15,BOS,CLE,0.802267,1,15
401658192,2024-05-15,OKC,DAL,0.566491,0,-12
401657187,2024-05-16,MIN,DEN,0.556733,1,45
401658197,2024-05-17,IND,NY,0.701541,1,13
401658194,2024-05-18,DAL,OKC,0.446443,1,1
401658198,2024-05-19,NY,IND,0.41609,0,-21
401657188,2024-05-19,DEN,MIN,0.520693,0,-8
401671998,2024-05-21,BOS,IND,0.688108,1,5
401672976,2024-05-22,MIN,DAL,0.558938,0,-3
401671999,2024-05-23,BOS,IND,0.7014,1,16
401672977,2024-05-24,MIN,DAL,0.562608,0,-1
401672000,2024-05-25,IND,BOS,0.385125,0,-3
401672978,2024-05-26,DAL,MIN,0.576184,1,9
401672001,2024-05-27,IND,BOS,0.352106,0,-3
401672979,2024-05-28,DAL,MIN,0.629698,0,-5
401672980,2024-05-30,MIN,DAL,0.592484,0,-21
401656359,2024-06-06,BOS,DAL,0.685767,1,18
401656360,2024-06-09,BOS,DAL,0.706082,1,7
401656361,2024-06-12,DAL,BOS,0.406676,0,-7
401656362,2024-06-14,DAL,BOS,0.402854,1,38
401656363,2024-06-17,BOS,DAL,0.773999,1,18
401704776,2024-11-10,POR,MEM,0.370894,0,-45
401704778,2024-11-11,CHI,CLE,0.325555,0,-6
401704780,2024-11-11,NO,BKN,0.27803,0,-2
401704782,2024-11-11,SA,SAC,0.445774,1,20
401704781,2024-11-11,OKC,LAC,0.68584,1,6
401703374,2024-11-12,MIL,TOR,0.536934,1,14
401703377,2024-11-12,POR,MIN,0.298142,1,14
401703372,2024-11-12,ORL,CHA,0.668102,1,25
401703376,2024-11-12,GS,DAL,0.665746,1,3
401703370,2024-11-12,BOS,ATL,0.846339,0,-1
401704784,2024-11-13,BKN,BOS,0.414856,0,-25
401704783,2024-11-13,ORL,IND,0.527145,1,4
401704787,2024-11-13,OKC,NO,0.867576,1,18
401704785,2024-11-13,NY,CHI,0.658364,0,-1
401704786,2024-11-13,PHI,CLE,0.182301,0,-8
401704789,2024-11-13,MIL,DET,0.485835,1,7
401704791,2024-11-13,LAL,MEM,0.588486,1,5
401704793,2024-11-13,SAC,PHX,0.659269,1,23
401704788,2024-11-13,HOU,LAC,0.731348,1,8
401704792,2024-11-13,POR,MIN,0.237675,1,8
401704794,2024-11-14,UTAH,DAL,0.368679,1,2
401703384,2024-11-15,SA,LAL,0.459814,0,-5
401703378,2024-11-15,IND,MIA,0.594463,0,-13
401703383,2024-11-15,NY,BKN,0.672638,1,2
401703379,2024-11-15,ORL,PHI,0.661163,1,12
401703380,2024-11-15,TOR,DET,0.399372,0,-4
401703387,2024-11-15,OKC,PHX,0.705796,1,16
401703381,2024-11-15,ATL,WSH,0.725907,1,12
401703389,2024-11-15,SAC,MIN,0.521094,0,-4
401703388,2024-11-15,GS,MEM,0.724168,1,5
401703385,2024-11-15,HOU,LAC,0.769537,1,21
401703386,2024-11-15,NO,DEN,0.448909,1,7
401703382,2024-11-15,CLE,CHI,0.791104,1,18
401704795,2024-11-16,CHA,MIL,0.634544,1,1
401704797,2024-11-16,NO,LAL,0.147414,0,-5
401704796,2024-11-16,BOS,TOR,0.88253,1,3
401704798,2024-11-16,DAL,SA,0.650936,1,17
401704799,2024-11-16,SAC,UTAH,0.693378,1,4
401704802,2024-11-17,CLE,CHA,0.819257,1,14
401704800,2024-11-17,MIN,PHX,0.707669,1,3
401704801,2024-11-17,IND,MIA,0.504368,1,9
401704805,2024-11-17,POR,ATL,0.519342,1,4
401704804,2024-11-17,MEM,DEN,0.792337,1,15
401704807,2024-11-17,CHI,HOU,0.359293,0,-36
401704808,2024-11-17,OKC,DAL,0.795843,0,-2
401704806,2024-11-17,NY,BKN,0.742499,1,10
401704809,2024-11-17,LAC,UTAH,0.732515,1,11
401704803,2024-11-17,WSH,DET,0.435076,0,-20
401704816,2024-11-18,SAC,ATL,0.566578,0,-1
401704810,2024-11-18,DET,CHI,0.650219,0,-10
401704813,2024-11-18,TOR,IND,0.355426,1,11
401704812,2024-11-18,NY,WSH,0.801389,1,28
401704811,2024-11-18,MIA,PHI,0.652889,1,17
401704814,2024-11-18,MIL,HOU,0.393233,1,1
401704815,2024-11-18,PHX,ORL,0.47234,0,-10
401704817,2024-11-18,LAC,GS,0.352093,1,3
401703393,2024-11-19,DAL,NO,0.869997,1,41
401703391,2024-11-19,BKN,CHA,0.503134,1,1
401703390,2024-11-19,BOS,CLE,0.61235,1,3
401703394,2024-11-19,SA,OKC,0.392506,1,6
401703395,2024-11-19,LAL,UTAH,0.807302,1,6
401703392,2024-11-19,MEM,DEN,0.795697,0,-12
401704819,2024-11-20,MIL,CHI,0.533919,1,16
401704823,2024-11-20,PHX,NY,0.278563,0,-16
401704824,2024-11-20,GS,ATL,0.753149,1,23
401704825,2024-11-20,LAC,ORL,0.554093,1,11
401704821,2024-11-20,MEM,PHI,0.740477,1,6
401704822,2024-11-20,OKC,POR,0.751194,1,10
401704818,2024-11-20,CLE,NO,0.898876,1,28
401704820,2024-11-20,HOU,IND,0.703658,1,17
401704829,2024-11-21,LAL,ORL,0.587507,0,-1
401704828,2024-11-21,SA,UTAH,0.753366,1,8
401704827,2024-11-21,TOR,MIN,0.3485,1,5
401704826,2024-11-21,CHA,DET,0.408965,1,2
401703402,2024-11-22,DEN,DAL,0.533186,0,-3
401703403,2024-11-22,LAC,SAC,0.537911,1,16
401703398,2024-11-22,MIL,IND,0.600289,1,12
401703396,2024-11-22,PHI,BKN,0.454412,1,15
401703400,2024-11-22,HOU,POR,0.792268,1,28
401703401,2024-11-22,NO,GS,0.206368,0,-4
401703397,2024-11-22,WSH,BOS,0.231025,0,-12
401703399,2024-11-22,CHI,ATL,0.428749,1,14
401704836,2024-11-23,LAL,DEN,0.642738,0,-25
401704835,2024-11-23,SA,GS,0.437246,1,10
401704833,2024-11-23,HOU,POR,0.784284,0,-6
401704832,2024-11-23,CHI,MEM,0.337825,0,-11
401704831,2024-11-23,ORL,DET,0.776216,1,11
401704830,2024-11-23,UTAH,NY,0.253542,1,15
401704834,2024-11-23,MIL,CHA,0.740623,1,6
401704842,2024-11-24,SAC,BKN,0.740808,0,-5
401704841,2024-11-24,CLE,TOR,0.880743,1,14
401704840,2024-11-24,PHI,LAC,0.374561,0,-26
401704838,2024-11-24,IND,WSH,0.695795,1,12
401704837,2024-11-24,BOS,MIN,0.694892,1,2
401704839,2024-11-24,MIA,DAL,0.646369,1,5
401704848,2024-11-25,MEM,POR,0.809999,1,25
401704850,2024-11-25,GS,BKN,0.635507,0,-8
401704851,2024-11-25,SAC,OKC,0.425674,0,-21
401704849,2024-11-25,DEN,NY,0.480907,0,-27
401704847,2024-11-25,BOS,LAC,0.740703,1,32
401704843,2024-11-25,CHA,ORL,0.434966,0,-11
401704844,2024-11-25,DET,TOR,0.653174,1,2
401704845,2024-11-25,IND,NO,0.76317,1,4
401704846,2024-11-25,ATL,DAL,0.551818,0,-10
401703408,2024-11-26,PHX,LAL,0.513206,1,27
401703404,2024-11-26,WSH,CHI,0.343881,0,-19
401703406,2024-11-26,MIN,HOU,0.461338,0,-6
401703405,2024-11-26,MIA,MIL,0.661481,0,-3
401703407,2024-11-26,UTAH,SA,0.27287,0,-13
401704853,2024-11-27,CLE,ATL,0.743457,0,-11
401704855,2024-11-27,ORL,CHI,0.669417,1,14
401704852,2024-11-27,CHA,MIA,0.304334,0,-4
401704861,2024-11-27,NO,TOR,0.566849,0,-26
401704857,2024-11-27,WSH,LAC,0.28685,0,-25
401704858,2024-11-27,DAL,NY,0.432253,1,15
401704854,2024-11-27,IND,POR,0.677476,1,7
401704860,2024-11-27,MIN,SAC,0.686313,0,-11
401704862,2024-11-27,SA,LAL,0.56692,0,-18
401704864,2024-11-27,UTAH,DEN,0.234085,0,-19
401704856,2024-11-27,PHI,HOU,0.244793,0,-7
401704863,2024-11-27,PHX,BKN,0.678549,0,-10
401704865,2024-11-27,GS,OKC,0.462193,0,-4
401704859,2024-11-27,MEM,DET,0.842492,1,20
401703416,2024-11-29,CHI,BOS,0.256311,0,-9
401703409,2024-11-29,CHA,NY,0.169858,0,-1
401703410,2024-11-29,ATL,CLE,0.369687,1,16
401703413,2024-11-29,MIN,LAC,0.584147,1,1
401703412,2024-11-29,BKN,ORL,0.310043,0,-23
401703415,2024-11-29,MIA,TOR,0.773888,1,10
401703418,2024-11-29,POR,SAC,0.459806,1,9
401703417,2024-11-29,LAL,OKC,0.499113,0,-8
401703414,2024-11-29,IND,DET,0.563522,0,-24
401703411,2024-11-29,MEM,NO,0.836525,1,11
401704866,2024-11-30,CHA,ATL,0.245978,0,-3
401704867,2024-11-30,DET,PHI,0.570374,0,-15
401704868,2024-11-30,MIL,WSH,0.826203,1,10
401704869,2024-11-30,PHX,GS,0.472976,1,8
401704870,2024-11-30,UTAH,DAL,0.426679,0,-12
401704875,2024-12-01,TOR,MIA,0.353825,1,3
401704872,2024-12-01,MEM,IND,0.795326,1,15
401704871,2024-12-01,BKN,ORL,0.257943,0,-8
401704874,2024-12-01,NY,NO,0.859124,1,33
401704873,2024-12-01,CLE,BOS,0.566682,1,4
401704877,2024-12-01,UTAH,LAL,0.24079,0,-1
401704879,2024-12-01,SAC,SA,0.463714,0,-2
401704878,2024-12-01,POR,DAL,0.454843,0,-6
401704880,2024-12-01,LAC,DEN,0.590748,1,4
401704876,2024-12-01,HOU,OKC,0.617846,1,3
401704882,2024-12-02,BOS,MIA,0.713297,1,19
401704881,2024-12-02,ATL,NO,0.774049,1,12
401704884,2024-12-02,MIN,LAL,0.592235,1,29
401704883,2024-12-02,CHI,BKN,0.644915,1,26
401703420,2024-12-03,CLE,WSH,0.88643,1,31
401703419,2024-12-03,CHA,PHI,0.297294,0,-6
401703423,2024-12-03,TOR,IND,0.497698,1,11
401703422,2024-12-03,NY,ORL,0.589962,1,15
401703421,2024-12-03,DET,MIL,0.445101,0,-21
401703424,2024-12-03,OKC,UTAH,0.84916,1,27
401703425,2024-12-03,DAL,MEM,0.611014,1,5
401703427,2024-12-03,DEN,GS,0.601281,1,4
401703429,2024-12-03,LAC,POR,0.828206,1,22
401703428,2024-12-03,SAC,HOU,0.395219,1,9
401703426,2024-12-03,PHX,SA,0.51546,1,11
401704889,2024-12-04,MIL,ATL,0.502528,0,-15
401704885,2024-12-04,BOS,DET,0.777334,1,10
401704890,2024-12-04,LAC,MIN,0.619875,0,-28
401704887,2024-12-04,MIA,LAL,0.614429,1,41
401704888,2024-12-04,PHI,ORL,0.280055,0,-4
401704886,2024-12-04,BKN,IND,0.492146,1,9
401704898,2024-12-05,GS,HOU,0.443458,1,6
401704895,2024-12-05,MEM,SAC,0.718633,1,5
401704896,2024-12-05,NO,PHX,0.358735,1,2
401704892,2024-12-05,WSH,DAL,0.312622,0,-36
401704893,2024-12-05,NY,CHA,0.898739,1,24
401704894,2024-12-05,TOR,OKC,0.313429,0,-37
401704891,2024-12-05,CLE,DEN,0.701625,1,12
401704897,2024-12-05,SA,CHI,0.541158,0,-15
401704900,2024-12-06,ATL,LAL,0.657263,1,2
401704902,2024-12-06,CHI,IND,0.544536,0,-9
401704903,2024-12-06,SA,SAC,0.534296,0,-27
401704899,2024-12-06,PHI,ORL,0.373282,1,8
401704905,2024-12-06,POR,UTAH,0.60337,0,-42
401704901,2024-12-06,BOS,MIL,0.639236,1,6
401704904,2024-12-06,GS,MIN,0.572569,0,-17
401704906,2024-12-07,CHA,CLE,0.124418,0,-14
401704908,2024-12-07,NO,OKC,0.243846,0,-10
401704907,2024-12-07,WSH,DEN,0.319819,1,9
401704910,2024-12-07,TOR,DAL,0.295392,0,-7
401704909,2024-12-07,NY,DET,0.660184,0,-9
401704912,2024-12-07,MIA,PHX,0.586666,1,10
401704911,2024-12-07,BOS,MEM,0.578377,0,-6
401704920,2024-12-08,SA,NO,0.811803,1,5
401704913,2024-12-08,CHI,PHI,0.557312,0,-8
401704914,2024-12-08,BKN,MIL,0.342908,0,-5
401704915,2024-12-08,IND,CHA,0.844204,0,-4
401704916,2024-12-08,ATL,DEN,0.526969,0,-30
401704918,2024-12-08,ORL,PHX,0.608653,1,5
401704923,2024-12-08,SAC,UTAH,0.795834,1,44
401704919,2024-12-08,WSH,MEM,0.246066,0,-28
401704922,2024-12-08,LAC,HOU,0.485515,0,-11
401704924,2024-12-08,LAL,POR,0.602237,1,9
401704921,2024-12-08,GS,MIN,0.534406,1,8
401704917,2024-12-08,MIA,CLE,0.377626,1,9
401704925,2024-12-09,TOR,NY,0.273096,0,-5
401734902,2024-12-10,MIL,ORL,0.703175,1,5
401734903,2024-12-10,OKC,DAL,0.600581,1,14
401734904,2024-12-11,NY,ATL,0.684772,0,-8
401734905,2024-12-11,HOU,GS,0.694452,1,1
401736801,2024-12-12,NO,SAC,0.295948,0,-2
401736800,2024-12-12,MIA,TOR,0.861881,1,10
401736799,2024-12-12,BOS,DET,0.755625,1,24
401736809,2024-12-13,POR,SA,0.263423,0,-2
401736808,2024-12-13,UTAH,PHX,0.29859,0,-8
401736807,2024-12-13,DEN,LAC,0.598802,1,22
401736805,2024-12-13,MEM,BKN,0.783999,1,16
401736806,2024-12-13,CHI,CHA,0.79933,1,14
401736802,2024-12-13,CLE,WSH,0.855341,1,10
401736803,2024-12-13,PHI,IND,0.519056,0,-14
401736804,2024-12-13,MIN,LAL,0.73795,1,10
401734906,2024-12-14,MIL,ATL,0.599313,1,8
401734907,2024-12-14,OKC,HOU,0.60988,1,15
401736813,2024-12-15,PHX,POR,0.796948,1,7
401736814,2024-12-15,LAL,MEM,0.423692,1,6
401737912,2024-12-15,GS,DAL,0.418172,0,-10
401736811,2024-12-15,WSH,BOS,0.160297,0,-14
401737902,2024-12-15,ORL,NY,0.39248,0,-9
401736810,2024-12-15,IND,NO,0.783932,1,15
401736812,2024-12-15,SA,MIN,0.507113,0,-14
401736820,2024-12-16,LAC,UTAH,0.795047,1,37
401736819,2024-12-16,SAC,DEN,0.598104,0,-1
401736816,2024-12-16,DET,MIA,0.375291,1,1
401736818,2024-12-16,BKN,CLE,0.199963,0,-29
401736815,2024-12-16,CHA,PHI,0.506749,0,-13
401736817,2024-12-16,TOR,CHI,0.303393,0,-1
401734908,2024-12-17,OKC,MIL,0.580127,0,-16
401704932,2024-12-19,MEM,GS,0.657105,1,51
401704926,2024-12-19,DET,UTAH,0.693973,0,-7
401704929,2024-12-19,BOS,CHI,0.670999,0,-9
401704928,2024-12-19,WSH,CHA,0.523604,1,9
401704927,2024-12-19,ORL,OKC,0.445975,0,-6
401704936,2024-12-19,SA,ATL,0.548841,1,7
401704930,2024-12-19,TOR,BKN,0.575191,0,-7
401704931,2024-12-19,HOU,NO,0.873097,1,20
401704937,2024-12-19,POR,DEN,0.344831,1,2
401704938,2024-12-19,SAC,LAL,0.665349,0,-13
401704935,2024-12-19,PHX,IND,0.476749,0,-9
401704934,2024-12-19,DAL,LAC,0.476132,0,-23
401704933,2024-12-19,MIN,NY,0.450632,0,-26
401704939,2024-12-20,PHI,CHA,0.803186,1,10
401704940,2024-12-20,CLE,MIL,0.749303,1,23
401704941,2024-12-20,MIA,OKC,0.450617,0,-7
401704948,2024-12-21,MIL,WSH,0.696263,1,11
401704942,2024-12-21,SAC,LAL,0.632733,0,-4
401704945,2024-12-21,BKN,UTAH,0.504148,0,-11
401704944,2024-12-21,ATL,MEM,0.391934,0,-16
401704949,2024-12-21,MIN,GS,0.629608,0,-10
401704950,2024-12-21,NO,NY,0.17688,0,-11
401704947,2024-12-21,CHI,BOS,0.326864,0,-25
401704952,2024-12-21,SA,POR,0.787511,1,20
401704951,2024-12-21,DAL,LAC,0.601658,1,16
401704953,2024-12-21,PHX,DET,0.624216,0,-8
401704946,2024-12-21,CLE,PHI,0.885892,1,27
401704943,2024-12-21,ORL,MIA,0.572334,1,7
401704955,2024-12-22,SAC,IND,0.509954,0,-27
401704954,2024-12-22,TOR,HOU,0.222299,0,-4
401704956,2024-12-22,NO,DEN,0.278225,0,-3
401704962,2024-12-23,MIA,BKN,0.821543,1,15
401704958,2024-12-23,CLE,UTAH,0.890898,1,11
401704963,2024-12-23,NY,TOR,0.870432,1,14
401704959,2024-12-23,ORL,BOS,0.359564,1,4
401704960,2024-12-23,PHI,SA,0.474925,1,5
401704966,2024-12-23,OKC,WSH,0.886194,1,18
401704961,2024-12-23,ATL,MIN,0.551061,1,13
401704965,2024-12-23,MEM,LAC,0.59605,0,-4
401704967,2024-12-23,DAL,POR,0.848623,1,24
401704969,2024-12-23,GS,IND,0.420944,0,-6
401704968,2024-12-23,DEN,PHX,0.610135,1,27
401704964,2024-12-23,CHI,MIL,0.571806,0,-21
401704970,2024-12-23,LAL,DET,0.568706,0,-3
401704957,2024-12-23,CHA,HOU,0.214739,0,-13
401704971,2024-12-25,NY,SA,0.657614,1,3
401704972,2024-12-25,DAL,MIN,0.702563,0,-6
401704973,2024-12-25,BOS,PHI,0.671176,0,-4
401704974,2024-12-25,GS,LAL,0.564735,0,-2
401704975,2024-12-25,PHX,DEN,0.478604,1,10
401704982,2024-12-26,NO,HOU,0.222461,0,-17
401704979,2024-12-26,ATL,CHI,0.708992,1,8
401704978,2024-12-26,WSH,CHA,0.526469,1,3
401704977,2024-12-26,ORL,MIA,0.457555,0,-1
401704976,2024-12-26,IND,OKC,0.3789,0,-6
401704981,2024-12-26,MIL,BKN,0.711514,0,-6
401704984,2024-12-26,SAC,DET,0.503292,0,-1
401704983,2024-12-26,POR,UTAH,0.613088,1,2
401704980,2024-12-26,MEM,TOR,0.831173,1,29
401704985,2024-12-27,ORL,NY,0.263854,0,-23
401704987,2024-12-27,BKN,SA,0.159031,0,-9
401704986,2024-12-27,BOS,IND,0.692726,1,37
401704989,2024-12-27,NO,MEM,0.254298,0,-8
401704988,2024-12-27,HOU,MIN,0.652832,0,-1
401704991,2024-12-27,PHX,DAL,0.512983,0,-9
401704990,2024-12-27,DEN,CLE,0.460945,0,-14
401704992,2024-12-27,LAC,GS,0.739706,1,10
401704993,2024-12-28,ATL,MIA,0.50511,1,10
401704995,2024-12-28,WSH,NY,0.167048,0,-4
401704996,2024-12-28,CHI,MIL,0.433439,1,5
401704998,2024-12-28,DEN,DET,0.641301,1,13
401704994,2024-12-28,CHA,OKC,0.122603,0,-12
401704997,2024-12-28,GS,PHX,0.495741,1,4
401704999,2024-12-28,UTAH,PHI,0.270862,0,-3
401705001,2024-12-28,LAL,SAC,0.452602,1,10
401705000,2024-12-28,POR,DAL,0.320749,1,4
401705002,2024-12-29,ORL,BKN,0.618902,1,1
401705004,2024-12-29,TOR,ATL,0.341985,0,-29
401705003,2024-12-29,BOS,IND,0.671634,0,-9
401705006,2024-12-29,OKC,MEM,0.596643,1,24
401705005,2024-12-29,HOU,MIA,0.658476,0,-4
401705007,2024-12-29,MIN,SA,0.527408,1,2
401705014,2024-12-30,SAC,DAL,0.574354,1,10
401705009,2024-12-30,WSH,NY,0.17689,0,-20
401705008,2024-12-30,CHA,CHI,0.243266,0,-7
401705010,2024-12-30,NO,LAC,0.296803,0,-3
401705013,2024-12-30,POR,PHI,0.394461,0,-22
401705012,2024-12-30,GS,CLE,0.307814,0,-18
401705011,2024-12-30,UTAH,DEN,0.331577,0,-11
401705019,2024-12-31,PHX,MEM,0.410785,0,-5
401705020,2024-12-31,LAL,CLE,0.337664,0,-12
401705017,2024-12-31,SA,LAC,0.549709,1,36
401705015,2024-12-31,BOS,TOR,0.893484,1,54
401705016,2024-12-31,IND,MIL,0.509922,0,-8
401705018,2024-12-31,OKC,MIN,0.750671,1,8
401705027,2025-01-01,DEN,ATL,0.662039,1,19
401705028,2025-01-01,SAC,PHI,0.642807,1,6
401705023,2025-01-01,MIA,NO,0.836178,1,11
401705026,2025-01-01,HOU,DAL,0.657352,1,11
401705025,2025-01-01,TOR,BKN,0.51558,1,17
401705021,2025-01-01,DET,ORL,0.598072,1,9
401705022,2025-01-01,WSH,CHI,0.346664,1,18
401705024,2025-01-01,NY,UTAH,0.814633,1,16
401705034,2025-01-02,LAL,POR,0.715763,1,8
401705033,2025-01-02,GS,PHI,0.559934,1,34
401705031,2025-01-02,MIL,BKN,0.731429,0,-3
401705032,2025-01-02,OKC,LAC,0.816285,1,18
401705030,2025-01-02,MIN,BOS,0.370018,0,-3
401705029,2025-01-02,MIA,IND,0.525312,0,-13
401705043,2025-01-03,LAL,ATL,0.481984,1,17
401705042,2025-01-03,SAC,MEM,0.445727,1,5
401705041,2025-01-03,DEN,SA,0.575118,0,-3
401705040,2025-01-03,DAL,CLE,0.3276,0,-12
401705037,2025-01-03,HOU,BOS,0.489925,0,-23
401705039,2025-01-03,OKC,NY,0.554188,1,10
401705036,2025-01-03,TOR,ORL,0.348941,0,-9
401705035,2025-01-03,DET,CHA,0.822668,1,4
401705038,2025-01-03,NO,WSH,0.574082,1,12
401705052,2025-01-04,LAC,ATL,0.655019,1,26
401705051,2025-01-04,GS,MEM,0.482826,1,8
401705047,2025-01-04,MIA,UTAH,0.743483,0,-36
401705049,2025-01-04,MIL,POR,0.761093,0,-3
401705050,2025-01-04,SA,DEN,0.525141,0,-11
401705045,2025-01-04,DET,MIN,0.504879,1,14
401705046,2025-01-04,IND,PHX,0.568994,1,18
401705044,2025-01-04,BKN,PHI,0.262625,0,-29
401705048,2025-01-04,CHI,NY,0.342805,1,13
401705057,2025-01-05,HOU,LAL,0.642847,1,4
401705056,2025-01-05,ORL,UTAH,0.691778,0,-13
401705058,2025-01-05,GS,SAC,0.509177,0,-30
401705055,2025-01-05,WSH,NO,0.421594,0,-12
401705053,2025-01-05,OKC,BOS,0.571439,1,13
401705054,2025-01-05,CLE,CHA,0.841429,1,10
401705065,2025-01-06,MEM,DAL,0.738178,1,15
401705067,2025-01-06,SAC,MIA,0.560384,1,5
401705066,2025-01-06,MIN,LAC,0.464957,1,2
401705064,2025-01-06,CHI,SA,0.396982,1,4
401705062,2025-01-06,NY,ORL,0.755274,0,-9
401705063,2025-01-06,TOR,MIL,0.284267,0,-24
401705061,2025-01-06,BKN,IND,0.151339,0,-14
401705059,2025-01-06,DET,POR,0.718113,1,3
401705060,2025-01-06,PHI,PHX,0.461368,0,-10
401705071,2025-01-07,NO,MIN,0.39607,0,-7
401705068,2025-01-07,CHA,PHX,0.355655,1,11
401705070,2025-01-07,DAL,LAL,0.500228,1,21
401705072,2025-01-07,UTAH,ATL,0.292064,0,-3
401705074,2025-01-07,GS,MIA,0.461978,0,-16
401705073,2025-01-07,DEN,BOS,0.301811,0,-12
401705069,2025-01-07,WSH,HOU,0.175799,0,-23
401705078,2025-01-08,PHI,WSH,0.753711,1,6
401705076,2025-01-08,IND,CHI,0.611851,1,16
401705075,2025-01-08,CLE,OKC,0.51091,1,7
401705079,2025-01-08,BKN,DET,0.215968,0,-15
401705077,2025-01-08,NY,TOR,0.848807,1,14
401705080,2025-01-08,NO,POR,0.422413,0,-19
401705081,2025-01-08,DEN,LAC,0.505299,1,23
401705082,2025-01-08,MIL,SA,0.576089,1,16
401705087,2025-01-09,DAL,POR,0.730579,1,6
401705085,2025-01-09,ORL,MIN,0.384276,0,-15
401705083,2025-01-09,CLE,TOR,0.822422,1,6
401705084,2025-01-09,DET,GS,0.633739,0,-3
401705089,2025-01-09,UTAH,MIA,0.233106,0,-5
401705088,2025-01-09,PHX,ATL,0.594821,1,8
401705086,2025-01-09,MEM,HOU,0.50279,0,-4
401705097,2025-01-10,DEN,BKN,0.874446,1,19
401705094,2025-01-10,BOS,SAC,0.685162,0,-17
401705095,2025-01-10,NY,OKC,0.462662,0,-25
401705096,2025-01-10,CHI,WSH,0.764715,1,33
401705092,2025-01-10,ORL,MIL,0.364887,0,-3
401705093,2025-01-10,PHI,NO,0.683512,0,-8
401705091,2025-01-10,IND,GS,0.78113,1,12
401705102,2025-01-11,POR,MIA,0.261431,0,-21
401705101,2025-01-11,MIN,MEM,0.503663,0,-2
401705100,2025-01-11,DET,TOR,0.776948,1,9
401705099,2025-01-11,PHX,UTAH,0.831556,1,8
401705105,2025-01-12,NY,MIL,0.545877,1,34
401705106,2025-01-12,DAL,DEN,0.475616,0,-11
401705110,2025-01-12,ORL,PHI,0.539822,1,5
401705107,2025-01-12,CHI,SAC,0.414227,0,-5
401705112,2025-01-12,UTAH,BKN,0.506731,1,1
401705109,2025-01-12,CLE,IND,0.559534,0,-15
401705108,2025-01-12,BOS,NO,0.786186,1,1
401705113,2025-01-12,PHX,CHA,0.695144,1,7
401705111,2025-01-12,WSH,OKC,0.138792,0,-41
401705114,2025-01-13,WSH,MIN,0.239866,0,-14
401705116,2025-01-13,TOR,GS,0.448748,1,3
401705115,2025-01-13,NY,DET,0.692236,0,-5
401705117,2025-01-13,HOU,MEM,0.642743,1,2
401705119,2025-01-13,LAC,MIA,0.621954,1,11
401705118,2025-01-13,LAL,SA,0.414793,0,-24
401705124,2025-01-14,MIL,SAC,0.524627,1,15
401705120,2025-01-14,IND,CLE,0.435232,0,-10
401705121,2025-01-14,PHI,OKC,0.180077,0,-16
401705122,2025-01-14,ATL,PHX,0.439827,1,5
401705125,2025-01-14,DAL,DEN,0.480558,0,-19
401705123,2025-01-14,CHI,NO,0.657644,0,-6
401705126,2025-01-14,POR,BKN,0.42839,0,-18
401705127,2025-01-15,PHI,NY,0.322993,0,-6
401705128,2025-01-15,TOR,BOS,0.173389,1,13
401705133,2025-01-15,SA,MEM,0.540402,0,-14
401705132,2025-01-15,NO,DAL,0.452041,1,3
401705130,2025-01-15,MIL,ORL,0.679031,1,29
401705129,2025-01-15,CHI,ATL,0.624081,0,-16
401705135,2025-01-15,UTAH,CHA,0.35218,0,-5
401705134,2025-01-15,DEN,HOU,0.479737,0,-20
401705131,2025-01-15,MIN,GS,0.726854,0,-1
401705136,2025-01-15,LAL,MIA,0.54634,1,9
401705137,2025-01-15,LAC,BKN,0.867297,1,59
401705138,2025-01-16,DET,IND,0.456979,0,-11
401705141,2025-01-16,POR,LAC,0.22224,0,-29
401705142,2025-01-16,SAC,HOU,0.565887,1,5
401705140,2025-01-16,OKC,CLE,0.486743,1,20
401705139,2025-01-16,WSH,PHX,0.247002,0,-7
401705144,2025-01-17,NY,MIN,0.60864,0,-17
401705150,2025-01-17,CHI,CHA,0.618297,0,-2
401705147,2025-01-17,NO,UTAH,0.632624,1,13
401705146,2025-01-17,MIL,TOR,0.83345,1,18
401705145,2025-01-17,MIA,DEN,0.428624,0,-20
401705149,2025-01-17,DAL,OKC,0.509744,1,8
401705148,2025-01-17,SA,MEM,0.481861,0,-28
401705151,2025-01-17,LAL,BKN,0.743831,1,1
401705143,2025-01-17,BOS,ORL,0.820719,1,27
401705154,2025-01-18,IND,PHI,0.812374,1,13
401705155,2025-01-18,GS,WSH,0.728686,1,8
401705153,2025-01-18,BOS,ATL,0.612041,0,-4
401705157,2025-01-18,POR,HOU,0.21858,0,-22
401705156,2025-01-18,MIN,CLE,0.377441,0,-7
401705152,2025-01-18,DET,PHX,0.479197,0,-4
401705162,2025-01-19,LAC,LAL,0.648756,1,14
401705163,2025-01-19,POR,CHI,0.289518,1,11
401705164,2025-01-19,SAC,WSH,0.850662,1,23
401705158,2025-01-19,MIA,SA,0.555647,1,21
401705161,2025-01-19,OKC,BKN,0.833303,1,26
401705159,2025-01-19,ORL,DEN,0.224245,0,-13
401705160,2025-01-19,MIL,PHI,0.769462,1,14
401705170,2025-01-20,GS,BOS,0.245747,0,-40
401705168,2025-01-20,NY,ATL,0.653139,1,9
401705165,2025-01-20,CHA,DAL,0.425903,1,5
401705166,2025-01-20,HOU,DET,0.725874,0,-11
401705167,2025-01-20,MEM,MIN,0.652644,1,2
401705169,2025-01-20,CLE,PHX,0.730502,1,26
401705177,2025-01-20,LAC,CHI,0.575933,0,-13
401705171,2025-01-20,NO,UTAH,0.683975,1,4
401705176,2025-01-21,LAL,WSH,0.795027,1,23
401705174,2025-01-21,TOR,ORL,0.529927,1,16
401705173,2025-01-21,MIA,POR,0.69128,0,-9
401705172,2025-01-21,BKN,NY,0.227377,0,-4
401705175,2025-01-21,DEN,PHI,0.848041,1,35
401705178,2025-01-22,ATL,DET,0.628334,0,-10
401705180,2025-01-22,DAL,MIN,0.576635,0,-1
401705182,2025-01-22,MEM,CHA,0.812058,1,12
401705179,2025-01-22,BKN,PHX,0.172185,0,-24
401705181,2025-01-22,HOU,CLE,0.538131,1,1
401705186,2025-01-22,LAC,BOS,0.286273,0,-4
401705184,2025-01-22,OKC,UTAH,0.790945,1,9
401705185,2025-01-22,SAC,GS,0.682086,1,6
401705192,2025-01-23,DEN,SAC,0.594528,1,9
401705187,2025-01-23,IND,SA,0.631391,0,-30
401705188,2025-01-23,ORL,POR,0.633849,0,-22
401705189,2025-01-23,ATL,TOR,0.825124,0,-3
401705191,2025-01-23,OKC,DAL,0.665838,0,-6
401705190,2025-01-23,MIL,MIA,0.623714,1,29
401705195,2025-01-23,LAL,BOS,0.386228,1,21
401705194,2025-01-23,GS,CHI,0.360136,1,25
401705549,2025-01-23,LAC,WSH,0.825802,1,17
401705197,2025-01-24,PHI,CLE,0.258745,1,3
401705196,2025-01-24,CHA,POR,0.347138,0,-5
401705198,2025-01-24,MEM,NO,0.784262,1,13
401705207,2025-01-25,NY,SAC,0.545603,1,23
401705206,2025-01-25,CLE,HOU,0.617804,0,-4
401705200,2025-01-25,MIN,DEN,0.490062,1,29
401705202,2025-01-25,BKN,MIA,0.213105,0,-9
401705204,2025-01-25,ORL,DET,0.480208,1,8
401705203,2025-01-25,CHA,NO,0.463487,1,31
401705199,2025-01-25,SA,IND,0.42436,0,-38
401705201,2025-01-25,DAL,BOS,0.376739,0,-15
401705211,2025-01-25,PHX,WSH,0.830558,1,10
401705209,2025-01-25,MEM,UTAH,0.817185,1,22
401705212,2025-01-25,LAC,MIL,0.520914,1,10
401705208,2025-01-25,CHI,PHI,0.671892,0,-12
401705210,2025-01-25,GS,LAL,0.36162,0,-10
401705205,2025-01-25,ATL,TOR,0.797343,0,-23
401705213,2025-01-26,POR,OKC,0.197337,0,-10
401705219,2025-01-27,NY,MEM,0.608614,1,37
401705215,2025-01-27,CLE,DET,0.739705,1,19
401705217,2025-01-27,BKN,SAC,0.199695,0,-14
401705214,2025-01-27,CHA,LAL,0.24807,0,-5
401705220,2025-01-27,TOR,NO,0.460134,1,9
401705218,2025-01-27,MIA,ORL,0.460629,1,6
401705221,2025-01-27,CHI,DEN,0.434425,1,8
401705216,2025-01-27,BOS,HOU,0.618335,0,-2
401705224,2025-01-27,UTAH,MIL,0.228109,0,-15
401705225,2025-01-27,PHX,LAC,0.477023,1,2
401705222,2025-01-27,MIN,ATL,0.704202,1,8
401705223,2025-01-27,DAL,WSH,0.806026,1,22
401748705,2025-01-28,ATL,HOU,0.362131,0,-4
401705226,2025-01-28,PHI,LAL,0.264687,1,14
401705228,2025-01-28,POR,MIL,0.236743,1,13
401705227,2025-01-28,GS,UTAH,0.697984,1,11
401705233,2025-01-29,MIA,CLE,0.379555,0,-20
401705230,2025-01-29,IND,DET,0.71961,1,14
401705229,2025-01-29,CHA,BKN,0.481305,0,-21
401705231,2025-01-29,WSH,TOR,0.559939,0,-24
401705235,2025-01-29,PHI,SAC,0.270646,1,13
401705232,2025-01-29,BOS,CHI,0.79037,1,22
401705238,2025-01-29,PHX,MIN,0.565818,0,-8
401705237,2025-01-29,SA,LAC,0.406196,0,-12
401705236,2025-01-29,NO,DAL,0.377476,0,-1
401705239,2025-01-29,GS,OKC,0.220812,1,7
401705234,2025-01-29,NY,DEN,0.654541,1,10
401705242,2025-01-30,MEM,HOU,0.693558,1,1
401705241,2025-01-30,CLE,ATL,0.74029,1,22
401705240,2025-01-30,WSH,LAL,0.25244,0,-38
401705243,2025-01-30,UTAH,MIN,0.318174,0,-25
401705244,2025-01-30,POR,ORL,0.552304,1,29
401705246,2025-01-31,DET,DAL,0.578277,1,15
401705250,2025-01-31,SA,MIL,0.401517,1,26
401705248,2025-01-31,TOR,CHI,0.451131,0,-16
401705247,2025-01-31,PHI,DEN,0.33932,0,-3
401705245,2025-01-31,CHA,LAC,0.159991,0,-8
401705249,2025-01-31,NO,BOS,0.199906,0,-2
401705251,2025-01-31,GS,PHX,0.448188,0,-25
401705258,2025-02-01,NY,LAL,0.695809,0,-16
401705260,2025-02-01,POR,PHX,0.408188,1,19
401705259,2025-02-01,SA,MIA,0.377039,0,-2
401705254,2025-02-01,CHA,DEN,0.243911,0,-3
401705256,2025-02-01,MIN,WSH,0.756272,0,-2
401705257,2025-02-01,OKC,SAC,0.676723,1,34
401705253,2025-02-01,UTAH,ORL,0.432786,1,14
401705252,2025-02-01,IND,ATL,0.715701,1,5
401705255,2025-02-01,HOU,BKN,0.809168,0,-12
401705265,2025-02-02,MIL,MEM,0.608564,0,-13
401705264,2025-02-02,PHI,BOS,0.215185,0,-8
401705262,2025-02-02,CLE,DAL,0.802087,1,43
401705263,2025-02-02,TOR,LAC,0.214639,1,7
401705261,2025-02-02,DET,CHI,0.67291,1,8
401705274,2025-02-03,GS,ORL,0.586359,1,5
401705275,2025-02-03,POR,PHX,0.497775,1,2
401705273,2025-02-03,UTAH,IND,0.261099,0,-1
401705272,2025-02-03,DEN,NO,0.784096,1,12
401705270,2025-02-03,MIN,SAC,0.576131,0,-2
401705271,2025-02-03,OKC,MIL,0.795842,1,29
401705268,2025-02-03,NY,HOU,0.749731,1,6
401705266,2025-02-03,CHA,WSH,0.530523,0,-10
401705267,2025-02-03,DET,ATL,0.609,0,-2
401705269,2025-02-03,MEM,SA,0.637722,1,19
401705276,2025-02-04,CLE,BOS,0.527293,0,-7
401705278,2025-02-04,PHI,DAL,0.570864,1,2
401705277,2025-02-04,BKN,HOU,0.28497,1,2
401705279,2025-02-04,TOR,NY,0.234609,0,-6
401705282,2025-02-04,POR,IND,0.354132,1,23
401705281,2025-02-04,LAC,LAL,0.636367,0,-25
401705280,2025-02-04,CHI,MIA,0.451381,1,9
401705285,2025-02-05,ATL,SA,0.460878,0,-1
401705289,2025-02-05,MIN,CHI,0.682709,1,19
401705284,2025-02-05,DET,CLE,0.340814,0,-3
401705283,2025-02-05,CHA,MIL,0.298896,0,-10
401705287,2025-02-05,PHI,MIA,0.459821,0,-7
401705286,2025-02-05,BKN,WSH,0.572434,0,-17
401705292,2025-02-05,DEN,NO,0.822041,1,25
401705291,2025-02-05,UTAH,GS,0.484026,1,3
401705290,2025-02-05,OKC,PHX,0.767335,1,31
401705293,2025-02-05,SAC,ORL,0.638412,0,-19
401705288,2025-02-05,TOR,MEM,0.181621,0,-31
401705299,2025-02-06,LAC,IND,0.517977,0,-7
401705297,2025-02-06,LAL,GS,0.758103,1,8
401705298,2025-02-06,POR,SAC,0.624647,1,6
401705295,2025-02-06,MIN,HOU,0.629322,1,13
401705294,2025-02-06,BOS,DAL,0.731121,0,-7
401705296,2025-02-06,DEN,ORL,0.768473,1,22
401705302,2025-02-07,ATL,MIL,0.470284,1,5
401705306,2025-02-07,PHX,UTAH,0.751916,1,8
401705305,2025-02-07,OKC,TOR,0.864296,1,12
401705300,2025-02-07,CHA,SA,0.353892,1,1
401705303,2025-02-07,BKN,MIA,0.356888,1,16
401705304,2025-02-07,DET,PHI,0.430559,1,13
401705301,2025-02-07,WSH,CLE,0.135744,0,-10
401705310,2025-02-08,WSH,ATL,0.36107,0,-14
401705309,2025-02-08,ORL,SA,0.538389,1,1
401705311,2025-02-08,CHI,GS,0.411242,0,-21
401705307,2025-02-08,DAL,HOU,0.597674,1,11
401705313,2025-02-08,MIN,POR,0.503292,1,16
401705317,2025-02-08,LAC,UTAH,0.895,1,20
401705308,2025-02-08,LAL,IND,0.400077,1,7
401705314,2025-02-08,NY,BOS,0.541553,0,-27
401705316,2025-02-08,SAC,NO,0.730672,1,5
401705315,2025-02-08,PHX,DEN,0.317905,0,-17
401705312,2025-02-08,MEM,OKC,0.568829,0,-13
401705318,2025-02-09,DET,CHA,0.79412,1,10
401705320,2025-02-09,MIL,PHI,0.552942,1,8
401705319,2025-02-09,HOU,TOR,0.760227,1,7
401705327,2025-02-10,OKC,NO,0.865537,1,36
401705322,2025-02-10,ORL,ATL,0.592786,0,-6
401705321,2025-02-10,CLE,MIN,0.631307,1,21
401705324,2025-02-10,BKN,CHA,0.592903,1,8
401705325,2025-02-10,MIA,BOS,0.219206,0,-18
401705326,2025-02-10,MIL,GS,0.496262,0,-14
401705329,2025-02-10,DEN,POR,0.692634,1,29
401705334,2025-02-10,LAL,UTAH,0.86186,1,19
401705328,2025-02-10,DAL,SAC,0.470024,0,-1
401705323,2025-02-10,WSH,SA,0.263691,0,-10
401705330,2025-02-11,PHI,TOR,0.711642,0,-3
401705331,2025-02-11,IND,NY,0.511978,0,-13
401705332,2025-02-11,CHI,DET,0.367168,0,-40
401705333,2025-02-11,PHX,MEM,0.456977,0,-7
401705342,2025-02-12,MIN,MIL,0.760397,0,-2
401705337,2025-02-12,WSH,IND,0.18512,0,-4
401705336,2025-02-12,ORL,CHA,0.744074,1,16
401705335,2025-02-12,BOS,SA,0.688367,1,13
401705340,2025-02-12,TOR,CLE,0.185174,0,-23
401705339,2025-02-12,NY,ATL,0.705976,1,1
401705344,2025-02-12,OKC,MIA,0.733776,1,14
401705341,2025-02-12,CHI,DET,0.240329,0,-18
401705338,2025-02-12,BKN,PHI,0.557471,1,4
401705345,2025-02-12,HOU,PHX,0.673983,1,8
401705347,2025-02-12,UTAH,LAL,0.260606,1,12
401705346,2025-02-12,DEN,POR,0.794068,1,11
401705348,2025-02-12,DAL,GS,0.494376,1,4
401705349,2025-02-12,LAC,MEM,0.593346,1,14
401705343,2025-02-12,NO,SAC,0.322084,0,-8
401705352,2025-02-13,DAL,MIA,0.472365,1,5
401705570,2025-02-13,UTAH,LAC,0.263198,0,-4
401705350,2025-02-13,HOU,GS,0.583767,0,-7
401705353,2025-02-13,MIN,OKC,0.438803,1,15
401705351,2025-02-13,NO,SAC,0.262426,1,7
401748704,2025-02-19,LAL,CHA,0.822703,0,-3
401705355,2025-02-20,PHI,BOS,0.217684,0,-20
401705354,2025-02-20,IND,MEM,0.584149,1,14
401705358,2025-02-20,NY,CHI,0.793364,1,2
401705357,2025-02-20,BKN,CLE,0.22044,0,-13
401705356,2025-02-20,ATL,ORL,0.573503,0,-6
401705359,2025-02-20,MIL,LAC,0.534371,1,6
401705360,2025-02-20,DEN,CHA,0.886647,1,14
401705361,2025-02-20,SA,PHX,0.457596,1,11
401705362,2025-02-20,POR,LAL,0.429273,0,-8
401705369,2025-02-21,DAL,NO,0.700755,1,8
401705365,2025-02-21,WSH,MIL,0.28473,0,-3
401705364,2025-02-21,ORL,MEM,0.430067,0,-1
401705366,2025-02-21,TOR,MIA,0.378408,0,-9
401705363,2025-02-21,CLE,NY,0.647262,1,37
401705371,2025-02-21,SAC,GS,0.511757,0,-24
401705368,2025-02-21,SA,DET,0.361824,0,-15
401705370,2025-02-21,UTAH,OKC,0.208141,0,-23
401705367,2025-02-21,HOU,MIN,0.505414,1,6
401705372,2025-02-22,CHI,PHX,0.29163,0,-4
401705373,2025-02-22,PHI,BKN,0.554437,0,-2
401705374,2025-02-22,DEN,LAL,0.655361,0,-23
401705375,2025-02-22,UTAH,HOU,0.31248,1,9
401705376,2025-02-22,POR,CHA,0.618108,1,53
401705381,2025-02-23,ORL,WSH,0.776796,1,20
401705377,2025-02-23,BOS,NY,0.659366,1,13
401705378,2025-02-23,GS,DAL,0.633058,1,24
401705379,2025-02-23,IND,LAC,0.67464,1,18
401705382,2025-02-23,TOR,PHX,0.307132,1,18
401705380,2025-02-23,ATL,DET,0.412514,0,-5
401705385,2025-02-23,CLE,MEM,0.725976,1,6
401705384,2025-02-23,NO,SA,0.480165,1,18
401705386,2025-02-23,MIN,OKC,0.408322,0,-7
401705383,2025-02-23,MIL,MIA,0.637484,1,7
401705394,2025-02-24,SAC,CHA,0.753376,1,42
401705393,2025-02-24,UTAH,POR,0.247392,0,-2
401705392,2025-02-24,OKC,MIN,0.580896,0,-3
401705387,2025-02-24,DET,LAC,0.680085,1,9
401705388,2025-02-24,IND,DEN,0.499666,0,-9
401705389,2025-02-24,PHI,CHI,0.549013,0,-32
401705390,2025-02-24,WSH,BKN,0.420409,1,8
401705391,2025-02-24,ATL,MIA,0.488787,1,12
401705401,2025-02-25,LAL,DAL,0.747513,1,8
401705400,2025-02-25,GS,CHA,0.860406,1,36
401705397,2025-02-25,HOU,MIL,0.534883,1,3
401705398,2025-02-25,MEM,PHX,0.619125,1,3
401705399,2025-02-25,NO,SA,0.482211,1,6
401705396,2025-02-25,ORL,CLE,0.324436,0,-40
401705395,2025-02-25,TOR,BOS,0.185766,0,-10
401705410,2025-02-26,HOU,SA,0.730363,1,12
401705409,2025-02-26,UTAH,SAC,0.280706,0,-17
401705408,2025-02-26,CHI,LAC,0.355434,0,-5
401705404,2025-02-26,NY,PHI,0.798433,1,5
401705407,2025-02-26,MIA,ATL,0.480705,1,22
401705402,2025-02-26,DET,BOS,0.504091,1,20
401705403,2025-02-26,IND,TOR,0.851817,1,20
401705405,2025-02-26,WSH,POR,0.282142,0,-8
401705406,2025-02-26,BKN,OKC,0.166408,0,-8
401705414,2025-02-27,PHX,NO,0.71928,0,-8
401705412,2025-02-27,MIL,DEN,0.505945,1,9
401705413,2025-02-27,DAL,CHA,0.836233,1,7
401705411,2025-02-27,ORL,GS,0.371659,0,-6
401705415,2025-02-27,LAL,MIN,0.616641,1,9
401705416,2025-02-28,DET,DEN,0.535711,0,-15
401705419,2025-02-28,BKN,POR,0.369801,0,-19
401705418,2025-02-28,BOS,CLE,0.601051,0,-7
401705417,2025-02-28,ATL,OKC,0.281425,0,-16
401705422,2025-02-28,MEM,NY,0.598414,0,-1
401705421,2025-02-28,CHI,TOR,0.567235,1,10
401705420,2025-02-28,MIA,IND,0.318277,1,5
401705423,2025-02-28,PHX,NO,0.765606,1,17
401705424,2025-02-28,UTAH,MIN,0.309955,1,1
401705425,2025-02-28,LAL,LAC,0.753458,1,4
401705428,2025-03-01,HOU,SAC,0.615345,0,-10
401705426,2025-03-01,CHA,WSH,0.606621,0,-13
401705427,2025-03-01,DET,BKN,0.821293,1,21
401705431,2025-03-01,DAL,MIL,0.48052,0,-15
401705430,2025-03-01,PHI,GS,0.299878,1,7
401705429,2025-03-01,MEM,SA,0.668012,0,-2
401705439,2025-03-02,PHX,MIN,0.411275,0,-18
401705432,2025-03-02,BOS,DEN,0.681519,1,7
401705433,2025-03-02,CLE,POR,0.775431,1,4
401705434,2025-03-02,IND,CHI,0.746252,1,15
401705436,2025-03-02,ORL,TOR,0.699093,0,-2
401705435,2025-03-02,MIA,NY,0.39226,0,-4
401705437,2025-03-02,SA,OKC,0.163876,0,-14
401705438,2025-03-02,UTAH,NO,0.352806,0,-7
401705440,2025-03-02,LAL,LAC,0.680509,1,6
401705445,2025-03-03,OKC,HOU,0.777966,1,9
401705442,2025-03-03,PHI,POR,0.391597,0,-17
401705443,2025-03-03,MIA,WSH,0.809058,1,16
401705441,2025-03-03,CHA,GS,0.209213,0,-18
401705444,2025-03-03,MEM,ATL,0.710431,0,-2
401705447,2025-03-03,UTAH,DET,0.26816,0,-28
401705446,2025-03-03,DAL,SAC,0.466019,0,-24
401705452,2025-03-04,CHI,CLE,0.231847,0,-22
401705456,2025-03-04,LAL,NO,0.814832,1,21
401705454,2025-03-04,SA,BKN,0.59125,1,14
401705453,2025-03-04,MIN,PHI,0.843523,1,14
401705455,2025-03-04,PHX,LAC,0.491371,1,2
401705451,2025-03-04,NY,GS,0.454888,0,-12
401705448,2025-03-04,IND,HOU,0.741527,1,13
401705449,2025-03-04,ORL,TOR,0.624617,0,-1
401705450,2025-03-04,ATL,MIL,0.356358,0,-6
401705459,2025-03-05,CLE,MIA,0.769034,1,5
401705463,2025-03-05,MIL,DAL,0.708132,1,30
401705458,2025-03-05,CHA,MIN,0.233933,0,-15
401705457,2025-03-05,BOS,POR,0.626762,1,10
401705464,2025-03-05,LAC,DET,0.393657,1,8
401705462,2025-03-05,DEN,SAC,0.721382,1,6
401705461,2025-03-05,MEM,OKC,0.453833,0,-17
401705460,2025-03-05,WSH,UTAH,0.686527,1,3
401705510,2025-03-06,ORL,CHI,0.59587,0,-2
401705467,2025-03-06,BKN,GS,0.22846,0,-2
401705466,2025-03-06,BOS,PHI,0.895658,1,18
401705465,2025-03-06,ATL,IND,0.396548,1,6
401705468,2025-03-06,NO,HOU,0.35585,0,-12
401705469,2025-03-06,LAL,NY,0.710311,1,4
401705470,2025-03-07,CHA,CLE,0.183711,0,-1
401705473,2025-03-07,MIA,MIN,0.301132,0,-2
401705472,2025-03-07,DAL,MEM,0.263295,0,-11
401705471,2025-03-07,TOR,UTAH,0.681516,1,9
401705477,2025-03-07,LAC,NY,0.672157,1,10
401705475,2025-03-07,DEN,PHX,0.660106,1,8
401705476,2025-03-07,SAC,SA,0.709787,1,18
401705474,2025-03-07,OKC,POR,0.717759,1,18
401705483,2025-03-08,MIL,ORL,0.729287,0,-2
401705482,2025-03-08,MIA,CHI,0.648868,0,-5
401705480,2025-03-08,ATL,IND,0.410387,1,2
401705485,2025-03-08,GS,DET,0.58539,1,5
401705479,2025-03-08,HOU,NO,0.753918,1,29
401705478,2025-03-08,CHA,BKN,0.40815,1,3
401705481,2025-03-08,TOR,WSH,0.569318,0,-1
401705484,2025-03-08,BOS,LAL,0.595126,1,10
401705489,2025-03-09,NO,MEM,0.241704,0,-3
401705486,2025-03-09,OKC,DEN,0.664167,1,24
401705490,2025-03-09,PHI,UTAH,0.636971,1,4
401705491,2025-03-09,MIN,SA,0.769262,1,17
401705488,2025-03-09,MIL,CLE,0.410928,0,-12
401705492,2025-03-09,POR,DET,0.436564,0,-7
401705493,2025-03-09,LAC,SAC,0.596465,1,1
401705487,2025-03-09,DAL,PHX,0.36203,0,-9
401705497,2025-03-10,MIA,CHA,0.727361,0,-3
401705496,2025-03-10,BKN,LAL,0.251225,1,3
401705495,2025-03-10,BOS,UTAH,0.827369,1,6
401705494,2025-03-10,ATL,PHI,0.616282,1,9
401705502,2025-03-10,OKC,DEN,0.612093,0,-13
401705501,2025-03-10,MEM,PHX,0.571133,1,2
401705500,2025-03-10,HOU,ORL,0.687736,1,13
401705503,2025-03-10,SA,DAL,0.481494,0,-4
401705504,2025-03-10,GS,POR,0.765842,1,10
401705505,2025-03-10,SAC,NY,0.6728,0,-29
401705499,2025-03-10,CHI,IND,0.353477,1,18
401705498,2025-03-10,TOR,WSH,0.701788,1,15
401705507,2025-03-11,DET,WSH,0.844207,1,20
401705506,2025-03-11,CLE,BKN,0.831676,1,5
401705508,2025-03-11,IND,MIL,0.496691,1,1
401705509,2025-03-11,NO,LAC,0.258283,1,7
401705513,2025-03-12,TOR,PHI,0.495519,1,13
401705511,2025-03-12,ATL,CHA,0.761815,1,13
401705512,2025-03-12,BOS,OKC,0.531013,0,-6
401705516,2025-03-12,MEM,UTAH,0.813938,1,7
401705514,2025-03-12,MIA,LAC,0.505888,0,-15
401705518,2025-03-12,DEN,MIN,0.475843,0,-20
401705515,2025-03-12,HOU,PHX,0.649048,1,7
401705519,2025-03-12,POR,NY,0.652468,0,-1
401705517,2025-03-12,SA,DAL,0.462781,1,10
401705522,2025-03-13,CHI,BKN,0.531634,1,6
401705707,2025-03-13,NO,ORL,0.396709,0,-20
401705521,2025-03-13,MIL,LAL,0.574465,1,20
401705523,2025-03-13,GS,SAC,0.688823,1,26
401705520,2025-03-13,DET,WSH,0.816938,0,-4
401705525,2025-03-14,PHI,IND,0.268194,0,-12
401705524,2025-03-14,MIA,BOS,0.31071,0,-12
401705526,2025-03-14,ATL,LAC,0.479831,0,-23
401705530,2025-03-14,SA,CHA,0.624665,0,-11
401705528,2025-03-14,MEM,CLE,0.405994,0,-9
401705527,2025-03-14,HOU,DAL,0.712124,1,37
401705532,2025-03-14,UTAH,TOR,0.379062,0,-8
401705531,2025-03-14,DEN,LAL,0.800012,1,5
401705533,2025-03-14,PHX,SAC,0.433313,1,16
401705529,2025-03-14,MIN,ORL,0.771391,1,7
401705537,2025-03-15,MEM,MIA,0.684838,1,34
401705534,2025-03-15,BKN,BOS,0.164918,0,-2
401705535,2025-03-15,DET,OKC,0.457041,0,-6
401705536,2025-03-15,HOU,CHI,0.749358,1,3
401705539,2025-03-15,SA,NO,0.646916,1,4
401705541,2025-03-15,DEN,WSH,0.792544,0,-3
401705540,2025-03-15,GS,NY,0.7335,1,3
401705538,2025-03-15,MIL,IND,0.570523,1,7
401705548,2025-03-16,MIL,OKC,0.362201,0,-16
401705545,2025-03-16,CLE,ORL,0.799242,0,-5
401705542,2025-03-16,DAL,PHI,0.630585,0,-5
401705543,2025-03-16,LAL,PHX,0.683918,1,11
401705546,2025-03-16,POR,TOR,0.694487,1,3
401705544,2025-03-16,BKN,ATL,0.28546,1,8
401748706,2025-03-16,LAC,CHA,0.838649,1,35
401705547,2025-03-16,MIN,UTAH,0.84483,1,26
401705552,2025-03-17,MIN,IND,0.745364,0,-2
401705551,2025-03-17,HOU,PHI,0.834824,1,7
401705550,2025-03-17,NY,MIA,0.739313,1,21
401705561,2025-03-17,POR,WSH,0.715586,1,15
401705555,2025-03-17,UTAH,CHI,0.399449,0,-14
401705556,2025-03-17,GS,DEN,0.747189,0,-9
401705558,2025-03-17,SAC,MEM,0.544603,1,10
401754705,2025-03-17,LAL,SA,0.746072,1,16
401705553,2025-03-17,NO,DET,0.262234,0,-46
401705557,2025-03-17,PHX,TOR,0.64572,1,40
401705563,2025-03-18,LAC,CLE,0.530235,1,13
401705559,2025-03-18,CHA,ATL,0.175767,0,-32
401705560,2025-03-18,BOS,BKN,0.687081,1,8
401705578,2025-03-18,GS,MIL,0.477974,1,11
401705568,2025-03-19,OKC,PHI,0.781066,1,33
401705565,2025-03-19,ORL,HOU,0.413093,0,-8
401705564,2025-03-19,IND,DAL,0.697867,1,4
401705575,2025-03-19,SAC,CLE,0.44242,1,4
401705566,2025-03-19,MIA,DET,0.279021,0,-3
401705193,2025-03-19,UTAH,WSH,0.629209,1,16
401705574,2025-03-19,POR,MEM,0.563849,1,16
401705573,2025-03-19,PHX,CHI,0.59872,1,6
401705572,2025-03-19,LAL,DEN,0.777672,1,12
401705567,2025-03-19,MIN,NO,0.844181,0,-4
401705569,2025-03-19,SA,NY,0.478546,1,15
401705577,2025-03-20,IND,BKN,0.772731,1,6
401705576,2025-03-20,CHA,NY,0.320445,1,17
401705579,2025-03-20,SAC,CHI,0.614492,0,-12
401705571,2025-03-20,GS,TOR,0.84556,1,3
401705562,2025-03-20,LAL,MIL,0.311839,0,-29
401705583,2025-03-21,OKC,CHA,0.920864,1,35
401705581,2025-03-21,MIA,HOU,0.340694,0,-4
401705580,2025-03-21,WSH,ORL,0.458904,0,-15
401705584,2025-03-21,SA,PHI,0.741017,1,8
401705582,2025-03-21,MIN,NO,0.89599,1,41
401705585,2025-03-21,DAL,DET,0.385148,1,6
401705587,2025-03-21,PHX,CLE,0.349287,1,11
401705589,2025-03-21,LAC,MEM,0.713892,1,20
401705586,2025-03-21,UTAH,BOS,0.207397,0,-22
401705588,2025-03-21,POR,DEN,0.552139,1,19
401705590,2025-03-22,IND,BKN,0.824438,1,5
401705591,2025-03-22,ATL,GS,0.402818,1,9
401705592,2025-03-22,NY,WSH,0.822534,1,19
401705593,2025-03-22,SAC,MIL,0.369515,0,-6
401705594,2025-03-22,LAL,CHI,0.722012,0,-31
401705628,2025-03-27,MIA,ATL,0.399024,1,10
401705626,2025-03-27,ORL,DAL,0.523657,0,-9
401705625,2025-03-27,CLE,SA,0.805407,1,8
401705627,2025-03-27,WSH,IND,0.323856,0,-53
401705629,2025-03-27,CHI,LAL,0.455064,1,2
401705631,2025-03-27,UTAH,HOU,0.274445,0,-11
401705632,2025-03-27,SAC,POR,0.643438,1,21
401705630,2025-03-27,OKC,MEM,0.734,1,21
401705643,2025-03-29,CHI,DAL,0.504978,0,-1
401705645,2025-03-29,OKC,IND,0.635242,1,21
401705644,2025-03-29,MEM,LAL,0.42047,0,-7
401705646,2025-03-29,SA,BOS,0.242899,0,-10
401705640,2025-03-29,ORL,SAC,0.35762,1,30
401705641,2025-03-29,WSH,BKN,0.611736,0,-3
401705642,2025-03-29,PHI,MIA,0.378322,0,-23
401705665,2025-04-01,CHI,TOR,0.721308,1,19
401705668,2025-04-01,DEN,MIN,0.503484,0,-1
401705666,2025-04-01,MEM,GS,0.31574,0,-9
401705554,2025-04-01,SA,ORL,0.445949,0,-11
401705664,2025-04-01,NY,PHI,0.813663,1,14
401705667,2025-04-01,MIL,PHX,0.773729,1,10
401705663,2025-04-01,ATL,POR,0.706834,0,-14
401705704,2025-04-06,CLE,SAC,0.672519,0,-7
401705699,2025-04-06,CHA,CHI,0.227862,0,-14
401705701,2025-04-06,OKC,LAL,0.63646,0,-27
401705705,2025-04-06,POR,SA,0.541172,1,11
401754706,2025-04-06,NO,MIL,0.157112,0,-4
401705700,2025-04-06,BKN,TOR,0.495533,0,-11
401705702,2025-04-06,ATL,UTAH,0.793392,1,13
401705706,2025-04-06,NY,PHX,0.726582,1,14
401705708,2025-04-06,DEN,IND,0.544969,0,-5
401705709,2025-04-06,GS,HOU,0.601612,0,-10
401705703,2025-04-06,BOS,WSH,0.833263,1,34
401705710,2025-04-07,DET,SAC,0.563072,0,-10
401705711,2025-04-07,MIA,PHI,0.639629,1,12
401705713,2025-04-08,CLE,CHI,0.848606,1,22
401705712,2025-04-08,CHA,MEM,0.329627,0,-24
401705715,2025-04-08,ORL,ATL,0.610848,1,7
401705714,2025-04-08,IND,WSH,0.886826,1,6
401705717,2025-04-08,NY,BOS,0.493592,0,-2
401705721,2025-04-08,LAC,SA,0.79941,1,5
401705719,2025-04-08,OKC,LAL,0.655247,1,16
401705718,2025-04-08,MIL,MIN,0.562561,1,7
401705720,2025-04-08,PHX,GS,0.305034,0,-38
401705716,2025-04-08,BKN,NO,0.486823,1,5
401705743,2025-04-11,NO,MIA,0.257879,0,-49
401705740,2025-04-11,BOS,CHA,0.904529,1,36
401705741,2025-04-11,NY,CLE,0.418369,0,-6
401705742,2025-04-11,CHI,WSH,0.834016,1,30
401705738,2025-04-11,IND,ORL,0.678007,0,-14
401705739,2025-04-11,PHI,ATL,0.199466,0,-14
401705737,2025-04-11,DET,MIL,0.422901,0,-6
401705750,2025-04-11,SAC,LAC,0.477499,0,-1
401705745,2025-04-11,MIN,BKN,0.894097,1,26
401705747,2025-04-11,UTAH,OKC,0.267877,0,-34
401705749,2025-04-11,POR,GS,0.235038,0,-17
401705748,2025-04-11,PHX,SA,0.643193,1,19
401705751,2025-04-11,LAL,HOU,0.709357,1,31
401705746,2025-04-11,DEN,MEM,0.691217,1,8
401705744,2025-04-11,DAL,TOR,0.836606,1,22
401766458,2025-04-15,ORL,ATL,0.554719,1,25
401766459,2025-04-15,GS,MEM,0.686379,1,5
401766460,2025-04-16,CHI,MIA,0.603098,0,-19
401766461,2025-04-16,SAC,DAL,0.5187,0,-14
401767821,2025-04-19,LAL,MIN,0.551432,0,-22
401767820,2025-04-19,NY,DET,0.589055,1,11
401767817,2025-04-19,IND,MIL,0.52299,1,19
401767819,2025-04-19,DEN,LAC,0.57579,1,2
401767816,2025-04-20,CLE,MIA,0.763297,1,21
401767822,2025-04-20,BOS,ORL,0.80978,1,17
401767823,2025-04-20,HOU,GS,0.581074,0,-10
401767818,2025-04-20,OKC,MEM,0.744025,1,51
401768061,2025-04-21,DEN,LAC,0.532423,0,-3
401768041,2025-04-21,NY,DET,0.623052,0,-6
401768047,2025-04-22,IND,MIL,0.461086,1,8
401767903,2025-04-22,OKC,MEM,0.765953,1,19
401767915,2025-04-22,LAL,MIN,0.574892,1,9
401767909,2025-04-23,HOU,GS,0.512748,1,15
401768029,2025-04-23,BOS,ORL,0.797765,1,9
401768035,2025-04-23,CLE,MIA,0.747358,1,9
401767904,2025-04-24,MEM,OKC,0.295621,0,-6
401768042,2025-04-24,DET,NY,0.545334,0,-2
401768062,2025-04-24,LAC,DEN,0.656407,1,34
401768030,2025-04-25,ORL,BOS,0.4121,1,2
401768048,2025-04-25,MIL,IND,0.497441,1,16
401768056,2025-04-25,MIN,LAL,0.623608,1,12
401767910,2025-04-26,GS,HOU,0.617285,1,11
401768036,2025-04-26,MIA,CLE,0.323217,0,-37
401767905,2025-04-26,MEM,OKC,0.27052,0,-2
401768063,2025-04-26,LAC,DEN,0.633,0,-2
401768049,2025-04-27,MIL,IND,0.527278,0,-26
401768031,2025-04-27,ORL,BOS,0.404779,0,-9
401768057,2025-04-27,MIN,LAL,0.585622,1,3
401768043,2025-04-27,DET,NY,0.51203,0,-1
401768037,2025-04-28,MIA,CLE,0.290522,0,-55
401767911,2025-04-28,GS,HOU,0.630895,1,3
401768064,2025-04-29,DEN,LAC,0.468643,1,16
401768032,2025-04-29,BOS,ORL,0.806006,1,31
401768044,2025-04-29,NY,DET,0.641641,0,-3
401768050,2025-04-29,IND,MIL,0.521593,1,1
401767912,2025-04-30,HOU,GS,0.502416,1,15
401768058,2025-04-30,LAL,MIN,0.432894,0,-7
401768045,2025-05-01,DET,NY,0.517941,0,-3
401768065,2025-05-01,LAC,DEN,0.649402,1,6
401767913,2025-05-02,GS,HOU,0.611754,0,-8
401768066,2025-05-03,DEN,LAC,0.502172,1,19
401767914,2025-05-04,HOU,GS,0.659586,0,-14
401769689,2025-05-04,CLE,IND,0.584595,0,-9
401769746,2025-05-05,BOS,NY,0.683153,0,-3
401769820,2025-05-05,OKC,DEN,0.673047,0,-2
401769837,2025-05-06,MIN,GS,0.594967,0,-11
401769740,2025-05-06,CLE,IND,0.53677,0,-1
401769821,2025-05-07,OKC,DEN,0.729206,1,43
401769747,2025-05-07,BOS,NY,0.633474,0,-1
401769838,2025-05-08,MIN,GS,0.699213,1,24
401769741,2025-05-09,IND,CLE,0.548682,0,-22
401769822,2025-05-09,DEN,OKC,0.411233,1,9
401769748,2025-05-10,NY,BOS,0.409497,0,-22
401769839,2025-05-10,GS,MIN,0.38265,0,-5
401769823,2025-05-11,DEN,OKC,0.409208,0,-5
401769742,2025-05-11,IND,CLE,0.506013,1,20
401769840,2025-05-12,GS,MIN,0.397667,0,-7
401769749,2025-05-12,NY,BOS,0.404581,1,8
401769743,2025-05-13,CLE,IND,0.557967,0,-9
401769990,2025-05-13,OKC,DEN,0.722262,1,7
401769987,2025-05-14,MIN,GS,0.764884,1,11
401769750,2025-05-14,BOS,NY,0.666516,1,25
401769991,2025-05-15,DEN,OKC,0.358326,1,12
401769751,2025-05-16,NY,BOS,0.528479,1,38
401769992,2025-05-18,OKC,DEN,0.754356,1,32
401773148,2025-05-20,OKC,MIN,0.678446,1,26
401772989,2025-05-21,NY,IND,0.443635,0,-3
401773149,2025-05-22,OKC,MIN,0.677616,1,15
401772990,2025-05-23,NY,IND,0.465759,0,-5
401773150,2025-05-24,MIN,OKC,0.448718,1,42
401772991,2025-05-25,IND,NY,0.730028,0,-6
401773151,2025-05-26,MIN,OKC,0.436871,0,-2
401772992,2025-05-27,IND,NY,0.71178,1,9
401773152,2025-05-28,OKC,MIN,0.736348,1,30
401772993,2025-05-29,NY,IND,0.409754,1,17
401772994,2025-05-31,IND,NY,0.758286,1,17
401766122,2025-06-05,OKC,IND,0.564196,0,-1
401766123,2025-06-08,OKC,IND,0.671354,1,16
401766124,2025-06-11,IND,OKC,0.483322,1,9
401766125,2025-06-13,IND,OKC,0.472772,0,-7
401766126,2025-06-16,OKC,IND,0.698679,1,11
401766127,2025-06-19,IND,OKC,0.470759,1,17
401766128,2025-06-22,OKC,IND,0.700845,1,12
401810049,2025-11-09,MEM,OKC,0.288982,0,-14
401810054,2025-11-10,DET,WSH,0.840441,1,2
401810056,2025-11-10,MIA,CLE,0.521366,1,2
401810058,2025-11-10,DAL,MIL,0.431092,0,-2
401810062,2025-11-11,BKN,TOR,0.172175,0,-10
401810064,2025-11-11,PHI,BOS,0.618352,1,2
401810066,2025-11-11,UTAH,IND,0.624258,1,24
401810065,2025-11-11,OKC,GS,0.68333,1,24
401810075,2025-11-12,SA,GS,0.71007,0,-5
401810077,2025-11-12,OKC,LAL,0.645647,1,29
401810078,2025-11-12,SAC,ATL,0.324703,0,-33
401810074,2025-11-12,NO,POR,0.315439,0,-8
401810076,2025-11-12,DAL,PHX,0.379437,0,-9
401810072,2025-11-12,MIA,CLE,0.708525,0,-14
401810070,2025-11-12,NY,ORL,0.59173,0,-17
401810069,2025-11-12,DET,CHI,0.510904,1,11
401810068,2025-11-12,CHA,MIL,0.50955,1,11
401810071,2025-11-12,BOS,MEM,0.751361,1,36
401810079,2025-11-12,LAC,DEN,0.39899,0,-14
401810082,2025-11-13,UTAH,ATL,0.367752,0,-10
401810081,2025-11-13,PHX,IND,0.827906,1,35
401810080,2025-11-13,CLE,TOR,0.608384,0,-13
401809785,2025-11-14,MIL,CHA,0.665915,1,13
401809789,2025-11-14,SA,GS,0.575188,0,-1
401809788,2025-11-14,DAL,LAC,0.553824,0,-6
401809787,2025-11-14,NO,LAL,0.266115,0,-14
401809781,2025-11-14,NY,MIA,0.594245,1,8
401809783,2025-11-14,DET,PHI,0.505235,1,9
401809784,2025-11-14,HOU,POR,0.710244,1,24
401809782,2025-11-14,ORL,BKN,0.840872,1,7
401809786,2025-11-14,MIN,SAC,0.815935,1,14
401810083,2025-11-15,CLE,MEM,0.783453,1,8
401810084,2025-11-15,CHA,OKC,0.264406,0,-13
401810087,2025-11-15,MIN,DEN,0.50684,0,-11
401810086,2025-11-15,MIL,LAL,0.559709,0,-24
401810085,2025-11-15,IND,TOR,0.23449,0,-18
401810089,2025-11-16,SA,SAC,0.809851,1,13
401810088,2025-11-16,BOS,LAC,0.749586,1,3
401810090,2025-11-16,WSH,BKN,0.614917,0,-23
401810095,2025-11-16,UTAH,CHI,0.33681,1,3
401810092,2025-11-16,NO,GS,0.3256,0,-18
401810093,2025-11-16,DAL,POR,0.477783,1,5
401810094,2025-11-16,PHX,ATL,0.72309,0,-2
401810091,2025-11-16,HOU,ORL,0.762116,1,4
401810096,2025-11-17,CLE,MIL,0.717746,1,12
401810097,2025-11-17,DET,IND,0.80145,1,15
401810098,2025-11-17,PHI,LAC,0.717339,1,2
401810099,2025-11-17,MIA,NY,0.573526,1,2
401810101,2025-11-17,MIN,DAL,0.82422,1,24
401810102,2025-11-17,NO,OKC,0.170764,0,-17
401810103,2025-11-17,DEN,CHI,0.673535,0,-3
401810100,2025-11-17,TOR,CHA,0.715331,1,2
401810104,2025-11-18,ORL,GS,0.556604,1,8
401810106,2025-11-18,ATL,DET,0.543256,0,-8
401810105,2025-11-18,BKN,BOS,0.236897,0,-14
401810108,2025-11-18,LAL,UTAH,0.762838,1,14
401810109,2025-11-18,POR,PHX,0.573671,0,-17
401810107,2025-11-18,SA,MEM,0.859349,1,10
401810114,2025-11-19,MIN,WSH,0.887024,1,11
401810117,2025-11-19,DAL,NY,0.381018,0,-2
401810116,2025-11-19,OKC,SAC,0.824194,1,14
401810115,2025-11-19,NO,DEN,0.246217,0,-7
401810111,2025-11-19,IND,CHA,0.368138,1,9
401810113,2025-11-19,PHI,TOR,0.529896,0,-9
401810110,2025-11-19,CLE,HOU,0.552117,0,-10
401810118,2025-11-19,POR,CHI,0.368556,0,-1
401810112,2025-11-19,MIA,GS,0.712192,1,14
401810122,2025-11-20,SA,ATL,0.658106,1,9
401810121,2025-11-20,MIL,PHI,0.310399,0,-9
401810120,2025-11-20,MEM,SAC,0.62439,1,41
401810119,2025-11-20,ORL,LAC,0.768132,1,28
401809794,2025-11-21,DAL,NO,0.575469,1,3
401809798,2025-11-21,GS,POR,0.755636,0,-4
401809797,2025-11-21,UTAH,OKC,0.222804,0,-32
401809795,2025-11-21,PHX,MIN,0.587827,1,1
401809796,2025-11-21,HOU,DEN,0.564661,0,-3
401809793,2025-11-21,CHI,MIA,0.570371,0,-36
401809791,2025-11-21,BOS,BKN,0.841035,0,-8
401809790,2025-11-21,CLE,IND,0.827848,1,11
401809792,2025-11-21,TOR,WSH,0.884292,1,30
401810129,2025-11-22,DEN,SAC,0.830422,0,-5
401810128,2025-11-22,DAL,MEM,0.539727,0,-6
401810127,2025-11-22,MIL,DET,0.310874,0,-13
401810126,2025-11-22,CHI,WSH,0.806553,1,1
401810125,2025-11-22,NO,ATL,0.320131,0,-17
401810124,2025-11-22,ORL,NY,0.585198,1,12
401810123,2025-11-22,CHA,LAC,0.637074,0,-15
401810135,2025-11-23,OKC,POR,0.816436,1,27
401810133,2025-11-23,CLE,LAC,0.691764,1,15
401810136,2025-11-23,PHX,SA,0.629709,1,9
401810134,2025-11-23,TOR,BKN,0.867772,1,10
401810137,2025-11-23,UTAH,LAL,0.290798,0,-2
401810132,2025-11-23,BOS,ORL,0.681062,1,9
401810131,2025-11-23,ATL,CHA,0.78312,1,3
401810130,2025-11-23,PHI,MIA,0.51788,0,-10
401810138,2025-11-24,IND,DET,0.307058,0,-5
401810139,2025-11-24,TOR,CLE,0.583899,1,11
401810140,2025-11-24,BKN,NY,0.26665,0,-13
401810141,2025-11-24,MIA,DAL,0.764503,1,4
401810143,2025-11-24,MIL,POR,0.471933,0,-12
401810144,2025-11-24,NO,CHI,0.393393,1,13
401810145,2025-11-24,PHX,HOU,0.506311,0,-22
401810146,2025-11-24,GS,UTAH,0.809639,1,17
401810147,2025-11-24,SAC,MIN,0.27728,1,5
401810142,2025-11-24,MEM,DEN,0.305133,0,-10
401809799,2025-11-25,WSH,ATL,0.318267,1,19
401809800,2025-11-25,PHI,ORL,0.541063,0,-41
401809801,2025-11-25,LAL,LAC,0.754577,1,17
401809802,2025-11-26,BOS,DET,0.50834,1,3
401809803,2025-11-26,CHA,NY,0.357825,0,-28
401809804,2025-11-26,MIA,MIL,0.787938,1,3
401809805,2025-11-26,TOR,IND,0.833236,1,2
401809807,2025-11-26,NO,MEM,0.477655,0,-5
401809808,2025-11-26,GS,HOU,0.471038,0,-4
401809809,2025-11-26,POR,SA,0.465158,0,-13
401809810,2025-11-26,SAC,PHX,0.343335,0,-12
401809806,2025-11-26,OKC,MIN,0.64802,1,8
401809816,2025-11-28,NY,MIL,0.730385,1,9
401809821,2025-11-28,LAC,MEM,0.485965,0,-5
401809820,2025-11-28,LAL,DAL,0.764008,1,10
401809819,2025-11-28,UTAH,SAC,0.648442,1,9
401809817,2025-11-28,OKC,PHX,0.717244,1,4
401809812,2025-11-28,BKN,PHI,0.286006,0,-12
401809815,2025-11-28,IND,WSH,0.573477,1,33
401809813,2025-11-28,CHA,CHI,0.408281,1,7
401809818,2025-11-28,DEN,SA,0.675359,0,-3
401809811,2025-11-28,ATL,CLE,0.582676,1,7
401809814,2025-11-28,DET,ORL,0.605622,0,-3
401810149,2025-11-29,CHA,TOR,0.330928,1,7
401810150,2025-11-29,IND,CHI,0.391582,1,2
401810151,2025-11-29,MIA,DET,0.556618,0,-3
401810148,2025-11-29,MIN,BOS,0.562728,1,4
401810153,2025-11-29,GS,NO,0.805656,1,8
401810154,2025-11-29,PHX,DEN,0.49022,0,-18
401810155,2025-11-29,LAC,DAL,0.660618,0,-4
401810152,2025-11-29,MIL,BKN,0.749767,1,17
401810158,2025-11-30,NY,TOR,0.652717,1,22
401810156,2025-11-30,UTAH,HOU,0.225607,0,-28
401810159,2025-11-30,PHI,ATL,0.52663,0,-8
401810157,2025-11-30,CLE,BOS,0.599979,0,-2
401810161,2025-11-30,MIN,SA,0.548843,1,13
401810162,2025-11-30,SAC,MEM,0.347948,0,-8
401810163,2025-11-30,LAL,NO,0.892192,1,12
401810160,2025-11-30,POR,OKC,0.276216,0,-8
401810170,2025-12-01,DEN,DAL,0.776538,0,-10
401810172,2025-12-01,LAL,PHX,0.65007,0,-17
401810171,2025-12-01,UTAH,HOU,0.254009,1,8
401810169,2025-12-01,ORL,CHI,0.643703,1,5
401810168,2025-12-01,MIA,LAC,0.770599,1,17
401810167,2025-12-01,BKN,CHA,0.422646,1,13
401810166,2025-12-01,WSH,MIL,0.390107,1,3
401810165,2025-12-01,IND,CLE,0.341494,0,-16
401810164,2025-12-01,DET,ATL,0.672327,1,1
401810178,2025-12-02,GS,OKC,0.316182,0,-12
401810177,2025-12-02,SA,MEM,0.738438,1,7
401810176,2025-12-02,NO,MIN,0.302373,0,-7
401810175,2025-12-02,BOS,NY,0.52563,1,6
401810174,2025-12-02,TOR,POR,0.73774,1,3
401810173,2025-12-02,PHI,WSH,0.839897,1,19
401810183,2025-12-03,NY,CHA,0.714758,1,15
401810187,2025-12-03,DAL,MIA,0.323309,1,10
401810186,2025-12-03,MIL,DET,0.48314,1,4
401810185,2025-12-03,HOU,SAC,0.87617,1,26
401810184,2025-12-03,CHI,BKN,0.701012,0,-10
401810181,2025-12-03,ORL,SA,0.593944,0,-2
401810180,2025-12-03,IND,DEN,0.253518,0,-15
401810179,2025-12-03,CLE,POR,0.671672,0,-12
401810182,2025-12-03,ATL,LAC,0.664833,0,-23
401810192,2025-12-04,NO,MIN,0.286318,0,-9
401810191,2025-12-04,TOR,LAL,0.643686,0,-3
401810190,2025-12-04,BKN,UTAH,0.473306,0,-13
401810189,2025-12-04,WSH,BOS,0.340421,0,-45
401810188,2025-12-04,PHI,GS,0.68446,1,1
401810199,2025-12-05,TOR,CHA,0.734304,0,-25
401810193,2025-12-05,BOS,LAL,0.604111,1,21
401810194,2025-12-05,ORL,MIA,0.562933,1,1
401810204,2025-12-05,OKC,DAL,0.823345,1,21
401810201,2025-12-05,HOU,PHX,0.772623,1,19
401810202,2025-12-05,MEM,LAC,0.671059,1,9
401810203,2025-12-05,MIL,PHI,0.373269,0,-15
401810198,2025-12-05,NY,UTAH,0.806907,1,34
401810197,2025-12-05,DET,POR,0.728601,1,6
401810196,2025-12-05,CLE,SA,0.573802,1,13
401810195,2025-12-05,ATL,DEN,0.445739,0,-1
401810200,2025-12-05,CHI,IND,0.642586,0,-15
401810208,2025-12-06,DET,MIL,0.813748,1,12
401810209,2025-12-06,MIA,SAC,0.818798,0,-16
401810210,2025-12-06,MIN,LAC,0.782544,1,3
401810211,2025-12-06,DAL,HOU,0.352524,1,13
401810207,2025-12-06,CLE,GS,0.746644,0,-5
401810205,2025-12-06,BKN,NO,0.589294,1,18
401810206,2025-12-06,WSH,ATL,0.324351,0,-15
401810216,2025-12-07,CHI,GS,0.567683,0,-32
401810214,2025-12-07,CHA,DEN,0.204646,0,-9
401810215,2025-12-07,MEM,POR,0.626843,1,23
401810217,2025-12-07,PHI,LAL,0.506332,0,-4
401810212,2025-12-07,NY,ORL,0.596112,1,6
401810218,2025-12-07,UTAH,OKC,0.160818,0,-30
401810213,2025-12-07,TOR,BOS,0.527446,0,-8
401810221,2025-12-08,NO,SA,0.247119,0,-3
401810220,2025-12-08,MIN,PHX,0.718296,0,-3
401810219,2025-12-08,IND,SAC,0.645331,1,11
401809834,2025-12-09,TOR,NY,0.36741,0,-16
401809833,2025-12-09,ORL,MIA,0.599471,1,9
401809836,2025-12-10,LAL,SA,0.594574,0,-13
401809835,2025-12-10,OKC,PHX,0.816058,1,49
401836748,2025-12-11,NO,POR,0.472902,1,23
401836746,2025-12-11,HOU,LAC,0.824413,1,2
401836749,2025-12-11,SAC,DEN,0.184982,0,-31
401836747,2025-12-11,MIL,BOS,0.305759,1,15
401836750,2025-12-12,CHA,CHI,0.283791,0,-3
401836751,2025-12-12,DET,ATL,0.647439,1,27
401836753,2025-12-12,WSH,CLE,0.26503,0,-4
401836752,2025-12-12,PHI,IND,0.733416,1,10
401836795,2025-12-12,DAL,BKN,0.671322,1,8
401836796,2025-12-12,GS,MIN,0.487256,0,-7
401836754,2025-12-12,MEM,UTAH,0.735822,0,-4
401809838,2025-12-13,OKC,SA,0.611482,0,-2
401809837,2025-12-13,ORL,NY,0.573519,0,-12
401836798,2025-12-14,ATL,PHI,0.603986,1,3
401839699,2025-12-14,PHX,LAL,0.498368,0,-2
401836797,2025-12-14,IND,WSH,0.666911,0,-19
401836799,2025-12-14,CLE,CHA,0.843933,0,-8
401836802,2025-12-14,POR,GS,0.455291,1,5
401836800,2025-12-14,BKN,MIL,0.538501,1,45
401836801,2025-12-14,MIN,SAC,0.816883,1,14
401836804,2025-12-14,CHI,NO,0.693182,0,-10
401839023,2025-12-15,MIA,TOR,0.667141,0,-10
401836805,2025-12-15,UTAH,DAL,0.450173,1,7
401836803,2025-12-15,BOS,DET,0.531295,0,-7
401836807,2025-12-15,LAC,MEM,0.5239,0,-18
401836806,2025-12-15,DEN,HOU,0.626248,1,3
401809839,2025-12-16,NY,SA,0.62659,1,11
401810223,2025-12-17,MIN,MEM,0.657338,0,-6
401810222,2025-12-17,CHI,CLE,0.442775,1,16
401810227,2025-12-18,IND,NY,0.313341,0,-1
401810225,2025-12-18,SA,WSH,0.839779,1,25
401810234,2025-12-18,UTAH,LAL,0.26003,0,-8
401810235,2025-12-18,POR,SAC,0.780383,1,1
401810224,2025-12-18,OKC,LAC,0.890215,1,21
401810228,2025-12-18,BKN,MIA,0.385916,0,-11
401810229,2025-12-18,MIL,TOR,0.388645,0,-6
401810230,2025-12-18,NO,HOU,0.280138,1,5
401810231,2025-12-18,DAL,DET,0.35569,1,2
401810232,2025-12-18,DEN,ORL,0.618117,1,11
401810233,2025-12-18,PHX,GS,0.635632,1,1
401810226,2025-12-18,CHA,ATL,0.412517,1,7
401810240,2025-12-19,MIN,OKC,0.534514,1,5
401810236,2025-12-19,BOS,MIA,0.670902,1,13
401810239,2025-12-19,CLE,CHI,0.552297,0,-11
401810238,2025-12-19,ATL,SA,0.472784,0,-28
401810237,2025-12-19,NY,PHI,0.575397,0,-9
401810247,2025-12-20,GS,PHX,0.649224,1,3
401810242,2025-12-20,PHI,DAL,0.527453,1,7
401810243,2025-12-20,TOR,BOS,0.600368,0,-16
401810244,2025-12-20,NO,IND,0.488076,1,19
401810241,2025-12-20,DEN,HOU,0.593484,0,-14
401810248,2025-12-20,UTAH,ORL,0.249191,0,-1
401810249,2025-12-20,SAC,POR,0.343794,0,-5
401810250,2025-12-20,LAC,LAL,0.386695,1,15
401810246,2025-12-20,MEM,WSH,0.826404,0,-8
401810245,2025-12-20,DET,CHA,0.802091,1,26
401810255,2025-12-21,MIN,MIL,0.766946,1,3
401810251,2025-12-21,ATL,CHI,0.599897,0,-2
401810256,2025-12-21,SAC,HOU,0.217194,1,1
401810253,2025-12-21,NY,MIA,0.664909,1,7
401810252,2025-12-21,BKN,TOR,0.598944,1,15
401810254,2025-12-21,WSH,SA,0.1594,0,-11
401810259,2025-12-22,NO,DAL,0.351136,1,6
401810257,2025-12-22,CLE,CHA,0.746315,1,7
401810260,2025-12-22,DEN,UTAH,0.839373,1,23
401810258,2025-12-22,BOS,IND,0.830498,1,8
401810262,2025-12-22,GS,ORL,0.574856,1,23
401810263,2025-12-22,POR,DET,0.355657,0,-8
401810261,2025-12-22,OKC,MEM,0.720297,1,16
401810277,2025-12-23,LAC,HOU,0.330749,1,20
401810273,2025-12-23,PHX,LAL,0.582016,1,24
401810270,2025-12-23,DAL,DEN,0.339214,1,1
401810276,2025-12-23,SAC,DET,0.246141,0,-9
401810275,2025-12-23,POR,ORL,0.359721,0,-4
401810274,2025-12-23,UTAH,MEM,0.294782,0,-9
401810272,2025-12-23,SA,OKC,0.533235,1,20
401810264,2025-12-23,CHA,WSH,0.662443,1,17
401810266,2025-12-23,ATL,CHI,0.568746,0,-3
401810269,2025-12-23,MIA,TOR,0.642594,0,-21
401810268,2025-12-23,IND,MIL,0.484017,0,-17
401810267,2025-12-23,CLE,NO,0.677602,1,23
401810265,2025-12-23,PHI,BKN,0.685017,0,-8
401810271,2025-12-23,MIN,NY,0.634409,1,11
401809242,2025-12-25,DEN,MIN,0.607966,1,4
401809241,2025-12-25,LAL,HOU,0.598252,0,-23
401809240,2025-12-25,GS,DAL,0.700912,1,10
401809239,2025-12-25,OKC,SA,0.606184,0,-15
401809238,2025-12-25,NY,CLE,0.658516,1,2
401810281,2025-12-26,IND,BOS,0.271712,0,-18
401810286,2025-12-26,POR,LAC,0.50273,0,-16
401810284,2025-12-26,NO,PHX,0.369886,0,-7
401810283,2025-12-26,MEM,MIL,0.679211,1,21
401810278,2025-12-26,ATL,MIA,0.541007,0,-15
401810285,2025-12-26,UTAH,DET,0.291525,1,2
401810280,2025-12-26,WSH,TOR,0.432176,1,21
401810279,2025-12-26,ORL,CHA,0.740818,0,-15
401810282,2025-12-26,CHI,PHI,0.407328,1,7
401810295,2025-12-27,SA,UTAH,0.82263,0,-13
401810291,2025-12-27,MIA,IND,0.808613,1,26
401810294,2025-12-27,MIN,BKN,0.660693,0,-16
401810292,2025-12-27,CHI,MIL,0.610491,0,-9
401810293,2025-12-27,HOU,CLE,0.57687,1,17
401810290,2025-12-27,ATL,NY,0.415304,0,-3
401810289,2025-12-27,NO,PHX,0.342841,0,-9
401810288,2025-12-27,ORL,DEN,0.499533,1,1
401810287,2025-12-27,SAC,DAL,0.494725,1,6
401810301,2025-12-28,LAL,SAC,0.859996,1,24
401810300,2025-12-28,LAC,DET,0.363828,1,13
401810299,2025-12-28,POR,BOS,0.349398,1,6
401810298,2025-12-28,WSH,MEM,0.33642,1,4
401810297,2025-12-28,OKC,PHI,0.668451,1,25
401810296,2025-12-28,TOR,GS,0.546577,1,14
401810307,2025-12-29,CHI,MIN,0.458345,0,-35
401810308,2025-12-29,HOU,IND,0.830611,1,7
401810309,2025-12-29,NO,NY,0.302289,0,-5
401810310,2025-12-29,OKC,ATL,0.800477,1,11
401810311,2025-12-29,SA,CLE,0.695311,0,-12
401810302,2025-12-29,CHA,MIL,0.512094,0,-10
401810306,2025-12-29,TOR,ORL,0.498399,1,1
401810305,2025-12-29,MIA,DEN,0.535696,1,24
401810303,2025-12-29,WSH,PHX,0.345523,0,-14
401810304,2025-12-29,BKN,GS,0.553416,0,-13
401810312,2025-12-29,POR,DAL,0.604963,1,3
401810313,2025-12-30,MEM,PHI,0.43044,0,-3
401810316,2025-12-30,LAC,SAC,0.732087,1,41
401810315,2025-12-30,LAL,DET,0.528485,0,-22
401810314,2025-12-30,UTAH,BOS,0.293923,0,-10
401810324,2025-12-31,MIL,WSH,0.721657,0,-1
401810322,2025-12-31,SA,NY,0.591877,1,2
401810325,2025-12-31,OKC,POR,0.827345,1,29
401810321,2025-12-31,CHI,NO,0.587164,1,16
401810323,2025-12-31,TOR,DEN,0.51616,0,-3
401810319,2025-12-31,IND,ORL,0.286352,0,-2
401810317,2025-12-31,CHA,GS,0.431776,0,-7
401810320,2025-12-31,CLE,PHX,0.621606,1,16
401810318,2025-12-31,ATL,MIN,0.380915,1,24
401810330,2026-01-01,LAC,UTAH,0.790453,1,17
401810329,2026-01-01,SAC,BOS,0.224783,0,-14
401810328,2026-01-01,DAL,PHI,0.343362,0,-15
401810327,2026-01-01,DET,MIA,0.595258,0,-6
401810326,2026-01-01,BKN,HOU,0.329437,0,-24
401810340,2026-01-02,LAL,MEM,0.601553,1,7
401810335,2026-01-02,CHI,ORL,0.454547,1,7
401810339,2026-01-02,GS,OKC,0.327402,0,-37
401810337,2026-01-02,NO,POR,0.466399,0,-13
401810336,2026-01-02,MIL,CHA,0.717484,1,1
401810334,2026-01-02,NY,ATL,0.678939,0,-12
401810333,2026-01-02,CLE,DEN,0.54864,1,5
401810332,2026-01-02,WSH,BKN,0.555593,1,20
401810331,2026-01-02,IND,SA,0.229047,0,-10
401810338,2026-01-02,PHX,SAC,0.857329,1,27
401810343,2026-01-03,TOR,ATL,0.682375,1,17
401810341,2026-01-03,MIA,MIN,0.504781,0,-10
401810342,2026-01-03,NY,PHI,0.497892,0,-11
401810344,2026-01-03,CHI,CHA,0.654769,0,-13
401810347,2026-01-03,GS,UTAH,0.762882,1,9
401810346,2026-01-03,DAL,HOU,0.322131,1,6
401810348,2026-01-03,LAC,BOS,0.419791,0,-31
401810345,2026-01-03,SA,POR,0.751998,0,-5
401810356,2026-01-04,LAL,MEM,0.59636,1,6
401810353,2026-01-04,WSH,MIN,0.310882,0,-26
401810354,2026-01-04,PHX,OKC,0.443684,1,3
401810355,2026-01-04,SAC,MIL,0.277149,0,-17
401810352,2026-01-04,MIA,NO,0.732612,1,19
401810351,2026-01-04,BKN,DEN,0.39139,1,12
401810350,2026-01-04,ORL,IND,0.816924,1,8
401810349,2026-01-04,CLE,DET,0.45891,0,-4
401810357,2026-01-05,DET,NY,0.551209,1,31
401810359,2026-01-05,TOR,ATL,0.652752,1,18
401810358,2026-01-05,BOS,CHI,0.766216,1,14
401810360,2026-01-05,HOU,PHX,0.722675,1,3
401810364,2026-01-05,POR,UTAH,0.727324,1,20
401810362,2026-01-05,PHI,DEN,0.703241,0,-1
401810363,2026-01-05,LAC,GS,0.524401,1,1
401810361,2026-01-05,OKC,CHA,0.699035,0,-27
401810365,2026-01-06,IND,CLE,0.327655,0,-4
401810366,2026-01-06,WSH,ORL,0.336464,1,8
401810370,2026-01-06,SAC,DAL,0.26159,0,-2
401810368,2026-01-06,MIN,MIA,0.630184,1,28
401810369,2026-01-06,NO,LAL,0.313663,0,-8
401810367,2026-01-06,MEM,SA,0.430602,1,1
401810382,2026-01-07,POR,HOU,0.449727,1,1
401810381,2026-01-07,GS,MIL,0.606816,1,7
401810378,2026-01-07,SA,LAL,0.790862,1,16
401810380,2026-01-07,OKC,UTAH,0.847767,1,4
401810377,2026-01-07,NY,LAC,0.617383,1,12
401810372,2026-01-07,DET,CHI,0.75704,1,15
401810374,2026-01-07,ATL,NO,0.72194,1,17
401810375,2026-01-07,BOS,DEN,0.649647,0,-4
401810373,2026-01-07,PHI,WSH,0.82322,1,21
401810371,2026-01-07,CHA,TOR,0.493809,0,-1
401810376,2026-01-07,BKN,ORL,0.538847,0,-1
401810379,2026-01-07,MEM,PHX,0.52168,0,-19
401810383,2026-01-08,CHA,IND,0.713661,0,-2
401810386,2026-01-08,UTAH,DAL,0.298543,1,2
401810385,2026-01-08,MIN,CLE,0.661843,1,9
401810391,2026-01-09,MEM,OKC,0.436241,0,-1
401810396,2026-01-09,LAL,MIL,0.530933,0,-4
401810393,2026-01-09,PHX,NY,0.551566,1,5
401810395,2026-01-09,POR,HOU,0.510201,1,6
401810392,2026-01-09,DEN,ATL,0.506754,0,-23
401810388,2026-01-09,ORL,PHI,0.525234,0,-12
401810390,2026-01-09,BKN,LAC,0.459181,0,-16
401810389,2026-01-09,WSH,NO,0.49426,0,-21
401810387,2026-01-09,BOS,TOR,0.771907,1,8
401810394,2026-01-09,GS,SAC,0.868065,1,34
401810397,2026-01-10,CLE,MIN,0.515592,1,12
401810398,2026-01-10,IND,MIA,0.30356,1,24
401810402,2026-01-10,UTAH,CHA,0.312385,0,-55
401810400,2026-01-10,BOS,SA,0.491301,0,-5
401810401,2026-01-10,CHI,DAL,0.627764,1,18
401810399,2026-01-10,DET,LAC,0.580652,0,-6
401810403,2026-01-11,ORL,NO,0.776544,1,10
401810404,2026-01-11,MEM,BKN,0.723643,1,5
401810405,2026-01-11,TOR,PHI,0.453032,1,1
401810406,2026-01-11,POR,NY,0.415019,0,-9
401810407,2026-01-11,MIN,SA,0.510295,1,1
401810412,2026-01-11,SAC,HOU,0.223326,1,13
401810409,2026-01-11,DEN,MIL,0.446704,1,4
401810410,2026-01-11,PHX,WSH,0.837172,1,19
401810411,2026-01-11,GS,ATL,0.657579,0,-13
401810408,2026-01-11,OKC,MIA,0.737959,1,12
401810418,2026-01-12,LAC,CHA,0.615328,1,8
401810417,2026-01-12,SAC,LAL,0.441508,1,12
401810416,2026-01-12,DAL,BKN,0.487156,1,8
401810415,2026-01-12,TOR,PHI,0.455103,0,-13
401810413,2026-01-12,CLE,UTAH,0.804178,0,-11
401810414,2026-01-12,IND,BOS,0.284978,1,2
401810425,2026-01-13,GS,POR,0.806846,1,22
401810424,2026-01-13,LAL,ATL,0.536082,1,25
401810423,2026-01-13,OKC,SA,0.565416,1,21
401810422,2026-01-13,NO,DEN,0.356443,0,-6
401810421,2026-01-13,MIL,MIN,0.54416,0,-33
401810420,2026-01-13,HOU,CHI,0.722418,1,6
401810419,2026-01-13,MIA,PHX,0.449183,1,6
401810429,2026-01-14,NO,BKN,0.450612,1,3
401810431,2026-01-14,SAC,NY,0.262804,1,11
401810430,2026-01-14,DAL,DEN,0.424451,0,-9
401810432,2026-01-14,LAC,WSH,0.799195,1,14
401810427,2026-01-14,PHI,CLE,0.562379,0,-26
401810426,2026-01-14,IND,TOR,0.317156,0,-14
401810428,2026-01-14,CHI,UTAH,0.786243,1,2
401810434,2026-01-15,DET,PHX,0.768289,1,3
401810433,2026-01-15,ORL,MEM,0.528359,1,7
401810435,2026-01-15,MIA,BOS,0.362299,0,-5
401810436,2026-01-15,HOU,OKC,0.429375,0,-20
401810441,2026-01-15,LAL,CHA,0.617137,0,-18
401810438,2026-01-15,DAL,UTAH,0.638052,1,22
401810439,2026-01-15,GS,NY,0.709632,1,13
401810440,2026-01-15,POR,ATL,0.531084,1,16
401810437,2026-01-15,SA,MIL,0.681682,1,18
401810447,2026-01-16,SAC,WSH,0.608204,1,13
401810446,2026-01-16,HOU,MIN,0.489631,1,5
401810445,2026-01-16,TOR,LAC,0.511975,0,-4
401810442,2026-01-16,BKN,CHI,0.511715,1,3
401810444,2026-01-16,PHI,CLE,0.460672,0,-2
401810443,2026-01-16,IND,NO,0.509747,1,8
401810456,2026-01-17,POR,LAL,0.628705,1,16
401810450,2026-01-17,DET,IND,0.887517,1,43
401810449,2026-01-17,ATL,BOS,0.337311,0,-26
401810451,2026-01-17,NY,PHX,0.53217,0,-7
401810448,2026-01-17,DAL,UTAH,0.705988,1,18
401810453,2026-01-17,SA,MIN,0.645178,1,3
401810455,2026-01-17,DEN,WSH,0.848345,1,6
401810452,2026-01-17,MIA,OKC,0.282814,1,2
401810454,2026-01-17,GS,CHA,0.636306,1,20
401810457,2026-01-18,MEM,ORL,0.537658,1,17
401810458,2026-01-18,CHI,BKN,0.722846,1,22
401810462,2026-01-18,LAL,TOR,0.640779,1,17
401810460,2026-01-18,DEN,CHA,0.563109,0,-23
401810461,2026-01-18,SAC,POR,0.370239,0,-7
401810459,2026-01-18,HOU,NO,0.761099,1,9
401810465,2026-01-19,BKN,PHX,0.263063,0,-9
401810466,2026-01-19,SA,UTAH,0.886594,1,13
401810467,2026-01-19,GS,MIA,0.657266,1,23
401809250,2026-01-19,DET,BOS,0.592552,1,1
401810464,2026-01-19,PHI,IND,0.818319,1,9
401809247,2026-01-19,ATL,MIL,0.523216,0,-2
401809249,2026-01-19,NY,DAL,0.724436,0,-17
401810463,2026-01-19,WSH,LAC,0.312499,0,-4
401809248,2026-01-19,CLE,OKC,0.387059,0,-32
401810474,2026-01-20,SAC,MIA,0.364693,0,-13
401810473,2026-01-20,GS,TOR,0.631621,0,-18
401810472,2026-01-20,DEN,LAL,0.661526,0,-8
401810471,2026-01-20,UTAH,MIN,0.148753,1,5
401810470,2026-01-20,HOU,SA,0.527477,1,5
401810469,2026-01-20,CHI,LAC,0.66339,1,28
401810468,2026-01-20,PHI,PHX,0.436968,0,-6
401810480,2026-01-21,MIL,OKC,0.248856,0,-20
401810479,2026-01-21,NO,DET,0.315296,0,-8
401810478,2026-01-21,MEM,ATL,0.593809,0,-2
401810477,2026-01-21,NY,BKN,0.736582,1,54
401810475,2026-01-21,CHA,CLE,0.591693,0,-7
401810476,2026-01-21,BOS,IND,0.864603,1,15
401810481,2026-01-21,SAC,TOR,0.333787,0,-13
401810489,2026-01-22,POR,MIA,0.591162,1,17
401810488,2026-01-22,LAC,LAL,0.585175,1,8
401810487,2026-01-22,UTAH,SA,0.192347,0,-17
401810486,2026-01-22,MIN,CHI,0.623114,0,-5
401810485,2026-01-22,DAL,GS,0.449087,1,8
401810484,2026-01-22,WSH,DEN,0.263389,0,-10
401810483,2026-01-22,PHI,HOU,0.542995,1,6
401810482,2026-01-22,ORL,CHA,0.527096,0,-27
401810493,2026-01-23,CLE,SAC,0.742125,1,5
401810497,2026-01-23,POR,TOR,0.503408,0,-12
401810496,2026-01-23,OKC,IND,0.856083,0,-3
401810494,2026-01-23,MEM,NO,0.69498,0,-6
401810492,2026-01-23,BKN,BOS,0.263852,0,-4
401810491,2026-01-23,ATL,PHX,0.418653,1,7
401810490,2026-01-23,DET,HOU,0.668309,0,-7
401810495,2026-01-23,MIL,DEN,0.518854,0,-2
401810498,2026-01-24,PHI,NY,0.538527,0,-3
401810501,2026-01-24,ORL,CLE,0.461015,0,-14
401810500,2026-01-24,CHA,WSH,0.800875,1,4
401810503,2026-01-24,DAL,LAL,0.490198,0,-6
401810504,2026-01-24,UTAH,MIA,0.30676,0,-31
401810502,2026-01-24,CHI,BOS,0.456305,1,3
401810505,2026-01-25,DET,SAC,0.846317,1,23
401810508,2026-01-25,OKC,TOR,0.665336,0,-2
401857824,2026-01-25,MIN,GS,0.579899,0,-26
401810510,2026-01-25,PHX,MIA,0.597808,0,-9
401810509,2026-01-25,SA,NO,0.752765,0,-9
401810511,2026-01-25,LAC,BKN,0.799629,1,37
401810514,2026-01-26,ATL,IND,0.790059,1,16
401810513,2026-01-26,CLE,ORL,0.561787,1,16
401810512,2026-01-26,CHA,PHI,0.688004,1,37
401810516,2026-01-26,CHI,LAL,0.520046,0,-11
401810518,2026-01-26,MIN,GS,0.590974,1,25
401810517,2026-01-26,HOU,MEM,0.6844,1,9
401810515,2026-01-26,BOS,POR,0.719508,1,8
401810520,2026-01-27,NY,SAC,0.863362,1,16
401810519,2026-01-27,WSH,POR,0.288812,1,4
401810522,2026-01-27,OKC,NO,0.783422,1,9
401810521,2026-01-27,PHI,MIL,0.748245,1,17
401810524,2026-01-27,PHX,BKN,0.778461,1,4
401810525,2026-01-27,UTAH,LAC,0.262209,0,-12
401810523,2026-01-27,DEN,DET,0.472668,0,-2
401810526,2026-01-28,CLE,LAL,0.573012,1,30
401810527,2026-01-28,IND,CHI,0.272299,1,3
401810528,2026-01-28,BOS,ATL,0.689115,0,-11
401810529,2026-01-28,MIA,ORL,0.552638,0,-9
401810533,2026-01-28,UTAH,GS,0.25402,0,-16
401810531,2026-01-28,MEM,CHA,0.442007,0,-15
401810532,2026-01-28,DAL,MIN,0.33862,0,-13
401810534,2026-01-28,HOU,SA,0.486161,0,-12
401810530,2026-01-28,TOR,NY,0.575229,0,-27
401810540,2026-01-29,PHX,DET,0.447955,1,18
401810538,2026-01-29,DAL,CHA,0.283267,0,-2
401810541,2026-01-29,MIN,OKC,0.427445,1,12
401810539,2026-01-29,DEN,BKN,0.828511,1,4
401850920,2026-01-29,CHI,MIA,0.580688,0,-3
401810535,2026-01-29,PHI,SAC,0.84951,1,2
401810537,2026-01-29,ATL,HOU,0.410524,0,-18
401810536,2026-01-29,WSH,MIL,0.54799,1,10
401810551,2026-01-30,GS,DET,0.459111,0,-7
401810542,2026-01-30,ORL,TOR,0.537682,1,10
401810544,2026-01-30,BOS,SAC,0.884124,1,19
401810545,2026-01-30,NY,POR,0.640216,1,30
401810543,2026-01-30,WSH,LAL,0.320269,0,-31
401810548,2026-01-30,PHX,CLE,0.559614,1,13
401810550,2026-01-30,DEN,LAC,0.57955,1,13
401810549,2026-01-30,UTAH,BKN,0.558338,0,-10
401810546,2026-01-30,NO,MEM,0.44322,1,8
401810556,2026-01-31,HOU,DAL,0.732415,1,4
401810552,2026-01-31,CHA,SA,0.488343,1,5
401810553,2026-01-31,IND,ATL,0.333032,1,5
401810554,2026-01-31,PHI,NO,0.736197,1,10
401810555,2026-01-31,MEM,MIN,0.279318,0,-17
401810547,2026-01-31,MIA,CHI,0.636017,0,-7
401810561,2026-02-01,TOR,UTAH,0.80039,1,7
401810557,2026-02-01,BOS,MIL,0.836221,1,28
401810559,2026-02-01,DET,BKN,0.859897,1,53
401810560,2026-02-01,MIA,CHI,0.519957,1,43
401810563,2026-02-01,NY,LAL,0.636932,1,12
401810564,2026-02-01,PHX,LAC,0.655427,0,-24
401810558,2026-02-01,SA,ORL,0.654236,1,9
401810565,2026-02-01,POR,CLE,0.466035,0,-19
401810566,2026-02-01,DEN,OKC,0.426015,0,-10
401810562,2026-02-01,WSH,SAC,0.586011,1,4
401810568,2026-02-02,IND,HOU,0.330652,0,-4
401810567,2026-02-02,CHA,NO,0.717089,1,7
401810569,2026-02-02,MEM,MIN,0.309762,1,9
401810570,2026-02-02,LAC,PHI,0.48643,0,-15
401810575,2026-02-03,MIA,ATL,0.630683,0,-12
401810571,2026-02-03,DET,DEN,0.590818,1,3
401810572,2026-02-03,IND,UTAH,0.333936,0,-9
401810573,2026-02-03,WSH,NY,0.24051,0,-31
401810574,2026-02-03,BKN,LAL,0.261898,0,-16
401810578,2026-02-03,OKC,ORL,0.708831,1,36
401810576,2026-02-03,DAL,BOS,0.35777,0,-10
401810577,2026-02-03,MIL,CHI,0.303812,1,16
401810579,2026-02-03,GS,PHI,0.647385,0,-19
401810580,2026-02-03,POR,PHX,0.508344,0,-5
401810586,2026-02-04,SAC,MEM,0.371368,0,-4
401810587,2026-02-04,LAC,CLE,0.519476,0,-33
401810585,2026-02-04,SA,OKC,0.605855,1,10
401810584,2026-02-04,MIL,NO,0.456854,1,4
401810583,2026-02-04,HOU,BOS,0.565084,0,-21
401810581,2026-02-04,NY,DEN,0.598961,1,7
401810582,2026-02-04,TOR,MIN,0.456599,0,-2
401810590,2026-02-05,ATL,UTAH,0.752968,1,2
401810589,2026-02-05,ORL,BKN,0.731608,1,20
401810588,2026-02-05,DET,WSH,0.867195,0,-9
401810591,2026-02-05,TOR,CHI,0.640906,1,16
401810595,2026-02-05,LAL,PHI,0.55311,1,4
401810593,2026-02-05,DAL,SA,0.307536,0,-12
401810594,2026-02-05,PHX,GS,0.689161,0,-4
401810592,2026-02-05,HOU,CHA,0.435982,0,-10
401810598,2026-02-06,MIL,IND,0.574868,1,6
401810601,2026-02-06,SAC,LAC,0.337416,0,-3
401810599,2026-02-06,MIN,NO,0.753646,0,-4
401810600,2026-02-06,POR,MEM,0.666104,1,20
401810597,2026-02-06,DET,NY,0.619236,1,38
401810596,2026-02-06,BOS,MIA,0.642823,1,2
401810611,2026-02-07,SAC,CLE,0.179011,0,-6
401810609,2026-02-07,PHX,PHI,0.564821,0,-6
401810610,2026-02-07,POR,MEM,0.654965,1,7
401810606,2026-02-07,ATL,CHA,0.359829,0,-7
401810608,2026-02-07,LAL,GS,0.656463,1,6
401810602,2026-02-07,BKN,WSH,0.656578,1,14
401810604,2026-02-07,SA,DAL,0.776803,1,13
401810603,2026-02-07,OKC,HOU,0.639347,0,-6
401810605,2026-02-07,ORL,UTAH,0.733808,1,3
401810607,2026-02-07,CHI,DEN,0.263622,0,-16
401810615,2026-02-08,MIN,LAC,0.655087,0,-19
401810614,2026-02-08,TOR,IND,0.792563,1,18
401810613,2026-02-08,WSH,MIA,0.179426,0,-31
401810612,2026-02-08,BOS,NY,0.702083,0,-22
401810625,2026-02-09,POR,PHI,0.628484,1,17
401810623,2026-02-09,GS,MEM,0.666667,1,1
401810622,2026-02-09,DEN,CLE,0.588517,0,-2
401810621,2026-02-09,NO,SAC,0.745688,1,26
401810617,2026-02-09,BKN,CHI,0.428812,1,8
401810619,2026-02-09,ORL,MIL,0.706073,1,19
401810618,2026-02-09,MIA,UTAH,0.759136,0,-4
401810616,2026-02-09,CHA,DET,0.482925,0,-6
401810620,2026-02-09,MIN,ATL,0.695448,1,22
401810624,2026-02-09,LAL,OKC,0.506454,0,-9
401810629,2026-02-10,LAL,SA,0.231808,0,-28
401810628,2026-02-10,PHX,DAL,0.738999,1,9
401810627,2026-02-10,HOU,LAC,0.7015,1,7
401810626,2026-02-10,NY,IND,0.753842,0,-3
401810637,2026-02-11,HOU,LAC,0.648311,0,-3
401810639,2026-02-11,NO,MIA,0.389343,0,-12
401810643,2026-02-11,GS,SA,0.353816,0,-13
401810642,2026-02-11,DEN,MEM,0.768391,1,6
401810641,2026-02-11,UTAH,SAC,0.687128,1,28
401810640,2026-02-11,PHX,OKC,0.312404,0,-27
401810638,2026-02-11,MIN,POR,0.654813,1,24
401810633,2026-02-11,BOS,CHI,0.809937,1,19
401810635,2026-02-11,PHI,NY,0.464384,0,-49
401810634,2026-02-11,BKN,IND,0.558177,0,-5
401810632,2026-02-11,ORL,MIL,0.711088,0,-8
401810631,2026-02-11,CLE,WSH,0.900707,1,25
401810630,2026-02-11,CHA,ATL,0.614828,1,3
401810636,2026-02-11,TOR,DET,0.477713,0,-18
401810644,2026-02-12,OKC,MIL,0.709136,0,-17
401810646,2026-02-12,LAL,DAL,0.716158,1,20
401810645,2026-02-12,UTAH,POR,0.278164,0,-16
401810648,2026-02-19,CLE,BKN,0.906962,1,28
401810656,2026-02-19,LAC,DEN,0.46573,1,1
401810650,2026-02-19,WSH,IND,0.585093,1,7
401810649,2026-02-19,PHI,ATL,0.426016,0,-10
401810654,2026-02-19,GS,BOS,0.383906,0,-11
401810652,2026-02-19,CHI,TOR,0.390902,0,-9
401810651,2026-02-19,NY,DET,0.525266,0,-15
401810655,2026-02-19,SAC,ORL,0.277604,0,-37
401810653,2026-02-19,SA,PHX,0.781185,1,27
401810647,2026-02-19,CHA,HOU,0.611032,0,-4
401810660,2026-02-20,ATL,MIA,0.39414,0,-31
401810659,2026-02-20,MEM,UTAH,0.659818,1,9
401810658,2026-02-20,WSH,IND,0.609714,1,13
401810661,2026-02-20,MIN,DAL,0.814879,1,11
401810657,2026-02-20,CHA,CLE,0.510477,0,-5
401810662,2026-02-20,NO,MIL,0.558438,0,-21
401810665,2026-02-20,POR,DEN,0.493481,0,-54
401810664,2026-02-20,LAL,LAC,0.698215,1,3
401810663,2026-02-20,OKC,BKN,0.818234,1,19
401810671,2026-02-21,NY,HOU,0.687623,1,2
401810668,2026-02-21,MIA,MEM,0.729603,1,16
401810670,2026-02-21,SA,SAC,0.907953,1,17
401810667,2026-02-21,NO,PHI,0.53888,1,15
401810666,2026-02-21,PHX,ORL,0.525605,1,3
401810669,2026-02-21,CHI,DET,0.372984,0,-16
401810678,2026-02-22,LAL,BOS,0.518129,0,-22
401810673,2026-02-22,ATL,BKN,0.816813,1,11
401810676,2026-02-22,IND,DAL,0.465704,0,-4
401810677,2026-02-22,WSH,CHA,0.211896,0,-17
401810682,2026-02-22,LAC,ORL,0.479217,0,-2
401810672,2026-02-22,OKC,CLE,0.597827,1,8
401810681,2026-02-22,PHX,POR,0.441809,0,-15
401810680,2026-02-22,CHI,NY,0.297625,0,-6
401810675,2026-02-22,GS,DEN,0.38639,1,11
401810674,2026-02-22,MIL,TOR,0.386145,0,-28
401810679,2026-02-22,MIN,PHI,0.746858,0,-27
401810685,2026-02-23,HOU,UTAH,0.86281,1,20
401810683,2026-02-23,DET,SA,0.539189,0,-11
401810684,2026-02-23,MEM,SAC,0.562798,0,-9
401810689,2026-02-24,TOR,OKC,0.580665,0,-9
401810688,2026-02-24,BKN,DAL,0.414962,0,-9
401810686,2026-02-24,IND,PHI,0.311552,0,-21
401810690,2026-02-24,CLE,NY,0.658209,1,15
401810687,2026-02-24,ATL,WSH,0.85872,1,21
401810692,2026-02-24,MIL,MIA,0.426556,1,11
401810693,2026-02-24,NO,GS,0.529767,1,4
401810694,2026-02-24,PHX,BOS,0.367836,0,-16
401810696,2026-02-24,POR,MIN,0.396201,0,-3
401810695,2026-02-24,LAL,ORL,0.579425,0,-1
401810691,2026-02-24,CHI,CHA,0.288288,0,-32
401810702,2026-02-25,DEN,BOS,0.546521,1,19
401810700,2026-02-25,HOU,SAC,0.856603,1,31
401810701,2026-02-25,MIL,CLE,0.4845,1,2
401810698,2026-02-25,TOR,SA,0.372266,0,-3
401810699,2026-02-25,MEM,GS,0.343613,0,-21
401810697,2026-02-25,DET,OKC,0.759062,1,8
401810710,2026-02-26,PHX,LAL,0.371147,1,3
401810712,2026-02-26,LAC,MIN,0.305007,0,-6
401810704,2026-02-26,PHI,MIA,0.518321,1,7
401810711,2026-02-26,UTAH,NO,0.330376,0,-11
401810708,2026-02-26,CHI,POR,0.432704,0,-9
401810707,2026-02-26,ORL,HOU,0.534401,0,-5
401810706,2026-02-26,BKN,SA,0.158162,0,-16
401810703,2026-02-26,IND,CHA,0.181235,0,-24
401810709,2026-02-26,DAL,SAC,0.686095,0,-9
401810705,2026-02-26,ATL,WSH,0.73255,1,30
401810714,2026-02-27,BOS,BKN,0.873573,1,37
401810715,2026-02-27,MIL,NY,0.317828,0,-29
401810716,2026-02-27,DAL,MEM,0.575344,0,-19
401810717,2026-02-27,OKC,DEN,0.621151,1,6
401810713,2026-02-27,DET,CLE,0.588018,1,3
401810719,2026-02-28,MIA,HOU,0.595458,1,10
401810722,2026-02-28,UTAH,NO,0.44841,0,-10
401810718,2026-02-28,CHA,POR,0.670613,1,16
401810721,2026-02-28,GS,LAL,0.463071,0,-28
401810720,2026-02-28,WSH,TOR,0.209567,0,-9
401810733,2026-03-01,LAL,SAC,0.837014,1,24
401810726,2026-03-01,DEN,MIN,0.550461,0,-9
401810725,2026-03-01,CHI,MIL,0.58616,1,23
401810724,2026-03-01,BKN,CLE,0.168407,0,-4
401810727,2026-03-01,IND,MEM,0.393834,0,-19
401810730,2026-03-01,ORL,DET,0.418931,0,-14
401810729,2026-03-01,BOS,PHI,0.745238,1,16
401810728,2026-03-01,ATL,POR,0.667786,1,34
401810731,2026-03-01,DAL,OKC,0.180041,0,-13
401810732,2026-03-01,LAC,NO,0.641494,1,20
401810723,2026-03-01,NY,SA,0.535753,1,25
401810736,2026-03-02,UTAH,DEN,0.228819,0,-3
401810735,2026-03-02,MIL,BOS,0.344907,0,-27
401810737,2026-03-02,GS,LAC,0.538279,0,-13
401810734,2026-03-02,WSH,HOU,0.210858,0,-5
401810746,2026-03-03,LAL,NO,0.750069,1,9
401810739,2026-03-03,CLE,DET,0.554669,1,4
401810738,2026-03-03,CHA,DAL,0.860051,1,27
401810742,2026-03-03,TOR,NY,0.473146,0,-16
401810741,2026-03-03,MIA,BKN,0.829966,1,26
401810745,2026-03-03,MIN,MEM,0.78179,1,7
401810744,2026-03-03,CHI,OKC,0.379825,0,-8
401810740,2026-03-03,ORL,WSH,0.897092,1,17
401810743,2026-03-03,PHI,SA,0.236202,0,-40
401810747,2026-03-03,SAC,PHX,0.236459,0,-11
401810748,2026-03-04,NY,OKC,0.507187,0,-3
401810751,2026-03-04,MEM,POR,0.292823,0,-8
401810752,2026-03-04,MIL,ATL,0.377398,0,-18
401810749,2026-03-04,BOS,CHA,0.607577,0,-29
401810753,2026-03-04,LAC,IND,0.780174,1,23
401810750,2026-03-04,PHI,UTAH,0.682599,1,4
401810761,2026-03-05,DEN,LAL,0.594645,1,7
401810762,2026-03-05,SAC,NO,0.331954,0,-10
401810760,2026-03-05,PHX,CHI,0.654036,0,-2
401810758,2026-03-05,MIN,TOR,0.666678,1,8
401810759,2026-03-05,SA,DET,0.60598,1,15
401810756,2026-03-05,MIA,BKN,0.840974,1,16
401810757,2026-03-05,HOU,GS,0.733121,0,-2
401810754,2026-03-05,ORL,DAL,0.792465,1,1
401810755,2026-03-05,WSH,UTAH,0.549498,0,-10
401810767,2026-03-06,PHX,NO,0.637146,1,2
401810764,2026-03-06,CHA,MIA,0.571682,0,-8
401810768,2026-03-06,SA,LAC,0.690661,1,4
401810766,2026-03-06,DEN,NY,0.45428,0,-39
401810763,2026-03-06,BOS,DAL,0.840288,1,20
401810769,2026-03-06,LAL,IND,0.796484,1,11
401810765,2026-03-06,HOU,POR,0.648686,1,7
401810772,2026-03-07,ATL,PHI,0.782453,1,9
401810775,2026-03-07,OKC,GS,0.764145,1,7
401810774,2026-03-07,MIL,UTAH,0.722861,1,14
401810773,2026-03-07,MEM,LAC,0.281105,0,-3
401810771,2026-03-07,DET,BKN,0.799905,0,-2
401810770,2026-03-07,MIN,ORL,0.62876,0,-27
401810776,2026-03-08,CLE,BOS,0.521978,0,-11
401810778,2026-03-08,MIA,DET,0.527606,1,11
401810784,2026-03-08,POR,IND,0.768013,1,20
401810783,2026-03-08,PHX,CHA,0.319874,1,12
401810785,2026-03-08,SAC,CHI,0.342823,1,16
401810777,2026-03-08,LAL,NY,0.576347,1,13
401810780,2026-03-08,NO,WSH,0.736554,1,20
401810779,2026-03-08,TOR,DAL,0.780888,1,30
401810781,2026-03-08,MIL,ORL,0.256245,0,-39
401810782,2026-03-08,SA,HOU,0.73848,1,25
401810786,2026-03-09,CLE,PHI,0.830584,1,14
401810788,2026-03-09,OKC,DEN,0.609653,1,3
401810787,2026-03-09,BKN,MEM,0.437875,1,11
401810789,2026-03-09,UTAH,GS,0.464332,1,3
401810790,2026-03-09,LAC,NY,0.511464,1,8
401810793,2026-03-10,MIA,WSH,0.849305,1,21
401810791,2026-03-10,PHI,MEM,0.549,1,10
401810801,2026-03-10,LAL,MIN,0.693394,1,14
401810798,2026-03-10,GS,CHI,0.457092,0,-6
401810799,2026-03-10,POR,CHA,0.407085,0,-2
401810797,2026-03-10,SA,BOS,0.561608,1,9
401810794,2026-03-10,ATL,DAL,0.78258,1,12
401810795,2026-03-10,HOU,TOR,0.621239,1,14
401810796,2026-03-10,MIL,PHX,0.368435,0,-15
401810792,2026-03-10,BKN,DET,0.160482,0,-38
401810800,2026-03-10,SAC,IND,0.656099,1,5
401810803,2026-03-11,NO,TOR,0.421873,1,11
401810804,2026-03-11,UTAH,NY,0.27206,0,-17
401810802,2026-03-11,ORL,CLE,0.468638,1,6
401810805,2026-03-11,DEN,HOU,0.598029,1,36
401810806,2026-03-11,SAC,CHA,0.176397,0,-8
401810807,2026-03-11,LAC,MIN,0.659766,1,25
401810813,2026-03-12,SA,DEN,0.608647,0,-5
401810814,2026-03-12,OKC,BOS,0.686314,1,2
401810966,2026-03-12,MEM,DAL,0.342916,0,-8
401810815,2026-03-12,LAL,CHI,0.717133,1,12
401810812,2026-03-12,MIA,MIL,0.744271,1,7
401810808,2026-03-12,DET,PHI,0.83498,1,22
401810809,2026-03-12,IND,PHX,0.281757,0,-15
401810811,2026-03-12,ATL,BKN,0.87538,1,11
401810810,2026-03-12,ORL,WSH,0.824177,1,5
401810819,2026-03-13,HOU,NO,0.696789,1,2
401810817,2026-03-13,IND,NY,0.232866,0,-9
401810816,2026-03-13,DET,MEM,0.855438,1,16
401810818,2026-03-13,TOR,PHX,0.615902,1,7
401810823,2026-03-13,LAC,CHI,0.7758,1,11
401810821,2026-03-13,GS,MIN,0.550779,0,-10
401810820,2026-03-13,DAL,CLE,0.207902,0,-33
401810822,2026-03-13,POR,UTAH,0.862857,1,10
401810829,2026-03-14,LAL,DEN,0.615865,1,2
401810824,2026-03-14,PHI,BKN,0.664792,1,7
401810825,2026-03-14,ATL,MIL,0.807854,1,23
401810826,2026-03-14,BOS,WSH,0.871117,1,11
401810828,2026-03-14,SA,CHA,0.591711,1,13
401810827,2026-03-14,MIA,ORL,0.576934,0,-4
401810830,2026-03-14,LAC,SAC,0.806134,0,-9
401810831,2026-03-15,OKC,MIN,0.779811,1,13
401810832,2026-03-15,CLE,DAL,0.819157,0,-10
401810834,2026-03-15,MIL,IND,0.635536,1,11
401810837,2026-03-15,SAC,UTAH,0.595396,1,5
401810835,2026-03-15,PHI,POR,0.318497,1,6
401810836,2026-03-15,NY,GS,0.742516,1,3
401810833,2026-03-15,TOR,DET,0.459721,1,11
401810839,2026-03-16,WSH,GS,0.346225,0,-8
401810838,2026-03-16,ATL,ORL,0.576955,1,12
401810840,2026-03-16,BKN,POR,0.15312,0,-19
401810843,2026-03-16,NO,DAL,0.656186,1,18
401810842,2026-03-16,CHI,MEM,0.760989,1,25
401810841,2026-03-16,BOS,PHX,0.711827,1,8
401810844,2026-03-16,HOU,LAL,0.437696,0,-8
401810845,2026-03-16,LAC,SA,0.316549,0,-4
401810848,2026-03-17,WSH,DET,0.152995,0,-13
401810847,2026-03-17,ORL,OKC,0.325019,0,-5
401810849,2026-03-17,NY,IND,0.829522,1,26
401810846,2026-03-17,CHA,MIA,0.552243,1,30
401810851,2026-03-17,MIN,PHX,0.576653,1,12
401810853,2026-03-17,SAC,SA,0.162426,0,-28
401810850,2026-03-17,MIL,CLE,0.218389,0,-7
401810852,2026-03-17,DEN,PHI,0.819766,1,28
401810860,2026-03-18,NO,LAC,0.417882,1,15
401810854,2026-03-18,BOS,GS,0.78561,1,21
401810855,2026-03-18,BKN,OKC,0.082004,0,-29
401858693,2026-03-18,MEM,DEN,0.314529,1,7
401810856,2026-03-18,IND,POR,0.210946,0,-8
401810857,2026-03-18,CHI,TOR,0.435,0,-30
401810861,2026-03-18,DAL,ATL,0.220723,0,-15
401810862,2026-03-18,HOU,LAL,0.426471,0,-8
401810859,2026-03-18,MIN,UTAH,0.825223,1,36
401810864,2026-03-19,WSH,DET,0.21361,0,-22
401810863,2026-03-19,CHA,ORL,0.586778,1,19
401810867,2026-03-19,NO,LAC,0.559761,1,6
401810868,2026-03-19,SA,PHX,0.714041,1,1
401810866,2026-03-19,CHI,CLE,0.292995,0,-5
401810865,2026-03-19,MIA,LAL,0.51703,0,-8
401810870,2026-03-19,SAC,PHI,0.443194,0,-21
401810869,2026-03-19,UTAH,MIL,0.417002,1,32
401810876,2026-03-20,DEN,TOR,0.662919,1,6
401810873,2026-03-20,HOU,ATL,0.46398,1,22
401810874,2026-03-20,MEM,BOS,0.206738,0,-5
401810871,2026-03-20,BKN,NY,0.128169,0,-1
401810872,2026-03-20,DET,GS,0.756873,1,14
401810875,2026-03-20,MIN,POR,0.490435,0,-4
401810880,2026-03-21,NO,CLE,0.339585,0,-5
401810886,2026-03-21,PHX,MIL,0.765515,0,-3
401810885,2026-03-21,UTAH,PHI,0.338063,0,-10
401810884,2026-03-21,DAL,LAC,0.279856,0,-7
401810881,2026-03-21,ATL,GS,0.773545,1,16
401810883,2026-03-21,SA,IND,0.833533,1,15
401810878,2026-03-21,CHA,MEM,0.814806,1,23
401810879,2026-03-21,ORL,LAL,0.482573,0,-1
401810877,2026-03-21,WSH,OKC,0.101445,0,-21
401810882,2026-03-21,HOU,MIA,0.424966,1,1
401810887,2026-03-22,DEN,POR,0.655872,1,16
401810888,2026-03-22,SAC,BKN,0.67061,1,4
401810890,2026-03-22,BOS,MIN,0.789551,0,-10
401810889,2026-03-22,NY,WSH,0.906374,1,32
401810891,2026-03-22,PHX,TOR,0.419215,1,22
401810897,2026-03-23,CHI,HOU,0.432818,1,8
401810894,2026-03-23,ORL,IND,0.727889,0,-2
401810893,2026-03-23,DET,LAL,0.601186,1,3
401810892,2026-03-23,ATL,MEM,0.834858,1,39
401810896,2026-03-23,MIA,SA,0.387222,0,-25
401810898,2026-03-23,UTAH,TOR,0.277726,0,-16
401810899,2026-03-23,DAL,GS,0.416143,0,-6
401810895,2026-03-23,PHI,OKC,0.187118,0,-20
401810901,2026-03-23,LAC,MIL,0.843509,1,33
401810900,2026-03-23,POR,BKN,0.852317,1,35
401810902,2026-03-24,CHA,SAC,0.866439,1,44
401810903,2026-03-24,NY,NO,0.760841,1,5
401810904,2026-03-24,CLE,ORL,0.693827,1,5
401810905,2026-03-24,PHX,DEN,0.421774,0,-2
401810911,2026-03-25,MEM,SA,0.186404,0,-25
401810907,2026-03-25,IND,LAL,0.187277,0,-7
401810912,2026-03-25,UTAH,WSH,0.581864,0,-23
401810908,2026-03-25,PHI,CHI,0.64456,1,20
401810910,2026-03-25,CLE,MIA,0.567569,0,-17
401810909,2026-03-25,BOS,OKC,0.509844,1,10
401810906,2026-03-25,DET,ATL,0.57931,0,-1
401810913,2026-03-25,MIN,HOU,0.601952,1,2
401810915,2026-03-25,GS,BKN,0.845939,1,3
401810914,2026-03-25,DEN,DAL,0.796803,1,7
401810917,2026-03-25,LAC,TOR,0.722635,1,25
401810916,2026-03-25,POR,MIL,0.831392,1,31
401810920,2026-03-26,ORL,SAC,0.864576,1,4
401810919,2026-03-26,DET,NO,0.698984,1,21
401810918,2026-03-26,CHA,NY,0.530519,1,11
401810921,2026-03-27,IND,LAC,0.232507,0,-1
401810923,2026-03-27,CLE,MIA,0.606422,1,21
401810922,2026-03-27,BOS,ATL,0.541107,1,7
401810926,2026-03-27,TOR,NO,0.669196,1,13
401810925,2026-03-27,OKC,CHI,0.801287,1,18
401810929,2026-03-27,POR,DAL,0.789625,0,-7
401810928,2026-03-27,GS,WSH,0.81676,1,5
401810930,2026-03-27,LAL,BKN,0.905717,1,17
401810927,2026-03-27,DEN,UTAH,0.88805,1,6
401810924,2026-03-27,MEM,HOU,0.294177,0,-10
401810931,2026-03-28,MIL,SA,0.111995,0,-32
401810932,2026-03-28,CHA,PHI,0.709913,0,-4
401810933,2026-03-28,ATL,SAC,0.858643,1,10
401810935,2026-03-28,MIN,DET,0.451559,0,-22
401810934,2026-03-28,MEM,CHI,0.420851,1,1
401810936,2026-03-28,PHX,UTAH,0.870141,1,25
401810940,2026-03-29,CHA,BOS,0.628032,0,-15
401810937,2026-03-29,MIL,LAC,0.122014,0,-14
401810938,2026-03-29,IND,MIA,0.241212,1,17
401810942,2026-03-29,POR,WSH,0.890138,1,35
401810944,2026-03-29,OKC,NY,0.587329,1,11
401810939,2026-03-29,BKN,SAC,0.464635,1,17
401810943,2026-03-29,NO,HOU,0.352236,0,-32
401810945,2026-03-29,DEN,GS,0.753467,1,23
401810941,2026-03-29,TOR,ORL,0.489891,1,52
401810953,2026-03-30,LAL,WSH,0.883109,1,19
401810952,2026-03-30,OKC,DET,0.737198,1,4
401810950,2026-03-30,DAL,MIN,0.277681,0,-30
401810951,2026-03-30,UTAH,CLE,0.161914,0,-9
401810949,2026-03-30,SA,CHI,0.820975,1,15
401810947,2026-03-30,ATL,BOS,0.592792,1,10
401810946,2026-03-30,MIA,PHI,0.539316,1,10
401810948,2026-03-30,MEM,PHX,0.226343,0,-26
401810956,2026-03-31,DET,TOR,0.698797,1,11
401810957,2026-03-31,HOU,NY,0.533812,1,17
401810958,2026-03-31,LAL,CLE,0.584397,1,14
401810955,2026-03-31,BKN,CHA,0.164508,0,-31
401810954,2026-03-31,ORL,PHX,0.538856,1,4
401858694,2026-03-31,MIL,DAL,0.404543,1,24
401810959,2026-03-31,LAC,POR,0.574524,0,-10
401810960,2026-04-01,WSH,PHI,0.302978,0,-22
401810961,2026-04-01,MIA,BOS,0.419137,0,-18
401810965,2026-04-01,HOU,MIL,0.902357,1,6
401810964,2026-04-01,CHI,IND,0.523162,0,-19
401810963,2026-04-01,TOR,SAC,0.717848,0,-8
401810858,2026-04-01,MEM,NY,0.220675,0,-11
401810967,2026-04-01,UTAH,DEN,0.176634,0,-13
401810968,2026-04-01,GS,SA,0.277635,0,-14
401810962,2026-04-01,ORL,ATL,0.373705,0,-29
401810974,2026-04-02,LAC,SA,0.513776,0,-19
401810972,2026-04-02,GS,CLE,0.32559,0,-7
401810973,2026-04-02,POR,NO,0.729733,1,12
401810969,2026-04-02,CHA,PHX,0.700456,1,20
401810970,2026-04-02,DET,MIN,0.816898,1,5
401810971,2026-04-02,OKC,LAL,0.645834,1,43
401810982,2026-04-03,DAL,ORL,0.269367,0,-11
401810976,2026-04-03,PHI,MIN,0.589559,1,12
401810975,2026-04-03,CHA,IND,0.799156,1,21
401810978,2026-04-03,NY,CHI,0.815266,1,40
401810977,2026-04-03,BKN,ATL,0.150416,0,-34
401810981,2026-04-03,MIL,BOS,0.107471,0,-32
401810980,2026-04-03,MEM,TOR,0.273076,0,-32
401810979,2026-04-03,HOU,UTAH,0.893669,1,34
401810983,2026-04-03,SAC,NO,0.505851,1,4
401810984,2026-04-04,MIA,WSH,0.873324,1,16
401810985,2026-04-04,DEN,SA,0.523632,1,2
401810986,2026-04-04,PHI,DET,0.409707,0,-23
