GAME_ID,uid,date,attendance,time_valid,neutral_site,conference_competition,recent,start_date,notes_type,notes_headline,type_id,type_abbreviation,venue_id,venue_full_name,venue_address_city,venue_address_state,venue_indoor,status_clock,status_display_clock,status_period,status_type_id,status_type_name,status_type_state,status_type_completed,status_type_description,status_type_detail,status_type_short_detail,format_regulation_periods,home_id,home_uid,home_location,home_name,home_abbreviation,home_display_name,home_short_display_name,home_color,home_alternate_color,home_is_active,home_venue_id,home_logo,home_score,home_winner,away_id,away_uid,away_location,away_name,away_abbreviation,away_display_name,away_short_display_name,away_is_active,away_score,away_winner,game_id,season,season_type,away_color,away_alternate_color,away_venue_id,away_logo,status_type_alt_detail,game_json,game_json_url,game_date_time,GAME_DATE,player_box,MATCHUP
401859969,s:40~l:46~e:401859969~c:401859969,2026-06-20,0,True,False,False,False,2026-06-20T00:30Z,event,NBA Finals - Game 7 - If Necessary,17,FINAL,,,,,,0,0.0,0,1,STATUS_SCHEDULED,pre,False,Scheduled,"Fri, June 19th at 8:30 PM EDT",6/19 - 8:30 PM EDT,4,-1,s:40~l:46~t:-1,TBD,TBD,TBD,TBD,TBD,,,False,,,0,,-2,s:40~l:46~t:-2,TBD,TBD,TBD,TBD,TBD,False,0,,401859969,2026,3,,,,,,False,,2026-06-19 20:30:00,2026-06-19,False,TBD @ TBD
401859968,s:40~l:46~e:401859968~c:401859968,2026-06-17,0,True,False,False,False,2026-06-17T00:30Z,event,NBA Finals - Game 6 - If Necessary,17,FINAL,,,,,,0,0.0,0,1,STATUS_SCHEDULED,pre,False,Scheduled,"Tue, June 16th at 8:30 PM EDT",6/16 - 8:30 PM EDT,4,-1,s:40~l:46~t:-1,TBD,TBD,TBD,TBD,TBD,,,False,,,0,,-2,s:40~l:46~t:-2,TBD,TBD,TBD,TBD,TBD,False,0,,401859968,2026,3,,,,,,False,,2026-06-16 20:30:00,2026-06-16,False,TBD @ TBD
401859967,s:40~l:46~e:401859967~c:401859967,2026-06-14,0,True,False,False,False,2026-06-14T00:30Z,event,NBA Finals - Game 5 - If Necessary,17,FINAL,,,,,,0,0.0,0,1,STATUS_SCHEDULED,pre,False,Scheduled,"Sat, June 13th at 8:30 PM EDT",6/13 - 8:30 PM EDT,4,-1,s:40~l:46~t:-1,TBD,TBD,TBD,TBD,TBD,,,False,,,0,,-2,s:40~l:46~t:-2,TBD,TBD,TBD,TBD,TBD,False,0,,401859967,2026,3,,,,,,False,,2026-06-13 20:30:00,2026-06-13,False,TBD @ TBD
401859966,s:40~l:46~e:401859966~c:401859966,2026-06-11,0,True,False,False,False,2026-06-11T00:30Z,event,NBA Finals - Game 4,17,FINAL,,,,,,0,0.0,0,1,STATUS_SCHEDULED,pre,False,Scheduled,"Wed, June 10th at 8:30 PM EDT",6/10 - 8:30 PM EDT,4,-1,s:40~l:46~t:-1,TBD,TBD,TBD,TBD,TBD,,,False,,,0,,-2,s:40~l:46~t:-2,TBD,TBD,TBD,TBD,TBD,False,0,,401859966,2026,3,,,,,,False,,2026-06-10 20:30:00,2026-06-10,False,TBD @ TBD
401859965,s:40~l:46~e:401859965~c:401859965,2026-06-09,0,True,False,False,False,2026-06-09T00:30Z,event,NBA Finals - Game 3,17,FINAL,,,,,,0,0.0,0,1,STATUS_SCHEDULED,pre,False,Scheduled,"Mon, June 8th at 8:30 PM EDT",6/8 - 8:30 PM EDT,4,-1,s:40~l:46~t:-1,TBD,TBD,TBD,TBD,TBD,,,False,,,0,,-2,s:40~l:46~t:-2,TBD,TBD,TBD,TBD,TBD,False,0,,401859965,2026,3,,,,,,False,,2026-06-08 20:30:00,2026-06-08,False,TBD @ TBD
401859964,s:40~l:46~e:401859964~c:401859964,2026-06-06,0,True,False,False,False,2026-06-06T00:30Z,event,NBA Finals - Game 2,17,FINAL,,,,,,0,0.0,0,1,STATUS_SCHEDULED,pre,False,Scheduled,"Fri, June 5th at 8:30 PM EDT",6/5 - 8:30 PM EDT,4,-1,s:40~l:46~t:-1,TBD,TBD,TBD,TBD,TBD,,,False,,,0,,-2,s:40~l:46~t:-2,TBD,TBD,TBD,TBD,TBD,False,0,,401859964,2026,3,,,,,,False,,2026-06-05 20:30:00,2026-06-05,False,TBD @ TBD
401859963,s:40~l:46~e:401859963~c:401859963,2026-06-04,0,True,False,False,False,2026-06-04T00:30Z,event,NBA Finals - Game 1,17,FINAL,,,,,,0,0.0,0,1,STATUS_SCHEDULED,pre,False,Scheduled,"Wed, June 3rd at 8:30 PM EDT",6/3 - 8:30 PM EDT,4,-1,s:40~l:46~t:-1,TBD,TBD,TBD,TBD,TBD,,,False,,,0,,-2,s:40~l:46~t:-2,TBD,TBD,TBD,TBD,TBD,False,0,,401859963,2026,3,,,,,,False,,2026-06-03 20:30:00,2026-06-03,False,TBD @ TBD
401811048,s:40~l:46~e:401811048~c:401811048,2026-04-13,0,True,False,False,False,2026-04-13T00:30Z,,,1,STD,516.0,American Airlines Center,Dallas,TX,True,0,0.0,0,1,STATUS_SCHEDULED,pre,False,Scheduled,"Sun, April 12th at 8:30 PM EDT",4/12 - 8:30 PM EDT,4,6,s:40~l:46~t:6,Dallas,Mavericks,DAL,Dallas Mavericks,Mavericks,0064b1,bbc4ca,True,516.0,https://a.espncdn.com/i/teamlogos/nba/500/scoreboard/dal.png,0,,4,s:40~l:46~t:4,Chicago,Bulls,CHI,Chicago Bulls,Bulls,True,0,,401811048,2026,2,ce1141,000000,1847.0,https://a.espncdn.com/i/teamlogos/nba/500/scoreboard/chi.png,,False,,2026-04-12 20:30:00,2026-04-12,False,CHI @ DAL
401811049,s:40~l:46~e:401811049~c:401811049,2026-04-13,0,True,False,False,False,2026-04-13T00:30Z,,,1,STD,1394.0,Toyota Center (Houston),Houston,TX,True,0,0.0,0,1,STATUS_SCHEDULED,pre,False,Scheduled,"Sun, April 12th at 8:30 PM EDT",4/12 - 8:30 PM EDT,4,10,s:40~l:46~t:10,Houston,Rockets,HOU,Houston Rockets,Rockets,ce1141,000000,True,1394.0,https://a.espncdn.com/i/teamlogos/nba/500/scoreboard/hou.png,0,,29,s:40~l:46~t:29,Memphis,Grizzlies,MEM,Memphis Grizzlies,Grizzlies,True,0,,401811049,2026,2,5d76a9,12173f,1392.0,https://a.espncdn.com/i/teamlogos/nba/500/scoreboard/mem.png,,False,,2026-04-12 20:30:00,2026-04-12,False,MEM @ HOU
401811050,s:40~l:46~e:401811050~c:401811050,2026-04-13,0,True,False,False,False,2026-04-13T00:30Z,,,1,STD,2029.0,Target Center,Minneapolis,MN,True,0,0.0,0,1,STATUS_SCHEDULED,pre,False,Scheduled,"Sun, April 12th at 8:30 PM EDT",4/12 - 8:30 PM EDT,4,16,s:40~l:46~t:16,Minnesota,Timberwolves,MIN,Minnesota Timberwolves,Timberwolves,266092,79bc43,True,2029.0,https://a.espncdn.com/i/teamlogos/nba/500/scoreboard/min.png,0,,3,s:40~l:46~t:3,New Orleans,Pelicans,NO,New Orleans Pelicans,Pelicans,True,0,,401811050,2026,2,0a2240,b4975a,985.0,https://a.espncdn.com/i/teamlogos/nba/500/scoreboard/no.png,,False,,2026-04-12 20:30:00,2026-04-12,False,NOP @ MIN
401811051,s:40~l:46~e:401811051~c:401811051,2026-04-13,0,True,False,False,False,2026-04-13T00:30Z,,,1,STD,2559.0,Paycom Center,Oklahoma City,OK,True,0,0.0,0,1,STATUS_SCHEDULED,pre,False,Scheduled,"Sun, April 12th at 8:30 PM EDT",4/12 - 8:30 PM EDT,4,25,s:40~l:46~t:25,Oklahoma City,Thunder,OKC,Oklahoma City Thunder,Thunder,007ac1,ef3b24,True,2559.0,https://a.espncdn.com/i/teamlogos/nba/500/scoreboard/okc.png,0,,21,s:40~l:46~t:21,Phoenix,Suns,PHX,Phoenix Suns,Suns,True,0,,401811051,2026,2,29127a,e56020,1949.0,https://a.espncdn.com/i/teamlogos/nba/500/scoreboard/phx.png,,False,,2026-04-12 20:30:00,2026-04-12,False,PHX @ OKC
401811052,s:40~l:46~e:401811052~c:401811052,2026-04-13,0,True,False,False,False,2026-04-13T00:30Z,,,1,STD,780.0,Frost Bank Center,San Antonio,TX,True,0,0.0,0,1,STATUS_SCHEDULED,pre,False,Scheduled,"Sun, April 12th at 8:30 PM EDT",4/12 - 8:30 PM EDT,4,24,s:40~l:46~t:24,San Antonio,Spurs,SA,San Antonio Spurs,Spurs,000000,c4ced4,True,780.0,https://a.espncdn.com/i/teamlogos/nba/500/scoreboard/sa.png,0,,7,s:40~l:46~t:7,Denver,Nuggets,DEN,Denver Nuggets,Nuggets,True,0,,401811052,2026,2,0e2240,fec524,892.0,https://a.espncdn.com/i/teamlogos/nba/500/scoreboard/den.png,,False,,2026-04-12 20:30:00,2026-04-12,False,DEN @ SAS
401811053,s:40~l:46~e:401811053~c:401811053,2026-04-13,0,True,False,False,False,2026-04-13T00:30Z,,,1,STD,1841.0,crypto.com Arena,Los Angeles,CA,True,0,0.0,0,1,STATUS_SCHEDULED,pre,False,Scheduled,"Sun, April 12th at 8:30 PM EDT",4/12 - 8:30 PM EDT,4,13,s:40~l:46~t:13,Los Angeles,Lakers,LAL,Los Angeles Lakers,Lakers,552583,fdb927,True,1841.0,https://a.espncdn.com/i/teamlogos/nba/500/scoreboard/lal.png,0,,26,s:40~l:46~t:26,Utah,Jazz,UTAH,Utah Jazz,Jazz,True,0,,401811053,2026,2,4e008e,79a3dc,3093.0,https://a.espncdn.com/i/teamlogos/nba/500/scoreboard/utah.png,,False,,2026-04-12 20:30:00,2026-04-12,False,UTA @ LAL
401811054,s:40~l:46~e:401811054~c:401811054,2026-04-13,0,True,False,False,False,2026-04-13T00:30Z,,,1,STD,10642.0,Intuit Dome,Inglewood,CA,True,0,0.0,0,1,STATUS_SCHEDULED,pre,False,Scheduled,"Sun, April 12th at 8:30 PM EDT",4/12 - 8:30 PM EDT,4,12,s:40~l:46~t:12,LA,Clippers,LAC,LA Clippers,Clippers,12173f,c8102e,True,1841.0,https://a.espncdn.com/i/teamlogos/nba/500/scoreboard/lac.png,0,,9,s:40~l:46~t:9,Golden State,Warriors,GS,Golden State Warriors,Warriors,True,0,,401811054,2026,2,fdb927,1d428a,2465.0,https://a.espncdn.com/i/teamlogos/nba/500/scoreboard/gs.png,,False,,2026-04-12 20:30:00,2026-04-12,False,GSW @ LAC
401811055,s:40~l:46~e:401811055~c:401811055,2026-04-13,0,True,False,False,False,2026-04-13T00:30Z,,,1,STD,3423.0,Moda Center,Portland,OR,True,0,0.0,0,1,STATUS_SCHEDULED,pre,False,Scheduled,"Sun, April 12th at 8:30 PM EDT",4/12 - 8:30 PM EDT,4,22,s:40~l:46~t:22,Portland,Trail Blazers,POR,Portland Trail Blazers,Trail Blazers,e03a3e,000000,True,3423.0,https://a.espncdn.com/i/teamlogos/nba/500/scoreboard/por.png,0,,23,s:40~l:46~t:23,Sacramento,Kings,SAC,Sacramento Kings,Kings,True,0,,401811055,2026,2,5a2d81,6a7a82,2247.0,https://a.espncdn.com/i/teamlogos/nba/500/scoreboard/sac.png,,False,,2026-04-12 20:30:00,2026-04-12,False,SAC @ POR
401811041,s:40~l:46~e:401811041~c:401811041,2026-04-12,0,True,False,False,False,2026-04-12T22:00Z,,,1,STD,1824.0,TD Garden,Boston,MA,True,0,0.0,0,1,STATUS_SCHEDULED,pre,False,Scheduled,"Sun, April 12th at 6:00 PM EDT",4/12 - 6:00 PM EDT,4,2,s:40~l:46~t:2,Boston,Celtics,BOS,Boston Celtics,Celtics,008348,ffffff,True,1824.0,https://a.espncdn.com/i/teamlogos/nba/500/scoreboard/bos.png,0,,19,s:40~l:46~t:19,Orlando,Magic,ORL,Orlando Magic,Magic,True,0,,401811041,2026,2,0150b5,9ca0a3,3432.0,https://a.espncdn.com/i/teamlogos/nba/500/scoreboard/orl.png,,False,,2026-04-12 18:00:00,2026-04-12,False,ORL @ BOS
401811042,s:40~l:46~e:401811042~c:401811042,2026-04-12,0,True,False,False,False,2026-04-12T22:00Z,,,1,STD,3417.0,Rocket Arena,Cleveland,OH,True,0,0.0,0,1,STATUS_SCHEDULED,pre,False,Scheduled,"Sun, April 12th at 6:00 PM EDT",4/12 - 6:00 PM EDT,4,5,s:40~l:46~t:5,Cleveland,Cavaliers,CLE,Cleveland Cavaliers,Cavaliers,860038,bc945c,True,3417.0,https://a.espncdn.com/i/teamlogos/nba/500/scoreboard/cle.png,0,,27,s:40~l:46~t:27,Washington,Wizards,WSH,Washington Wizards,Wizards,True,0,,401811042,2026,2,e31837,002b5c,1823.0,https://a.espncdn.com/i/teamlogos/nba/500/scoreboard/wsh.png,,False,,2026-04-12 18:00:00,2026-04-12,False,WAS @ CLE
401811043,s:40~l:46~e:401811043~c:401811043,2026-04-12,0,True,False,False,False,2026-04-12T22:00Z,,,1,STD,2183.0,Gainbridge Fieldhouse,Indianapolis,IN,True,0,0.0,0,1,STATUS_SCHEDULED,pre,False,Scheduled,"Sun, April 12th at 6:00 PM EDT",4/12 - 6:00 PM EDT,4,11,s:40~l:46~t:11,Indiana,Pacers,IND,Indiana Pacers,Pacers,0c2340,ffd520,True,2183.0,https://a.espncdn.com/i/teamlogos/nba/500/scoreboard/ind.png,0,,8,s:40~l:46~t:8,Detroit,Pistons,DET,Detroit Pistons,Pistons,True,0,,401811043,2026,2,1d428a,c8102e,5311.0,https://a.espncdn.com/i/teamlogos/nba/500/scoreboard/det.png,,False,,2026-04-12 18:00:00,2026-04-12,False,DET @ IND
401811044,s:40~l:46~e:401811044~c:401811044,2026-04-12,0,True,False,False,False,2026-04-12T22:00Z,,,1,STD,3438.0,Kaseya Center,Miami,FL,True,0,0.0,0,1,STATUS_SCHEDULED,pre,False,Scheduled,"Sun, April 12th at 6:00 PM EDT",4/12 - 6:00 PM EDT,4,14,s:40~l:46~t:14,Miami,Heat,MIA,Miami Heat,Heat,98002e,000000,True,3438.0,https://a.espncdn.com/i/teamlogos/nba/500/scoreboard/mia.png,0,,1,s:40~l:46~t:1,Atlanta,Hawks,ATL,Atlanta Hawks,Hawks,True,0,,401811044,2026,2,c8102e,fdb927,1827.0,https://a.espncdn.com/i/teamlogos/nba/500/scoreboard/atl.png,,False,,2026-04-12 18:00:00,2026-04-12,False,ATL @ MIA
401811045,s:40~l:46~e:401811045~c:401811045,2026-04-12,0,True,False,False,False,2026-04-12T22:00Z,,,1,STD,1830.0,Madison Square Garden,New York,NY,True,0,0.0,0,1,STATUS_SCHEDULED,pre,False,Scheduled,"Sun, April 12th at 6:00 PM EDT",4/12 - 6:00 PM EDT,4,18,s:40~l:46~t:18,New York,Knicks,NY,New York Knicks,Knicks,1d428a,f58426,True,1830.0,https://a.espncdn.com/i/teamlogos/nba/500/scoreboard/ny.png,0,,30,s:40~l:46~t:30,Charlotte,Hornets,CHA,Charlotte Hornets,Hornets,True,0,,401811045,2026,2,008ca8,1d1060,1893.0,https://a.espncdn.com/i/teamlogos/nba/500/scoreboard/cha.png,,False,,2026-04-12 18:00:00,2026-04-12,False,CHA @ NYK
401811046,s:40~l:46~e:401811046~c:401811046,2026-04-12,0,True,False,False,False,2026-04-12T22:00Z,,,1,STD,1845.0,Xfinity Mobile Arena,Philadelphia,PA,True,0,0.0,0,1,STATUS_SCHEDULED,pre,False,Scheduled,"Sun, April 12th at 6:00 PM EDT",4/12 - 6:00 PM EDT,4,20,s:40~l:46~t:20,Philadelphia,76ers,PHI,Philadelphia 76ers,76ers,1d428a,e01234,True,1845.0,https://a.espncdn.com/i/teamlogos/nba/500/scoreboard/phi.png,0,,15,s:40~l:46~t:15,Milwaukee,Bucks,MIL,Milwaukee Bucks,Bucks,True,0,,401811046,2026,2,00471b,eee1c6,2099.0,https://a.espncdn.com/i/teamlogos/nba/500/scoreboard/mil.png,,False,,2026-04-12 18:00:00,2026-04-12,False,MIL @ PHI
401811047,s:40~l:46~e:401811047~c:401811047,2026-04-12,0,True,False,False,False,2026-04-12T22:00Z,,,1,STD,1838.0,Scotiabank Arena,Toronto,ON,True,0,0.0,0,1,STATUS_SCHEDULED,pre,False,Scheduled,"Sun, April 12th at 6:00 PM EDT",4/12 - 6:00 PM EDT,4,28,s:40~l:46~t:28,Toronto,Raptors,TOR,Toronto Raptors,Raptors,d91244,000000,True,1838.0,https://a.espncdn.com/i/teamlogos/nba/500/scoreboard/tor.png,0,,17,s:40~l:46~t:17,Brooklyn,Nets,BKN,Brooklyn Nets,Nets,True,0,,401811047,2026,2,000000,ffffff,1826.0,https://a.espncdn.com/i/teamlogos/nba/500/scoreboard/bkn.png,,False,,2026-04-12 18:00:00,2026-04-12,False,BKN @ TOR
401811040,s:40~l:46~e:401811040~c:401811040,2026-04-11,0,True,False,False,False,2026-04-11T02:30Z,,,1,STD,1841.0,crypto.com Arena,Los Angeles,CA,True,0,0.0,0,1,STATUS_SCHEDULED,pre,False,Scheduled,"Fri, April 10th at 10:30 PM EDT",4/10 - 10:30 PM EDT,4,13,s:40~l:46~t:13,Los Angeles,Lakers,LAL,Los Angeles Lakers,Lakers,552583,fdb927,True,1841.0,https://a.espncdn.com/i/teamlogos/nba/500/scoreboard/lal.png,0,,21,s:40~l:46~t:21,Phoenix,Suns,PHX,Phoenix Suns,Suns,True,0,,401811040,2026,2,29127a,e56020,1949.0,https://a.espncdn.com/i/teamlogos/nba/500/scoreboard/phx.png,,False,,2026-04-10 22:30:00,2026-04-10,False,PHX @ LAL
401811038,s:40~l:46~e:401811038~c:401811038,2026-04-11,0,True,False,False,False,2026-04-11T02:00Z,,,1,STD,3423.0,Moda Center,Portland,OR,True,0,0.0,0,1,STATUS_SCHEDULED,pre,False,Scheduled,"Fri, April 10th at 10:00 PM EDT",4/10 - 10:00 PM EDT,4,22,s:40~l:46~t:22,Portland,Trail Blazers,POR,Portland Trail Blazers,Trail Blazers,e03a3e,000000,True,3423.0,https://a.espncdn.com/i/teamlogos/nba/500/scoreboard/por.png,0,,12,s:40~l:46~t:12,LA,Clippers,LAC,LA Clippers,Clippers,True,0,,401811038,2026,2,12173f,c8102e,1841.0,https://a.espncdn.com/i/teamlogos/nba/500/scoreboard/lac.png,,False,,2026-04-10 22:00:00,2026-04-10,False,LAC @ POR
401811039,s:40~l:46~e:401811039~c:401811039,2026-04-11,0,True,False,False,False,2026-04-11T02:00Z,,,1,STD,5310.0,Golden 1 Center,Sacramento,CA,True,0,0.0,0,1,STATUS_SCHEDULED,pre,False,Scheduled,"Fri, April 10th at 10:00 PM EDT",4/10 - 10:00 PM EDT,4,23,s:40~l:46~t:23,Sacramento,Kings,SAC,Sacramento Kings,Kings,5a2d81,6a7a82,True,2247.0,https://a.espncdn.com/i/teamlogos/nba/500/scoreboard/sac.png,0,,9,s:40~l:46~t:9,Golden State,Warriors,GS,Golden State Warriors,Warriors,True,0,,401811039,2026,2,fdb927,1d428a,2465.0,https://a.espncdn.com/i/teamlogos/nba/500/scoreboard/gs.png,,False,,2026-04-10 22:00:00,2026-04-10,False,GSW @ SAC
401811033,s:40~l:46~e:401811033~c:401811033,2026-04-11,0,True,False,False,False,2026-04-11T01:30Z,,,1,STD,1394.0,Toyota Center (Houston),Houston,TX,True,0,0.0,0,1,STATUS_SCHEDULED,pre,False,Scheduled,"Fri, April 10th at 9:30 PM EDT",4/10 - 9:30 PM EDT,4,10,s:40~l:46~t:10,Houston,Rockets,HOU,Houston Rockets,Rockets,ce1141,000000,True,1394.0,https://a.espncdn.com/i/teamlogos/nba/500/scoreboard/hou.png,0,,16,s:40~l:46~t:16,Minnesota,Timberwolves,MIN,Minnesota Timberwolves,Timberwolves,True,0,,401811033,2026,2,266092,79bc43,2029.0,https://a.espncdn.com/i/teamlogos/nba/500/scoreboard/min.png,,False,,2026-04-10 21:30:00,2026-04-10,False,MIN @ HOU
401811036,s:40~l:46~e:401811036~c:401811036,2026-04-11,0,True,False,False,False,2026-04-11T01:30Z,,,1,STD,3093.0,Delta Center,Salt Lake City,UT,True,0,0.0,0,1,STATUS_SCHEDULED,pre,False,Scheduled,"Fri, April 10th at 9:30 PM EDT",4/10 - 9:30 PM EDT,4,26,s:40~l:46~t:26,Utah,Jazz,UTAH,Utah Jazz,Jazz,4e008e,79a3dc,True,3093.0,https://a.espncdn.com/i/teamlogos/nba/500/scoreboard/utah.png,0,,29,s:40~l:46~t:29,Memphis,Grizzlies,MEM,Memphis Grizzlies,Grizzlies,True,0,,401811036,2026,2,5d76a9,12173f,1392.0,https://a.espncdn.com/i/teamlogos/nba/500/scoreboard/mem.png,,False,,2026-04-10 21:30:00,2026-04-10,False,MEM @ UTA
401811037,s:40~l:46~e:401811037~c:401811037,2026-04-11,0,True,False,False,False,2026-04-11T01:00Z,,,1,STD,892.0,Ball Arena,Denver,CO,True,0,0.0,0,1,STATUS_SCHEDULED,pre,False,Scheduled,"Fri, April 10th at 9:00 PM EDT",4/10 - 9:00 PM EDT,4,7,s:40~l:46~t:7,Denver,Nuggets,DEN,Denver Nuggets,Nuggets,0e2240,fec524,True,892.0,https://a.espncdn.com/i/teamlogos/nba/500/scoreboard/den.png,0,,25,s:40~l:46~t:25,Oklahoma City,Thunder,OKC,Oklahoma City Thunder,Thunder,True,0,,401811037,2026,2,007ac1,ef3b24,2559.0,https://a.espncdn.com/i/teamlogos/nba/500/scoreboard/okc.png,,False,,2026-04-10 21:00:00,2026-04-10,False,OKC @ DEN
401811032,s:40~l:46~e:401811032~c:401811032,2026-04-11,0,True,False,False,False,2026-04-11T00:00Z,,,1,STD,1847.0,United Center,Chicago,IL,True,0,0.0,0,1,STATUS_SCHEDULED,pre,False,Scheduled,"Fri, April 10th at 8:00 PM EDT",4/10 - 8:00 PM EDT,4,4,s:40~l:46~t:4,Chicago,Bulls,CHI,Chicago Bulls,Bulls,ce1141,000000,True,1847.0,https://a.espncdn.com/i/teamlogos/nba/500/scoreboard/chi.png,0,,19,s:40~l:46~t:19,Orlando,Magic,ORL,Orlando Magic,Magic,True,0,,401811032,2026,2,0150b5,9ca0a3,3432.0,https://a.espncdn.com/i/teamlogos/nba/500/scoreboard/orl.png,,False,,2026-04-10 20:00:00,2026-04-10,False,ORL @ CHI
401811034,s:40~l:46~e:401811034~c:401811034,2026-04-11,0,True,False,False,False,2026-04-11T00:00Z,,,1,STD,5777.0,Fiserv Forum,Milwaukee,WI,True,0,0.0,0,1,STATUS_SCHEDULED,pre,False,Scheduled,"Fri, April 10th at 8:00 PM EDT",4/10 - 8:00 PM EDT,4,15,s:40~l:46~t:15,Milwaukee,Bucks,MIL,Milwaukee Bucks,Bucks,00471b,eee1c6,True,2099.0,https://a.espncdn.com/i/teamlogos/nba/500/scoreboard/mil.png,0,,17,s:40~l:46~t:17,Brooklyn,Nets,BKN,Brooklyn Nets,Nets,True,0,,401811034,2026,2,000000,ffffff,1826.0,https://a.espncdn.com/i/teamlogos/nba/500/scoreboard/bkn.png,,False,,2026-04-10 20:00:00,2026-04-10,False,BKN @ MIL
401811035,s:40~l:46~e:401811035~c:401811035,2026-04-11,0,True,False,False,False,2026-04-11T00:00Z,,,1,STD,780.0,Frost Bank Center,San Antonio,TX,True,0,0.0,0,1,STATUS_SCHEDULED,pre,False,Scheduled,"Fri, April 10th at 8:00 PM EDT",4/10 - 8:00 PM EDT,4,24,s:40~l:46~t:24,San Antonio,Spurs,SA,San Antonio Spurs,Spurs,000000,c4ced4,True,780.0,https://a.espncdn.com/i/teamlogos/nba/500/scoreboard/sa.png,0,,6,s:40~l:46~t:6,Dallas,Mavericks,DAL,Dallas Mavericks,Mavericks,True,0,,401811035,2026,2,0064b1,bbc4ca,516.0,https://a.espncdn.com/i/teamlogos/nba/500/scoreboard/dal.png,,False,,2026-04-10 20:00:00,2026-04-10,False,DAL @ SAS
401811029,s:40~l:46~e:401811029~c:401811029,2026-04-10,0,True,False,False,False,2026-04-10T23:30Z,,,1,STD,1824.0,TD Garden,Boston,MA,True,0,0.0,0,1,STATUS_SCHEDULED,pre,False,Scheduled,"Fri, April 10th at 7:30 PM EDT",4/10 - 7:30 PM EDT,4,2,s:40~l:46~t:2,Boston,Celtics,BOS,Boston Celtics,Celtics,008348,ffffff,True,1824.0,https://a.espncdn.com/i/teamlogos/nba/500/scoreboard/bos.png,0,,3,s:40~l:46~t:3,New Orleans,Pelicans,NO,New Orleans Pelicans,Pelicans,True,0,,401811029,2026,2,0a2240,b4975a,985.0,https://a.espncdn.com/i/teamlogos/nba/500/scoreboard/no.png,,False,,2026-04-10 19:30:00,2026-04-10,False,NOP @ BOS
401811030,s:40~l:46~e:401811030~c:401811030,2026-04-10,0,True,False,False,False,2026-04-10T23:30Z,,,1,STD,2183.0,Gainbridge Fieldhouse,Indianapolis,IN,True,0,0.0,0,1,STATUS_SCHEDULED,pre,False,Scheduled,"Fri, April 10th at 7:30 PM EDT",4/10 - 7:30 PM EDT,4,11,s:40~l:46~t:11,Indiana,Pacers,IND,Indiana Pacers,Pacers,0c2340,ffd520,True,2183.0,https://a.espncdn.com/i/teamlogos/nba/500/scoreboard/ind.png,0,,20,s:40~l:46~t:20,Philadelphia,76ers,PHI,Philadelphia 76ers,76ers,True,0,,401811030,2026,2,1d428a,e01234,1845.0,https://a.espncdn.com/i/teamlogos/nba/500/scoreboard/phi.png,,False,,2026-04-10 19:30:00,2026-04-10,False,PHI @ IND
401811031,s:40~l:46~e:401811031~c:401811031,2026-04-10,0,True,False,False,False,2026-04-10T23:30Z,,,1,STD,1830.0,Madison Square Garden,New York,NY,True,0,0.0,0,1,STATUS_SCHEDULED,pre,False,Scheduled,"Fri, April 10th at 7:30 PM EDT",4/10 - 7:30 PM EDT,4,18,s:40~l:46~t:18,New York,Knicks,NY,New York Knicks,Knicks,1d428a,f58426,True,1830.0,https://a.espncdn.com/i/teamlogos/nba/500/scoreboard/ny.png,0,,28,s:40~l:46~t:28,Toronto,Raptors,TOR,Toronto Raptors,Raptors,True,0,,401811031,2026,2,d91244,000000,1838.0,https://a.espncdn.com/i/teamlogos/nba/500/scoreboard/tor.png,,False,,2026-04-10 19:30:00,2026-04-10,False,TOR @ NYK
401811026,s:40~l:46~e:401811026~c:401811026,2026-04-10,0,True,False,False,False,2026-04-10T23:00Z,,,1,STD,1893.0,Spectrum Center,Charlotte,NC,True,0,0.0,0,1,STATUS_SCHEDULED,pre,False,Scheduled,"Fri, April 10th at 7:00 PM EDT",4/10 - 7:00 PM EDT,4,30,s:40~l:46~t:30,Charlotte,Hornets,CHA,Charlotte Hornets,Hornets,008ca8,1d1060,True,1893.0,https://a.espncdn.com/i/teamlogos/nba/500/scoreboard/cha.png,0,,8,s:40~l:46~t:8,Detroit,Pistons,DET,Detroit Pistons,Pistons,True,0,,401811026,2026,2,1d428a,c8102e,5311.0,https://a.espncdn.com/i/teamlogos/nba/500/scoreboard/det.png,,False,,2026-04-10 19:00:00,2026-04-10,False,DET @ CHA
401811027,s:40~l:46~e:401811027~c:401811027,2026-04-10,0,True,False,False,False,2026-04-10T23:00Z,,,1,STD,1823.0,Capital One Arena,Washington,DC,True,0,0.0,0,1,STATUS_SCHEDULED,pre,False,Scheduled,"Fri, April 10th at 7:00 PM EDT",4/10 - 7:00 PM EDT,4,27,s:40~l:46~t:27,Washington,Wizards,WSH,Washington Wizards,Wizards,e31837,002b5c,True,1823.0,https://a.espncdn.com/i/teamlogos/nba/500/scoreboard/wsh.png,0,,14,s:40~l:46~t:14,Miami,Heat,MIA,Miami Heat,Heat,True,0,,401811027,2026,2,98002e,000000,3438.0,https://a.espncdn.com/i/teamlogos/nba/500/scoreboard/mia.png,,False,,2026-04-10 19:00:00,2026-04-10,False,MIA @ WAS
401811028,s:40~l:46~e:401811028~c:401811028,2026-04-10,0,True,False,False,False,2026-04-10T23:00Z,,,1,STD,1827.0,State Farm Arena,Atlanta,GA,True,0,0.0,0,1,STATUS_SCHEDULED,pre,False,Scheduled,"Fri, April 10th at 7:00 PM EDT",4/10 - 7:00 PM EDT,4,1,s:40~l:46~t:1,Atlanta,Hawks,ATL,Atlanta Hawks,Hawks,c8102e,fdb927,True,1827.0,https://a.espncdn.com/i/teamlogos/nba/500/scoreboard/atl.png,0,,5,s:40~l:46~t:5,Cleveland,Cavaliers,CLE,Cleveland Cavaliers,Cavaliers,True,0,,401811028,2026,2,860038,bc945c,3417.0,https://a.espncdn.com/i/teamlogos/nba/500/scoreboard/cle.png,,False,,2026-04-10 19:00:00,2026-04-10,False,CLE @ ATL
401811025,s:40~l:46~e:401811025~c:401811025,2026-04-10,0,True,False,False,False,2026-04-10T02:00Z,,,1,STD,6270.0,Chase Center,San Francisco,CA,True,0,0.0,0,1,STATUS_SCHEDULED,pre,False,Scheduled,"Thu, April 9th at 10:00 PM EDT",4/9 - 10:00 PM EDT,4,9,s:40~l:46~t:9,Golden State,Warriors,GS,Golden State Warriors,Warriors,fdb927,1d428a,True,2465.0,https://a.espncdn.com/i/teamlogos/nba/500/scoreboard/gs.png,0,,13,s:40~l:46~t:13,Los Angeles,Lakers,LAL,Los Angeles Lakers,Lakers,True,0,,401811025,2026,2,552583,fdb927,1841.0,https://a.espncdn.com/i/teamlogos/nba/500/scoreboard/lal.png,,False,,2026-04-09 22:00:00,2026-04-09,False,LAL @ GSW
401811024,s:40~l:46~e:401811024~c:401811024,2026-04-10,0,True,False,False,False,2026-04-10T00:00Z,,,1,STD,1394.0,Toyota Center (Houston),Houston,TX,True,0,0.0,0,1,STATUS_SCHEDULED,pre,False,Scheduled,"Thu, April 9th at 8:00 PM EDT",4/9 - 8:00 PM EDT,4,10,s:40~l:46~t:10,Houston,Rockets,HOU,Houston Rockets,Rockets,ce1141,000000,True,1394.0,https://a.espncdn.com/i/teamlogos/nba/500/scoreboard/hou.png,0,,20,s:40~l:46~t:20,Philadelphia,76ers,PHI,Philadelphia 76ers,76ers,True,0,,401811024,2026,2,1d428a,e01234,1845.0,https://a.espncdn.com/i/teamlogos/nba/500/scoreboard/phi.png,,False,,2026-04-09 20:00:00,2026-04-09,False,PHI @ HOU
401811022,s:40~l:46~e:401811022~c:401811022,2026-04-09,0,True,False,False,False,2026-04-09T23:30Z,,,1,STD,3559.0,Barclays Center,Brooklyn,NY,True,0,0.0,0,1,STATUS_SCHEDULED,pre,False,Scheduled,"Thu, April 9th at 7:30 PM EDT",4/9 - 7:30 PM EDT,4,17,s:40~l:46~t:17,Brooklyn,Nets,BKN,Brooklyn Nets,Nets,000000,ffffff,True,1826.0,https://a.espncdn.com/i/teamlogos/nba/500/scoreboard/bkn.png,0,,11,s:40~l:46~t:11,Indiana,Pacers,IND,Indiana Pacers,Pacers,True,0,,401811022,2026,2,0c2340,ffd520,2183.0,https://a.espncdn.com/i/teamlogos/nba/500/scoreboard/ind.png,,False,,2026-04-09 19:30:00,2026-04-09,False,IND @ BKN
401811023,s:40~l:46~e:401811023~c:401811023,2026-04-09,0,True,False,False,False,2026-04-09T23:30Z,,,1,STD,1830.0,Madison Square Garden,New York,NY,True,0,0.0,0,1,STATUS_SCHEDULED,pre,False,Scheduled,"Thu, April 9th at 7:30 PM EDT",4/9 - 7:30 PM EDT,4,18,s:40~l:46~t:18,New York,Knicks,NY,New York Knicks,Knicks,1d428a,f58426,True,1830.0,https://a.espncdn.com/i/teamlogos/nba/500/scoreboard/ny.png,0,,2,s:40~l:46~t:2,Boston,Celtics,BOS,Boston Celtics,Celtics,True,0,,401811023,2026,2,008348,ffffff,1824.0,https://a.espncdn.com/i/teamlogos/nba/500/scoreboard/bos.png,,False,,2026-04-09 19:30:00,2026-04-09,False,BOS @ NYK
401811020,s:40~l:46~e:401811020~c:401811020,2026-04-09,0,True,False,False,False,2026-04-09T23:00Z,,,1,STD,1838.0,Scotiabank Arena,Toronto,ON,True,0,0.0,0,1,STATUS_SCHEDULED,pre,False,Scheduled,"Thu, April 9th at 7:00 PM EDT",4/9 - 7:00 PM EDT,4,28,s:40~l:46~t:28,Toronto,Raptors,TOR,Toronto Raptors,Raptors,d91244,000000,True,1838.0,https://a.espncdn.com/i/teamlogos/nba/500/scoreboard/tor.png,0,,14,s:40~l:46~t:14,Miami,Heat,MIA,Miami Heat,Heat,True,0,,401811020,2026,2,98002e,000000,3438.0,https://a.espncdn.com/i/teamlogos/nba/500/scoreboard/mia.png,,False,,2026-04-09 19:00:00,2026-04-09,False,MIA @ TOR
401811021,s:40~l:46~e:401811021~c:401811021,2026-04-09,0,True,False,False,False,2026-04-09T23:00Z,,,1,STD,1823.0,Capital One Arena,Washington,DC,True,0,0.0,0,1,STATUS_SCHEDULED,pre,False,Scheduled,"Thu, April 9th at 7:00 PM EDT",4/9 - 7:00 PM EDT,4,27,s:40~l:46~t:27,Washington,Wizards,WSH,Washington Wizards,Wizards,e31837,002b5c,True,1823.0,https://a.espncdn.com/i/teamlogos/nba/500/scoreboard/wsh.png,0,,4,s:40~l:46~t:4,Chicago,Bulls,CHI,Chicago Bulls,Bulls,True,0,,401811021,2026,2,ce1141,000000,1847.0,https://a.espncdn.com/i/teamlogos/nba/500/scoreboard/chi.png,,False,,2026-04-09 19:00:00,2026-04-09,False,CHI @ WAS
401811018,s:40~l:46~e:401811018~c:401811018,2026-04-09,0,True,False,False,False,2026-04-09T02:00Z,,,1,STD,10642.0,Intuit Dome,Inglewood,CA,True,0,0.0,0,1,STATUS_SCHEDULED,pre,False,Scheduled,"Wed, April 8th at 10:00 PM EDT",4/8 - 10:00 PM EDT,4,12,s:40~l:46~t:12,LA,Clippers,LAC,LA Clippers,Clippers,12173f,c8102e,True,1841.0,https://a.espncdn.com/i/teamlogos/nba/500/scoreboard/lac.png,0,,25,s:40~l:46~t:25,Oklahoma City,Thunder,OKC,Oklahoma City Thunder,Thunder,True,0,,401811018,2026,2,007ac1,ef3b24,2559.0,https://a.espncdn.com/i/teamlogos/nba/500/scoreboard/okc.png,,False,,2026-04-08 22:00:00,2026-04-08,False,OKC @ LAC
401811019,s:40~l:46~e:401811019~c:401811019,2026-04-09,0,True,False,False,False,2026-04-09T02:00Z,,,1,STD,1949.0,Mortgage Matchup Center,Phoenix,AZ,True,0,0.0,0,1,STATUS_SCHEDULED,pre,False,Scheduled,"Wed, April 8th at 10:00 PM EDT",4/8 - 10:00 PM EDT,4,21,s:40~l:46~t:21,Phoenix,Suns,PHX,Phoenix Suns,Suns,29127a,e56020,True,1949.0,https://a.espncdn.com/i/teamlogos/nba/500/scoreboard/phx.png,0,,6,s:40~l:46~t:6,Dallas,Mavericks,DAL,Dallas Mavericks,Mavericks,True,0,,401811019,2026,2,0064b1,bbc4ca,516.0,https://a.espncdn.com/i/teamlogos/nba/500/scoreboard/dal.png,,False,,2026-04-08 22:00:00,2026-04-08,False,DAL @ PHX
401811016,s:40~l:46~e:401811016~c:401811016,2026-04-09,0,True,False,False,False,2026-04-09T01:30Z,,,1,STD,780.0,Frost Bank Center,San Antonio,TX,True,0,0.0,0,1,STATUS_SCHEDULED,pre,False,Scheduled,"Wed, April 8th at 9:30 PM EDT",4/8 - 9:30 PM EDT,4,24,s:40~l:46~t:24,San Antonio,Spurs,SA,San Antonio Spurs,Spurs,000000,c4ced4,True,780.0,https://a.espncdn.com/i/teamlogos/nba/500/scoreboard/sa.png,0,,22,s:40~l:46~t:22,Portland,Trail Blazers,POR,Portland Trail Blazers,Trail Blazers,True,0,,401811016,2026,2,e03a3e,000000,3423.0,https://a.espncdn.com/i/teamlogos/nba/500/scoreboard/por.png,,False,,2026-04-08 21:30:00,2026-04-08,False,POR @ SAS
401811017,s:40~l:46~e:401811017~c:401811017,2026-04-09,0,True,False,False,False,2026-04-09T01:00Z,,,1,STD,892.0,Ball Arena,Denver,CO,True,0,0.0,0,1,STATUS_SCHEDULED,pre,False,Scheduled,"Wed, April 8th at 9:00 PM EDT",4/8 - 9:00 PM EDT,4,7,s:40~l:46~t:7,Denver,Nuggets,DEN,Denver Nuggets,Nuggets,0e2240,fec524,True,892.0,https://a.espncdn.com/i/teamlogos/nba/500/scoreboard/den.png,0,,29,s:40~l:46~t:29,Memphis,Grizzlies,MEM,Memphis Grizzlies,Grizzlies,True,0,,401811017,2026,2,5d76a9,12173f,1392.0,https://a.espncdn.com/i/teamlogos/nba/500/scoreboard/mem.png,,False,,2026-04-08 21:00:00,2026-04-08,False,MEM @ DEN
401811013,s:40~l:46~e:401811013~c:401811013,2026-04-08,0,True,False,False,False,2026-04-08T23:00Z,,,1,STD,3417.0,Rocket Arena,Cleveland,OH,True,0,0.0,0,1,STATUS_SCHEDULED,pre,False,Scheduled,"Wed, April 8th at 7:00 PM EDT",4/8 - 7:00 PM EDT,4,5,s:40~l:46~t:5,Cleveland,Cavaliers,CLE,Cleveland Cavaliers,Cavaliers,860038,bc945c,True,3417.0,https://a.espncdn.com/i/teamlogos/nba/500/scoreboard/cle.png,0,,1,s:40~l:46~t:1,Atlanta,Hawks,ATL,Atlanta Hawks,Hawks,True,0,,401811013,2026,2,c8102e,fdb927,1827.0,https://a.espncdn.com/i/teamlogos/nba/500/scoreboard/atl.png,,False,,2026-04-08 19:00:00,2026-04-08,False,ATL @ CLE
401811014,s:40~l:46~e:401811014~c:401811014,2026-04-08,0,True,False,False,False,2026-04-08T23:00Z,,,1,STD,3432.0,Kia Center,Orlando,FL,True,0,0.0,0,1,STATUS_SCHEDULED,pre,False,Scheduled,"Wed, April 8th at 7:00 PM EDT",4/8 - 7:00 PM EDT,4,19,s:40~l:46~t:19,Orlando,Magic,ORL,Orlando Magic,Magic,0150b5,9ca0a3,True,3432.0,https://a.espncdn.com/i/teamlogos/nba/500/scoreboard/orl.png,0,,16,s:40~l:46~t:16,Minnesota,Timberwolves,MIN,Minnesota Timberwolves,Timberwolves,True,0,,401811014,2026,2,266092,79bc43,2029.0,https://a.espncdn.com/i/teamlogos/nba/500/scoreboard/min.png,,False,,2026-04-08 19:00:00,2026-04-08,False,MIN @ ORL
401811015,s:40~l:46~e:401811015~c:401811015,2026-04-08,0,True,False,False,False,2026-04-08T23:00Z,,,1,STD,5404.0,Little Caesars Arena,Detroit,MI,True,0,0.0,0,1,STATUS_SCHEDULED,pre,False,Scheduled,"Wed, April 8th at 7:00 PM EDT",4/8 - 7:00 PM EDT,4,8,s:40~l:46~t:8,Detroit,Pistons,DET,Detroit Pistons,Pistons,1d428a,c8102e,True,5311.0,https://a.espncdn.com/i/teamlogos/nba/500/scoreboard/det.png,0,,15,s:40~l:46~t:15,Milwaukee,Bucks,MIL,Milwaukee Bucks,Bucks,True,0,,401811015,2026,2,00471b,eee1c6,2099.0,https://a.espncdn.com/i/teamlogos/nba/500/scoreboard/mil.png,,False,,2026-04-08 19:00:00,2026-04-08,False,MIL @ DET
401811012,s:40~l:46~e:401811012~c:401811012,2026-04-08,0,True,False,False,False,2026-04-08T03:00Z,,,1,STD,1949.0,Mortgage Matchup Center,Phoenix,AZ,True,0,0.0,0,1,STATUS_SCHEDULED,pre,False,Scheduled,"Tue, April 7th at 11:00 PM EDT",4/7 - 11:00 PM EDT,4,21,s:40~l:46~t:21,Phoenix,Suns,PHX,Phoenix Suns,Suns,29127a,e56020,True,1949.0,https://a.espncdn.com/i/teamlogos/nba/500/scoreboard/phx.png,0,,10,s:40~l:46~t:10,Houston,Rockets,HOU,Houston Rockets,Rockets,True,0,,401811012,2026,2,ce1141,000000,1394.0,https://a.espncdn.com/i/teamlogos/nba/500/scoreboard/hou.png,,False,,2026-04-07 23:00:00,2026-04-07,False,HOU @ PHX
401811010,s:40~l:46~e:401811010~c:401811010,2026-04-08,0,True,False,False,False,2026-04-08T02:30Z,,,1,STD,1841.0,crypto.com Arena,Los Angeles,CA,True,0,0.0,0,1,STATUS_SCHEDULED,pre,False,Scheduled,"Tue, April 7th at 10:30 PM EDT",4/7 - 10:30 PM EDT,4,13,s:40~l:46~t:13,Los Angeles,Lakers,LAL,Los Angeles Lakers,Lakers,552583,fdb927,True,1841.0,https://a.espncdn.com/i/teamlogos/nba/500/scoreboard/lal.png,0,,25,s:40~l:46~t:25,Oklahoma City,Thunder,OKC,Oklahoma City Thunder,Thunder,True,0,,401811010,2026,2,007ac1,ef3b24,2559.0,https://a.espncdn.com/i/teamlogos/nba/500/scoreboard/okc.png,,False,,2026-04-07 22:30:00,2026-04-07,False,OKC @ LAL
401811011,s:40~l:46~e:401811011~c:401811011,2026-04-08,0,True,False,False,False,2026-04-08T02:30Z,,,1,STD,10642.0,Intuit Dome,Inglewood,CA,True,0,0.0,0,1,STATUS_SCHEDULED,pre,False,Scheduled,"Tue, April 7th at 10:30 PM EDT",4/7 - 10:30 PM EDT,4,12,s:40~l:46~t:12,LA,Clippers,LAC,LA Clippers,Clippers,12173f,c8102e,True,1841.0,https://a.espncdn.com/i/teamlogos/nba/500/scoreboard/lac.png,0,,6,s:40~l:46~t:6,Dallas,Mavericks,DAL,Dallas Mavericks,Mavericks,True,0,,401811011,2026,2,0064b1,bbc4ca,516.0,https://a.espncdn.com/i/teamlogos/nba/500/scoreboard/dal.png,,False,,2026-04-07 22:30:00,2026-04-07,False,DAL @ LAC
401811009,s:40~l:46~e:401811009~c:401811009,2026-04-08,0,True,False,False,False,2026-04-08T02:00Z,,,1,STD,6270.0,Chase Center,San Francisco,CA,True,0,0.0,0,1,STATUS_SCHEDULED,pre,False,Scheduled,"Tue, April 7th at 10:00 PM EDT",4/7 - 10:00 PM EDT,4,9,s:40~l:46~t:9,Golden State,Warriors,GS,Golden State Warriors,Warriors,fdb927,1d428a,True,2465.0,https://a.espncdn.com/i/teamlogos/nba/500/scoreboard/gs.png,0,,23,s:40~l:46~t:23,Sacramento,Kings,SAC,Sacramento Kings,Kings,True,0,,401811009,2026,2,5a2d81,6a7a82,2247.0,https://a.espncdn.com/i/teamlogos/nba/500/scoreboard/sac.png,,False,,2026-04-07 22:00:00,2026-04-07,False,SAC @ GSW
401811007,s:40~l:46~e:401811007~c:401811007,2026-04-08,0,True,False,False,False,2026-04-08T00:00Z,,,1,STD,2183.0,Gainbridge Fieldhouse,Indianapolis,IN,True,0,0.0,0,1,STATUS_SCHEDULED,pre,False,Scheduled,"Tue, April 7th at 8:00 PM EDT",4/7 - 8:00 PM EDT,4,11,s:40~l:46~t:11,Indiana,Pacers,IND,Indiana Pacers,Pacers,0c2340,ffd520,True,2183.0,https://a.espncdn.com/i/teamlogos/nba/500/scoreboard/ind.png,0,,16,s:40~l:46~t:16,Minnesota,Timberwolves,MIN,Minnesota Timberwolves,Timberwolves,True,0,,401811007,2026,2,266092,79bc43,2029.0,https://a.espncdn.com/i/teamlogos/nba/500/scoreboard/min.png,,False,,2026-04-07 20:00:00,2026-04-07,False,MIN @ IND
401811008,s:40~l:46~e:401811008~c:401811008,2026-04-08,0,True,False,False,False,2026-04-08T00:00Z,,,1,STD,985.0,Smoothie King Center,New Orleans,LA,True,0,0.0,0,1,STATUS_SCHEDULED,pre,False,Scheduled,"Tue, April 7th at 8:00 PM EDT",4/7 - 8:00 PM EDT,4,3,s:40~l:46~t:3,New Orleans,Pelicans,NO,New Orleans Pelicans,Pelicans,0a2240,b4975a,True,985.0,https://a.espncdn.com/i/teamlogos/nba/500/scoreboard/no.png,0,,26,s:40~l:46~t:26,Utah,Jazz,UTAH,Utah Jazz,Jazz,True,0,,401811008,2026,2,4e008e,79a3dc,3093.0,https://a.espncdn.com/i/teamlogos/nba/500/scoreboard/utah.png,,False,,2026-04-07 20:00:00,2026-04-07,False,UTA @ NOP
401811004,s:40~l:46~e:401811004~c:401811004,2026-04-07,0,True,False,False,False,2026-04-07T23:30Z,,,1,STD,1824.0,TD Garden,Boston,MA,True,0,0.0,0,1,STATUS_SCHEDULED,pre,False,Scheduled,"Tue, April 7th at 7:30 PM EDT",4/7 - 7:30 PM EDT,4,2,s:40~l:46~t:2,Boston,Celtics,BOS,Boston Celtics,Celtics,008348,ffffff,True,1824.0,https://a.espncdn.com/i/teamlogos/nba/500/scoreboard/bos.png,0,,30,s:40~l:46~t:30,Charlotte,Hornets,CHA,Charlotte Hornets,Hornets,True,0,,401811004,2026,2,008ca8,1d1060,1893.0,https://a.espncdn.com/i/teamlogos/nba/500/scoreboard/cha.png,,False,,2026-04-07 19:30:00,2026-04-07,False,CHA @ BOS
401811005,s:40~l:46~e:401811005~c:401811005,2026-04-07,0,True,False,False,False,2026-04-07T23:30Z,,,1,STD,3559.0,Barclays Center,Brooklyn,NY,True,0,0.0,0,1,STATUS_SCHEDULED,pre,False,Scheduled,"Tue, April 7th at 7:30 PM EDT",4/7 - 7:30 PM EDT,4,17,s:40~l:46~t:17,Brooklyn,Nets,BKN,Brooklyn Nets,Nets,000000,ffffff,True,1826.0,https://a.espncdn.com/i/teamlogos/nba/500/scoreboard/bkn.png,0,,15,s:40~l:46~t:15,Milwaukee,Bucks,MIL,Milwaukee Bucks,Bucks,True,0,,401811005,2026,2,00471b,eee1c6,2099.0,https://a.espncdn.com/i/teamlogos/nba/500/scoreboard/mil.png,,False,,2026-04-07 19:30:00,2026-04-07,False,MIL @ BKN
401811006,s:40~l:46~e:401811006~c:401811006,2026-04-07,0,True,False,False,False,2026-04-07T23:30Z,,,1,STD,1838.0,Scotiabank Arena,Toronto,ON,True,0,0.0,0,1,STATUS_SCHEDULED,pre,False,Scheduled,"Tue, April 7th at 7:30 PM EDT",4/7 - 7:30 PM EDT,4,28,s:40~l:46~t:28,Toronto,Raptors,TOR,Toronto Raptors,Raptors,d91244,000000,True,1838.0,https://a.espncdn.com/i/teamlogos/nba/500/scoreboard/tor.png,0,,14,s:40~l:46~t:14,Miami,Heat,MIA,Miami Heat,Heat,True,0,,401811006,2026,2,98002e,000000,3438.0,https://a.espncdn.com/i/teamlogos/nba/500/scoreboard/mia.png,,False,,2026-04-07 19:30:00,2026-04-07,False,MIA @ TOR
401811003,s:40~l:46~e:401811003~c:401811003,2026-04-07,0,True,False,False,False,2026-04-07T23:00Z,,,1,STD,1823.0,Capital One Arena,Washington,DC,True,0,0.0,0,1,STATUS_SCHEDULED,pre,False,Scheduled,"Tue, April 7th at 7:00 PM EDT",4/7 - 7:00 PM EDT,4,27,s:40~l:46~t:27,Washington,Wizards,WSH,Washington Wizards,Wizards,e31837,002b5c,True,1823.0,https://a.espncdn.com/i/teamlogos/nba/500/scoreboard/wsh.png,0,,4,s:40~l:46~t:4,Chicago,Bulls,CHI,Chicago Bulls,Bulls,True,0,,401811003,2026,2,ce1141,000000,1847.0,https://a.espncdn.com/i/teamlogos/nba/500/scoreboard/chi.png,,False,,2026-04-07 19:00:00,2026-04-07,False,CHI @ WAS
401811002,s:40~l:46~e:401811002~c:401811002,2026-04-07,0,True,False,False,False,2026-04-07T01:00Z,,,1,STD,892.0,Ball Arena,Denver,CO,True,0,0.0,0,1,STATUS_SCHEDULED,pre,False,Scheduled,"Mon, April 6th at 9:00 PM EDT",4/6 - 9:00 PM EDT,4,7,s:40~l:46~t:7,Denver,Nuggets,DEN,Denver Nuggets,Nuggets,0e2240,fec524,True,892.0,https://a.espncdn.com/i/teamlogos/nba/500/scoreboard/den.png,0,,22,s:40~l:46~t:22,Portland,Trail Blazers,POR,Portland Trail Blazers,Trail Blazers,True,0,,401811002,2026,2,e03a3e,000000,3423.0,https://a.espncdn.com/i/teamlogos/nba/500/scoreboard/por.png,,False,,2026-04-06 21:00:00,2026-04-06,False,POR @ DEN
401811000,s:40~l:46~e:401811000~c:401811000,2026-04-07,0,True,False,False,False,2026-04-07T00:00Z,,,1,STD,1392.0,FedExForum,Memphis,TN,True,0,0.0,0,1,STATUS_SCHEDULED,pre,False,Scheduled,"Mon, April 6th at 8:00 PM EDT",4/6 - 8:00 PM EDT,4,29,s:40~l:46~t:29,Memphis,Grizzlies,MEM,Memphis Grizzlies,Grizzlies,5d76a9,12173f,True,1392.0,https://a.espncdn.com/i/teamlogos/nba/500/scoreboard/mem.png,0,,5,s:40~l:46~t:5,Cleveland,Cavaliers,CLE,Cleveland Cavaliers,Cavaliers,True,0,,401811000,2026,2,860038,bc945c,3417.0,https://a.espncdn.com/i/teamlogos/nba/500/scoreboard/cle.png,,False,,2026-04-06 20:00:00,2026-04-06,False,CLE @ MEM
401811001,s:40~l:46~e:401811001~c:401811001,2026-04-07,0,True,False,False,False,2026-04-07T00:00Z,,,1,STD,780.0,Frost Bank Center,San Antonio,TX,True,0,0.0,0,1,STATUS_SCHEDULED,pre,False,Scheduled,"Mon, April 6th at 8:00 PM EDT",4/6 - 8:00 PM EDT,4,24,s:40~l:46~t:24,San Antonio,Spurs,SA,San Antonio Spurs,Spurs,000000,c4ced4,True,780.0,https://a.espncdn.com/i/teamlogos/nba/500/scoreboard/sa.png,0,,20,s:40~l:46~t:20,Philadelphia,76ers,PHI,Philadelphia 76ers,76ers,True,0,,401811001,2026,2,1d428a,e01234,1845.0,https://a.espncdn.com/i/teamlogos/nba/500/scoreboard/phi.png,,False,,2026-04-06 20:00:00,2026-04-06,False,PHI @ SAS
401810998,s:40~l:46~e:401810998~c:401810998,2026-04-06,0,True,False,False,False,2026-04-06T23:00Z,,,1,STD,1827.0,State Farm Arena,Atlanta,GA,True,0,0.0,0,1,STATUS_SCHEDULED,pre,False,Scheduled,"Mon, April 6th at 7:00 PM EDT",4/6 - 7:00 PM EDT,4,1,s:40~l:46~t:1,Atlanta,Hawks,ATL,Atlanta Hawks,Hawks,c8102e,fdb927,True,1827.0,https://a.espncdn.com/i/teamlogos/nba/500/scoreboard/atl.png,0,,18,s:40~l:46~t:18,New York,Knicks,NY,New York Knicks,Knicks,True,0,,401810998,2026,2,1d428a,f58426,1830.0,https://a.espncdn.com/i/teamlogos/nba/500/scoreboard/ny.png,,False,,2026-04-06 19:00:00,2026-04-06,False,NYK @ ATL
401810999,s:40~l:46~e:401810999~c:401810999,2026-04-06,0,True,False,False,False,2026-04-06T23:00Z,,,1,STD,3432.0,Kia Center,Orlando,FL,True,0,0.0,0,1,STATUS_SCHEDULED,pre,False,Scheduled,"Mon, April 6th at 7:00 PM EDT",4/6 - 7:00 PM EDT,4,19,s:40~l:46~t:19,Orlando,Magic,ORL,Orlando Magic,Magic,0150b5,9ca0a3,True,3432.0,https://a.espncdn.com/i/teamlogos/nba/500/scoreboard/orl.png,0,,8,s:40~l:46~t:8,Detroit,Pistons,DET,Detroit Pistons,Pistons,True,0,,401810999,2026,2,1d428a,c8102e,5311.0,https://a.espncdn.com/i/teamlogos/nba/500/scoreboard/det.png,,False,,2026-04-06 19:00:00,2026-04-06,False,DET @ ORL
401810997,s:40~l:46~e:401810997~c:401810997,2026-04-06,0,True,False,False,False,2026-04-06T02:00Z,,,1,STD,6270.0,Chase Center,San Francisco,CA,True,0,0.0,0,1,STATUS_SCHEDULED,pre,False,Scheduled,"Sun, April 5th at 10:00 PM EDT",4/5 - 10:00 PM EDT,4,9,s:40~l:46~t:9,Golden State,Warriors,GS,Golden State Warriors,Warriors,fdb927,1d428a,True,2465.0,https://a.espncdn.com/i/teamlogos/nba/500/scoreboard/gs.png,0,,10,s:40~l:46~t:10,Houston,Rockets,HOU,Houston Rockets,Rockets,True,0,,401810997,2026,2,ce1141,000000,1394.0,https://a.espncdn.com/i/teamlogos/nba/500/scoreboard/hou.png,,False,,2026-04-05 22:00:00,2026-04-05,False,HOU @ GSW
401810996,s:40~l:46~e:401810996~c:401810996,2026-04-06,0,True,False,False,False,2026-04-06T01:00Z,,,1,STD,5310.0,Golden 1 Center,Sacramento,CA,True,0,0.0,0,1,STATUS_SCHEDULED,pre,False,Scheduled,"Sun, April 5th at 9:00 PM EDT",4/5 - 9:00 PM EDT,4,23,s:40~l:46~t:23,Sacramento,Kings,SAC,Sacramento Kings,Kings,5a2d81,6a7a82,True,2247.0,https://a.espncdn.com/i/teamlogos/nba/500/scoreboard/sac.png,0,,12,s:40~l:46~t:12,LA,Clippers,LAC,LA Clippers,Clippers,True,0,,401810996,2026,2,12173f,c8102e,1841.0,https://a.espncdn.com/i/teamlogos/nba/500/scoreboard/lac.png,,False,,2026-04-05 21:00:00,2026-04-05,False,LAC @ SAC
401810995,s:40~l:46~e:401810995~c:401810995,2026-04-05,0,True,False,False,False,2026-04-05T23:30Z,,,1,STD,516.0,American Airlines Center,Dallas,TX,True,0,0.0,0,1,STATUS_SCHEDULED,pre,False,Scheduled,"Sun, April 5th at 7:30 PM EDT",4/5 - 7:30 PM EDT,4,6,s:40~l:46~t:6,Dallas,Mavericks,DAL,Dallas Mavericks,Mavericks,0064b1,bbc4ca,True,516.0,https://a.espncdn.com/i/teamlogos/nba/500/scoreboard/dal.png,0,,13,s:40~l:46~t:13,Los Angeles,Lakers,LAL,Los Angeles Lakers,Lakers,True,0,,401810995,2026,2,552583,fdb927,1841.0,https://a.espncdn.com/i/teamlogos/nba/500/scoreboard/lal.png,,False,,2026-04-05 19:30:00,2026-04-05,False,LAL @ DAL
401810992,s:40~l:46~e:401810992~c:401810992,2026-04-05,0,True,False,False,False,2026-04-05T23:00Z,,,1,STD,2029.0,Target Center,Minneapolis,MN,True,0,0.0,0,1,STATUS_SCHEDULED,pre,False,Scheduled,"Sun, April 5th at 7:00 PM EDT",4/5 - 7:00 PM EDT,4,16,s:40~l:46~t:16,Minnesota,Timberwolves,MIN,Minnesota Timberwolves,Timberwolves,266092,79bc43,True,2029.0,https://a.espncdn.com/i/teamlogos/nba/500/scoreboard/min.png,0,,30,s:40~l:46~t:30,Charlotte,Hornets,CHA,Charlotte Hornets,Hornets,True,0,,401810992,2026,2,008ca8,1d1060,1893.0,https://a.espncdn.com/i/teamlogos/nba/500/scoreboard/cha.png,,False,,2026-04-05 19:00:00,2026-04-05,False,CHA @ MIN
401810993,s:40~l:46~e:401810993~c:401810993,2026-04-05,0,True,False,False,False,2026-04-05T23:00Z,,,1,STD,985.0,Smoothie King Center,New Orleans,LA,True,0,0.0,0,1,STATUS_SCHEDULED,pre,False,Scheduled,"Sun, April 5th at 7:00 PM EDT",4/5 - 7:00 PM EDT,4,3,s:40~l:46~t:3,New Orleans,Pelicans,NO,New Orleans Pelicans,Pelicans,0a2240,b4975a,True,985.0,https://a.espncdn.com/i/teamlogos/nba/500/scoreboard/no.png,0,,19,s:40~l:46~t:19,Orlando,Magic,ORL,Orlando Magic,Magic,True,0,,401810993,2026,2,0150b5,9ca0a3,3432.0,https://a.espncdn.com/i/teamlogos/nba/500/scoreboard/orl.png,,False,,2026-04-05 19:00:00,2026-04-05,False,ORL @ NOP
401810994,s:40~l:46~e:401810994~c:401810994,2026-04-05,0,True,False,False,False,2026-04-05T23:00Z,,,1,STD,2559.0,Paycom Center,Oklahoma City,OK,True,0,0.0,0,1,STATUS_SCHEDULED,pre,False,Scheduled,"Sun, April 5th at 7:00 PM EDT",4/5 - 7:00 PM EDT,4,25,s:40~l:46~t:25,Oklahoma City,Thunder,OKC,Oklahoma City Thunder,Thunder,007ac1,ef3b24,True,2559.0,https://a.espncdn.com/i/teamlogos/nba/500/scoreboard/okc.png,0,,26,s:40~l:46~t:26,Utah,Jazz,UTAH,Utah Jazz,Jazz,True,0,,401810994,2026,2,4e008e,79a3dc,3093.0,https://a.espncdn.com/i/teamlogos/nba/500/scoreboard/utah.png,,False,,2026-04-05 19:00:00,2026-04-05,False,UTA @ OKC
401810991,s:40~l:46~e:401810991~c:401810991,2026-04-05,0,True,False,False,False,2026-04-05T22:00Z,,,1,STD,3417.0,Rocket Arena,Cleveland,OH,True,0,0.0,0,1,STATUS_SCHEDULED,pre,False,Scheduled,"Sun, April 5th at 6:00 PM EDT",4/5 - 6:00 PM EDT,4,5,s:40~l:46~t:5,Cleveland,Cavaliers,CLE,Cleveland Cavaliers,Cavaliers,860038,bc945c,True,3417.0,https://a.espncdn.com/i/teamlogos/nba/500/scoreboard/cle.png,0,,11,s:40~l:46~t:11,Indiana,Pacers,IND,Indiana Pacers,Pacers,True,0,,401810991,2026,2,0c2340,ffd520,2183.0,https://a.espncdn.com/i/teamlogos/nba/500/scoreboard/ind.png,,False,,2026-04-05 18:00:00,2026-04-05,False,IND @ CLE
401810987,s:40~l:46~e:401810987~c:401810987,2026-04-05,0,True,False,False,False,2026-04-05T19:30Z,,,1,STD,1824.0,TD Garden,Boston,MA,True,0,0.0,0,1,STATUS_SCHEDULED,pre,False,Scheduled,"Sun, April 5th at 3:30 PM EDT",4/5 - 3:30 PM EDT,4,2,s:40~l:46~t:2,Boston,Celtics,BOS,Boston Celtics,Celtics,008348,ffffff,True,1824.0,https://a.espncdn.com/i/teamlogos/nba/500/scoreboard/bos.png,0,,28,s:40~l:46~t:28,Toronto,Raptors,TOR,Toronto Raptors,Raptors,True,0,,401810987,2026,2,d91244,000000,1838.0,https://a.espncdn.com/i/teamlogos/nba/500/scoreboard/tor.png,,False,,2026-04-05 15:30:00,2026-04-05,False,TOR @ BOS
401810988,s:40~l:46~e:401810988~c:401810988,2026-04-05,0,True,False,False,False,2026-04-05T19:30Z,,,1,STD,3559.0,Barclays Center,Brooklyn,NY,True,0,0.0,0,1,STATUS_SCHEDULED,pre,False,Scheduled,"Sun, April 5th at 3:30 PM EDT",4/5 - 3:30 PM EDT,4,17,s:40~l:46~t:17,Brooklyn,Nets,BKN,Brooklyn Nets,Nets,000000,ffffff,True,1826.0,https://a.espncdn.com/i/teamlogos/nba/500/scoreboard/bkn.png,0,,27,s:40~l:46~t:27,Washington,Wizards,WSH,Washington Wizards,Wizards,True,0,,401810988,2026,2,e31837,002b5c,1823.0,https://a.espncdn.com/i/teamlogos/nba/500/scoreboard/wsh.png,,False,,2026-04-05 15:30:00,2026-04-05,False,WAS @ BKN
401810989,s:40~l:46~e:401810989~c:401810989,2026-04-05,0,True,False,False,False,2026-04-05T19:30Z,,,1,STD,1847.0,United Center,Chicago,IL,True,0,0.0,0,1,STATUS_SCHEDULED,pre,False,Scheduled,"Sun, April 5th at 3:30 PM EDT",4/5 - 3:30 PM EDT,4,4,s:40~l:46~t:4,Chicago,Bulls,CHI,Chicago Bulls,Bulls,ce1141,000000,True,1847.0,https://a.espncdn.com/i/teamlogos/nba/500/scoreboard/chi.png,0,,21,s:40~l:46~t:21,Phoenix,Suns,PHX,Phoenix Suns,Suns,True,0,,401810989,2026,2,29127a,e56020,1949.0,https://a.espncdn.com/i/teamlogos/nba/500/scoreboard/phx.png,,False,,2026-04-05 15:30:00,2026-04-05,False,PHX @ CHI
401810990,s:40~l:46~e:401810990~c:401810990,2026-04-05,0,True,False,False,False,2026-04-05T19:30Z,,,1,STD,5777.0,Fiserv Forum,Milwaukee,WI,True,0,0.0,0,1,STATUS_SCHEDULED,pre,False,Scheduled,"Sun, April 5th at 3:30 PM EDT",4/5 - 3:30 PM EDT,4,15,s:40~l:46~t:15,Milwaukee,Bucks,MIL,Milwaukee Bucks,Bucks,00471b,eee1c6,True,2099.0,https://a.espncdn.com/i/teamlogos/nba/500/scoreboard/mil.png,0,,29,s:40~l:46~t:29,Memphis,Grizzlies,MEM,Memphis Grizzlies,Grizzlies,True,0,,401810990,2026,2,5d76a9,12173f,1392.0,https://a.espncdn.com/i/teamlogos/nba/500/scoreboard/mem.png,,False,,2026-04-05 15:30:00,2026-04-05,False,MEM @ MIL
401810986,s:40~l:46~e:401810986~c:401810986,2026-04-04,0,True,False,False,False,2026-04-04T23:00Z,,,1,STD,1845.0,Xfinity Mobile Arena,Philadelphia,PA,True,0,0.0,0,1,STATUS_SCHEDULED,pre,False,Scheduled,"Sat, April 4th at 7:00 PM EDT",4/4 - 7:00 PM EDT,4,20,s:40~l:46~t:20,Philadelphia,76ers,PHI,Philadelphia 76ers,76ers,1d428a,e01234,True,1845.0,https://a.espncdn.com/i/teamlogos/nba/500/scoreboard/phi.png,0,,8,s:40~l:46~t:8,Detroit,Pistons,DET,Detroit Pistons,Pistons,True,0,,401810986,2026,2,1d428a,c8102e,5311.0,https://a.espncdn.com/i/teamlogos/nba/500/scoreboard/det.png,,False,,2026-04-04 19:00:00,2026-04-04,False,DET @ PHI
401810984,s:40~l:46~e:401810984~c:401810984,2026-04-04,0,True,False,False,False,2026-04-04T19:00Z,,,1,STD,3438.0,Kaseya Center,Miami,FL,True,0,0.0,0,1,STATUS_SCHEDULED,pre,False,Scheduled,"Sat, April 4th at 3:00 PM EDT",4/4 - 3:00 PM EDT,4,14,s:40~l:46~t:14,Miami,Heat,MIA,Miami Heat,Heat,98002e,000000,True,3438.0,https://a.espncdn.com/i/teamlogos/nba/500/scoreboard/mia.png,0,,27,s:40~l:46~t:27,Washington,Wizards,WSH,Washington Wizards,Wizards,True,0,,401810984,2026,2,e31837,002b5c,1823.0,https://a.espncdn.com/i/teamlogos/nba/500/scoreboard/wsh.png,,False,,2026-04-04 15:00:00,2026-04-04,False,WAS @ MIA
401810985,s:40~l:46~e:401810985~c:401810985,2026-04-04,0,True,False,False,False,2026-04-04T19:00Z,,,1,STD,892.0,Ball Arena,Denver,CO,True,0,0.0,0,1,STATUS_SCHEDULED,pre,False,Scheduled,"Sat, April 4th at 3:00 PM EDT",4/4 - 3:00 PM EDT,4,7,s:40~l:46~t:7,Denver,Nuggets,DEN,Denver Nuggets,Nuggets,0e2240,fec524,True,892.0,https://a.espncdn.com/i/teamlogos/nba/500/scoreboard/den.png,0,,24,s:40~l:46~t:24,San Antonio,Spurs,SA,San Antonio Spurs,Spurs,True,0,,401810985,2026,2,000000,c4ced4,780.0,https://a.espncdn.com/i/teamlogos/nba/500/scoreboard/sa.png,,False,,2026-04-04 15:00:00,2026-04-04,False,SAS @ DEN
401810983,s:40~l:46~e:401810983~c:401810983,2026-04-04,0,True,False,False,False,2026-04-04T02:00Z,,,1,STD,5310.0,Golden 1 Center,Sacramento,CA,True,0,0.0,0,1,STATUS_SCHEDULED,pre,False,Scheduled,"Fri, April 3rd at 10:00 PM EDT",4/3 - 10:00 PM EDT,4,23,s:40~l:46~t:23,Sacramento,Kings,SAC,Sacramento Kings,Kings,5a2d81,6a7a82,True,2247.0,https://a.espncdn.com/i/teamlogos/nba/500/scoreboard/sac.png,0,,3,s:40~l:46~t:3,New Orleans,Pelicans,NO,New Orleans Pelicans,Pelicans,True,0,,401810983,2026,2,0a2240,b4975a,985.0,https://a.espncdn.com/i/teamlogos/nba/500/scoreboard/no.png,,False,,2026-04-03 22:00:00,2026-04-03,False,NOP @ SAC
401810982,s:40~l:46~e:401810982~c:401810982,2026-04-04,0,True,False,False,False,2026-04-04T00:30Z,,,1,STD,516.0,American Airlines Center,Dallas,TX,True,0,0.0,0,1,STATUS_SCHEDULED,pre,False,Scheduled,"Fri, April 3rd at 8:30 PM EDT",4/3 - 8:30 PM EDT,4,6,s:40~l:46~t:6,Dallas,Mavericks,DAL,Dallas Mavericks,Mavericks,0064b1,bbc4ca,True,516.0,https://a.espncdn.com/i/teamlogos/nba/500/scoreboard/dal.png,0,,19,s:40~l:46~t:19,Orlando,Magic,ORL,Orlando Magic,Magic,True,0,,401810982,2026,2,0150b5,9ca0a3,3432.0,https://a.espncdn.com/i/teamlogos/nba/500/scoreboard/orl.png,,False,,2026-04-03 20:30:00,2026-04-03,False,ORL @ DAL
401810979,s:40~l:46~e:401810979~c:401810979,2026-04-04,0,True,False,False,False,2026-04-04T00:00Z,,,1,STD,1394.0,Toyota Center (Houston),Houston,TX,True,0,0.0,0,1,STATUS_SCHEDULED,pre,False,Scheduled,"Fri, April 3rd at 8:00 PM EDT",4/3 - 8:00 PM EDT,4,10,s:40~l:46~t:10,Houston,Rockets,HOU,Houston Rockets,Rockets,ce1141,000000,True,1394.0,https://a.espncdn.com/i/teamlogos/nba/500/scoreboard/hou.png,0,,26,s:40~l:46~t:26,Utah,Jazz,UTAH,Utah Jazz,Jazz,True,0,,401810979,2026,2,4e008e,79a3dc,3093.0,https://a.espncdn.com/i/teamlogos/nba/500/scoreboard/utah.png,,False,,2026-04-03 20:00:00,2026-04-03,False,UTA @ HOU
401810980,s:40~l:46~e:401810980~c:401810980,2026-04-04,0,True,False,False,False,2026-04-04T00:00Z,,,1,STD,1392.0,FedExForum,Memphis,TN,True,0,0.0,0,1,STATUS_SCHEDULED,pre,False,Scheduled,"Fri, April 3rd at 8:00 PM EDT",4/3 - 8:00 PM EDT,4,29,s:40~l:46~t:29,Memphis,Grizzlies,MEM,Memphis Grizzlies,Grizzlies,5d76a9,12173f,True,1392.0,https://a.espncdn.com/i/teamlogos/nba/500/scoreboard/mem.png,0,,28,s:40~l:46~t:28,Toronto,Raptors,TOR,Toronto Raptors,Raptors,True,0,,401810980,2026,2,d91244,000000,1838.0,https://a.espncdn.com/i/teamlogos/nba/500/scoreboard/tor.png,,False,,2026-04-03 20:00:00,2026-04-03,False,TOR @ MEM
401810981,s:40~l:46~e:401810981~c:401810981,2026-04-04,0,True,False,False,False,2026-04-04T00:00Z,,,1,STD,5777.0,Fiserv Forum,Milwaukee,WI,True,0,0.0,0,1,STATUS_SCHEDULED,pre,False,Scheduled,"Fri, April 3rd at 8:00 PM EDT",4/3 - 8:00 PM EDT,4,15,s:40~l:46~t:15,Milwaukee,Bucks,MIL,Milwaukee Bucks,Bucks,00471b,eee1c6,True,2099.0,https://a.espncdn.com/i/teamlogos/nba/500/scoreboard/mil.png,0,,2,s:40~l:46~t:2,Boston,Celtics,BOS,Boston Celtics,Celtics,True,0,,401810981,2026,2,008348,ffffff,1824.0,https://a.espncdn.com/i/teamlogos/nba/500/scoreboard/bos.png,,False,,2026-04-03 20:00:00,2026-04-03,False,BOS @ MIL
401810977,s:40~l:46~e:401810977~c:401810977,2026-04-03,0,True,False,False,False,2026-04-03T23:30Z,,,1,STD,3559.0,Barclays Center,Brooklyn,NY,True,0,0.0,0,1,STATUS_SCHEDULED,pre,False,Scheduled,"Fri, April 3rd at 7:30 PM EDT",4/3 - 7:30 PM EDT,4,17,s:40~l:46~t:17,Brooklyn,Nets,BKN,Brooklyn Nets,Nets,000000,ffffff,True,1826.0,https://a.espncdn.com/i/teamlogos/nba/500/scoreboard/bkn.png,0,,1,s:40~l:46~t:1,Atlanta,Hawks,ATL,Atlanta Hawks,Hawks,True,0,,401810977,2026,2,c8102e,fdb927,1827.0,https://a.espncdn.com/i/teamlogos/nba/500/scoreboard/atl.png,,False,,2026-04-03 19:30:00,2026-04-03,False,ATL @ BKN
401810978,s:40~l:46~e:401810978~c:401810978,2026-04-03,0,True,False,False,False,2026-04-03T23:30Z,,,1,STD,1830.0,Madison Square Garden,New York,NY,True,0,0.0,0,1,STATUS_SCHEDULED,pre,False,Scheduled,"Fri, April 3rd at 7:30 PM EDT",4/3 - 7:30 PM EDT,4,18,s:40~l:46~t:18,New York,Knicks,NY,New York Knicks,Knicks,1d428a,f58426,True,1830.0,https://a.espncdn.com/i/teamlogos/nba/500/scoreboard/ny.png,0,,4,s:40~l:46~t:4,Chicago,Bulls,CHI,Chicago Bulls,Bulls,True,0,,401810978,2026,2,ce1141,000000,1847.0,https://a.espncdn.com/i/teamlogos/nba/500/scoreboard/chi.png,,False,,2026-04-03 19:30:00,2026-04-03,False,CHI @ NYK
401810975,s:40~l:46~e:401810975~c:401810975,2026-04-03,0,True,False,False,False,2026-04-03T23:00Z,,,1,STD,1893.0,Spectrum Center,Charlotte,NC,True,0,0.0,0,1,STATUS_SCHEDULED,pre,False,Scheduled,"Fri, April 3rd at 7:00 PM EDT",4/3 - 7:00 PM EDT,4,30,s:40~l:46~t:30,Charlotte,Hornets,CHA,Charlotte Hornets,Hornets,008ca8,1d1060,True,1893.0,https://a.espncdn.com/i/teamlogos/nba/500/scoreboard/cha.png,0,,11,s:40~l:46~t:11,Indiana,Pacers,IND,Indiana Pacers,Pacers,True,0,,401810975,2026,2,0c2340,ffd520,2183.0,https://a.espncdn.com/i/teamlogos/nba/500/scoreboard/ind.png,,False,,2026-04-03 19:00:00,2026-04-03,False,IND @ CHA
401810976,s:40~l:46~e:401810976~c:401810976,2026-04-03,0,True,False,False,False,2026-04-03T23:00Z,,,1,STD,1845.0,Xfinity Mobile Arena,Philadelphia,PA,True,0,0.0,0,1,STATUS_SCHEDULED,pre,False,Scheduled,"Fri, April 3rd at 7:00 PM EDT",4/3 - 7:00 PM EDT,4,20,s:40~l:46~t:20,Philadelphia,76ers,PHI,Philadelphia 76ers,76ers,1d428a,e01234,True,1845.0,https://a.espncdn.com/i/teamlogos/nba/500/scoreboard/phi.png,0,,16,s:40~l:46~t:16,Minnesota,Timberwolves,MIN,Minnesota Timberwolves,Timberwolves,True,0,,401810976,2026,2,266092,79bc43,2029.0,https://a.espncdn.com/i/teamlogos/nba/500/scoreboard/min.png,,False,,2026-04-03 19:00:00,2026-04-03,False,MIN @ PHI
401810974,s:40~l:46~e:401810974~c:401810974,2026-04-03,0,True,False,False,False,2026-04-03T02:30Z,,,1,STD,10642.0,Intuit Dome,Inglewood,CA,True,0,0.0,0,1,STATUS_SCHEDULED,pre,False,Scheduled,"Thu, April 2nd at 10:30 PM EDT",4/2 - 10:30 PM EDT,4,12,s:40~l:46~t:12,LA,Clippers,LAC,LA Clippers,Clippers,12173f,c8102e,True,1841.0,https://a.espncdn.com/i/teamlogos/nba/500/scoreboard/lac.png,0,,24,s:40~l:46~t:24,San Antonio,Spurs,SA,San Antonio Spurs,Spurs,True,0,,401810974,2026,2,000000,c4ced4,780.0,https://a.espncdn.com/i/teamlogos/nba/500/scoreboard/sa.png,,False,,2026-04-02 22:30:00,2026-04-02,False,SAS @ LAC
401810972,s:40~l:46~e:401810972~c:401810972,2026-04-03,0,True,False,False,False,2026-04-03T02:00Z,,,1,STD,6270.0,Chase Center,San Francisco,CA,True,0,0.0,0,1,STATUS_SCHEDULED,pre,False,Scheduled,"Thu, April 2nd at 10:00 PM EDT",4/2 - 10:00 PM EDT,4,9,s:40~l:46~t:9,Golden State,Warriors,GS,Golden State Warriors,Warriors,fdb927,1d428a,True,2465.0,https://a.espncdn.com/i/teamlogos/nba/500/scoreboard/gs.png,0,,5,s:40~l:46~t:5,Cleveland,Cavaliers,CLE,Cleveland Cavaliers,Cavaliers,True,0,,401810972,2026,2,860038,bc945c,3417.0,https://a.espncdn.com/i/teamlogos/nba/500/scoreboard/cle.png,,False,,2026-04-02 22:00:00,2026-04-02,False,CLE @ GSW
401810973,s:40~l:46~e:401810973~c:401810973,2026-04-03,0,True,False,False,False,2026-04-03T02:00Z,,,1,STD,3423.0,Moda Center,Portland,OR,True,0,0.0,0,1,STATUS_SCHEDULED,pre,False,Scheduled,"Thu, April 2nd at 10:00 PM EDT",4/2 - 10:00 PM EDT,4,22,s:40~l:46~t:22,Portland,Trail Blazers,POR,Portland Trail Blazers,Trail Blazers,e03a3e,000000,True,3423.0,https://a.espncdn.com/i/teamlogos/nba/500/scoreboard/por.png,0,,3,s:40~l:46~t:3,New Orleans,Pelicans,NO,New Orleans Pelicans,Pelicans,True,0,,401810973,2026,2,0a2240,b4975a,985.0,https://a.espncdn.com/i/teamlogos/nba/500/scoreboard/no.png,,False,,2026-04-02 22:00:00,2026-04-02,False,NOP @ POR
401810971,s:40~l:46~e:401810971~c:401810971,2026-04-03,0,True,False,False,False,2026-04-03T01:30Z,,,1,STD,2559.0,Paycom Center,Oklahoma City,OK,True,0,0.0,0,1,STATUS_SCHEDULED,pre,False,Scheduled,"Thu, April 2nd at 9:30 PM EDT",4/2 - 9:30 PM EDT,4,25,s:40~l:46~t:25,Oklahoma City,Thunder,OKC,Oklahoma City Thunder,Thunder,007ac1,ef3b24,True,2559.0,https://a.espncdn.com/i/teamlogos/nba/500/scoreboard/okc.png,0,,13,s:40~l:46~t:13,Los Angeles,Lakers,LAL,Los Angeles Lakers,Lakers,True,0,,401810971,2026,2,552583,fdb927,1841.0,https://a.espncdn.com/i/teamlogos/nba/500/scoreboard/lal.png,,False,,2026-04-02 21:30:00,2026-04-02,False,LAL @ OKC
401810969,s:40~l:46~e:401810969~c:401810969,2026-04-02,0,True,False,False,False,2026-04-02T23:00Z,,,1,STD,1893.0,Spectrum Center,Charlotte,NC,True,0,0.0,0,1,STATUS_SCHEDULED,pre,False,Scheduled,"Thu, April 2nd at 7:00 PM EDT",4/2 - 7:00 PM EDT,4,30,s:40~l:46~t:30,Charlotte,Hornets,CHA,Charlotte Hornets,Hornets,008ca8,1d1060,True,1893.0,https://a.espncdn.com/i/teamlogos/nba/500/scoreboard/cha.png,0,,21,s:40~l:46~t:21,Phoenix,Suns,PHX,Phoenix Suns,Suns,True,0,,401810969,2026,2,29127a,e56020,1949.0,https://a.espncdn.com/i/teamlogos/nba/500/scoreboard/phx.png,,False,,2026-04-02 19:00:00,2026-04-02,False,PHX @ CHA
401810970,s:40~l:46~e:401810970~c:401810970,2026-04-02,0,True,False,False,False,2026-04-02T23:00Z,,,1,STD,5404.0,Little Caesars Arena,Detroit,MI,True,0,0.0,0,1,STATUS_SCHEDULED,pre,False,Scheduled,"Thu, April 2nd at 7:00 PM EDT",4/2 - 7:00 PM EDT,4,8,s:40~l:46~t:8,Detroit,Pistons,DET,Detroit Pistons,Pistons,1d428a,c8102e,True,5311.0,https://a.espncdn.com/i/teamlogos/nba/500/scoreboard/det.png,0,,16,s:40~l:46~t:16,Minnesota,Timberwolves,MIN,Minnesota Timberwolves,Timberwolves,True,0,,401810970,2026,2,266092,79bc43,2029.0,https://a.espncdn.com/i/teamlogos/nba/500/scoreboard/min.png,,False,,2026-04-02 19:00:00,2026-04-02,False,MIN @ DET
401810968,s:40~l:46~e:401810968~c:401810968,2026-04-02,0,True,False,False,False,2026-04-02T02:00Z,,,1,STD,6270.0,Chase Center,San Francisco,CA,True,0,0.0,0,1,STATUS_SCHEDULED,pre,False,Scheduled,"Wed, April 1st at 10:00 PM EDT",4/1 - 10:00 PM EDT,4,9,s:40~l:46~t:9,Golden State,Warriors,GS,Golden State Warriors,Warriors,fdb927,1d428a,True,2465.0,https://a.espncdn.com/i/teamlogos/nba/500/scoreboard/gs.png,0,,24,s:40~l:46~t:24,San Antonio,Spurs,SA,San Antonio Spurs,Spurs,True,0,,401810968,2026,2,000000,c4ced4,780.0,https://a.espncdn.com/i/teamlogos/nba/500/scoreboard/sa.png,,False,,2026-04-01 22:00:00,2026-04-01,False,SAS @ GSW
401810967,s:40~l:46~e:401810967~c:401810967,2026-04-02,0,True,False,False,False,2026-04-02T01:00Z,,,1,STD,3093.0,Delta Center,Salt Lake City,UT,True,0,0.0,0,1,STATUS_SCHEDULED,pre,False,Scheduled,"Wed, April 1st at 9:00 PM EDT",4/1 - 9:00 PM EDT,4,26,s:40~l:46~t:26,Utah,Jazz,UTAH,Utah Jazz,Jazz,4e008e,79a3dc,True,3093.0,https://a.espncdn.com/i/teamlogos/nba/500/scoreboard/utah.png,0,,7,s:40~l:46~t:7,Denver,Nuggets,DEN,Denver Nuggets,Nuggets,True,0,,401810967,2026,2,0e2240,fec524,892.0,https://a.espncdn.com/i/teamlogos/nba/500/scoreboard/den.png,,False,,2026-04-01 21:00:00,2026-04-01,False,DEN @ UTA
401810858,s:40~l:46~e:401810858~c:401810858,2026-04-02,0,True,False,False,False,2026-04-02T00:00Z,,,1,STD,1392.0,FedExForum,Memphis,TN,True,0,0.0,0,1,STATUS_SCHEDULED,pre,False,Scheduled,"Wed, April 1st at 8:00 PM EDT",4/1 - 8:00 PM EDT,4,29,s:40~l:46~t:29,Memphis,Grizzlies,MEM,Memphis Grizzlies,Grizzlies,5d76a9,12173f,True,1392.0,https://a.espncdn.com/i/teamlogos/nba/500/scoreboard/mem.png,0,,18,s:40~l:46~t:18,New York,Knicks,NY,New York Knicks,Knicks,True,0,,401810858,2026,2,1d428a,f58426,1830.0,https://a.espncdn.com/i/teamlogos/nba/500/scoreboard/ny.png,,False,,2026-04-01 20:00:00,2026-04-01,False,NYK @ MEM
401810963,s:40~l:46~e:401810963~c:401810963,2026-04-02,0,True,False,False,False,2026-04-02T00:00Z,,,1,STD,1838.0,Scotiabank Arena,Toronto,ON,True,0,0.0,0,1,STATUS_SCHEDULED,pre,False,Scheduled,"Wed, April 1st at 8:00 PM EDT",4/1 - 8:00 PM EDT,4,28,s:40~l:46~t:28,Toronto,Raptors,TOR,Toronto Raptors,Raptors,d91244,000000,True,1838.0,https://a.espncdn.com/i/teamlogos/nba/500/scoreboard/tor.png,0,,23,s:40~l:46~t:23,Sacramento,Kings,SAC,Sacramento Kings,Kings,True,0,,401810963,2026,2,5a2d81,6a7a82,2247.0,https://a.espncdn.com/i/teamlogos/nba/500/scoreboard/sac.png,,False,,2026-04-01 20:00:00,2026-04-01,False,SAC @ TOR
401810964,s:40~l:46~e:401810964~c:401810964,2026-04-02,0,True,False,False,False,2026-04-02T00:00Z,,,1,STD,1847.0,United Center,Chicago,IL,True,0,0.0,0,1,STATUS_SCHEDULED,pre,False,Scheduled,"Wed, April 1st at 8:00 PM EDT",4/1 - 8:00 PM EDT,4,4,s:40~l:46~t:4,Chicago,Bulls,CHI,Chicago Bulls,Bulls,ce1141,000000,True,1847.0,https://a.espncdn.com/i/teamlogos/nba/500/scoreboard/chi.png,0,,11,s:40~l:46~t:11,Indiana,Pacers,IND,Indiana Pacers,Pacers,True,0,,401810964,2026,2,0c2340,ffd520,2183.0,https://a.espncdn.com/i/teamlogos/nba/500/scoreboard/ind.png,,False,,2026-04-01 20:00:00,2026-04-01,False,IND @ CHI
401810965,s:40~l:46~e:401810965~c:401810965,2026-04-02,0,True,False,False,False,2026-04-02T00:00Z,,,1,STD,1394.0,Toyota Center (Houston),Houston,TX,True,0,0.0,0,1,STATUS_SCHEDULED,pre,False,Scheduled,"Wed, April 1st at 8:00 PM EDT",4/1 - 8:00 PM EDT,4,10,s:40~l:46~t:10,Houston,Rockets,HOU,Houston Rockets,Rockets,ce1141,000000,True,1394.0,https://a.espncdn.com/i/teamlogos/nba/500/scoreboard/hou.png,0,,15,s:40~l:46~t:15,Milwaukee,Bucks,MIL,Milwaukee Bucks,Bucks,True,0,,401810965,2026,2,00471b,eee1c6,2099.0,https://a.espncdn.com/i/teamlogos/nba/500/scoreboard/mil.png,,False,,2026-04-01 20:00:00,2026-04-01,False,MIL @ HOU
401810961,s:40~l:46~e:401810961~c:401810961,2026-04-01,0,True,False,False,False,2026-04-01T23:30Z,,,1,STD,3438.0,Kaseya Center,Miami,FL,True,0,0.0,0,1,STATUS_SCHEDULED,pre,False,Scheduled,"Wed, April 1st at 7:30 PM EDT",4/1 - 7:30 PM EDT,4,14,s:40~l:46~t:14,Miami,Heat,MIA,Miami Heat,Heat,98002e,000000,True,3438.0,https://a.espncdn.com/i/teamlogos/nba/500/scoreboard/mia.png,0,,2,s:40~l:46~t:2,Boston,Celtics,BOS,Boston Celtics,Celtics,True,0,,401810961,2026,2,008348,ffffff,1824.0,https://a.espncdn.com/i/teamlogos/nba/500/scoreboard/bos.png,,False,,2026-04-01 19:30:00,2026-04-01,False,BOS @ MIA
401810962,s:40~l:46~e:401810962~c:401810962,2026-04-01,0,True,False,False,False,2026-04-01T23:30Z,,,1,STD,3432.0,Kia Center,Orlando,FL,True,0,0.0,0,1,STATUS_SCHEDULED,pre,False,Scheduled,"Wed, April 1st at 7:30 PM EDT",4/1 - 7:30 PM EDT,4,19,s:40~l:46~t:19,Orlando,Magic,ORL,Orlando Magic,Magic,0150b5,9ca0a3,True,3432.0,https://a.espncdn.com/i/teamlogos/nba/500/scoreboard/orl.png,0,,1,s:40~l:46~t:1,Atlanta,Hawks,ATL,Atlanta Hawks,Hawks,True,0,,401810962,2026,2,c8102e,fdb927,1827.0,https://a.espncdn.com/i/teamlogos/nba/500/scoreboard/atl.png,,False,,2026-04-01 19:30:00,2026-04-01,False,ATL @ ORL
401810960,s:40~l:46~e:401810960~c:401810960,2026-04-01,0,True,False,False,False,2026-04-01T23:00Z,,,1,STD,1823.0,Capital One Arena,Washington,DC,True,0,0.0,0,1,STATUS_SCHEDULED,pre,False,Scheduled,"Wed, April 1st at 7:00 PM EDT",4/1 - 7:00 PM EDT,4,27,s:40~l:46~t:27,Washington,Wizards,WSH,Washington Wizards,Wizards,e31837,002b5c,True,1823.0,https://a.espncdn.com/i/teamlogos/nba/500/scoreboard/wsh.png,0,,20,s:40~l:46~t:20,Philadelphia,76ers,PHI,Philadelphia 76ers,76ers,True,0,,401810960,2026,2,1d428a,e01234,1845.0,https://a.espncdn.com/i/teamlogos/nba/500/scoreboard/phi.png,,False,,2026-04-01 19:00:00,2026-04-01,False,PHI @ WAS
401810959,s:40~l:46~e:401810959~c:401810959,2026-04-01,0,True,False,False,False,2026-04-01T03:00Z,,,1,STD,10642.0,Intuit Dome,Inglewood,CA,True,0,0.0,0,1,STATUS_SCHEDULED,pre,False,Scheduled,"Tue, March 31st at 11:00 PM EDT",3/31 - 11:00 PM EDT,4,12,s:40~l:46~t:12,LA,Clippers,LAC,LA Clippers,Clippers,12173f,c8102e,True,1841.0,https://a.espncdn.com/i/teamlogos/nba/500/scoreboard/lac.png,0,,22,s:40~l:46~t:22,Portland,Trail Blazers,POR,Portland Trail Blazers,Trail Blazers,True,0,,401810959,2026,2,e03a3e,000000,3423.0,https://a.espncdn.com/i/teamlogos/nba/500/scoreboard/por.png,,False,,2026-03-31 23:00:00,2026-03-31,False,POR @ LAC
401810958,s:40~l:46~e:401810958~c:401810958,2026-04-01,0,True,False,False,False,2026-04-01T02:30Z,,,1,STD,1841.0,crypto.com Arena,Los Angeles,CA,True,0,0.0,0,1,STATUS_SCHEDULED,pre,False,Scheduled,"Tue, March 31st at 10:30 PM EDT",3/31 - 10:30 PM EDT,4,13,s:40~l:46~t:13,Los Angeles,Lakers,LAL,Los Angeles Lakers,Lakers,552583,fdb927,True,1841.0,https://a.espncdn.com/i/teamlogos/nba/500/scoreboard/lal.png,0,,5,s:40~l:46~t:5,Cleveland,Cavaliers,CLE,Cleveland Cavaliers,Cavaliers,True,0,,401810958,2026,2,860038,bc945c,3417.0,https://a.espncdn.com/i/teamlogos/nba/500/scoreboard/cle.png,,False,,2026-03-31 22:30:00,2026-03-31,False,CLE @ LAL
401810956,s:40~l:46~e:401810956~c:401810956,2026-04-01,0,True,False,False,False,2026-04-01T00:00Z,,,1,STD,5404.0,Little Caesars Arena,Detroit,MI,True,0,0.0,0,1,STATUS_SCHEDULED,pre,False,Scheduled,"Tue, March 31st at 8:00 PM EDT",3/31 - 8:00 PM EDT,4,8,s:40~l:46~t:8,Detroit,Pistons,DET,Detroit Pistons,Pistons,1d428a,c8102e,True,5311.0,https://a.espncdn.com/i/teamlogos/nba/500/scoreboard/det.png,0,,28,s:40~l:46~t:28,Toronto,Raptors,TOR,Toronto Raptors,Raptors,True,0,,401810956,2026,2,d91244,000000,1838.0,https://a.espncdn.com/i/teamlogos/nba/500/scoreboard/tor.png,,False,,2026-03-31 20:00:00,2026-03-31,False,TOR @ DET
401810957,s:40~l:46~e:401810957~c:401810957,2026-04-01,0,True,False,False,False,2026-04-01T00:00Z,,,1,STD,1394.0,Toyota Center (Houston),Houston,TX,True,0,0.0,0,1,STATUS_SCHEDULED,pre,False,Scheduled,"Tue, March 31st at 8:00 PM EDT",3/31 - 8:00 PM EDT,4,10,s:40~l:46~t:10,Houston,Rockets,HOU,Houston Rockets,Rockets,ce1141,000000,True,1394.0,https://a.espncdn.com/i/teamlogos/nba/500/scoreboard/hou.png,0,,18,s:40~l:46~t:18,New York,Knicks,NY,New York Knicks,Knicks,True,0,,401810957,2026,2,1d428a,f58426,1830.0,https://a.espncdn.com/i/teamlogos/nba/500/scoreboard/ny.png,,False,,2026-03-31 20:00:00,2026-03-31,False,NYK @ HOU
401858694,s:40~l:46~e:401858694~c:401858694,2026-04-01,0,True,False,False,False,2026-04-01T00:00Z,event,Makeup from Jan 25,1,STD,5777.0,Fiserv Forum,Milwaukee,WI,True,0,0.0,0,1,STATUS_SCHEDULED,pre,False,Scheduled,"Tue, March 31st at 8:00 PM EDT",3/31 - 8:00 PM EDT,4,15,s:40~l:46~t:15,Milwaukee,Bucks,MIL,Milwaukee Bucks,Bucks,00471b,eee1c6,True,2099.0,https://a.espncdn.com/i/teamlogos/nba/500/scoreboard/mil.png,0,,6,s:40~l:46~t:6,Dallas,Mavericks,DAL,Dallas Mavericks,Mavericks,True,0,,401858694,2026,2,0064b1,bbc4ca,516.0,https://a.espncdn.com/i/teamlogos/nba/500/scoreboard/dal.png,,False,,2026-03-31 20:00:00,2026-03-31,False,DAL @ MIL
401810955,s:40~l:46~e:401810955~c:401810955,2026-03-31,0,True,False,False,False,2026-03-31T23:30Z,,,1,STD,3559.0,Barclays Center,Brooklyn,NY,True,0,0.0,0,1,STATUS_SCHEDULED,pre,False,Scheduled,"Tue, March 31st at 7:30 PM EDT",3/31 - 7:30 PM EDT,4,17,s:40~l:46~t:17,Brooklyn,Nets,BKN,Brooklyn Nets,Nets,000000,ffffff,True,1826.0,https://a.espncdn.com/i/teamlogos/nba/500/scoreboard/bkn.png,0,,30,s:40~l:46~t:30,Charlotte,Hornets,CHA,Charlotte Hornets,Hornets,True,0,,401810955,2026,2,008ca8,1d1060,1893.0,https://a.espncdn.com/i/teamlogos/nba/500/scoreboard/cha.png,,False,,2026-03-31 19:30:00,2026-03-31,False,CHA @ BKN
401810954,s:40~l:46~e:401810954~c:401810954,2026-03-31,0,True,False,False,False,2026-03-31T23:00Z,,,1,STD,3432.0,Kia Center,Orlando,FL,True,0,0.0,0,1,STATUS_SCHEDULED,pre,False,Scheduled,"Tue, March 31st at 7:00 PM EDT",3/31 - 7:00 PM EDT,4,19,s:40~l:46~t:19,Orlando,Magic,ORL,Orlando Magic,Magic,0150b5,9ca0a3,True,3432.0,https://a.espncdn.com/i/teamlogos/nba/500/scoreboard/orl.png,0,,21,s:40~l:46~t:21,Phoenix,Suns,PHX,Phoenix Suns,Suns,True,0,,401810954,2026,2,29127a,e56020,1949.0,https://a.espncdn.com/i/teamlogos/nba/500/scoreboard/phx.png,,False,,2026-03-31 19:00:00,2026-03-31,False,PHX @ ORL
401810953,s:40~l:46~e:401810953~c:401810953,2026-03-31,0,True,False,False,False,2026-03-31T02:00Z,,,1,STD,1841.0,crypto.com Arena,Los Angeles,CA,True,0,0.0,0,1,STATUS_SCHEDULED,pre,False,Scheduled,"Mon, March 30th at 10:00 PM EDT",3/30 - 10:00 PM EDT,4,13,s:40~l:46~t:13,Los Angeles,Lakers,LAL,Los Angeles Lakers,Lakers,552583,fdb927,True,1841.0,https://a.espncdn.com/i/teamlogos/nba/500/scoreboard/lal.png,0,,27,s:40~l:46~t:27,Washington,Wizards,WSH,Washington Wizards,Wizards,True,0,,401810953,2026,2,e31837,002b5c,1823.0,https://a.espncdn.com/i/teamlogos/nba/500/scoreboard/wsh.png,,False,,2026-03-30 22:00:00,2026-03-30,False,WAS @ LAL
401810952,s:40~l:46~e:401810952~c:401810952,2026-03-31,0,True,False,False,False,2026-03-31T01:30Z,,,1,STD,2559.0,Paycom Center,Oklahoma City,OK,True,0,0.0,0,1,STATUS_SCHEDULED,pre,False,Scheduled,"Mon, March 30th at 9:30 PM EDT",3/30 - 9:30 PM EDT,4,25,s:40~l:46~t:25,Oklahoma City,Thunder,OKC,Oklahoma City Thunder,Thunder,007ac1,ef3b24,True,2559.0,https://a.espncdn.com/i/teamlogos/nba/500/scoreboard/okc.png,0,,8,s:40~l:46~t:8,Detroit,Pistons,DET,Detroit Pistons,Pistons,True,0,,401810952,2026,2,1d428a,c8102e,5311.0,https://a.espncdn.com/i/teamlogos/nba/500/scoreboard/det.png,,False,,2026-03-30 21:30:00,2026-03-30,False,DET @ OKC
401810951,s:40~l:46~e:401810951~c:401810951,2026-03-31,0,True,False,False,False,2026-03-31T01:00Z,,,1,STD,3093.0,Delta Center,Salt Lake City,UT,True,0,0.0,0,1,STATUS_SCHEDULED,pre,False,Scheduled,"Mon, March 30th at 9:00 PM EDT",3/30 - 9:00 PM EDT,4,26,s:40~l:46~t:26,Utah,Jazz,UTAH,Utah Jazz,Jazz,4e008e,79a3dc,True,3093.0,https://a.espncdn.com/i/teamlogos/nba/500/scoreboard/utah.png,0,,5,s:40~l:46~t:5,Cleveland,Cavaliers,CLE,Cleveland Cavaliers,Cavaliers,True,0,,401810951,2026,2,860038,bc945c,3417.0,https://a.espncdn.com/i/teamlogos/nba/500/scoreboard/cle.png,,False,,2026-03-30 21:00:00,2026-03-30,False,CLE @ UTA
401810950,s:40~l:46~e:401810950~c:401810950,2026-03-31,0,True,False,False,False,2026-03-31T00:30Z,,,1,STD,516.0,American Airlines Center,Dallas,TX,True,0,0.0,0,1,STATUS_SCHEDULED,pre,False,Scheduled,"Mon, March 30th at 8:30 PM EDT",3/30 - 8:30 PM EDT,4,6,s:40~l:46~t:6,Dallas,Mavericks,DAL,Dallas Mavericks,Mavericks,0064b1,bbc4ca,True,516.0,https://a.espncdn.com/i/teamlogos/nba/500/scoreboard/dal.png,0,,16,s:40~l:46~t:16,Minnesota,Timberwolves,MIN,Minnesota Timberwolves,Timberwolves,True,0,,401810950,2026,2,266092,79bc43,2029.0,https://a.espncdn.com/i/teamlogos/nba/500/scoreboard/min.png,,False,,2026-03-30 20:30:00,2026-03-30,False,MIN @ DAL
401810948,s:40~l:46~e:401810948~c:401810948,2026-03-31,0,True,False,False,False,2026-03-31T00:00Z,,,1,STD,1392.0,FedExForum,Memphis,TN,True,0,0.0,0,1,STATUS_SCHEDULED,pre,False,Scheduled,"Mon, March 30th at 8:00 PM EDT",3/30 - 8:00 PM EDT,4,29,s:40~l:46~t:29,Memphis,Grizzlies,MEM,Memphis Grizzlies,Grizzlies,5d76a9,12173f,True,1392.0,https://a.espncdn.com/i/teamlogos/nba/500/scoreboard/mem.png,0,,21,s:40~l:46~t:21,Phoenix,Suns,PHX,Phoenix Suns,Suns,True,0,,401810948,2026,2,29127a,e56020,1949.0,https://a.espncdn.com/i/teamlogos/nba/500/scoreboard/phx.png,,False,,2026-03-30 20:00:00,2026-03-30,False,PHX @ MEM
401810949,s:40~l:46~e:401810949~c:401810949,2026-03-31,0,True,False,False,False,2026-03-31T00:00Z,,,1,STD,780.0,Frost Bank Center,San Antonio,TX,True,0,0.0,0,1,STATUS_SCHEDULED,pre,False,Scheduled,"Mon, March 30th at 8:00 PM EDT",3/30 - 8:00 PM EDT,4,24,s:40~l:46~t:24,San Antonio,Spurs,SA,San Antonio Spurs,Spurs,000000,c4ced4,True,780.0,https://a.espncdn.com/i/teamlogos/nba/500/scoreboard/sa.png,0,,4,s:40~l:46~t:4,Chicago,Bulls,CHI,Chicago Bulls,Bulls,True,0,,401810949,2026,2,ce1141,000000,1847.0,https://a.espncdn.com/i/teamlogos/nba/500/scoreboard/chi.png,,False,,2026-03-30 20:00:00,2026-03-30,False,CHI @ SAS
401810947,s:40~l:46~e:401810947~c:401810947,2026-03-30,0,True,False,False,False,2026-03-30T23:30Z,,,1,STD,1827.0,State Farm Arena,Atlanta,GA,True,0,0.0,0,1,STATUS_SCHEDULED,pre,False,Scheduled,"Mon, March 30th at 7:30 PM EDT",3/30 - 7:30 PM EDT,4,1,s:40~l:46~t:1,Atlanta,Hawks,ATL,Atlanta Hawks,Hawks,c8102e,fdb927,True,1827.0,https://a.espncdn.com/i/teamlogos/nba/500/scoreboard/atl.png,0,,2,s:40~l:46~t:2,Boston,Celtics,BOS,Boston Celtics,Celtics,True,0,,401810947,2026,2,008348,ffffff,1824.0,https://a.espncdn.com/i/teamlogos/nba/500/scoreboard/bos.png,,False,,2026-03-30 19:30:00,2026-03-30,False,BOS @ ATL
401810946,s:40~l:46~e:401810946~c:401810946,2026-03-30,0,True,False,False,False,2026-03-30T23:00Z,,,1,STD,3438.0,Kaseya Center,Miami,FL,True,0,0.0,0,1,STATUS_SCHEDULED,pre,False,Scheduled,"Mon, March 30th at 7:00 PM EDT",3/30 - 7:00 PM EDT,4,14,s:40~l:46~t:14,Miami,Heat,MIA,Miami Heat,Heat,98002e,000000,True,3438.0,https://a.espncdn.com/i/teamlogos/nba/500/scoreboard/mia.png,0,,20,s:40~l:46~t:20,Philadelphia,76ers,PHI,Philadelphia 76ers,76ers,True,0,,401810946,2026,2,1d428a,e01234,1845.0,https://a.espncdn.com/i/teamlogos/nba/500/scoreboard/phi.png,,False,,2026-03-30 19:00:00,2026-03-30,False,PHI @ MIA
401810945,s:40~l:46~e:401810945~c:401810945,2026-03-30,0,True,False,False,False,2026-03-30T02:00Z,,,1,STD,892.0,Ball Arena,Denver,CO,True,0,0.0,0,1,STATUS_SCHEDULED,pre,False,Scheduled,"Sun, March 29th at 10:00 PM EDT",3/29 - 10:00 PM EDT,4,7,s:40~l:46~t:7,Denver,Nuggets,DEN,Denver Nuggets,Nuggets,0e2240,fec524,True,892.0,https://a.espncdn.com/i/teamlogos/nba/500/scoreboard/den.png,0,,9,s:40~l:46~t:9,Golden State,Warriors,GS,Golden State Warriors,Warriors,True,0,,401810945,2026,2,fdb927,1d428a,2465.0,https://a.espncdn.com/i/teamlogos/nba/500/scoreboard/gs.png,,False,,2026-03-29 22:00:00,2026-03-29,False,GSW @ DEN
401810944,s:40~l:46~e:401810944~c:401810944,2026-03-29,0,True,False,False,False,2026-03-29T23:30Z,,,1,STD,2559.0,Paycom Center,Oklahoma City,OK,True,0,0.0,0,1,STATUS_SCHEDULED,pre,False,Scheduled,"Sun, March 29th at 7:30 PM EDT",3/29 - 7:30 PM EDT,4,25,s:40~l:46~t:25,Oklahoma City,Thunder,OKC,Oklahoma City Thunder,Thunder,007ac1,ef3b24,True,2559.0,https://a.espncdn.com/i/teamlogos/nba/500/scoreboard/okc.png,0,,18,s:40~l:46~t:18,New York,Knicks,NY,New York Knicks,Knicks,True,0,,401810944,2026,2,1d428a,f58426,1830.0,https://a.espncdn.com/i/teamlogos/nba/500/scoreboard/ny.png,,False,,2026-03-29 19:30:00,2026-03-29,False,NYK @ OKC
401810943,s:40~l:46~e:401810943~c:401810943,2026-03-29,0,True,False,False,False,2026-03-29T23:00Z,,,1,STD,985.0,Smoothie King Center,New Orleans,LA,True,0,0.0,0,1,STATUS_SCHEDULED,pre,False,Scheduled,"Sun, March 29th at 7:00 PM EDT",3/29 - 7:00 PM EDT,4,3,s:40~l:46~t:3,New Orleans,Pelicans,NO,New Orleans Pelicans,Pelicans,0a2240,b4975a,True,985.0,https://a.espncdn.com/i/teamlogos/nba/500/scoreboard/no.png,0,,10,s:40~l:46~t:10,Houston,Rockets,HOU,Houston Rockets,Rockets,True,0,,401810943,2026,2,ce1141,000000,1394.0,https://a.espncdn.com/i/teamlogos/nba/500/scoreboard/hou.png,,False,,2026-03-29 19:00:00,2026-03-29,False,HOU @ NOP
401810939,s:40~l:46~e:401810939~c:401810939,2026-03-29,0,True,False,False,False,2026-03-29T22:00Z,,,1,STD,3559.0,Barclays Center,Brooklyn,NY,True,0,0.0,0,1,STATUS_SCHEDULED,pre,False,Scheduled,"Sun, March 29th at 6:00 PM EDT",3/29 - 6:00 PM EDT,4,17,s:40~l:46~t:17,Brooklyn,Nets,BKN,Brooklyn Nets,Nets,000000,ffffff,True,1826.0,https://a.espncdn.com/i/teamlogos/nba/500/scoreboard/bkn.png,0,,23,s:40~l:46~t:23,Sacramento,Kings,SAC,Sacramento Kings,Kings,True,0,,401810939,2026,2,5a2d81,6a7a82,2247.0,https://a.espncdn.com/i/teamlogos/nba/500/scoreboard/sac.png,,False,,2026-03-29 18:00:00,2026-03-29,False,SAC @ BKN
401810940,s:40~l:46~e:401810940~c:401810940,2026-03-29,0,True,False,False,False,2026-03-29T22:00Z,,,1,STD,1893.0,Spectrum Center,Charlotte,NC,True,0,0.0,0,1,STATUS_SCHEDULED,pre,False,Scheduled,"Sun, March 29th at 6:00 PM EDT",3/29 - 6:00 PM EDT,4,30,s:40~l:46~t:30,Charlotte,Hornets,CHA,Charlotte Hornets,Hornets,008ca8,1d1060,True,1893.0,https://a.espncdn.com/i/teamlogos/nba/500/scoreboard/cha.png,0,,2,s:40~l:46~t:2,Boston,Celtics,BOS,Boston Celtics,Celtics,True,0,,401810940,2026,2,008348,ffffff,1824.0,https://a.espncdn.com/i/teamlogos/nba/500/scoreboard/bos.png,,False,,2026-03-29 18:00:00,2026-03-29,False,BOS @ CHA
401810941,s:40~l:46~e:401810941~c:401810941,2026-03-29,0,True,False,False,False,2026-03-29T22:00Z,,,1,STD,1838.0,Scotiabank Arena,Toronto,ON,True,0,0.0,0,1,STATUS_SCHEDULED,pre,False,Scheduled,"Sun, March 29th at 6:00 PM EDT",3/29 - 6:00 PM EDT,4,28,s:40~l:46~t:28,Toronto,Raptors,TOR,Toronto Raptors,Raptors,d91244,000000,True,1838.0,https://a.espncdn.com/i/teamlogos/nba/500/scoreboard/tor.png,0,,19,s:40~l:46~t:19,Orlando,Magic,ORL,Orlando Magic,Magic,True,0,,401810941,2026,2,0150b5,9ca0a3,3432.0,https://a.espncdn.com/i/teamlogos/nba/500/scoreboard/orl.png,,False,,2026-03-29 18:00:00,2026-03-29,False,ORL @ TOR
401810942,s:40~l:46~e:401810942~c:401810942,2026-03-29,0,True,False,False,False,2026-03-29T22:00Z,,,1,STD,3423.0,Moda Center,Portland,OR,True,0,0.0,0,1,STATUS_SCHEDULED,pre,False,Scheduled,"Sun, March 29th at 6:00 PM EDT",3/29 - 6:00 PM EDT,4,22,s:40~l:46~t:22,Portland,Trail Blazers,POR,Portland Trail Blazers,Trail Blazers,e03a3e,000000,True,3423.0,https://a.espncdn.com/i/teamlogos/nba/500/scoreboard/por.png,0,,27,s:40~l:46~t:27,Washington,Wizards,WSH,Washington Wizards,Wizards,True,0,,401810942,2026,2,e31837,002b5c,1823.0,https://a.espncdn.com/i/teamlogos/nba/500/scoreboard/wsh.png,,False,,2026-03-29 18:00:00,2026-03-29,False,WAS @ POR
401810938,s:40~l:46~e:401810938~c:401810938,2026-03-29,0,True,False,False,False,2026-03-29T21:00Z,,,1,STD,2183.0,Gainbridge Fieldhouse,Indianapolis,IN,True,0,0.0,0,1,STATUS_SCHEDULED,pre,False,Scheduled,"Sun, March 29th at 5:00 PM EDT",3/29 - 5:00 PM EDT,4,11,s:40~l:46~t:11,Indiana,Pacers,IND,Indiana Pacers,Pacers,0c2340,ffd520,True,2183.0,https://a.espncdn.com/i/teamlogos/nba/500/scoreboard/ind.png,0,,14,s:40~l:46~t:14,Miami,Heat,MIA,Miami Heat,Heat,True,0,,401810938,2026,2,98002e,000000,3438.0,https://a.espncdn.com/i/teamlogos/nba/500/scoreboard/mia.png,,False,,2026-03-29 17:00:00,2026-03-29,False,MIA @ IND
401810937,s:40~l:46~e:401810937~c:401810937,2026-03-29,0,True,False,False,False,2026-03-29T19:30Z,,,1,STD,5777.0,Fiserv Forum,Milwaukee,WI,True,0,0.0,0,1,STATUS_SCHEDULED,pre,False,Scheduled,"Sun, March 29th at 3:30 PM EDT",3/29 - 3:30 PM EDT,4,15,s:40~l:46~t:15,Milwaukee,Bucks,MIL,Milwaukee Bucks,Bucks,00471b,eee1c6,True,2099.0,https://a.espncdn.com/i/teamlogos/nba/500/scoreboard/mil.png,0,,12,s:40~l:46~t:12,LA,Clippers,LAC,LA Clippers,Clippers,True,0,,401810937,2026,2,12173f,c8102e,1841.0,https://a.espncdn.com/i/teamlogos/nba/500/scoreboard/lac.png,,False,,2026-03-29 15:30:00,2026-03-29,False,LAC @ MIL
401810936,s:40~l:46~e:401810936~c:401810936,2026-03-29,0,True,False,False,False,2026-03-29T02:00Z,,,1,STD,1949.0,Mortgage Matchup Center,Phoenix,AZ,True,0,0.0,0,1,STATUS_SCHEDULED,pre,False,Scheduled,"Sat, March 28th at 10:00 PM EDT",3/28 - 10:00 PM EDT,4,21,s:40~l:46~t:21,Phoenix,Suns,PHX,Phoenix Suns,Suns,29127a,e56020,True,1949.0,https://a.espncdn.com/i/teamlogos/nba/500/scoreboard/phx.png,0,,26,s:40~l:46~t:26,Utah,Jazz,UTAH,Utah Jazz,Jazz,True,0,,401810936,2026,2,4e008e,79a3dc,3093.0,https://a.espncdn.com/i/teamlogos/nba/500/scoreboard/utah.png,,False,,2026-03-28 22:00:00,2026-03-28,False,UTA @ PHX
401810934,s:40~l:46~e:401810934~c:401810934,2026-03-29,0,True,False,False,False,2026-03-29T00:00Z,,,1,STD,1392.0,FedExForum,Memphis,TN,True,0,0.0,0,1,STATUS_SCHEDULED,pre,False,Scheduled,"Sat, March 28th at 8:00 PM EDT",3/28 - 8:00 PM EDT,4,29,s:40~l:46~t:29,Memphis,Grizzlies,MEM,Memphis Grizzlies,Grizzlies,5d76a9,12173f,True,1392.0,https://a.espncdn.com/i/teamlogos/nba/500/scoreboard/mem.png,0,,4,s:40~l:46~t:4,Chicago,Bulls,CHI,Chicago Bulls,Bulls,True,0,,401810934,2026,2,ce1141,000000,1847.0,https://a.espncdn.com/i/teamlogos/nba/500/scoreboard/chi.png,,False,,2026-03-28 20:00:00,2026-03-28,False,CHI @ MEM
401810935,s:40~l:46~e:401810935~c:401810935,2026-03-29,0,True,False,False,False,2026-03-29T00:00Z,,,1,STD,2029.0,Target Center,Minneapolis,MN,True,0,0.0,0,1,STATUS_SCHEDULED,pre,False,Scheduled,"Sat, March 28th at 8:00 PM EDT",3/28 - 8:00 PM EDT,4,16,s:40~l:46~t:16,Minnesota,Timberwolves,MIN,Minnesota Timberwolves,Timberwolves,266092,79bc43,True,2029.0,https://a.espncdn.com/i/teamlogos/nba/500/scoreboard/min.png,0,,8,s:40~l:46~t:8,Detroit,Pistons,DET,Detroit Pistons,Pistons,True,0,,401810935,2026,2,1d428a,c8102e,5311.0,https://a.espncdn.com/i/teamlogos/nba/500/scoreboard/det.png,,False,,2026-03-28 20:00:00,2026-03-28,False,DET @ MIN
401810933,s:40~l:46~e:401810933~c:401810933,2026-03-28,0,True,False,False,False,2026-03-28T23:30Z,,,1,STD,1827.0,State Farm Arena,Atlanta,GA,True,0,0.0,0,1,STATUS_SCHEDULED,pre,False,Scheduled,"Sat, March 28th at 7:30 PM EDT",3/28 - 7:30 PM EDT,4,1,s:40~l:46~t:1,Atlanta,Hawks,ATL,Atlanta Hawks,Hawks,c8102e,fdb927,True,1827.0,https://a.espncdn.com/i/teamlogos/nba/500/scoreboard/atl.png,0,,23,s:40~l:46~t:23,Sacramento,Kings,SAC,Sacramento Kings,Kings,True,0,,401810933,2026,2,5a2d81,6a7a82,2247.0,https://a.espncdn.com/i/teamlogos/nba/500/scoreboard/sac.png,,False,,2026-03-28 19:30:00,2026-03-28,False,SAC @ ATL
401810932,s:40~l:46~e:401810932~c:401810932,2026-03-28,0,True,False,False,False,2026-03-28T22:00Z,,,1,STD,1893.0,Spectrum Center,Charlotte,NC,True,0,0.0,0,1,STATUS_SCHEDULED,pre,False,Scheduled,"Sat, March 28th at 6:00 PM EDT",3/28 - 6:00 PM EDT,4,30,s:40~l:46~t:30,Charlotte,Hornets,CHA,Charlotte Hornets,Hornets,008ca8,1d1060,True,1893.0,https://a.espncdn.com/i/teamlogos/nba/500/scoreboard/cha.png,0,,20,s:40~l:46~t:20,Philadelphia,76ers,PHI,Philadelphia 76ers,76ers,True,0,,401810932,2026,2,1d428a,e01234,1845.0,https://a.espncdn.com/i/teamlogos/nba/500/scoreboard/phi.png,,False,,2026-03-28 18:00:00,2026-03-28,False,PHI @ CHA
401810931,s:40~l:46~e:401810931~c:401810931,2026-03-28,0,True,False,False,False,2026-03-28T19:00Z,,,1,STD,5777.0,Fiserv Forum,Milwaukee,WI,True,0,0.0,0,1,STATUS_SCHEDULED,pre,False,Scheduled,"Sat, March 28th at 3:00 PM EDT",3/28 - 3:00 PM EDT,4,15,s:40~l:46~t:15,Milwaukee,Bucks,MIL,Milwaukee Bucks,Bucks,00471b,eee1c6,True,2099.0,https://a.espncdn.com/i/teamlogos/nba/500/scoreboard/mil.png,0,,24,s:40~l:46~t:24,San Antonio,Spurs,SA,San Antonio Spurs,Spurs,True,0,,401810931,2026,2,000000,c4ced4,780.0,https://a.espncdn.com/i/teamlogos/nba/500/scoreboard/sa.png,,False,,2026-03-28 15:00:00,2026-03-28,False,SAS @ MIL
401810930,s:40~l:46~e:401810930~c:401810930,2026-03-28,0,True,False,False,False,2026-03-28T02:30Z,,,1,STD,1841.0,crypto.com Arena,Los Angeles,CA,True,0,0.0,0,1,STATUS_SCHEDULED,pre,False,Scheduled,"Fri, March 27th at 10:30 PM EDT",3/27 - 10:30 PM EDT,4,13,s:40~l:46~t:13,Los Angeles,Lakers,LAL,Los Angeles Lakers,Lakers,552583,fdb927,True,1841.0,https://a.espncdn.com/i/teamlogos/nba/500/scoreboard/lal.png,0,,17,s:40~l:46~t:17,Brooklyn,Nets,BKN,Brooklyn Nets,Nets,True,0,,401810930,2026,2,000000,ffffff,1826.0,https://a.espncdn.com/i/teamlogos/nba/500/scoreboard/bkn.png,,False,,2026-03-27 22:30:00,2026-03-27,False,BKN @ LAL
401810928,s:40~l:46~e:401810928~c:401810928,2026-03-28,0,True,False,False,False,2026-03-28T02:00Z,,,1,STD,6270.0,Chase Center,San Francisco,CA,True,0,0.0,0,1,STATUS_SCHEDULED,pre,False,Scheduled,"Fri, March 27th at 10:00 PM EDT",3/27 - 10:00 PM EDT,4,9,s:40~l:46~t:9,Golden State,Warriors,GS,Golden State Warriors,Warriors,fdb927,1d428a,True,2465.0,https://a.espncdn.com/i/teamlogos/nba/500/scoreboard/gs.png,0,,27,s:40~l:46~t:27,Washington,Wizards,WSH,Washington Wizards,Wizards,True,0,,401810928,2026,2,e31837,002b5c,1823.0,https://a.espncdn.com/i/teamlogos/nba/500/scoreboard/wsh.png,,False,,2026-03-27 22:00:00,2026-03-27,False,WAS @ GSW
401810929,s:40~l:46~e:401810929~c:401810929,2026-03-28,0,True,False,False,False,2026-03-28T02:00Z,,,1,STD,3423.0,Moda Center,Portland,OR,True,0,0.0,0,1,STATUS_SCHEDULED,pre,False,Scheduled,"Fri, March 27th at 10:00 PM EDT",3/27 - 10:00 PM EDT,4,22,s:40~l:46~t:22,Portland,Trail Blazers,POR,Portland Trail Blazers,Trail Blazers,e03a3e,000000,True,3423.0,https://a.espncdn.com/i/teamlogos/nba/500/scoreboard/por.png,0,,6,s:40~l:46~t:6,Dallas,Mavericks,DAL,Dallas Mavericks,Mavericks,True,0,,401810929,2026,2,0064b1,bbc4ca,516.0,https://a.espncdn.com/i/teamlogos/nba/500/scoreboard/dal.png,,False,,2026-03-27 22:00:00,2026-03-27,False,DAL @ POR
401810927,s:40~l:46~e:401810927~c:401810927,2026-03-28,0,True,False,False,False,2026-03-28T01:00Z,,,1,STD,892.0,Ball Arena,Denver,CO,True,0,0.0,0,1,STATUS_SCHEDULED,pre,False,Scheduled,"Fri, March 27th at 9:00 PM EDT",3/27 - 9:00 PM EDT,4,7,s:40~l:46~t:7,Denver,Nuggets,DEN,Denver Nuggets,Nuggets,0e2240,fec524,True,892.0,https://a.espncdn.com/i/teamlogos/nba/500/scoreboard/den.png,0,,26,s:40~l:46~t:26,Utah,Jazz,UTAH,Utah Jazz,Jazz,True,0,,401810927,2026,2,4e008e,79a3dc,3093.0,https://a.espncdn.com/i/teamlogos/nba/500/scoreboard/utah.png,,False,,2026-03-27 21:00:00,2026-03-27,False,UTA @ DEN
401810926,s:40~l:46~e:401810926~c:401810926,2026-03-28,0,True,False,False,False,2026-03-28T00:30Z,,,1,STD,1838.0,Scotiabank Arena,Toronto,ON,True,0,0.0,0,1,STATUS_SCHEDULED,pre,False,Scheduled,"Fri, March 27th at 8:30 PM EDT",3/27 - 8:30 PM EDT,4,28,s:40~l:46~t:28,Toronto,Raptors,TOR,Toronto Raptors,Raptors,d91244,000000,True,1838.0,https://a.espncdn.com/i/teamlogos/nba/500/scoreboard/tor.png,0,,3,s:40~l:46~t:3,New Orleans,Pelicans,NO,New Orleans Pelicans,Pelicans,True,0,,401810926,2026,2,0a2240,b4975a,985.0,https://a.espncdn.com/i/teamlogos/nba/500/scoreboard/no.png,,False,,2026-03-27 20:30:00,2026-03-27,False,NOP @ TOR
401810924,s:40~l:46~e:401810924~c:401810924,2026-03-28,0,True,False,False,False,2026-03-28T00:00Z,,,1,STD,1392.0,FedExForum,Memphis,TN,True,0,0.0,0,1,STATUS_SCHEDULED,pre,False,Scheduled,"Fri, March 27th at 8:00 PM EDT",3/27 - 8:00 PM EDT,4,29,s:40~l:46~t:29,Memphis,Grizzlies,MEM,Memphis Grizzlies,Grizzlies,5d76a9,12173f,True,1392.0,https://a.espncdn.com/i/teamlogos/nba/500/scoreboard/mem.png,0,,10,s:40~l:46~t:10,Houston,Rockets,HOU,Houston Rockets,Rockets,True,0,,401810924,2026,2,ce1141,000000,1394.0,https://a.espncdn.com/i/teamlogos/nba/500/scoreboard/hou.png,,False,,2026-03-27 20:00:00,2026-03-27,False,HOU @ MEM
401810925,s:40~l:46~e:401810925~c:401810925,2026-03-28,0,True,False,False,False,2026-03-28T00:00Z,,,1,STD,2559.0,Paycom Center,Oklahoma City,OK,True,0,0.0,0,1,STATUS_SCHEDULED,pre,False,Scheduled,"Fri, March 27th at 8:00 PM EDT",3/27 - 8:00 PM EDT,4,25,s:40~l:46~t:25,Oklahoma City,Thunder,OKC,Oklahoma City Thunder,Thunder,007ac1,ef3b24,True,2559.0,https://a.espncdn.com/i/teamlogos/nba/500/scoreboard/okc.png,0,,4,s:40~l:46~t:4,Chicago,Bulls,CHI,Chicago Bulls,Bulls,True,0,,401810925,2026,2,ce1141,000000,1847.0,https://a.espncdn.com/i/teamlogos/nba/500/scoreboard/chi.png,,False,,2026-03-27 20:00:00,2026-03-27,False,CHI @ OKC
401810922,s:40~l:46~e:401810922~c:401810922,2026-03-27,0,True,False,False,False,2026-03-27T23:30Z,,,1,STD,1824.0,TD Garden,Boston,MA,True,0,0.0,0,1,STATUS_SCHEDULED,pre,False,Scheduled,"Fri, March 27th at 7:30 PM EDT",3/27 - 7:30 PM EDT,4,2,s:40~l:46~t:2,Boston,Celtics,BOS,Boston Celtics,Celtics,008348,ffffff,True,1824.0,https://a.espncdn.com/i/teamlogos/nba/500/scoreboard/bos.png,0,,1,s:40~l:46~t:1,Atlanta,Hawks,ATL,Atlanta Hawks,Hawks,True,0,,401810922,2026,2,c8102e,fdb927,1827.0,https://a.espncdn.com/i/teamlogos/nba/500/scoreboard/atl.png,,False,,2026-03-27 19:30:00,2026-03-27,False,ATL @ BOS
401810923,s:40~l:46~e:401810923~c:401810923,2026-03-27,0,True,False,False,False,2026-03-27T23:30Z,,,1,STD,3417.0,Rocket Arena,Cleveland,OH,True,0,0.0,0,1,STATUS_SCHEDULED,pre,False,Scheduled,"Fri, March 27th at 7:30 PM EDT",3/27 - 7:30 PM EDT,4,5,s:40~l:46~t:5,Cleveland,Cavaliers,CLE,Cleveland Cavaliers,Cavaliers,860038,bc945c,True,3417.0,https://a.espncdn.com/i/teamlogos/nba/500/scoreboard/cle.png,0,,14,s:40~l:46~t:14,Miami,Heat,MIA,Miami Heat,Heat,True,0,,401810923,2026,2,98002e,000000,3438.0,https://a.espncdn.com/i/teamlogos/nba/500/scoreboard/mia.png,,False,,2026-03-27 19:30:00,2026-03-27,False,MIA @ CLE
401810921,s:40~l:46~e:401810921~c:401810921,2026-03-27,0,True,False,False,False,2026-03-27T23:00Z,,,1,STD,2183.0,Gainbridge Fieldhouse,Indianapolis,IN,True,0,0.0,0,1,STATUS_SCHEDULED,pre,False,Scheduled,"Fri, March 27th at 7:00 PM EDT",3/27 - 7:00 PM EDT,4,11,s:40~l:46~t:11,Indiana,Pacers,IND,Indiana Pacers,Pacers,0c2340,ffd520,True,2183.0,https://a.espncdn.com/i/teamlogos/nba/500/scoreboard/ind.png,0,,12,s:40~l:46~t:12,LA,Clippers,LAC,LA Clippers,Clippers,True,0,,401810921,2026,2,12173f,c8102e,1841.0,https://a.espncdn.com/i/teamlogos/nba/500/scoreboard/lac.png,,False,,2026-03-27 19:00:00,2026-03-27,False,LAC @ IND
401810918,s:40~l:46~e:401810918~c:401810918,2026-03-26,0,True,False,False,False,2026-03-26T23:00Z,,,1,STD,1893.0,Spectrum Center,Charlotte,NC,True,0,0.0,0,1,STATUS_SCHEDULED,pre,False,Scheduled,"Thu, March 26th at 7:00 PM EDT",3/26 - 7:00 PM EDT,4,30,s:40~l:46~t:30,Charlotte,Hornets,CHA,Charlotte Hornets,Hornets,008ca8,1d1060,True,1893.0,https://a.espncdn.com/i/teamlogos/nba/500/scoreboard/cha.png,0,,18,s:40~l:46~t:18,New York,Knicks,NY,New York Knicks,Knicks,True,0,,401810918,2026,2,1d428a,f58426,1830.0,https://a.espncdn.com/i/teamlogos/nba/500/scoreboard/ny.png,,False,,2026-03-26 19:00:00,2026-03-26,False,NYK @ CHA
401810919,s:40~l:46~e:401810919~c:401810919,2026-03-26,0,True,False,False,False,2026-03-26T23:00Z,,,1,STD,5404.0,Little Caesars Arena,Detroit,MI,True,0,0.0,0,1,STATUS_SCHEDULED,pre,False,Scheduled,"Thu, March 26th at 7:00 PM EDT",3/26 - 7:00 PM EDT,4,8,s:40~l:46~t:8,Detroit,Pistons,DET,Detroit Pistons,Pistons,1d428a,c8102e,True,5311.0,https://a.espncdn.com/i/teamlogos/nba/500/scoreboard/det.png,0,,3,s:40~l:46~t:3,New Orleans,Pelicans,NO,New Orleans Pelicans,Pelicans,True,0,,401810919,2026,2,0a2240,b4975a,985.0,https://a.espncdn.com/i/teamlogos/nba/500/scoreboard/no.png,,False,,2026-03-26 19:00:00,2026-03-26,False,NOP @ DET
401810920,s:40~l:46~e:401810920~c:401810920,2026-03-26,0,True,False,False,False,2026-03-26T23:00Z,,,1,STD,3432.0,Kia Center,Orlando,FL,True,0,0.0,0,1,STATUS_SCHEDULED,pre,False,Scheduled,"Thu, March 26th at 7:00 PM EDT",3/26 - 7:00 PM EDT,4,19,s:40~l:46~t:19,Orlando,Magic,ORL,Orlando Magic,Magic,0150b5,9ca0a3,True,3432.0,https://a.espncdn.com/i/teamlogos/nba/500/scoreboard/orl.png,0,,23,s:40~l:46~t:23,Sacramento,Kings,SAC,Sacramento Kings,Kings,True,0,,401810920,2026,2,5a2d81,6a7a82,2247.0,https://a.espncdn.com/i/teamlogos/nba/500/scoreboard/sac.png,,False,,2026-03-26 19:00:00,2026-03-26,False,SAC @ ORL
401810917,s:40~l:46~e:401810917~c:401810917,2026-03-26,0,True,False,False,False,2026-03-26T02:30Z,,,1,STD,10642.0,Intuit Dome,Inglewood,CA,True,0,0.0,0,1,STATUS_SCHEDULED,pre,False,Scheduled,"Wed, March 25th at 10:30 PM EDT",3/25 - 10:30 PM EDT,4,12,s:40~l:46~t:12,LA,Clippers,LAC,LA Clippers,Clippers,12173f,c8102e,True,1841.0,https://a.espncdn.com/i/teamlogos/nba/500/scoreboard/lac.png,0,,28,s:40~l:46~t:28,Toronto,Raptors,TOR,Toronto Raptors,Raptors,True,0,,401810917,2026,2,d91244,000000,1838.0,https://a.espncdn.com/i/teamlogos/nba/500/scoreboard/tor.png,,False,,2026-03-25 22:30:00,2026-03-25,False,TOR @ LAC
401810914,s:40~l:46~e:401810914~c:401810914,2026-03-26,0,True,False,False,False,2026-03-26T02:00Z,,,1,STD,892.0,Ball Arena,Denver,CO,True,0,0.0,0,1,STATUS_SCHEDULED,pre,False,Scheduled,"Wed, March 25th at 10:00 PM EDT",3/25 - 10:00 PM EDT,4,7,s:40~l:46~t:7,Denver,Nuggets,DEN,Denver Nuggets,Nuggets,0e2240,fec524,True,892.0,https://a.espncdn.com/i/teamlogos/nba/500/scoreboard/den.png,0,,6,s:40~l:46~t:6,Dallas,Mavericks,DAL,Dallas Mavericks,Mavericks,True,0,,401810914,2026,2,0064b1,bbc4ca,516.0,https://a.espncdn.com/i/teamlogos/nba/500/scoreboard/dal.png,,False,,2026-03-25 22:00:00,2026-03-25,False,DAL @ DEN
401810915,s:40~l:46~e:401810915~c:401810915,2026-03-26,0,True,False,False,False,2026-03-26T02:00Z,,,1,STD,6270.0,Chase Center,San Francisco,CA,True,0,0.0,0,1,STATUS_SCHEDULED,pre,False,Scheduled,"Wed, March 25th at 10:00 PM EDT",3/25 - 10:00 PM EDT,4,9,s:40~l:46~t:9,Golden State,Warriors,GS,Golden State Warriors,Warriors,fdb927,1d428a,True,2465.0,https://a.espncdn.com/i/teamlogos/nba/500/scoreboard/gs.png,0,,17,s:40~l:46~t:17,Brooklyn,Nets,BKN,Brooklyn Nets,Nets,True,0,,401810915,2026,2,000000,ffffff,1826.0,https://a.espncdn.com/i/teamlogos/nba/500/scoreboard/bkn.png,,False,,2026-03-25 22:00:00,2026-03-25,False,BKN @ GSW
401810916,s:40~l:46~e:401810916~c:401810916,2026-03-26,0,True,False,False,False,2026-03-26T02:00Z,,,1,STD,3423.0,Moda Center,Portland,OR,True,0,0.0,0,1,STATUS_SCHEDULED,pre,False,Scheduled,"Wed, March 25th at 10:00 PM EDT",3/25 - 10:00 PM EDT,4,22,s:40~l:46~t:22,Portland,Trail Blazers,POR,Portland Trail Blazers,Trail Blazers,e03a3e,000000,True,3423.0,https://a.espncdn.com/i/teamlogos/nba/500/scoreboard/por.png,0,,15,s:40~l:46~t:15,Milwaukee,Bucks,MIL,Milwaukee Bucks,Bucks,True,0,,401810916,2026,2,00471b,eee1c6,2099.0,https://a.espncdn.com/i/teamlogos/nba/500/scoreboard/mil.png,,False,,2026-03-25 22:00:00,2026-03-25,False,MIL @ POR
401810913,s:40~l:46~e:401810913~c:401810913,2026-03-26,0,True,False,False,False,2026-03-26T01:30Z,,,1,STD,2029.0,Target Center,Minneapolis,MN,True,0,0.0,0,1,STATUS_SCHEDULED,pre,False,Scheduled,"Wed, March 25th at 9:30 PM EDT",3/25 - 9:30 PM EDT,4,16,s:40~l:46~t:16,Minnesota,Timberwolves,MIN,Minnesota Timberwolves,Timberwolves,266092,79bc43,True,2029.0,https://a.espncdn.com/i/teamlogos/nba/500/scoreboard/min.png,0,,10,s:40~l:46~t:10,Houston,Rockets,HOU,Houston Rockets,Rockets,True,0,,401810913,2026,2,ce1141,000000,1394.0,https://a.espncdn.com/i/teamlogos/nba/500/scoreboard/hou.png,,False,,2026-03-25 21:30:00,2026-03-25,False,HOU @ MIN
401810912,s:40~l:46~e:401810912~c:401810912,2026-03-26,0,True,False,False,False,2026-03-26T01:00Z,,,1,STD,3093.0,Delta Center,Salt Lake City,UT,True,0,0.0,0,1,STATUS_SCHEDULED,pre,False,Scheduled,"Wed, March 25th at 9:00 PM EDT",3/25 - 9:00 PM EDT,4,26,s:40~l:46~t:26,Utah,Jazz,UTAH,Utah Jazz,Jazz,4e008e,79a3dc,True,3093.0,https://a.espncdn.com/i/teamlogos/nba/500/scoreboard/utah.png,0,,27,s:40~l:46~t:27,Washington,Wizards,WSH,Washington Wizards,Wizards,True,0,,401810912,2026,2,e31837,002b5c,1823.0,https://a.espncdn.com/i/teamlogos/nba/500/scoreboard/wsh.png,,False,,2026-03-25 21:00:00,2026-03-25,False,WAS @ UTA
401810911,s:40~l:46~e:401810911~c:401810911,2026-03-26,0,True,False,False,False,2026-03-26T00:00Z,,,1,STD,1392.0,FedExForum,Memphis,TN,True,0,0.0,0,1,STATUS_SCHEDULED,pre,False,Scheduled,"Wed, March 25th at 8:00 PM EDT",3/25 - 8:00 PM EDT,4,29,s:40~l:46~t:29,Memphis,Grizzlies,MEM,Memphis Grizzlies,Grizzlies,5d76a9,12173f,True,1392.0,https://a.espncdn.com/i/teamlogos/nba/500/scoreboard/mem.png,0,,24,s:40~l:46~t:24,San Antonio,Spurs,SA,San Antonio Spurs,Spurs,True,0,,401810911,2026,2,000000,c4ced4,780.0,https://a.espncdn.com/i/teamlogos/nba/500/scoreboard/sa.png,,False,,2026-03-25 20:00:00,2026-03-25,False,SAS @ MEM
401810909,s:40~l:46~e:401810909~c:401810909,2026-03-25,0,True,False,False,False,2026-03-25T23:30Z,,,1,STD,1824.0,TD Garden,Boston,MA,True,0,0.0,0,1,STATUS_SCHEDULED,pre,False,Scheduled,"Wed, March 25th at 7:30 PM EDT",3/25 - 7:30 PM EDT,4,2,s:40~l:46~t:2,Boston,Celtics,BOS,Boston Celtics,Celtics,008348,ffffff,True,1824.0,https://a.espncdn.com/i/teamlogos/nba/500/scoreboard/bos.png,0,,25,s:40~l:46~t:25,Oklahoma City,Thunder,OKC,Oklahoma City Thunder,Thunder,True,0,,401810909,2026,2,007ac1,ef3b24,2559.0,https://a.espncdn.com/i/teamlogos/nba/500/scoreboard/okc.png,,False,,2026-03-25 19:30:00,2026-03-25,False,OKC @ BOS
401810910,s:40~l:46~e:401810910~c:401810910,2026-03-25,0,True,False,False,False,2026-03-25T23:30Z,,,1,STD,3417.0,Rocket Arena,Cleveland,OH,True,0,0.0,0,1,STATUS_SCHEDULED,pre,False,Scheduled,"Wed, March 25th at 7:30 PM EDT",3/25 - 7:30 PM EDT,4,5,s:40~l:46~t:5,Cleveland,Cavaliers,CLE,Cleveland Cavaliers,Cavaliers,860038,bc945c,True,3417.0,https://a.espncdn.com/i/teamlogos/nba/500/scoreboard/cle.png,0,,14,s:40~l:46~t:14,Miami,Heat,MIA,Miami Heat,Heat,True,0,,401810910,2026,2,98002e,000000,3438.0,https://a.espncdn.com/i/teamlogos/nba/500/scoreboard/mia.png,,False,,2026-03-25 19:30:00,2026-03-25,False,MIA @ CLE
401810906,s:40~l:46~e:401810906~c:401810906,2026-03-25,0,True,False,False,False,2026-03-25T23:00Z,,,1,STD,5404.0,Little Caesars Arena,Detroit,MI,True,0,0.0,0,1,STATUS_SCHEDULED,pre,False,Scheduled,"Wed, March 25th at 7:00 PM EDT",3/25 - 7:00 PM EDT,4,8,s:40~l:46~t:8,Detroit,Pistons,DET,Detroit Pistons,Pistons,1d428a,c8102e,True,5311.0,https://a.espncdn.com/i/teamlogos/nba/500/scoreboard/det.png,0,,1,s:40~l:46~t:1,Atlanta,Hawks,ATL,Atlanta Hawks,Hawks,True,0,,401810906,2026,2,c8102e,fdb927,1827.0,https://a.espncdn.com/i/teamlogos/nba/500/scoreboard/atl.png,,False,,2026-03-25 19:00:00,2026-03-25,False,ATL @ DET
401810907,s:40~l:46~e:401810907~c:401810907,2026-03-25,0,True,False,False,False,2026-03-25T23:00Z,,,1,STD,2183.0,Gainbridge Fieldhouse,Indianapolis,IN,True,0,0.0,0,1,STATUS_SCHEDULED,pre,False,Scheduled,"Wed, March 25th at 7:00 PM EDT",3/25 - 7:00 PM EDT,4,11,s:40~l:46~t:11,Indiana,Pacers,IND,Indiana Pacers,Pacers,0c2340,ffd520,True,2183.0,https://a.espncdn.com/i/teamlogos/nba/500/scoreboard/ind.png,0,,13,s:40~l:46~t:13,Los Angeles,Lakers,LAL,Los Angeles Lakers,Lakers,True,0,,401810907,2026,2,552583,fdb927,1841.0,https://a.espncdn.com/i/teamlogos/nba/500/scoreboard/lal.png,,False,,2026-03-25 19:00:00,2026-03-25,False,LAL @ IND
401810908,s:40~l:46~e:401810908~c:401810908,2026-03-25,0,True,False,False,False,2026-03-25T23:00Z,,,1,STD,1845.0,Xfinity Mobile Arena,Philadelphia,PA,True,0,0.0,0,1,STATUS_SCHEDULED,pre,False,Scheduled,"Wed, March 25th at 7:00 PM EDT",3/25 - 7:00 PM EDT,4,20,s:40~l:46~t:20,Philadelphia,76ers,PHI,Philadelphia 76ers,76ers,1d428a,e01234,True,1845.0,https://a.espncdn.com/i/teamlogos/nba/500/scoreboard/phi.png,0,,4,s:40~l:46~t:4,Chicago,Bulls,CHI,Chicago Bulls,Bulls,True,0,,401810908,2026,2,ce1141,000000,1847.0,https://a.espncdn.com/i/teamlogos/nba/500/scoreboard/chi.png,,False,,2026-03-25 19:00:00,2026-03-25,False,CHI @ PHI
401810905,s:40~l:46~e:401810905~c:401810905,2026-03-25,0,True,False,False,False,2026-03-25T03:00Z,,,1,STD,1949.0,Mortgage Matchup Center,Phoenix,AZ,True,0,0.0,0,1,STATUS_SCHEDULED,pre,False,Scheduled,"Tue, March 24th at 11:00 PM EDT",3/24 - 11:00 PM EDT,4,21,s:40~l:46~t:21,Phoenix,Suns,PHX,Phoenix Suns,Suns,29127a,e56020,True,1949.0,https://a.espncdn.com/i/teamlogos/nba/500/scoreboard/phx.png,0,,7,s:40~l:46~t:7,Denver,Nuggets,DEN,Denver Nuggets,Nuggets,True,0,,401810905,2026,2,0e2240,fec524,892.0,https://a.espncdn.com/i/teamlogos/nba/500/scoreboard/den.png,,False,,2026-03-24 23:00:00,2026-03-24,False,DEN @ PHX
401810904,s:40~l:46~e:401810904~c:401810904,2026-03-25,0,True,False,False,False,2026-03-25T00:00Z,,,1,STD,3417.0,Rocket Arena,Cleveland,OH,True,0,0.0,0,1,STATUS_SCHEDULED,pre,False,Scheduled,"Tue, March 24th at 8:00 PM EDT",3/24 - 8:00 PM EDT,4,5,s:40~l:46~t:5,Cleveland,Cavaliers,CLE,Cleveland Cavaliers,Cavaliers,860038,bc945c,True,3417.0,https://a.espncdn.com/i/teamlogos/nba/500/scoreboard/cle.png,0,,19,s:40~l:46~t:19,Orlando,Magic,ORL,Orlando Magic,Magic,True,0,,401810904,2026,2,0150b5,9ca0a3,3432.0,https://a.espncdn.com/i/teamlogos/nba/500/scoreboard/orl.png,,False,,2026-03-24 20:00:00,2026-03-24,False,ORL @ CLE
401810903,s:40~l:46~e:401810903~c:401810903,2026-03-24,0,True,False,False,False,2026-03-24T23:30Z,,,1,STD,1830.0,Madison Square Garden,New York,NY,True,0,0.0,0,1,STATUS_SCHEDULED,pre,False,Scheduled,"Tue, March 24th at 7:30 PM EDT",3/24 - 7:30 PM EDT,4,18,s:40~l:46~t:18,New York,Knicks,NY,New York Knicks,Knicks,1d428a,f58426,True,1830.0,https://a.espncdn.com/i/teamlogos/nba/500/scoreboard/ny.png,0,,3,s:40~l:46~t:3,New Orleans,Pelicans,NO,New Orleans Pelicans,Pelicans,True,0,,401810903,2026,2,0a2240,b4975a,985.0,https://a.espncdn.com/i/teamlogos/nba/500/scoreboard/no.png,,False,,2026-03-24 19:30:00,2026-03-24,False,NOP @ NYK
401810902,s:40~l:46~e:401810902~c:401810902,2026-03-24,0,True,False,False,False,2026-03-24T23:00Z,,,1,STD,1893.0,Spectrum Center,Charlotte,NC,True,0,0.0,0,1,STATUS_SCHEDULED,pre,False,Scheduled,"Tue, March 24th at 7:00 PM EDT",3/24 - 7:00 PM EDT,4,30,s:40~l:46~t:30,Charlotte,Hornets,CHA,Charlotte Hornets,Hornets,008ca8,1d1060,True,1893.0,https://a.espncdn.com/i/teamlogos/nba/500/scoreboard/cha.png,0,,23,s:40~l:46~t:23,Sacramento,Kings,SAC,Sacramento Kings,Kings,True,0,,401810902,2026,2,5a2d81,6a7a82,2247.0,https://a.espncdn.com/i/teamlogos/nba/500/scoreboard/sac.png,,False,,2026-03-24 19:00:00,2026-03-24,False,SAC @ CHA
401810901,s:40~l:46~e:401810901~c:401810901,2026-03-24,0,True,False,False,False,2026-03-24T02:30Z,,,1,STD,10642.0,Intuit Dome,Inglewood,CA,True,0,0.0,0,1,STATUS_SCHEDULED,pre,False,Scheduled,"Mon, March 23rd at 10:30 PM EDT",3/23 - 10:30 PM EDT,4,12,s:40~l:46~t:12,LA,Clippers,LAC,LA Clippers,Clippers,12173f,c8102e,True,1841.0,https://a.espncdn.com/i/teamlogos/nba/500/scoreboard/lac.png,0,,15,s:40~l:46~t:15,Milwaukee,Bucks,MIL,Milwaukee Bucks,Bucks,True,0,,401810901,2026,2,00471b,eee1c6,2099.0,https://a.espncdn.com/i/teamlogos/nba/500/scoreboard/mil.png,,False,,2026-03-23 22:30:00,2026-03-23,False,MIL @ LAC
401810900,s:40~l:46~e:401810900~c:401810900,2026-03-24,0,True,False,False,False,2026-03-24T02:00Z,,,1,STD,3423.0,Moda Center,Portland,OR,True,0,0.0,0,1,STATUS_SCHEDULED,pre,False,Scheduled,"Mon, March 23rd at 10:00 PM EDT",3/23 - 10:00 PM EDT,4,22,s:40~l:46~t:22,Portland,Trail Blazers,POR,Portland Trail Blazers,Trail Blazers,e03a3e,000000,True,3423.0,https://a.espncdn.com/i/teamlogos/nba/500/scoreboard/por.png,0,,17,s:40~l:46~t:17,Brooklyn,Nets,BKN,Brooklyn Nets,Nets,True,0,,401810900,2026,2,000000,ffffff,1826.0,https://a.espncdn.com/i/teamlogos/nba/500/scoreboard/bkn.png,,False,,2026-03-23 22:00:00,2026-03-23,False,BKN @ POR
401810899,s:40~l:46~e:401810899~c:401810899,2026-03-24,0,True,False,False,False,2026-03-24T01:30Z,,,1,STD,516.0,American Airlines Center,Dallas,TX,True,0,0.0,0,1,STATUS_SCHEDULED,pre,False,Scheduled,"Mon, March 23rd at 9:30 PM EDT",3/23 - 9:30 PM EDT,4,6,s:40~l:46~t:6,Dallas,Mavericks,DAL,Dallas Mavericks,Mavericks,0064b1,bbc4ca,True,516.0,https://a.espncdn.com/i/teamlogos/nba/500/scoreboard/dal.png,0,,9,s:40~l:46~t:9,Golden State,Warriors,GS,Golden State Warriors,Warriors,True,0,,401810899,2026,2,fdb927,1d428a,2465.0,https://a.espncdn.com/i/teamlogos/nba/500/scoreboard/gs.png,,False,,2026-03-23 21:30:00,2026-03-23,False,GSW @ DAL
401810898,s:40~l:46~e:401810898~c:401810898,2026-03-24,0,True,False,False,False,2026-03-24T01:00Z,,,1,STD,3093.0,Delta Center,Salt Lake City,UT,True,0,0.0,0,1,STATUS_SCHEDULED,pre,False,Scheduled,"Mon, March 23rd at 9:00 PM EDT",3/23 - 9:00 PM EDT,4,26,s:40~l:46~t:26,Utah,Jazz,UTAH,Utah Jazz,Jazz,4e008e,79a3dc,True,3093.0,https://a.espncdn.com/i/teamlogos/nba/500/scoreboard/utah.png,0,,28,s:40~l:46~t:28,Toronto,Raptors,TOR,Toronto Raptors,Raptors,True,0,,401810898,2026,2,d91244,000000,1838.0,https://a.espncdn.com/i/teamlogos/nba/500/scoreboard/tor.png,,False,,2026-03-23 21:00:00,2026-03-23,False,TOR @ UTA
401810897,s:40~l:46~e:401810897~c:401810897,2026-03-24,0,True,False,False,False,2026-03-24T00:00Z,,,1,STD,1847.0,United Center,Chicago,IL,True,0,0.0,0,1,STATUS_SCHEDULED,pre,False,Scheduled,"Mon, March 23rd at 8:00 PM EDT",3/23 - 8:00 PM EDT,4,4,s:40~l:46~t:4,Chicago,Bulls,CHI,Chicago Bulls,Bulls,ce1141,000000,True,1847.0,https://a.espncdn.com/i/teamlogos/nba/500/scoreboard/chi.png,0,,10,s:40~l:46~t:10,Houston,Rockets,HOU,Houston Rockets,Rockets,True,0,,401810897,2026,2,ce1141,000000,1394.0,https://a.espncdn.com/i/teamlogos/nba/500/scoreboard/hou.png,,False,,2026-03-23 20:00:00,2026-03-23,False,HOU @ CHI
401810896,s:40~l:46~e:401810896~c:401810896,2026-03-23,0,True,False,False,False,2026-03-23T23:30Z,,,1,STD,3438.0,Kaseya Center,Miami,FL,True,0,0.0,0,1,STATUS_SCHEDULED,pre,False,Scheduled,"Mon, March 23rd at 7:30 PM EDT",3/23 - 7:30 PM EDT,4,14,s:40~l:46~t:14,Miami,Heat,MIA,Miami Heat,Heat,98002e,000000,True,3438.0,https://a.espncdn.com/i/teamlogos/nba/500/scoreboard/mia.png,0,,24,s:40~l:46~t:24,San Antonio,Spurs,SA,San Antonio Spurs,Spurs,True,0,,401810896,2026,2,000000,c4ced4,780.0,https://a.espncdn.com/i/teamlogos/nba/500/scoreboard/sa.png,,False,,2026-03-23 19:30:00,2026-03-23,False,SAS @ MIA
401810892,s:40~l:46~e:401810892~c:401810892,2026-03-23,0,True,False,False,False,2026-03-23T23:00Z,,,1,STD,1827.0,State Farm Arena,Atlanta,GA,True,0,0.0,0,1,STATUS_SCHEDULED,pre,False,Scheduled,"Mon, March 23rd at 7:00 PM EDT",3/23 - 7:00 PM EDT,4,1,s:40~l:46~t:1,Atlanta,Hawks,ATL,Atlanta Hawks,Hawks,c8102e,fdb927,True,1827.0,https://a.espncdn.com/i/teamlogos/nba/500/scoreboard/atl.png,0,,29,s:40~l:46~t:29,Memphis,Grizzlies,MEM,Memphis Grizzlies,Grizzlies,True,0,,401810892,2026,2,5d76a9,12173f,1392.0,https://a.espncdn.com/i/teamlogos/nba/500/scoreboard/mem.png,,False,,2026-03-23 19:00:00,2026-03-23,False,MEM @ ATL
401810893,s:40~l:46~e:401810893~c:401810893,2026-03-23,0,True,False,False,False,2026-03-23T23:00Z,,,1,STD,5404.0,Little Caesars Arena,Detroit,MI,True,0,0.0,0,1,STATUS_SCHEDULED,pre,False,Scheduled,"Mon, March 23rd at 7:00 PM EDT",3/23 - 7:00 PM EDT,4,8,s:40~l:46~t:8,Detroit,Pistons,DET,Detroit Pistons,Pistons,1d428a,c8102e,True,5311.0,https://a.espncdn.com/i/teamlogos/nba/500/scoreboard/det.png,0,,13,s:40~l:46~t:13,Los Angeles,Lakers,LAL,Los Angeles Lakers,Lakers,True,0,,401810893,2026,2,552583,fdb927,1841.0,https://a.espncdn.com/i/teamlogos/nba/500/scoreboard/lal.png,,False,,2026-03-23 19:00:00,2026-03-23,False,LAL @ DET
401810894,s:40~l:46~e:401810894~c:401810894,2026-03-23,0,True,False,False,False,2026-03-23T23:00Z,,,1,STD,3432.0,Kia Center,Orlando,FL,True,0,0.0,0,1,STATUS_SCHEDULED,pre,False,Scheduled,"Mon, March 23rd at 7:00 PM EDT",3/23 - 7:00 PM EDT,4,19,s:40~l:46~t:19,Orlando,Magic,ORL,Orlando Magic,Magic,0150b5,9ca0a3,True,3432.0,https://a.espncdn.com/i/teamlogos/nba/500/scoreboard/orl.png,0,,11,s:40~l:46~t:11,Indiana,Pacers,IND,Indiana Pacers,Pacers,True,0,,401810894,2026,2,0c2340,ffd520,2183.0,https://a.espncdn.com/i/teamlogos/nba/500/scoreboard/ind.png,,False,,2026-03-23 19:00:00,2026-03-23,False,IND @ ORL
401810895,s:40~l:46~e:401810895~c:401810895,2026-03-23,0,True,False,False,False,2026-03-23T23:00Z,,,1,STD,1845.0,Xfinity Mobile Arena,Philadelphia,PA,True,0,0.0,0,1,STATUS_SCHEDULED,pre,False,Scheduled,"Mon, March 23rd at 7:00 PM EDT",3/23 - 7:00 PM EDT,4,20,s:40~l:46~t:20,Philadelphia,76ers,PHI,Philadelphia 76ers,76ers,1d428a,e01234,True,1845.0,https://a.espncdn.com/i/teamlogos/nba/500/scoreboard/phi.png,0,,25,s:40~l:46~t:25,Oklahoma City,Thunder,OKC,Oklahoma City Thunder,Thunder,True,0,,401810895,2026,2,007ac1,ef3b24,2559.0,https://a.espncdn.com/i/teamlogos/nba/500/scoreboard/okc.png,,False,,2026-03-23 19:00:00,2026-03-23,False,OKC @ PHI
401810891,s:40~l:46~e:401810891~c:401810891,2026-03-23,0,True,False,False,False,2026-03-23T01:00Z,,,1,STD,1949.0,Mortgage Matchup Center,Phoenix,AZ,True,0,0.0,0,1,STATUS_SCHEDULED,pre,False,Scheduled,"Sun, March 22nd at 9:00 PM EDT",3/22 - 9:00 PM EDT,4,21,s:40~l:46~t:21,Phoenix,Suns,PHX,Phoenix Suns,Suns,29127a,e56020,True,1949.0,https://a.espncdn.com/i/teamlogos/nba/500/scoreboard/phx.png,0,,28,s:40~l:46~t:28,Toronto,Raptors,TOR,Toronto Raptors,Raptors,True,0,,401810891,2026,2,d91244,000000,1838.0,https://a.espncdn.com/i/teamlogos/nba/500/scoreboard/tor.png,,False,,2026-03-22 21:00:00,2026-03-22,False,TOR @ PHX
401810890,s:40~l:46~e:401810890~c:401810890,2026-03-23,0,True,False,False,False,2026-03-23T00:00Z,,,1,STD,1824.0,TD Garden,Boston,MA,True,0,0.0,0,1,STATUS_SCHEDULED,pre,False,Scheduled,"Sun, March 22nd at 8:00 PM EDT",3/22 - 8:00 PM EDT,4,2,s:40~l:46~t:2,Boston,Celtics,BOS,Boston Celtics,Celtics,008348,ffffff,True,1824.0,https://a.espncdn.com/i/teamlogos/nba/500/scoreboard/bos.png,0,,16,s:40~l:46~t:16,Minnesota,Timberwolves,MIN,Minnesota Timberwolves,Timberwolves,True,0,,401810890,2026,2,266092,79bc43,2029.0,https://a.espncdn.com/i/teamlogos/nba/500/scoreboard/min.png,,False,,2026-03-22 20:00:00,2026-03-22,False,MIN @ BOS
401810889,s:40~l:46~e:401810889~c:401810889,2026-03-22,0,True,False,False,False,2026-03-22T23:30Z,,,1,STD,1830.0,Madison Square Garden,New York,NY,True,0,0.0,0,1,STATUS_SCHEDULED,pre,False,Scheduled,"Sun, March 22nd at 7:30 PM EDT",3/22 - 7:30 PM EDT,4,18,s:40~l:46~t:18,New York,Knicks,NY,New York Knicks,Knicks,1d428a,f58426,True,1830.0,https://a.espncdn.com/i/teamlogos/nba/500/scoreboard/ny.png,0,,27,s:40~l:46~t:27,Washington,Wizards,WSH,Washington Wizards,Wizards,True,0,,401810889,2026,2,e31837,002b5c,1823.0,https://a.espncdn.com/i/teamlogos/nba/500/scoreboard/wsh.png,,False,,2026-03-22 19:30:00,2026-03-22,False,WAS @ NYK
401810888,s:40~l:46~e:401810888~c:401810888,2026-03-22,0,True,False,False,False,2026-03-22T22:00Z,,,1,STD,5310.0,Golden 1 Center,Sacramento,CA,True,0,0.0,0,1,STATUS_SCHEDULED,pre,False,Scheduled,"Sun, March 22nd at 6:00 PM EDT",3/22 - 6:00 PM EDT,4,23,s:40~l:46~t:23,Sacramento,Kings,SAC,Sacramento Kings,Kings,5a2d81,6a7a82,True,2247.0,https://a.espncdn.com/i/teamlogos/nba/500/scoreboard/sac.png,0,,17,s:40~l:46~t:17,Brooklyn,Nets,BKN,Brooklyn Nets,Nets,True,0,,401810888,2026,2,000000,ffffff,1826.0,https://a.espncdn.com/i/teamlogos/nba/500/scoreboard/bkn.png,,False,,2026-03-22 18:00:00,2026-03-22,False,BKN @ SAC
401810887,s:40~l:46~e:401810887~c:401810887,2026-03-22,0,True,False,False,False,2026-03-22T21:00Z,,,1,STD,892.0,Ball Arena,Denver,CO,True,0,0.0,0,1,STATUS_SCHEDULED,pre,False,Scheduled,"Sun, March 22nd at 5:00 PM EDT",3/22 - 5:00 PM EDT,4,7,s:40~l:46~t:7,Denver,Nuggets,DEN,Denver Nuggets,Nuggets,0e2240,fec524,True,892.0,https://a.espncdn.com/i/teamlogos/nba/500/scoreboard/den.png,0,,22,s:40~l:46~t:22,Portland,Trail Blazers,POR,Portland Trail Blazers,Trail Blazers,True,0,,401810887,2026,2,e03a3e,000000,3423.0,https://a.espncdn.com/i/teamlogos/nba/500/scoreboard/por.png,,False,,2026-03-22 17:00:00,2026-03-22,False,POR @ DEN
401810886,s:40~l:46~e:401810886~c:401810886,2026-03-22,0,True,False,False,False,2026-03-22T02:00Z,,,1,STD,1949.0,Mortgage Matchup Center,Phoenix,AZ,True,0,0.0,0,1,STATUS_SCHEDULED,pre,False,Scheduled,"Sat, March 21st at 10:00 PM EDT",3/21 - 10:00 PM EDT,4,21,s:40~l:46~t:21,Phoenix,Suns,PHX,Phoenix Suns,Suns,29127a,e56020,True,1949.0,https://a.espncdn.com/i/teamlogos/nba/500/scoreboard/phx.png,0,,15,s:40~l:46~t:15,Milwaukee,Bucks,MIL,Milwaukee Bucks,Bucks,True,0,,401810886,2026,2,00471b,eee1c6,2099.0,https://a.espncdn.com/i/teamlogos/nba/500/scoreboard/mil.png,,False,,2026-03-21 22:00:00,2026-03-21,False,MIL @ PHX
401810885,s:40~l:46~e:401810885~c:401810885,2026-03-22,0,True,False,False,False,2026-03-22T01:30Z,,,1,STD,3093.0,Delta Center,Salt Lake City,UT,True,0,0.0,0,1,STATUS_SCHEDULED,pre,False,Scheduled,"Sat, March 21st at 9:30 PM EDT",3/21 - 9:30 PM EDT,4,26,s:40~l:46~t:26,Utah,Jazz,UTAH,Utah Jazz,Jazz,4e008e,79a3dc,True,3093.0,https://a.espncdn.com/i/teamlogos/nba/500/scoreboard/utah.png,0,,20,s:40~l:46~t:20,Philadelphia,76ers,PHI,Philadelphia 76ers,76ers,True,0,,401810885,2026,2,1d428a,e01234,1845.0,https://a.espncdn.com/i/teamlogos/nba/500/scoreboard/phi.png,,False,,2026-03-21 21:30:00,2026-03-21,False,PHI @ UTA
401810884,s:40~l:46~e:401810884~c:401810884,2026-03-22,0,True,False,False,False,2026-03-22T00:30Z,,,1,STD,516.0,American Airlines Center,Dallas,TX,True,0,0.0,0,1,STATUS_SCHEDULED,pre,False,Scheduled,"Sat, March 21st at 8:30 PM EDT",3/21 - 8:30 PM EDT,4,6,s:40~l:46~t:6,Dallas,Mavericks,DAL,Dallas Mavericks,Mavericks,0064b1,bbc4ca,True,516.0,https://a.espncdn.com/i/teamlogos/nba/500/scoreboard/dal.png,0,,12,s:40~l:46~t:12,LA,Clippers,LAC,LA Clippers,Clippers,True,0,,401810884,2026,2,12173f,c8102e,1841.0,https://a.espncdn.com/i/teamlogos/nba/500/scoreboard/lac.png,,False,,2026-03-21 20:30:00,2026-03-21,False,LAC @ DAL
401810881,s:40~l:46~e:401810881~c:401810881,2026-03-22,0,True,False,False,False,2026-03-22T00:00Z,,,1,STD,1827.0,State Farm Arena,Atlanta,GA,True,0,0.0,0,1,STATUS_SCHEDULED,pre,False,Scheduled,"Sat, March 21st at 8:00 PM EDT",3/21 - 8:00 PM EDT,4,1,s:40~l:46~t:1,Atlanta,Hawks,ATL,Atlanta Hawks,Hawks,c8102e,fdb927,True,1827.0,https://a.espncdn.com/i/teamlogos/nba/500/scoreboard/atl.png,0,,9,s:40~l:46~t:9,Golden State,Warriors,GS,Golden State Warriors,Warriors,True,0,,401810881,2026,2,fdb927,1d428a,2465.0,https://a.espncdn.com/i/teamlogos/nba/500/scoreboard/gs.png,,False,,2026-03-21 20:00:00,2026-03-21,False,GSW @ ATL
401810882,s:40~l:46~e:401810882~c:401810882,2026-03-22,0,True,False,False,False,2026-03-22T00:00Z,,,1,STD,1394.0,Toyota Center (Houston),Houston,TX,True,0,0.0,0,1,STATUS_SCHEDULED,pre,False,Scheduled,"Sat, March 21st at 8:00 PM EDT",3/21 - 8:00 PM EDT,4,10,s:40~l:46~t:10,Houston,Rockets,HOU,Houston Rockets,Rockets,ce1141,000000,True,1394.0,https://a.espncdn.com/i/teamlogos/nba/500/scoreboard/hou.png,0,,14,s:40~l:46~t:14,Miami,Heat,MIA,Miami Heat,Heat,True,0,,401810882,2026,2,98002e,000000,3438.0,https://a.espncdn.com/i/teamlogos/nba/500/scoreboard/mia.png,,False,,2026-03-21 20:00:00,2026-03-21,False,MIA @ HOU
401810883,s:40~l:46~e:401810883~c:401810883,2026-03-22,0,True,False,False,False,2026-03-22T00:00Z,,,1,STD,780.0,Frost Bank Center,San Antonio,TX,True,0,0.0,0,1,STATUS_SCHEDULED,pre,False,Scheduled,"Sat, March 21st at 8:00 PM EDT",3/21 - 8:00 PM EDT,4,24,s:40~l:46~t:24,San Antonio,Spurs,SA,San Antonio Spurs,Spurs,000000,c4ced4,True,780.0,https://a.espncdn.com/i/teamlogos/nba/500/scoreboard/sa.png,0,,11,s:40~l:46~t:11,Indiana,Pacers,IND,Indiana Pacers,Pacers,True,0,,401810883,2026,2,0c2340,ffd520,2183.0,https://a.espncdn.com/i/teamlogos/nba/500/scoreboard/ind.png,,False,,2026-03-21 20:00:00,2026-03-21,False,IND @ SAS
401810878,s:40~l:46~e:401810878~c:401810878,2026-03-21,0,True,False,False,False,2026-03-21T23:00Z,,,1,STD,1893.0,Spectrum Center,Charlotte,NC,True,0,0.0,0,1,STATUS_SCHEDULED,pre,False,Scheduled,"Sat, March 21st at 7:00 PM EDT",3/21 - 7:00 PM EDT,4,30,s:40~l:46~t:30,Charlotte,Hornets,CHA,Charlotte Hornets,Hornets,008ca8,1d1060,True,1893.0,https://a.espncdn.com/i/teamlogos/nba/500/scoreboard/cha.png,0,,29,s:40~l:46~t:29,Memphis,Grizzlies,MEM,Memphis Grizzlies,Grizzlies,True,0,,401810878,2026,2,5d76a9,12173f,1392.0,https://a.espncdn.com/i/teamlogos/nba/500/scoreboard/mem.png,,False,,2026-03-21 19:00:00,2026-03-21,False,MEM @ CHA
401810879,s:40~l:46~e:401810879~c:401810879,2026-03-21,0,True,False,False,False,2026-03-21T23:00Z,,,1,STD,3432.0,Kia Center,Orlando,FL,True,0,0.0,0,1,STATUS_SCHEDULED,pre,False,Scheduled,"Sat, March 21st at 7:00 PM EDT",3/21 - 7:00 PM EDT,4,19,s:40~l:46~t:19,Orlando,Magic,ORL,Orlando Magic,Magic,0150b5,9ca0a3,True,3432.0,https://a.espncdn.com/i/teamlogos/nba/500/scoreboard/orl.png,0,,13,s:40~l:46~t:13,Los Angeles,Lakers,LAL,Los Angeles Lakers,Lakers,True,0,,401810879,2026,2,552583,fdb927,1841.0,https://a.espncdn.com/i/teamlogos/nba/500/scoreboard/lal.png,,False,,2026-03-21 19:00:00,2026-03-21,False,LAL @ ORL
401810880,s:40~l:46~e:401810880~c:401810880,2026-03-21,0,True,False,False,False,2026-03-21T23:00Z,,,1,STD,985.0,Smoothie King Center,New Orleans,LA,True,0,0.0,0,1,STATUS_SCHEDULED,pre,False,Scheduled,"Sat, March 21st at 7:00 PM EDT",3/21 - 7:00 PM EDT,4,3,s:40~l:46~t:3,New Orleans,Pelicans,NO,New Orleans Pelicans,Pelicans,0a2240,b4975a,True,985.0,https://a.espncdn.com/i/teamlogos/nba/500/scoreboard/no.png,0,,5,s:40~l:46~t:5,Cleveland,Cavaliers,CLE,Cleveland Cavaliers,Cavaliers,True,0,,401810880,2026,2,860038,bc945c,3417.0,https://a.espncdn.com/i/teamlogos/nba/500/scoreboard/cle.png,,False,,2026-03-21 19:00:00,2026-03-21,False,CLE @ NOP
401810877,s:40~l:46~e:401810877~c:401810877,2026-03-21,0,True,False,False,False,2026-03-21T21:00Z,,,1,STD,1823.0,Capital One Arena,Washington,DC,True,0,0.0,0,1,STATUS_SCHEDULED,pre,False,Scheduled,"Sat, March 21st at 5:00 PM EDT",3/21 - 5:00 PM EDT,4,27,s:40~l:46~t:27,Washington,Wizards,WSH,Washington Wizards,Wizards,e31837,002b5c,True,1823.0,https://a.espncdn.com/i/teamlogos/nba/500/scoreboard/wsh.png,0,,25,s:40~l:46~t:25,Oklahoma City,Thunder,OKC,Oklahoma City Thunder,Thunder,True,0,,401810877,2026,2,007ac1,ef3b24,2559.0,https://a.espncdn.com/i/teamlogos/nba/500/scoreboard/okc.png,,False,,2026-03-21 17:00:00,2026-03-21,False,OKC @ WAS
401810876,s:40~l:46~e:401810876~c:401810876,2026-03-21,0,True,False,False,False,2026-03-21T01:00Z,,,1,STD,892.0,Ball Arena,Denver,CO,True,0,0.0,0,1,STATUS_SCHEDULED,pre,False,Scheduled,"Fri, March 20th at 9:00 PM EDT",3/20 - 9:00 PM EDT,4,7,s:40~l:46~t:7,Denver,Nuggets,DEN,Denver Nuggets,Nuggets,0e2240,fec524,True,892.0,https://a.espncdn.com/i/teamlogos/nba/500/scoreboard/den.png,0,,28,s:40~l:46~t:28,Toronto,Raptors,TOR,Toronto Raptors,Raptors,True,0,,401810876,2026,2,d91244,000000,1838.0,https://a.espncdn.com/i/teamlogos/nba/500/scoreboard/tor.png,,False,,2026-03-20 21:00:00,2026-03-20,False,TOR @ DEN
401810873,s:40~l:46~e:401810873~c:401810873,2026-03-21,0,True,False,False,False,2026-03-21T00:00Z,,,1,STD,1394.0,Toyota Center (Houston),Houston,TX,True,0,0.0,0,1,STATUS_SCHEDULED,pre,False,Scheduled,"Fri, March 20th at 8:00 PM EDT",3/20 - 8:00 PM EDT,4,10,s:40~l:46~t:10,Houston,Rockets,HOU,Houston Rockets,Rockets,ce1141,000000,True,1394.0,https://a.espncdn.com/i/teamlogos/nba/500/scoreboard/hou.png,0,,1,s:40~l:46~t:1,Atlanta,Hawks,ATL,Atlanta Hawks,Hawks,True,0,,401810873,2026,2,c8102e,fdb927,1827.0,https://a.espncdn.com/i/teamlogos/nba/500/scoreboard/atl.png,,False,,2026-03-20 20:00:00,2026-03-20,False,ATL @ HOU
401810874,s:40~l:46~e:401810874~c:401810874,2026-03-21,0,True,False,False,False,2026-03-21T00:00Z,,,1,STD,1392.0,FedExForum,Memphis,TN,True,0,0.0,0,1,STATUS_SCHEDULED,pre,False,Scheduled,"Fri, March 20th at 8:00 PM EDT",3/20 - 8:00 PM EDT,4,29,s:40~l:46~t:29,Memphis,Grizzlies,MEM,Memphis Grizzlies,Grizzlies,5d76a9,12173f,True,1392.0,https://a.espncdn.com/i/teamlogos/nba/500/scoreboard/mem.png,0,,2,s:40~l:46~t:2,Boston,Celtics,BOS,Boston Celtics,Celtics,True,0,,401810874,2026,2,008348,ffffff,1824.0,https://a.espncdn.com/i/teamlogos/nba/500/scoreboard/bos.png,,False,,2026-03-20 20:00:00,2026-03-20,False,BOS @ MEM
401810875,s:40~l:46~e:401810875~c:401810875,2026-03-21,0,True,False,False,False,2026-03-21T00:00Z,,,1,STD,2029.0,Target Center,Minneapolis,MN,True,0,0.0,0,1,STATUS_SCHEDULED,pre,False,Scheduled,"Fri, March 20th at 8:00 PM EDT",3/20 - 8:00 PM EDT,4,16,s:40~l:46~t:16,Minnesota,Timberwolves,MIN,Minnesota Timberwolves,Timberwolves,266092,79bc43,True,2029.0,https://a.espncdn.com/i/teamlogos/nba/500/scoreboard/min.png,0,,22,s:40~l:46~t:22,Portland,Trail Blazers,POR,Portland Trail Blazers,Trail Blazers,True,0,,401810875,2026,2,e03a3e,000000,3423.0,https://a.espncdn.com/i/teamlogos/nba/500/scoreboard/por.png,,False,,2026-03-20 20:00:00,2026-03-20,False,POR @ MIN
401810871,s:40~l:46~e:401810871~c:401810871,2026-03-20,0,True,False,False,False,2026-03-20T23:30Z,,,1,STD,3559.0,Barclays Center,Brooklyn,NY,True,0,0.0,0,1,STATUS_SCHEDULED,pre,False,Scheduled,"Fri, March 20th at 7:30 PM EDT",3/20 - 7:30 PM EDT,4,17,s:40~l:46~t:17,Brooklyn,Nets,BKN,Brooklyn Nets,Nets,000000,ffffff,True,1826.0,https://a.espncdn.com/i/teamlogos/nba/500/scoreboard/bkn.png,0,,18,s:40~l:46~t:18,New York,Knicks,NY,New York Knicks,Knicks,True,0,,401810871,2026,2,1d428a,f58426,1830.0,https://a.espncdn.com/i/teamlogos/nba/500/scoreboard/ny.png,,False,,2026-03-20 19:30:00,2026-03-20,False,NYK @ BKN
401810872,s:40~l:46~e:401810872~c:401810872,2026-03-20,0,True,False,False,False,2026-03-20T23:30Z,,,1,STD,5404.0,Little Caesars Arena,Detroit,MI,True,0,0.0,0,1,STATUS_SCHEDULED,pre,False,Scheduled,"Fri, March 20th at 7:30 PM EDT",3/20 - 7:30 PM EDT,4,8,s:40~l:46~t:8,Detroit,Pistons,DET,Detroit Pistons,Pistons,1d428a,c8102e,True,5311.0,https://a.espncdn.com/i/teamlogos/nba/500/scoreboard/det.png,0,,9,s:40~l:46~t:9,Golden State,Warriors,GS,Golden State Warriors,Warriors,True,0,,401810872,2026,2,fdb927,1d428a,2465.0,https://a.espncdn.com/i/teamlogos/nba/500/scoreboard/gs.png,,False,,2026-03-20 19:30:00,2026-03-20,False,GSW @ DET
401810870,s:40~l:46~e:401810870~c:401810870,2026-03-20,0,True,False,False,False,2026-03-20T02:00Z,,,1,STD,5310.0,Golden 1 Center,Sacramento,CA,True,0,0.0,0,1,STATUS_SCHEDULED,pre,False,Scheduled,"Thu, March 19th at 10:00 PM EDT",3/19 - 10:00 PM EDT,4,23,s:40~l:46~t:23,Sacramento,Kings,SAC,Sacramento Kings,Kings,5a2d81,6a7a82,True,2247.0,https://a.espncdn.com/i/teamlogos/nba/500/scoreboard/sac.png,0,,20,s:40~l:46~t:20,Philadelphia,76ers,PHI,Philadelphia 76ers,76ers,True,0,,401810870,2026,2,1d428a,e01234,1845.0,https://a.espncdn.com/i/teamlogos/nba/500/scoreboard/phi.png,,False,,2026-03-19 22:00:00,2026-03-19,False,PHI @ SAC
401810869,s:40~l:46~e:401810869~c:401810869,2026-03-20,0,True,False,False,False,2026-03-20T01:00Z,,,1,STD,3093.0,Delta Center,Salt Lake City,UT,True,0,0.0,0,1,STATUS_SCHEDULED,pre,False,Scheduled,"Thu, March 19th at 9:00 PM EDT",3/19 - 9:00 PM EDT,4,26,s:40~l:46~t:26,Utah,Jazz,UTAH,Utah Jazz,Jazz,4e008e,79a3dc,True,3093.0,https://a.espncdn.com/i/teamlogos/nba/500/scoreboard/utah.png,0,,15,s:40~l:46~t:15,Milwaukee,Bucks,MIL,Milwaukee Bucks,Bucks,True,0,,401810869,2026,2,00471b,eee1c6,2099.0,https://a.espncdn.com/i/teamlogos/nba/500/scoreboard/mil.png,,False,,2026-03-19 21:00:00,2026-03-19,False,MIL @ UTA
401810865,s:40~l:46~e:401810865~c:401810865,2026-03-20,0,True,False,False,False,2026-03-20T00:00Z,,,1,STD,3438.0,Kaseya Center,Miami,FL,True,0,0.0,0,1,STATUS_SCHEDULED,pre,False,Scheduled,"Thu, March 19th at 8:00 PM EDT",3/19 - 8:00 PM EDT,4,14,s:40~l:46~t:14,Miami,Heat,MIA,Miami Heat,Heat,98002e,000000,True,3438.0,https://a.espncdn.com/i/teamlogos/nba/500/scoreboard/mia.png,0,,13,s:40~l:46~t:13,Los Angeles,Lakers,LAL,Los Angeles Lakers,Lakers,True,0,,401810865,2026,2,552583,fdb927,1841.0,https://a.espncdn.com/i/teamlogos/nba/500/scoreboard/lal.png,,False,,2026-03-19 20:00:00,2026-03-19,False,LAL @ MIA
401810866,s:40~l:46~e:401810866~c:401810866,2026-03-20,0,True,False,False,False,2026-03-20T00:00Z,,,1,STD,1847.0,United Center,Chicago,IL,True,0,0.0,0,1,STATUS_SCHEDULED,pre,False,Scheduled,"Thu, March 19th at 8:00 PM EDT",3/19 - 8:00 PM EDT,4,4,s:40~l:46~t:4,Chicago,Bulls,CHI,Chicago Bulls,Bulls,ce1141,000000,True,1847.0,https://a.espncdn.com/i/teamlogos/nba/500/scoreboard/chi.png,0,,5,s:40~l:46~t:5,Cleveland,Cavaliers,CLE,Cleveland Cavaliers,Cavaliers,True,0,,401810866,2026,2,860038,bc945c,3417.0,https://a.espncdn.com/i/teamlogos/nba/500/scoreboard/cle.png,,False,,2026-03-19 20:00:00,2026-03-19,False,CLE @ CHI
401810867,s:40~l:46~e:401810867~c:401810867,2026-03-20,0,True,False,False,False,2026-03-20T00:00Z,,,1,STD,985.0,Smoothie King Center,New Orleans,LA,True,0,0.0,0,1,STATUS_SCHEDULED,pre,False,Scheduled,"Thu, March 19th at 8:00 PM EDT",3/19 - 8:00 PM EDT,4,3,s:40~l:46~t:3,New Orleans,Pelicans,NO,New Orleans Pelicans,Pelicans,0a2240,b4975a,True,985.0,https://a.espncdn.com/i/teamlogos/nba/500/scoreboard/no.png,0,,12,s:40~l:46~t:12,LA,Clippers,LAC,LA Clippers,Clippers,True,0,,401810867,2026,2,12173f,c8102e,1841.0,https://a.espncdn.com/i/teamlogos/nba/500/scoreboard/lac.png,,False,,2026-03-19 20:00:00,2026-03-19,False,LAC @ NOP
401810868,s:40~l:46~e:401810868~c:401810868,2026-03-20,0,True,False,False,False,2026-03-20T00:00Z,,,1,STD,780.0,Frost Bank Center,San Antonio,TX,True,0,0.0,0,1,STATUS_SCHEDULED,pre,False,Scheduled,"Thu, March 19th at 8:00 PM EDT",3/19 - 8:00 PM EDT,4,24,s:40~l:46~t:24,San Antonio,Spurs,SA,San Antonio Spurs,Spurs,000000,c4ced4,True,780.0,https://a.espncdn.com/i/teamlogos/nba/500/scoreboard/sa.png,0,,21,s:40~l:46~t:21,Phoenix,Suns,PHX,Phoenix Suns,Suns,True,0,,401810868,2026,2,29127a,e56020,1949.0,https://a.espncdn.com/i/teamlogos/nba/500/scoreboard/phx.png,,False,,2026-03-19 20:00:00,2026-03-19,False,PHX @ SAS
401810863,s:40~l:46~e:401810863~c:401810863,2026-03-19,0,True,False,False,False,2026-03-19T23:00Z,,,1,STD,1893.0,Spectrum Center,Charlotte,NC,True,0,0.0,0,1,STATUS_SCHEDULED,pre,False,Scheduled,"Thu, March 19th at 7:00 PM EDT",3/19 - 7:00 PM EDT,4,30,s:40~l:46~t:30,Charlotte,Hornets,CHA,Charlotte Hornets,Hornets,008ca8,1d1060,True,1893.0,https://a.espncdn.com/i/teamlogos/nba/500/scoreboard/cha.png,0,,19,s:40~l:46~t:19,Orlando,Magic,ORL,Orlando Magic,Magic,True,0,,401810863,2026,2,0150b5,9ca0a3,3432.0,https://a.espncdn.com/i/teamlogos/nba/500/scoreboard/orl.png,,False,,2026-03-19 19:00:00,2026-03-19,False,ORL @ CHA
401810864,s:40~l:46~e:401810864~c:401810864,2026-03-19,0,True,False,False,False,2026-03-19T23:00Z,,,1,STD,1823.0,Capital One Arena,Washington,DC,True,0,0.0,0,1,STATUS_SCHEDULED,pre,False,Scheduled,"Thu, March 19th at 7:00 PM EDT",3/19 - 7:00 PM EDT,4,27,s:40~l:46~t:27,Washington,Wizards,WSH,Washington Wizards,Wizards,e31837,002b5c,True,1823.0,https://a.espncdn.com/i/teamlogos/nba/500/scoreboard/wsh.png,0,,8,s:40~l:46~t:8,Detroit,Pistons,DET,Detroit Pistons,Pistons,True,0,,401810864,2026,2,1d428a,c8102e,5311.0,https://a.espncdn.com/i/teamlogos/nba/500/scoreboard/det.png,,False,,2026-03-19 19:00:00,2026-03-19,False,DET @ WAS
401810862,s:40~l:46~e:401810862~c:401810862,2026-03-19,0,True,False,False,False,2026-03-19T01:30Z,,,1,STD,1394.0,Toyota Center (Houston),Houston,TX,True,0,0.0,0,1,STATUS_SCHEDULED,pre,False,Scheduled,"Wed, March 18th at 9:30 PM EDT",3/18 - 9:30 PM EDT,4,10,s:40~l:46~t:10,Houston,Rockets,HOU,Houston Rockets,Rockets,ce1141,000000,True,1394.0,https://a.espncdn.com/i/teamlogos/nba/500/scoreboard/hou.png,0,,13,s:40~l:46~t:13,Los Angeles,Lakers,LAL,Los Angeles Lakers,Lakers,True,0,,401810862,2026,2,552583,fdb927,1841.0,https://a.espncdn.com/i/teamlogos/nba/500/scoreboard/lal.png,,False,,2026-03-18 21:30:00,2026-03-18,False,LAL @ HOU
401810861,s:40~l:46~e:401810861~c:401810861,2026-03-19,0,True,False,False,False,2026-03-19T00:30Z,,,1,STD,516.0,American Airlines Center,Dallas,TX,True,0,0.0,0,1,STATUS_SCHEDULED,pre,False,Scheduled,"Wed, March 18th at 8:30 PM EDT",3/18 - 8:30 PM EDT,4,6,s:40~l:46~t:6,Dallas,Mavericks,DAL,Dallas Mavericks,Mavericks,0064b1,bbc4ca,True,516.0,https://a.espncdn.com/i/teamlogos/nba/500/scoreboard/dal.png,0,,1,s:40~l:46~t:1,Atlanta,Hawks,ATL,Atlanta Hawks,Hawks,True,0,,401810861,2026,2,c8102e,fdb927,1827.0,https://a.espncdn.com/i/teamlogos/nba/500/scoreboard/atl.png,,False,,2026-03-18 20:30:00,2026-03-18,False,ATL @ DAL
401810857,s:40~l:46~e:401810857~c:401810857,2026-03-19,0,True,False,False,False,2026-03-19T00:00Z,,,1,STD,1847.0,United Center,Chicago,IL,True,0,0.0,0,1,STATUS_SCHEDULED,pre,False,Scheduled,"Wed, March 18th at 8:00 PM EDT",3/18 - 8:00 PM EDT,4,4,s:40~l:46~t:4,Chicago,Bulls,CHI,Chicago Bulls,Bulls,ce1141,000000,True,1847.0,https://a.espncdn.com/i/teamlogos/nba/500/scoreboard/chi.png,0,,28,s:40~l:46~t:28,Toronto,Raptors,TOR,Toronto Raptors,Raptors,True,0,,401810857,2026,2,d91244,000000,1838.0,https://a.espncdn.com/i/teamlogos/nba/500/scoreboard/tor.png,,False,,2026-03-18 20:00:00,2026-03-18,False,TOR @ CHI
401810859,s:40~l:46~e:401810859~c:401810859,2026-03-19,0,True,False,False,False,2026-03-19T00:00Z,,,1,STD,2029.0,Target Center,Minneapolis,MN,True,0,0.0,0,1,STATUS_SCHEDULED,pre,False,Scheduled,"Wed, March 18th at 8:00 PM EDT",3/18 - 8:00 PM EDT,4,16,s:40~l:46~t:16,Minnesota,Timberwolves,MIN,Minnesota Timberwolves,Timberwolves,266092,79bc43,True,2029.0,https://a.espncdn.com/i/teamlogos/nba/500/scoreboard/min.png,0,,26,s:40~l:46~t:26,Utah,Jazz,UTAH,Utah Jazz,Jazz,True,0,,401810859,2026,2,4e008e,79a3dc,3093.0,https://a.espncdn.com/i/teamlogos/nba/500/scoreboard/utah.png,,False,,2026-03-18 20:00:00,2026-03-18,False,UTA @ MIN
401810860,s:40~l:46~e:401810860~c:401810860,2026-03-19,0,True,False,False,False,2026-03-19T00:00Z,,,1,STD,985.0,Smoothie King Center,New Orleans,LA,True,0,0.0,0,1,STATUS_SCHEDULED,pre,False,Scheduled,"Wed, March 18th at 8:00 PM EDT",3/18 - 8:00 PM EDT,4,3,s:40~l:46~t:3,New Orleans,Pelicans,NO,New Orleans Pelicans,Pelicans,0a2240,b4975a,True,985.0,https://a.espncdn.com/i/teamlogos/nba/500/scoreboard/no.png,0,,12,s:40~l:46~t:12,LA,Clippers,LAC,LA Clippers,Clippers,True,0,,401810860,2026,2,12173f,c8102e,1841.0,https://a.espncdn.com/i/teamlogos/nba/500/scoreboard/lac.png,,False,,2026-03-18 20:00:00,2026-03-18,False,LAC @ NOP
401858693,s:40~l:46~e:401858693~c:401858693,2026-03-19,0,True,False,False,False,2026-03-19T00:00Z,event,Makeup from Jan 25,1,STD,1392.0,FedExForum,Memphis,TN,True,0,0.0,0,1,STATUS_SCHEDULED,pre,False,Scheduled,"Wed, March 18th at 8:00 PM EDT",3/18 - 8:00 PM EDT,4,29,s:40~l:46~t:29,Memphis,Grizzlies,MEM,Memphis Grizzlies,Grizzlies,5d76a9,12173f,True,1392.0,https://a.espncdn.com/i/teamlogos/nba/500/scoreboard/mem.png,0,,7,s:40~l:46~t:7,Denver,Nuggets,DEN,Denver Nuggets,Nuggets,True,0,,401858693,2026,2,0e2240,fec524,892.0,https://a.espncdn.com/i/teamlogos/nba/500/scoreboard/den.png,,False,,2026-03-18 20:00:00,2026-03-18,False,DEN @ MEM
401810855,s:40~l:46~e:401810855~c:401810855,2026-03-18,0,True,False,False,False,2026-03-18T23:30Z,,,1,STD,3559.0,Barclays Center,Brooklyn,NY,True,0,0.0,0,1,STATUS_SCHEDULED,pre,False,Scheduled,"Wed, March 18th at 7:30 PM EDT",3/18 - 7:30 PM EDT,4,17,s:40~l:46~t:17,Brooklyn,Nets,BKN,Brooklyn Nets,Nets,000000,ffffff,True,1826.0,https://a.espncdn.com/i/teamlogos/nba/500/scoreboard/bkn.png,0,,25,s:40~l:46~t:25,Oklahoma City,Thunder,OKC,Oklahoma City Thunder,Thunder,True,0,,401810855,2026,2,007ac1,ef3b24,2559.0,https://a.espncdn.com/i/teamlogos/nba/500/scoreboard/okc.png,,False,,2026-03-18 19:30:00,2026-03-18,False,OKC @ BKN
401810856,s:40~l:46~e:401810856~c:401810856,2026-03-18,0,True,False,False,False,2026-03-18T23:30Z,,,1,STD,2183.0,Gainbridge Fieldhouse,Indianapolis,IN,True,0,0.0,0,1,STATUS_SCHEDULED,pre,False,Scheduled,"Wed, March 18th at 7:30 PM EDT",3/18 - 7:30 PM EDT,4,11,s:40~l:46~t:11,Indiana,Pacers,IND,Indiana Pacers,Pacers,0c2340,ffd520,True,2183.0,https://a.espncdn.com/i/teamlogos/nba/500/scoreboard/ind.png,0,,22,s:40~l:46~t:22,Portland,Trail Blazers,POR,Portland Trail Blazers,Trail Blazers,True,0,,401810856,2026,2,e03a3e,000000,3423.0,https://a.espncdn.com/i/teamlogos/nba/500/scoreboard/por.png,,False,,2026-03-18 19:30:00,2026-03-18,False,POR @ IND
401810854,s:40~l:46~e:401810854~c:401810854,2026-03-18,0,True,False,False,False,2026-03-18T23:00Z,,,1,STD,1824.0,TD Garden,Boston,MA,True,0,0.0,0,1,STATUS_SCHEDULED,pre,False,Scheduled,"Wed, March 18th at 7:00 PM EDT",3/18 - 7:00 PM EDT,4,2,s:40~l:46~t:2,Boston,Celtics,BOS,Boston Celtics,Celtics,008348,ffffff,True,1824.0,https://a.espncdn.com/i/teamlogos/nba/500/scoreboard/bos.png,0,,9,s:40~l:46~t:9,Golden State,Warriors,GS,Golden State Warriors,Warriors,True,0,,401810854,2026,2,fdb927,1d428a,2465.0,https://a.espncdn.com/i/teamlogos/nba/500/scoreboard/gs.png,,False,,2026-03-18 19:00:00,2026-03-18,False,GSW @ BOS
401810853,s:40~l:46~e:401810853~c:401810853,2026-03-18,0,True,False,False,False,2026-03-18T03:00Z,,,1,STD,5310.0,Golden 1 Center,Sacramento,CA,True,0,0.0,0,1,STATUS_SCHEDULED,pre,False,Scheduled,"Tue, March 17th at 11:00 PM EDT",3/17 - 11:00 PM EDT,4,23,s:40~l:46~t:23,Sacramento,Kings,SAC,Sacramento Kings,Kings,5a2d81,6a7a82,True,2247.0,https://a.espncdn.com/i/teamlogos/nba/500/scoreboard/sac.png,0,,24,s:40~l:46~t:24,San Antonio,Spurs,SA,San Antonio Spurs,Spurs,True,0,,401810853,2026,2,000000,c4ced4,780.0,https://a.espncdn.com/i/teamlogos/nba/500/scoreboard/sa.png,,False,,2026-03-17 23:00:00,2026-03-17,False,SAS @ SAC
401810852,s:40~l:46~e:401810852~c:401810852,2026-03-18,0,True,False,False,False,2026-03-18T01:00Z,,,1,STD,892.0,Ball Arena,Denver,CO,True,0,0.0,0,1,STATUS_SCHEDULED,pre,False,Scheduled,"Tue, March 17th at 9:00 PM EDT",3/17 - 9:00 PM EDT,4,7,s:40~l:46~t:7,Denver,Nuggets,DEN,Denver Nuggets,Nuggets,0e2240,fec524,True,892.0,https://a.espncdn.com/i/teamlogos/nba/500/scoreboard/den.png,0,,20,s:40~l:46~t:20,Philadelphia,76ers,PHI,Philadelphia 76ers,76ers,True,0,,401810852,2026,2,1d428a,e01234,1845.0,https://a.espncdn.com/i/teamlogos/nba/500/scoreboard/phi.png,,False,,2026-03-17 21:00:00,2026-03-17,False,PHI @ DEN
401810850,s:40~l:46~e:401810850~c:401810850,2026-03-18,0,True,False,False,False,2026-03-18T00:00Z,,,1,STD,5777.0,Fiserv Forum,Milwaukee,WI,True,0,0.0,0,1,STATUS_SCHEDULED,pre,False,Scheduled,"Tue, March 17th at 8:00 PM EDT",3/17 - 8:00 PM EDT,4,15,s:40~l:46~t:15,Milwaukee,Bucks,MIL,Milwaukee Bucks,Bucks,00471b,eee1c6,True,2099.0,https://a.espncdn.com/i/teamlogos/nba/500/scoreboard/mil.png,0,,5,s:40~l:46~t:5,Cleveland,Cavaliers,CLE,Cleveland Cavaliers,Cavaliers,True,0,,401810850,2026,2,860038,bc945c,3417.0,https://a.espncdn.com/i/teamlogos/nba/500/scoreboard/cle.png,,False,,2026-03-17 20:00:00,2026-03-17,False,CLE @ MIL
401810851,s:40~l:46~e:401810851~c:401810851,2026-03-18,0,True,False,False,False,2026-03-18T00:00Z,,,1,STD,2029.0,Target Center,Minneapolis,MN,True,0,0.0,0,1,STATUS_SCHEDULED,pre,False,Scheduled,"Tue, March 17th at 8:00 PM EDT",3/17 - 8:00 PM EDT,4,16,s:40~l:46~t:16,Minnesota,Timberwolves,MIN,Minnesota Timberwolves,Timberwolves,266092,79bc43,True,2029.0,https://a.espncdn.com/i/teamlogos/nba/500/scoreboard/min.png,0,,21,s:40~l:46~t:21,Phoenix,Suns,PHX,Phoenix Suns,Suns,True,0,,401810851,2026,2,29127a,e56020,1949.0,https://a.espncdn.com/i/teamlogos/nba/500/scoreboard/phx.png,,False,,2026-03-17 20:00:00,2026-03-17,False,PHX @ MIN
401810849,s:40~l:46~e:401810849~c:401810849,2026-03-17,0,True,False,False,False,2026-03-17T23:30Z,,,1,STD,1830.0,Madison Square Garden,New York,NY,True,0,0.0,0,1,STATUS_SCHEDULED,pre,False,Scheduled,"Tue, March 17th at 7:30 PM EDT",3/17 - 7:30 PM EDT,4,18,s:40~l:46~t:18,New York,Knicks,NY,New York Knicks,Knicks,1d428a,f58426,True,1830.0,https://a.espncdn.com/i/teamlogos/nba/500/scoreboard/ny.png,0,,11,s:40~l:46~t:11,Indiana,Pacers,IND,Indiana Pacers,Pacers,True,0,,401810849,2026,2,0c2340,ffd520,2183.0,https://a.espncdn.com/i/teamlogos/nba/500/scoreboard/ind.png,,False,,2026-03-17 19:30:00,2026-03-17,False,IND @ NYK
401810846,s:40~l:46~e:401810846~c:401810846,2026-03-17,0,True,False,False,False,2026-03-17T23:00Z,,,1,STD,1893.0,Spectrum Center,Charlotte,NC,True,0,0.0,0,1,STATUS_SCHEDULED,pre,False,Scheduled,"Tue, March 17th at 7:00 PM EDT",3/17 - 7:00 PM EDT,4,30,s:40~l:46~t:30,Charlotte,Hornets,CHA,Charlotte Hornets,Hornets,008ca8,1d1060,True,1893.0,https://a.espncdn.com/i/teamlogos/nba/500/scoreboard/cha.png,0,,14,s:40~l:46~t:14,Miami,Heat,MIA,Miami Heat,Heat,True,0,,401810846,2026,2,98002e,000000,3438.0,https://a.espncdn.com/i/teamlogos/nba/500/scoreboard/mia.png,,False,,2026-03-17 19:00:00,2026-03-17,False,MIA @ CHA
401810847,s:40~l:46~e:401810847~c:401810847,2026-03-17,0,True,False,False,False,2026-03-17T23:00Z,,,1,STD,3432.0,Kia Center,Orlando,FL,True,0,0.0,0,1,STATUS_SCHEDULED,pre,False,Scheduled,"Tue, March 17th at 7:00 PM EDT",3/17 - 7:00 PM EDT,4,19,s:40~l:46~t:19,Orlando,Magic,ORL,Orlando Magic,Magic,0150b5,9ca0a3,True,3432.0,https://a.espncdn.com/i/teamlogos/nba/500/scoreboard/orl.png,0,,25,s:40~l:46~t:25,Oklahoma City,Thunder,OKC,Oklahoma City Thunder,Thunder,True,0,,401810847,2026,2,007ac1,ef3b24,2559.0,https://a.espncdn.com/i/teamlogos/nba/500/scoreboard/okc.png,,False,,2026-03-17 19:00:00,2026-03-17,False,OKC @ ORL
401810848,s:40~l:46~e:401810848~c:401810848,2026-03-17,0,True,False,False,False,2026-03-17T23:00Z,,,1,STD,1823.0,Capital One Arena,Washington,DC,True,0,0.0,0,1,STATUS_SCHEDULED,pre,False,Scheduled,"Tue, March 17th at 7:00 PM EDT",3/17 - 7:00 PM EDT,4,27,s:40~l:46~t:27,Washington,Wizards,WSH,Washington Wizards,Wizards,e31837,002b5c,True,1823.0,https://a.espncdn.com/i/teamlogos/nba/500/scoreboard/wsh.png,0,,8,s:40~l:46~t:8,Detroit,Pistons,DET,Detroit Pistons,Pistons,True,0,,401810848,2026,2,1d428a,c8102e,5311.0,https://a.espncdn.com/i/teamlogos/nba/500/scoreboard/det.png,,False,,2026-03-17 19:00:00,2026-03-17,False,DET @ WAS
401810845,s:40~l:46~e:401810845~c:401810845,2026-03-17,0,True,False,False,False,2026-03-17T02:30Z,,,1,STD,10642.0,Intuit Dome,Inglewood,CA,True,0,0.0,0,1,STATUS_SCHEDULED,pre,False,Scheduled,"Mon, March 16th at 10:30 PM EDT",3/16 - 10:30 PM EDT,4,12,s:40~l:46~t:12,LA,Clippers,LAC,LA Clippers,Clippers,12173f,c8102e,True,1841.0,https://a.espncdn.com/i/teamlogos/nba/500/scoreboard/lac.png,0,,24,s:40~l:46~t:24,San Antonio,Spurs,SA,San Antonio Spurs,Spurs,True,0,,401810845,2026,2,000000,c4ced4,780.0,https://a.espncdn.com/i/teamlogos/nba/500/scoreboard/sa.png,,False,,2026-03-16 22:30:00,2026-03-16,False,SAS @ LAC
401810844,s:40~l:46~e:401810844~c:401810844,2026-03-17,0,True,False,False,False,2026-03-17T01:00Z,,,1,STD,1394.0,Toyota Center (Houston),Houston,TX,True,0,0.0,0,1,STATUS_SCHEDULED,pre,False,Scheduled,"Mon, March 16th at 9:00 PM EDT",3/16 - 9:00 PM EDT,4,10,s:40~l:46~t:10,Houston,Rockets,HOU,Houston Rockets,Rockets,ce1141,000000,True,1394.0,https://a.espncdn.com/i/teamlogos/nba/500/scoreboard/hou.png,0,,13,s:40~l:46~t:13,Los Angeles,Lakers,LAL,Los Angeles Lakers,Lakers,True,0,,401810844,2026,2,552583,fdb927,1841.0,https://a.espncdn.com/i/teamlogos/nba/500/scoreboard/lal.png,,False,,2026-03-16 21:00:00,2026-03-16,False,LAL @ HOU
401810841,s:40~l:46~e:401810841~c:401810841,2026-03-17,0,True,False,False,False,2026-03-17T00:00Z,,,1,STD,1824.0,TD Garden,Boston,MA,True,0,0.0,0,1,STATUS_SCHEDULED,pre,False,Scheduled,"Mon, March 16th at 8:00 PM EDT",3/16 - 8:00 PM EDT,4,2,s:40~l:46~t:2,Boston,Celtics,BOS,Boston Celtics,Celtics,008348,ffffff,True,1824.0,https://a.espncdn.com/i/teamlogos/nba/500/scoreboard/bos.png,0,,21,s:40~l:46~t:21,Phoenix,Suns,PHX,Phoenix Suns,Suns,True,0,,401810841,2026,2,29127a,e56020,1949.0,https://a.espncdn.com/i/teamlogos/nba/500/scoreboard/phx.png,,False,,2026-03-16 20:00:00,2026-03-16,False,PHX @ BOS
401810842,s:40~l:46~e:401810842~c:401810842,2026-03-17,0,True,False,False,False,2026-03-17T00:00Z,,,1,STD,1847.0,United Center,Chicago,IL,True,0,0.0,0,1,STATUS_SCHEDULED,pre,False,Scheduled,"Mon, March 16th at 8:00 PM EDT",3/16 - 8:00 PM EDT,4,4,s:40~l:46~t:4,Chicago,Bulls,CHI,Chicago Bulls,Bulls,ce1141,000000,True,1847.0,https://a.espncdn.com/i/teamlogos/nba/500/scoreboard/chi.png,0,,29,s:40~l:46~t:29,Memphis,Grizzlies,MEM,Memphis Grizzlies,Grizzlies,True,0,,401810842,2026,2,5d76a9,12173f,1392.0,https://a.espncdn.com/i/teamlogos/nba/500/scoreboard/mem.png,,False,,2026-03-16 20:00:00,2026-03-16,False,MEM @ CHI
401810843,s:40~l:46~e:401810843~c:401810843,2026-03-17,0,True,False,False,False,2026-03-17T00:00Z,,,1,STD,985.0,Smoothie King Center,New Orleans,LA,True,0,0.0,0,1,STATUS_SCHEDULED,pre,False,Scheduled,"Mon, March 16th at 8:00 PM EDT",3/16 - 8:00 PM EDT,4,3,s:40~l:46~t:3,New Orleans,Pelicans,NO,New Orleans Pelicans,Pelicans,0a2240,b4975a,True,985.0,https://a.espncdn.com/i/teamlogos/nba/500/scoreboard/no.png,0,,6,s:40~l:46~t:6,Dallas,Mavericks,DAL,Dallas Mavericks,Mavericks,True,0,,401810843,2026,2,0064b1,bbc4ca,516.0,https://a.espncdn.com/i/teamlogos/nba/500/scoreboard/dal.png,,False,,2026-03-16 20:00:00,2026-03-16,False,DAL @ NOP
401810840,s:40~l:46~e:401810840~c:401810840,2026-03-16,0,True,False,False,False,2026-03-16T23:30Z,,,1,STD,3559.0,Barclays Center,Brooklyn,NY,True,0,0.0,0,1,STATUS_SCHEDULED,pre,False,Scheduled,"Mon, March 16th at 7:30 PM EDT",3/16 - 7:30 PM EDT,4,17,s:40~l:46~t:17,Brooklyn,Nets,BKN,Brooklyn Nets,Nets,000000,ffffff,True,1826.0,https://a.espncdn.com/i/teamlogos/nba/500/scoreboard/bkn.png,0,,22,s:40~l:46~t:22,Portland,Trail Blazers,POR,Portland Trail Blazers,Trail Blazers,True,0,,401810840,2026,2,e03a3e,000000,3423.0,https://a.espncdn.com/i/teamlogos/nba/500/scoreboard/por.png,,False,,2026-03-16 19:30:00,2026-03-16,False,POR @ BKN
401810838,s:40~l:46~e:401810838~c:401810838,2026-03-16,0,True,False,False,False,2026-03-16T23:00Z,,,1,STD,1827.0,State Farm Arena,Atlanta,GA,True,0,0.0,0,1,STATUS_SCHEDULED,pre,False,Scheduled,"Mon, March 16th at 7:00 PM EDT",3/16 - 7:00 PM EDT,4,1,s:40~l:46~t:1,Atlanta,Hawks,ATL,Atlanta Hawks,Hawks,c8102e,fdb927,True,1827.0,https://a.espncdn.com/i/teamlogos/nba/500/scoreboard/atl.png,0,,19,s:40~l:46~t:19,Orlando,Magic,ORL,Orlando Magic,Magic,True,0,,401810838,2026,2,0150b5,9ca0a3,3432.0,https://a.espncdn.com/i/teamlogos/nba/500/scoreboard/orl.png,,False,,2026-03-16 19:00:00,2026-03-16,False,ORL @ ATL
401810839,s:40~l:46~e:401810839~c:401810839,2026-03-16,0,True,False,False,False,2026-03-16T23:00Z,,,1,STD,1823.0,Capital One Arena,Washington,DC,True,0,0.0,0,1,STATUS_SCHEDULED,pre,False,Scheduled,"Mon, March 16th at 7:00 PM EDT",3/16 - 7:00 PM EDT,4,27,s:40~l:46~t:27,Washington,Wizards,WSH,Washington Wizards,Wizards,e31837,002b5c,True,1823.0,https://a.espncdn.com/i/teamlogos/nba/500/scoreboard/wsh.png,0,,9,s:40~l:46~t:9,Golden State,Warriors,GS,Golden State Warriors,Warriors,True,0,,401810839,2026,2,fdb927,1d428a,2465.0,https://a.espncdn.com/i/teamlogos/nba/500/scoreboard/gs.png,,False,,2026-03-16 19:00:00,2026-03-16,False,GSW @ WAS
401810837,s:40~l:46~e:401810837~c:401810837,2026-03-16,0,True,False,False,False,2026-03-16T02:00Z,,,1,STD,5310.0,Golden 1 Center,Sacramento,CA,True,0,0.0,0,1,STATUS_SCHEDULED,pre,False,Scheduled,"Sun, March 15th at 10:00 PM EDT",3/15 - 10:00 PM EDT,4,23,s:40~l:46~t:23,Sacramento,Kings,SAC,Sacramento Kings,Kings,5a2d81,6a7a82,True,2247.0,https://a.espncdn.com/i/teamlogos/nba/500/scoreboard/sac.png,0,,26,s:40~l:46~t:26,Utah,Jazz,UTAH,Utah Jazz,Jazz,True,0,,401810837,2026,2,4e008e,79a3dc,3093.0,https://a.espncdn.com/i/teamlogos/nba/500/scoreboard/utah.png,,False,,2026-03-15 22:00:00,2026-03-15,False,UTA @ SAC
401810836,s:40~l:46~e:401810836~c:401810836,2026-03-16,0,True,False,False,False,2026-03-16T00:00Z,,,1,STD,1830.0,Madison Square Garden,New York,NY,True,0,0.0,0,1,STATUS_SCHEDULED,pre,False,Scheduled,"Sun, March 15th at 8:00 PM EDT",3/15 - 8:00 PM EDT,4,18,s:40~l:46~t:18,New York,Knicks,NY,New York Knicks,Knicks,1d428a,f58426,True,1830.0,https://a.espncdn.com/i/teamlogos/nba/500/scoreboard/ny.png,0,,9,s:40~l:46~t:9,Golden State,Warriors,GS,Golden State Warriors,Warriors,True,0,,401810836,2026,2,fdb927,1d428a,2465.0,https://a.espncdn.com/i/teamlogos/nba/500/scoreboard/gs.png,,False,,2026-03-15 20:00:00,2026-03-15,False,GSW @ NYK
401810835,s:40~l:46~e:401810835~c:401810835,2026-03-15,0,True,False,False,False,2026-03-15T22:00Z,,,1,STD,1845.0,Xfinity Mobile Arena,Philadelphia,PA,True,0,0.0,0,1,STATUS_SCHEDULED,pre,False,Scheduled,"Sun, March 15th at 6:00 PM EDT",3/15 - 6:00 PM EDT,4,20,s:40~l:46~t:20,Philadelphia,76ers,PHI,Philadelphia 76ers,76ers,1d428a,e01234,True,1845.0,https://a.espncdn.com/i/teamlogos/nba/500/scoreboard/phi.png,0,,22,s:40~l:46~t:22,Portland,Trail Blazers,POR,Portland Trail Blazers,Trail Blazers,True,0,,401810835,2026,2,e03a3e,000000,3423.0,https://a.espncdn.com/i/teamlogos/nba/500/scoreboard/por.png,,False,,2026-03-15 18:00:00,2026-03-15,False,POR @ PHI
401810832,s:40~l:46~e:401810832~c:401810832,2026-03-15,0,True,False,False,False,2026-03-15T19:30Z,,,1,STD,3417.0,Rocket Arena,Cleveland,OH,True,0,0.0,0,1,STATUS_SCHEDULED,pre,False,Scheduled,"Sun, March 15th at 3:30 PM EDT",3/15 - 3:30 PM EDT,4,5,s:40~l:46~t:5,Cleveland,Cavaliers,CLE,Cleveland Cavaliers,Cavaliers,860038,bc945c,True,3417.0,https://a.espncdn.com/i/teamlogos/nba/500/scoreboard/cle.png,0,,6,s:40~l:46~t:6,Dallas,Mavericks,DAL,Dallas Mavericks,Mavericks,True,0,,401810832,2026,2,0064b1,bbc4ca,516.0,https://a.espncdn.com/i/teamlogos/nba/500/scoreboard/dal.png,,False,,2026-03-15 15:30:00,2026-03-15,False,DAL @ CLE
401810833,s:40~l:46~e:401810833~c:401810833,2026-03-15,0,True,False,False,False,2026-03-15T19:30Z,,,1,STD,1838.0,Scotiabank Arena,Toronto,ON,True,0,0.0,0,1,STATUS_SCHEDULED,pre,False,Scheduled,"Sun, March 15th at 3:30 PM EDT",3/15 - 3:30 PM EDT,4,28,s:40~l:46~t:28,Toronto,Raptors,TOR,Toronto Raptors,Raptors,d91244,000000,True,1838.0,https://a.espncdn.com/i/teamlogos/nba/500/scoreboard/tor.png,0,,8,s:40~l:46~t:8,Detroit,Pistons,DET,Detroit Pistons,Pistons,True,0,,401810833,2026,2,1d428a,c8102e,5311.0,https://a.espncdn.com/i/teamlogos/nba/500/scoreboard/det.png,,False,,2026-03-15 15:30:00,2026-03-15,False,DET @ TOR
401810834,s:40~l:46~e:401810834~c:401810834,2026-03-15,0,True,False,False,False,2026-03-15T19:30Z,,,1,STD,5777.0,Fiserv Forum,Milwaukee,WI,True,0,0.0,0,1,STATUS_SCHEDULED,pre,False,Scheduled,"Sun, March 15th at 3:30 PM EDT",3/15 - 3:30 PM EDT,4,15,s:40~l:46~t:15,Milwaukee,Bucks,MIL,Milwaukee Bucks,Bucks,00471b,eee1c6,True,2099.0,https://a.espncdn.com/i/teamlogos/nba/500/scoreboard/mil.png,0,,11,s:40~l:46~t:11,Indiana,Pacers,IND,Indiana Pacers,Pacers,True,0,,401810834,2026,2,0c2340,ffd520,2183.0,https://a.espncdn.com/i/teamlogos/nba/500/scoreboard/ind.png,,False,,2026-03-15 15:30:00,2026-03-15,False,IND @ MIL
401810831,s:40~l:46~e:401810831~c:401810831,2026-03-15,0,True,False,False,False,2026-03-15T17:00Z,,,1,STD,2559.0,Paycom Center,Oklahoma City,OK,True,0,0.0,0,1,STATUS_SCHEDULED,pre,False,Scheduled,"Sun, March 15th at 1:00 PM EDT",3/15 - 1:00 PM EDT,4,25,s:40~l:46~t:25,Oklahoma City,Thunder,OKC,Oklahoma City Thunder,Thunder,007ac1,ef3b24,True,2559.0,https://a.espncdn.com/i/teamlogos/nba/500/scoreboard/okc.png,0,,16,s:40~l:46~t:16,Minnesota,Timberwolves,MIN,Minnesota Timberwolves,Timberwolves,True,0,,401810831,2026,2,266092,79bc43,2029.0,https://a.espncdn.com/i/teamlogos/nba/500/scoreboard/min.png,,False,,2026-03-15 13:00:00,2026-03-15,False,MIN @ OKC
401810830,s:40~l:46~e:401810830~c:401810830,2026-03-15,0,True,False,False,False,2026-03-15T02:30Z,,,1,STD,10642.0,Intuit Dome,Inglewood,CA,True,0,0.0,0,1,STATUS_SCHEDULED,pre,False,Scheduled,"Sat, March 14th at 10:30 PM EDT",3/14 - 10:30 PM EDT,4,12,s:40~l:46~t:12,LA,Clippers,LAC,LA Clippers,Clippers,12173f,c8102e,True,1841.0,https://a.espncdn.com/i/teamlogos/nba/500/scoreboard/lac.png,0,,23,s:40~l:46~t:23,Sacramento,Kings,SAC,Sacramento Kings,Kings,True,0,,401810830,2026,2,5a2d81,6a7a82,2247.0,https://a.espncdn.com/i/teamlogos/nba/500/scoreboard/sac.png,,False,,2026-03-14 22:30:00,2026-03-14,False,SAC @ LAC
401810829,s:40~l:46~e:401810829~c:401810829,2026-03-15,0,True,False,False,False,2026-03-15T00:30Z,,,1,STD,1841.0,crypto.com Arena,Los Angeles,CA,True,0,0.0,0,1,STATUS_SCHEDULED,pre,False,Scheduled,"Sat, March 14th at 8:30 PM EDT",3/14 - 8:30 PM EDT,4,13,s:40~l:46~t:13,Los Angeles,Lakers,LAL,Los Angeles Lakers,Lakers,552583,fdb927,True,1841.0,https://a.espncdn.com/i/teamlogos/nba/500/scoreboard/lal.png,0,,7,s:40~l:46~t:7,Denver,Nuggets,DEN,Denver Nuggets,Nuggets,True,0,,401810829,2026,2,0e2240,fec524,892.0,https://a.espncdn.com/i/teamlogos/nba/500/scoreboard/den.png,,False,,2026-03-14 20:30:00,2026-03-14,False,DEN @ LAL
401810827,s:40~l:46~e:401810827~c:401810827,2026-03-15,0,True,False,False,False,2026-03-15T00:00Z,,,1,STD,3438.0,Kaseya Center,Miami,FL,True,0,0.0,0,1,STATUS_SCHEDULED,pre,False,Scheduled,"Sat, March 14th at 8:00 PM EDT",3/14 - 8:00 PM EDT,4,14,s:40~l:46~t:14,Miami,Heat,MIA,Miami Heat,Heat,98002e,000000,True,3438.0,https://a.espncdn.com/i/teamlogos/nba/500/scoreboard/mia.png,0,,19,s:40~l:46~t:19,Orlando,Magic,ORL,Orlando Magic,Magic,True,0,,401810827,2026,2,0150b5,9ca0a3,3432.0,https://a.espncdn.com/i/teamlogos/nba/500/scoreboard/orl.png,,False,,2026-03-14 20:00:00,2026-03-14,False,ORL @ MIA
401810828,s:40~l:46~e:401810828~c:401810828,2026-03-15,0,True,False,False,False,2026-03-15T00:00Z,,,1,STD,780.0,Frost Bank Center,San Antonio,TX,True,0,0.0,0,1,STATUS_SCHEDULED,pre,False,Scheduled,"Sat, March 14th at 8:00 PM EDT",3/14 - 8:00 PM EDT,4,24,s:40~l:46~t:24,San Antonio,Spurs,SA,San Antonio Spurs,Spurs,000000,c4ced4,True,780.0,https://a.espncdn.com/i/teamlogos/nba/500/scoreboard/sa.png,0,,30,s:40~l:46~t:30,Charlotte,Hornets,CHA,Charlotte Hornets,Hornets,True,0,,401810828,2026,2,008ca8,1d1060,1893.0,https://a.espncdn.com/i/teamlogos/nba/500/scoreboard/cha.png,,False,,2026-03-14 20:00:00,2026-03-14,False,CHA @ SAS
401810826,s:40~l:46~e:401810826~c:401810826,2026-03-14,0,True,False,False,False,2026-03-14T22:00Z,,,1,STD,1824.0,TD Garden,Boston,MA,True,0,0.0,0,1,STATUS_SCHEDULED,pre,False,Scheduled,"Sat, March 14th at 6:00 PM EDT",3/14 - 6:00 PM EDT,4,2,s:40~l:46~t:2,Boston,Celtics,BOS,Boston Celtics,Celtics,008348,ffffff,True,1824.0,https://a.espncdn.com/i/teamlogos/nba/500/scoreboard/bos.png,0,,27,s:40~l:46~t:27,Washington,Wizards,WSH,Washington Wizards,Wizards,True,0,,401810826,2026,2,e31837,002b5c,1823.0,https://a.espncdn.com/i/teamlogos/nba/500/scoreboard/wsh.png,,False,,2026-03-14 18:00:00,2026-03-14,False,WAS @ BOS
401810825,s:40~l:46~e:401810825~c:401810825,2026-03-14,0,True,False,False,False,2026-03-14T19:00Z,,,1,STD,1827.0,State Farm Arena,Atlanta,GA,True,0,0.0,0,1,STATUS_SCHEDULED,pre,False,Scheduled,"Sat, March 14th at 3:00 PM EDT",3/14 - 3:00 PM EDT,4,1,s:40~l:46~t:1,Atlanta,Hawks,ATL,Atlanta Hawks,Hawks,c8102e,fdb927,True,1827.0,https://a.espncdn.com/i/teamlogos/nba/500/scoreboard/atl.png,0,,15,s:40~l:46~t:15,Milwaukee,Bucks,MIL,Milwaukee Bucks,Bucks,True,0,,401810825,2026,2,00471b,eee1c6,2099.0,https://a.espncdn.com/i/teamlogos/nba/500/scoreboard/mil.png,,False,,2026-03-14 15:00:00,2026-03-14,False,MIL @ ATL
401810824,s:40~l:46~e:401810824~c:401810824,2026-03-14,0,True,False,False,False,2026-03-14T17:00Z,,,1,STD,1845.0,Xfinity Mobile Arena,Philadelphia,PA,True,0,0.0,0,1,STATUS_SCHEDULED,pre,False,Scheduled,"Sat, March 14th at 1:00 PM EDT",3/14 - 1:00 PM EDT,4,20,s:40~l:46~t:20,Philadelphia,76ers,PHI,Philadelphia 76ers,76ers,1d428a,e01234,True,1845.0,https://a.espncdn.com/i/teamlogos/nba/500/scoreboard/phi.png,0,,17,s:40~l:46~t:17,Brooklyn,Nets,BKN,Brooklyn Nets,Nets,True,0,,401810824,2026,2,000000,ffffff,1826.0,https://a.espncdn.com/i/teamlogos/nba/500/scoreboard/bkn.png,,False,,2026-03-14 13:00:00,2026-03-14,False,BKN @ PHI
401810823,s:40~l:46~e:401810823~c:401810823,2026-03-14,0,True,False,False,False,2026-03-14T02:30Z,,,1,STD,10642.0,Intuit Dome,Inglewood,CA,True,0,0.0,0,1,STATUS_SCHEDULED,pre,False,Scheduled,"Fri, March 13th at 10:30 PM EDT",3/13 - 10:30 PM EDT,4,12,s:40~l:46~t:12,LA,Clippers,LAC,LA Clippers,Clippers,12173f,c8102e,True,1841.0,https://a.espncdn.com/i/teamlogos/nba/500/scoreboard/lac.png,0,,4,s:40~l:46~t:4,Chicago,Bulls,CHI,Chicago Bulls,Bulls,True,0,,401810823,2026,2,ce1141,000000,1847.0,https://a.espncdn.com/i/teamlogos/nba/500/scoreboard/chi.png,,False,,2026-03-13 22:30:00,2026-03-13,False,CHI @ LAC
401810821,s:40~l:46~e:401810821~c:401810821,2026-03-14,0,True,False,False,False,2026-03-14T02:00Z,,,1,STD,6270.0,Chase Center,San Francisco,CA,True,0,0.0,0,1,STATUS_SCHEDULED,pre,False,Scheduled,"Fri, March 13th at 10:00 PM EDT",3/13 - 10:00 PM EDT,4,9,s:40~l:46~t:9,Golden State,Warriors,GS,Golden State Warriors,Warriors,fdb927,1d428a,True,2465.0,https://a.espncdn.com/i/teamlogos/nba/500/scoreboard/gs.png,0,,16,s:40~l:46~t:16,Minnesota,Timberwolves,MIN,Minnesota Timberwolves,Timberwolves,True,0,,401810821,2026,2,266092,79bc43,2029.0,https://a.espncdn.com/i/teamlogos/nba/500/scoreboard/min.png,,False,,2026-03-13 22:00:00,2026-03-13,False,MIN @ GSW
401810822,s:40~l:46~e:401810822~c:401810822,2026-03-14,0,True,False,False,False,2026-03-14T02:00Z,,,1,STD,3423.0,Moda Center,Portland,OR,True,0,0.0,0,1,STATUS_SCHEDULED,pre,False,Scheduled,"Fri, March 13th at 10:00 PM EDT",3/13 - 10:00 PM EDT,4,22,s:40~l:46~t:22,Portland,Trail Blazers,POR,Portland Trail Blazers,Trail Blazers,e03a3e,000000,True,3423.0,https://a.espncdn.com/i/teamlogos/nba/500/scoreboard/por.png,0,,26,s:40~l:46~t:26,Utah,Jazz,UTAH,Utah Jazz,Jazz,True,0,,401810822,2026,2,4e008e,79a3dc,3093.0,https://a.espncdn.com/i/teamlogos/nba/500/scoreboard/utah.png,,False,,2026-03-13 22:00:00,2026-03-13,False,UTA @ POR
401810819,s:40~l:46~e:401810819~c:401810819,2026-03-14,0,True,False,False,False,2026-03-14T00:00Z,,,1,STD,1394.0,Toyota Center (Houston),Houston,TX,True,0,0.0,0,1,STATUS_SCHEDULED,pre,False,Scheduled,"Fri, March 13th at 8:00 PM EDT",3/13 - 8:00 PM EDT,4,10,s:40~l:46~t:10,Houston,Rockets,HOU,Houston Rockets,Rockets,ce1141,000000,True,1394.0,https://a.espncdn.com/i/teamlogos/nba/500/scoreboard/hou.png,0,,3,s:40~l:46~t:3,New Orleans,Pelicans,NO,New Orleans Pelicans,Pelicans,True,0,,401810819,2026,2,0a2240,b4975a,985.0,https://a.espncdn.com/i/teamlogos/nba/500/scoreboard/no.png,,False,,2026-03-13 20:00:00,2026-03-13,False,NOP @ HOU
401810816,s:40~l:46~e:401810816~c:401810816,2026-03-13,0,True,False,False,False,2026-03-13T23:30Z,,,1,STD,5404.0,Little Caesars Arena,Detroit,MI,True,0,0.0,0,1,STATUS_SCHEDULED,pre,False,Scheduled,"Fri, March 13th at 7:30 PM EDT",3/13 - 7:30 PM EDT,4,8,s:40~l:46~t:8,Detroit,Pistons,DET,Detroit Pistons,Pistons,1d428a,c8102e,True,5311.0,https://a.espncdn.com/i/teamlogos/nba/500/scoreboard/det.png,0,,29,s:40~l:46~t:29,Memphis,Grizzlies,MEM,Memphis Grizzlies,Grizzlies,True,0,,401810816,2026,2,5d76a9,12173f,1392.0,https://a.espncdn.com/i/teamlogos/nba/500/scoreboard/mem.png,,False,,2026-03-13 19:30:00,2026-03-13,False,MEM @ DET
401810817,s:40~l:46~e:401810817~c:401810817,2026-03-13,0,True,False,False,False,2026-03-13T23:30Z,,,1,STD,2183.0,Gainbridge Fieldhouse,Indianapolis,IN,True,0,0.0,0,1,STATUS_SCHEDULED,pre,False,Scheduled,"Fri, March 13th at 7:30 PM EDT",3/13 - 7:30 PM EDT,4,11,s:40~l:46~t:11,Indiana,Pacers,IND,Indiana Pacers,Pacers,0c2340,ffd520,True,2183.0,https://a.espncdn.com/i/teamlogos/nba/500/scoreboard/ind.png,0,,18,s:40~l:46~t:18,New York,Knicks,NY,New York Knicks,Knicks,True,0,,401810817,2026,2,1d428a,f58426,1830.0,https://a.espncdn.com/i/teamlogos/nba/500/scoreboard/ny.png,,False,,2026-03-13 19:30:00,2026-03-13,False,NYK @ IND
401810818,s:40~l:46~e:401810818~c:401810818,2026-03-13,0,True,False,False,False,2026-03-13T23:30Z,,,1,STD,1838.0,Scotiabank Arena,Toronto,ON,True,0,0.0,0,1,STATUS_SCHEDULED,pre,False,Scheduled,"Fri, March 13th at 7:30 PM EDT",3/13 - 7:30 PM EDT,4,28,s:40~l:46~t:28,Toronto,Raptors,TOR,Toronto Raptors,Raptors,d91244,000000,True,1838.0,https://a.espncdn.com/i/teamlogos/nba/500/scoreboard/tor.png,0,,21,s:40~l:46~t:21,Phoenix,Suns,PHX,Phoenix Suns,Suns,True,0,,401810818,2026,2,29127a,e56020,1949.0,https://a.espncdn.com/i/teamlogos/nba/500/scoreboard/phx.png,,False,,2026-03-13 19:30:00,2026-03-13,False,PHX @ TOR
401810820,s:40~l:46~e:401810820~c:401810820,2026-03-13,0,True,False,False,False,2026-03-13T23:30Z,,,1,STD,516.0,American Airlines Center,Dallas,TX,True,0,0.0,0,1,STATUS_SCHEDULED,pre,False,Scheduled,"Fri, March 13th at 7:30 PM EDT",3/13 - 7:30 PM EDT,4,6,s:40~l:46~t:6,Dallas,Mavericks,DAL,Dallas Mavericks,Mavericks,0064b1,bbc4ca,True,516.0,https://a.espncdn.com/i/teamlogos/nba/500/scoreboard/dal.png,0,,5,s:40~l:46~t:5,Cleveland,Cavaliers,CLE,Cleveland Cavaliers,Cavaliers,True,0,,401810820,2026,2,860038,bc945c,3417.0,https://a.espncdn.com/i/teamlogos/nba/500/scoreboard/cle.png,,False,,2026-03-13 19:30:00,2026-03-13,False,CLE @ DAL
401810815,s:40~l:46~e:401810815~c:401810815,2026-03-13,0,True,False,False,False,2026-03-13T02:30Z,,,1,STD,1841.0,crypto.com Arena,Los Angeles,CA,True,0,0.0,0,1,STATUS_SCHEDULED,pre,False,Scheduled,"Thu, March 12th at 10:30 PM EDT",3/12 - 10:30 PM EDT,4,13,s:40~l:46~t:13,Los Angeles,Lakers,LAL,Los Angeles Lakers,Lakers,552583,fdb927,True,1841.0,https://a.espncdn.com/i/teamlogos/nba/500/scoreboard/lal.png,0,,4,s:40~l:46~t:4,Chicago,Bulls,CHI,Chicago Bulls,Bulls,True,0,,401810815,2026,2,ce1141,000000,1847.0,https://a.espncdn.com/i/teamlogos/nba/500/scoreboard/chi.png,,False,,2026-03-12 22:30:00,2026-03-12,False,CHI @ LAL
401810814,s:40~l:46~e:401810814~c:401810814,2026-03-13,0,True,False,False,False,2026-03-13T01:30Z,,,1,STD,2559.0,Paycom Center,Oklahoma City,OK,True,0,0.0,0,1,STATUS_SCHEDULED,pre,False,Scheduled,"Thu, March 12th at 9:30 PM EDT",3/12 - 9:30 PM EDT,4,25,s:40~l:46~t:25,Oklahoma City,Thunder,OKC,Oklahoma City Thunder,Thunder,007ac1,ef3b24,True,2559.0,https://a.espncdn.com/i/teamlogos/nba/500/scoreboard/okc.png,0,,2,s:40~l:46~t:2,Boston,Celtics,BOS,Boston Celtics,Celtics,True,0,,401810814,2026,2,008348,ffffff,1824.0,https://a.espncdn.com/i/teamlogos/nba/500/scoreboard/bos.png,,False,,2026-03-12 21:30:00,2026-03-12,False,BOS @ OKC
401810813,s:40~l:46~e:401810813~c:401810813,2026-03-13,0,True,False,False,False,2026-03-13T01:00Z,,,1,STD,780.0,Frost Bank Center,San Antonio,TX,True,0,0.0,0,1,STATUS_SCHEDULED,pre,False,Scheduled,"Thu, March 12th at 9:00 PM EDT",3/12 - 9:00 PM EDT,4,24,s:40~l:46~t:24,San Antonio,Spurs,SA,San Antonio Spurs,Spurs,000000,c4ced4,True,780.0,https://a.espncdn.com/i/teamlogos/nba/500/scoreboard/sa.png,0,,7,s:40~l:46~t:7,Denver,Nuggets,DEN,Denver Nuggets,Nuggets,True,0,,401810813,2026,2,0e2240,fec524,892.0,https://a.espncdn.com/i/teamlogos/nba/500/scoreboard/den.png,,False,,2026-03-12 21:00:00,2026-03-12,False,DEN @ SAS
401810966,s:40~l:46~e:401810966~c:401810966,2026-03-13,0,True,False,False,False,2026-03-13T00:00Z,,,1,STD,1392.0,FedExForum,Memphis,TN,True,0,0.0,0,1,STATUS_SCHEDULED,pre,False,Scheduled,"Thu, March 12th at 8:00 PM EDT",3/12 - 8:00 PM EDT,4,29,s:40~l:46~t:29,Memphis,Grizzlies,MEM,Memphis Grizzlies,Grizzlies,5d76a9,12173f,True,1392.0,https://a.espncdn.com/i/teamlogos/nba/500/scoreboard/mem.png,0,,6,s:40~l:46~t:6,Dallas,Mavericks,DAL,Dallas Mavericks,Mavericks,True,0,,401810966,2026,2,0064b1,bbc4ca,516.0,https://a.espncdn.com/i/teamlogos/nba/500/scoreboard/dal.png,,False,,2026-03-12 20:00:00,2026-03-12,False,DAL @ MEM
401810811,s:40~l:46~e:401810811~c:401810811,2026-03-12,0,True,False,False,False,2026-03-12T23:30Z,,,1,STD,1827.0,State Farm Arena,Atlanta,GA,True,0,0.0,0,1,STATUS_SCHEDULED,pre,False,Scheduled,"Thu, March 12th at 7:30 PM EDT",3/12 - 7:30 PM EDT,4,1,s:40~l:46~t:1,Atlanta,Hawks,ATL,Atlanta Hawks,Hawks,c8102e,fdb927,True,1827.0,https://a.espncdn.com/i/teamlogos/nba/500/scoreboard/atl.png,0,,17,s:40~l:46~t:17,Brooklyn,Nets,BKN,Brooklyn Nets,Nets,True,0,,401810811,2026,2,000000,ffffff,1826.0,https://a.espncdn.com/i/teamlogos/nba/500/scoreboard/bkn.png,,False,,2026-03-12 19:30:00,2026-03-12,False,BKN @ ATL
401810812,s:40~l:46~e:401810812~c:401810812,2026-03-12,0,True,False,False,False,2026-03-12T23:30Z,,,1,STD,3438.0,Kaseya Center,Miami,FL,True,0,0.0,0,1,STATUS_SCHEDULED,pre,False,Scheduled,"Thu, March 12th at 7:30 PM EDT",3/12 - 7:30 PM EDT,4,14,s:40~l:46~t:14,Miami,Heat,MIA,Miami Heat,Heat,98002e,000000,True,3438.0,https://a.espncdn.com/i/teamlogos/nba/500/scoreboard/mia.png,0,,15,s:40~l:46~t:15,Milwaukee,Bucks,MIL,Milwaukee Bucks,Bucks,True,0,,401810812,2026,2,00471b,eee1c6,2099.0,https://a.espncdn.com/i/teamlogos/nba/500/scoreboard/mil.png,,False,,2026-03-12 19:30:00,2026-03-12,False,MIL @ MIA
401810808,s:40~l:46~e:401810808~c:401810808,2026-03-12,0,True,False,False,False,2026-03-12T23:00Z,,,1,STD,5404.0,Little Caesars Arena,Detroit,MI,True,0,0.0,0,1,STATUS_SCHEDULED,pre,False,Scheduled,"Thu, March 12th at 7:00 PM EDT",3/12 - 7:00 PM EDT,4,8,s:40~l:46~t:8,Detroit,Pistons,DET,Detroit Pistons,Pistons,1d428a,c8102e,True,5311.0,https://a.espncdn.com/i/teamlogos/nba/500/scoreboard/det.png,0,,20,s:40~l:46~t:20,Philadelphia,76ers,PHI,Philadelphia 76ers,76ers,True,0,,401810808,2026,2,1d428a,e01234,1845.0,https://a.espncdn.com/i/teamlogos/nba/500/scoreboard/phi.png,,False,,2026-03-12 19:00:00,2026-03-12,False,PHI @ DET
401810809,s:40~l:46~e:401810809~c:401810809,2026-03-12,0,True,False,False,False,2026-03-12T23:00Z,,,1,STD,2183.0,Gainbridge Fieldhouse,Indianapolis,IN,True,0,0.0,0,1,STATUS_SCHEDULED,pre,False,Scheduled,"Thu, March 12th at 7:00 PM EDT",3/12 - 7:00 PM EDT,4,11,s:40~l:46~t:11,Indiana,Pacers,IND,Indiana Pacers,Pacers,0c2340,ffd520,True,2183.0,https://a.espncdn.com/i/teamlogos/nba/500/scoreboard/ind.png,0,,21,s:40~l:46~t:21,Phoenix,Suns,PHX,Phoenix Suns,Suns,True,0,,401810809,2026,2,29127a,e56020,1949.0,https://a.espncdn.com/i/teamlogos/nba/500/scoreboard/phx.png,,False,,2026-03-12 19:00:00,2026-03-12,False,PHX @ IND
401810810,s:40~l:46~e:401810810~c:401810810,2026-03-12,0,True,False,False,False,2026-03-12T23:00Z,,,1,STD,3432.0,Kia Center,Orlando,FL,True,0,0.0,0,1,STATUS_SCHEDULED,pre,False,Scheduled,"Thu, March 12th at 7:00 PM EDT",3/12 - 7:00 PM EDT,4,19,s:40~l:46~t:19,Orlando,Magic,ORL,Orlando Magic,Magic,0150b5,9ca0a3,True,3432.0,https://a.espncdn.com/i/teamlogos/nba/500/scoreboard/orl.png,0,,27,s:40~l:46~t:27,Washington,Wizards,WSH,Washington Wizards,Wizards,True,0,,401810810,2026,2,e31837,002b5c,1823.0,https://a.espncdn.com/i/teamlogos/nba/500/scoreboard/wsh.png,,False,,2026-03-12 19:00:00,2026-03-12,False,WAS @ ORL
401810807,s:40~l:46~e:401810807~c:401810807,2026-03-12,0,True,False,False,False,2026-03-12T02:30Z,,,1,STD,10642.0,Intuit Dome,Inglewood,CA,True,0,0.0,0,1,STATUS_SCHEDULED,pre,False,Scheduled,"Wed, March 11th at 10:30 PM EDT",3/11 - 10:30 PM EDT,4,12,s:40~l:46~t:12,LA,Clippers,LAC,LA Clippers,Clippers,12173f,c8102e,True,1841.0,https://a.espncdn.com/i/teamlogos/nba/500/scoreboard/lac.png,0,,16,s:40~l:46~t:16,Minnesota,Timberwolves,MIN,Minnesota Timberwolves,Timberwolves,True,0,,401810807,2026,2,266092,79bc43,2029.0,https://a.espncdn.com/i/teamlogos/nba/500/scoreboard/min.png,,False,,2026-03-11 22:30:00,2026-03-11,False,MIN @ LAC
401810805,s:40~l:46~e:401810805~c:401810805,2026-03-12,0,True,False,False,False,2026-03-12T02:00Z,,,1,STD,892.0,Ball Arena,Denver,CO,True,0,0.0,0,1,STATUS_SCHEDULED,pre,False,Scheduled,"Wed, March 11th at 10:00 PM EDT",3/11 - 10:00 PM EDT,4,7,s:40~l:46~t:7,Denver,Nuggets,DEN,Denver Nuggets,Nuggets,0e2240,fec524,True,892.0,https://a.espncdn.com/i/teamlogos/nba/500/scoreboard/den.png,0,,10,s:40~l:46~t:10,Houston,Rockets,HOU,Houston Rockets,Rockets,True,0,,401810805,2026,2,ce1141,000000,1394.0,https://a.espncdn.com/i/teamlogos/nba/500/scoreboard/hou.png,,False,,2026-03-11 22:00:00,2026-03-11,False,HOU @ DEN
401810806,s:40~l:46~e:401810806~c:401810806,2026-03-12,0,True,False,False,False,2026-03-12T02:00Z,,,1,STD,5310.0,Golden 1 Center,Sacramento,CA,True,0,0.0,0,1,STATUS_SCHEDULED,pre,False,Scheduled,"Wed, March 11th at 10:00 PM EDT",3/11 - 10:00 PM EDT,4,23,s:40~l:46~t:23,Sacramento,Kings,SAC,Sacramento Kings,Kings,5a2d81,6a7a82,True,2247.0,https://a.espncdn.com/i/teamlogos/nba/500/scoreboard/sac.png,0,,30,s:40~l:46~t:30,Charlotte,Hornets,CHA,Charlotte Hornets,Hornets,True,0,,401810806,2026,2,008ca8,1d1060,1893.0,https://a.espncdn.com/i/teamlogos/nba/500/scoreboard/cha.png,,False,,2026-03-11 22:00:00,2026-03-11,False,CHA @ SAC
401810804,s:40~l:46~e:401810804~c:401810804,2026-03-12,0,True,False,False,False,2026-03-12T01:00Z,,,1,STD,3093.0,Delta Center,Salt Lake City,UT,True,0,0.0,0,1,STATUS_SCHEDULED,pre,False,Scheduled,"Wed, March 11th at 9:00 PM EDT",3/11 - 9:00 PM EDT,4,26,s:40~l:46~t:26,Utah,Jazz,UTAH,Utah Jazz,Jazz,4e008e,79a3dc,True,3093.0,https://a.espncdn.com/i/teamlogos/nba/500/scoreboard/utah.png,0,,18,s:40~l:46~t:18,New York,Knicks,NY,New York Knicks,Knicks,True,0,,401810804,2026,2,1d428a,f58426,1830.0,https://a.espncdn.com/i/teamlogos/nba/500/scoreboard/ny.png,,False,,2026-03-11 21:00:00,2026-03-11,False,NYK @ UTA
401810803,s:40~l:46~e:401810803~c:401810803,2026-03-12,0,True,False,False,False,2026-03-12T00:00Z,,,1,STD,985.0,Smoothie King Center,New Orleans,LA,True,0,0.0,0,1,STATUS_SCHEDULED,pre,False,Scheduled,"Wed, March 11th at 8:00 PM EDT",3/11 - 8:00 PM EDT,4,3,s:40~l:46~t:3,New Orleans,Pelicans,NO,New Orleans Pelicans,Pelicans,0a2240,b4975a,True,985.0,https://a.espncdn.com/i/teamlogos/nba/500/scoreboard/no.png,0,,28,s:40~l:46~t:28,Toronto,Raptors,TOR,Toronto Raptors,Raptors,True,0,,401810803,2026,2,d91244,000000,1838.0,https://a.espncdn.com/i/teamlogos/nba/500/scoreboard/tor.png,,False,,2026-03-11 20:00:00,2026-03-11,False,TOR @ NOP
401810802,s:40~l:46~e:401810802~c:401810802,2026-03-11,0,True,False,False,False,2026-03-11T23:30Z,,,1,STD,3432.0,Kia Center,Orlando,FL,True,0,0.0,0,1,STATUS_SCHEDULED,pre,False,Scheduled,"Wed, March 11th at 7:30 PM EDT",3/11 - 7:30 PM EDT,4,19,s:40~l:46~t:19,Orlando,Magic,ORL,Orlando Magic,Magic,0150b5,9ca0a3,True,3432.0,https://a.espncdn.com/i/teamlogos/nba/500/scoreboard/orl.png,0,,5,s:40~l:46~t:5,Cleveland,Cavaliers,CLE,Cleveland Cavaliers,Cavaliers,True,0,,401810802,2026,2,860038,bc945c,3417.0,https://a.espncdn.com/i/teamlogos/nba/500/scoreboard/cle.png,,False,,2026-03-11 19:30:00,2026-03-11,False,CLE @ ORL
401810801,s:40~l:46~e:401810801~c:401810801,2026-03-11,0,True,False,False,False,2026-03-11T03:00Z,,,1,STD,1841.0,crypto.com Arena,Los Angeles,CA,True,0,0.0,0,1,STATUS_SCHEDULED,pre,False,Scheduled,"Tue, March 10th at 11:00 PM EDT",3/10 - 11:00 PM EDT,4,13,s:40~l:46~t:13,Los Angeles,Lakers,LAL,Los Angeles Lakers,Lakers,552583,fdb927,True,1841.0,https://a.espncdn.com/i/teamlogos/nba/500/scoreboard/lal.png,0,,16,s:40~l:46~t:16,Minnesota,Timberwolves,MIN,Minnesota Timberwolves,Timberwolves,True,0,,401810801,2026,2,266092,79bc43,2029.0,https://a.espncdn.com/i/teamlogos/nba/500/scoreboard/min.png,,False,,2026-03-10 23:00:00,2026-03-10,False,MIN @ LAL
401810798,s:40~l:46~e:401810798~c:401810798,2026-03-11,0,True,False,False,False,2026-03-11T02:00Z,,,1,STD,6270.0,Chase Center,San Francisco,CA,True,0,0.0,0,1,STATUS_SCHEDULED,pre,False,Scheduled,"Tue, March 10th at 10:00 PM EDT",3/10 - 10:00 PM EDT,4,9,s:40~l:46~t:9,Golden State,Warriors,GS,Golden State Warriors,Warriors,fdb927,1d428a,True,2465.0,https://a.espncdn.com/i/teamlogos/nba/500/scoreboard/gs.png,0,,4,s:40~l:46~t:4,Chicago,Bulls,CHI,Chicago Bulls,Bulls,True,0,,401810798,2026,2,ce1141,000000,1847.0,https://a.espncdn.com/i/teamlogos/nba/500/scoreboard/chi.png,,False,,2026-03-10 22:00:00,2026-03-10,False,CHI @ GSW
401810799,s:40~l:46~e:401810799~c:401810799,2026-03-11,0,True,False,False,False,2026-03-11T02:00Z,,,1,STD,3423.0,Moda Center,Portland,OR,True,0,0.0,0,1,STATUS_SCHEDULED,pre,False,Scheduled,"Tue, March 10th at 10:00 PM EDT",3/10 - 10:00 PM EDT,4,22,s:40~l:46~t:22,Portland,Trail Blazers,POR,Portland Trail Blazers,Trail Blazers,e03a3e,000000,True,3423.0,https://a.espncdn.com/i/teamlogos/nba/500/scoreboard/por.png,0,,30,s:40~l:46~t:30,Charlotte,Hornets,CHA,Charlotte Hornets,Hornets,True,0,,401810799,2026,2,008ca8,1d1060,1893.0,https://a.espncdn.com/i/teamlogos/nba/500/scoreboard/cha.png,,False,,2026-03-10 22:00:00,2026-03-10,False,CHA @ POR
401810800,s:40~l:46~e:401810800~c:401810800,2026-03-11,0,True,False,False,False,2026-03-11T02:00Z,,,1,STD,5310.0,Golden 1 Center,Sacramento,CA,True,0,0.0,0,1,STATUS_SCHEDULED,pre,False,Scheduled,"Tue, March 10th at 10:00 PM EDT",3/10 - 10:00 PM EDT,4,23,s:40~l:46~t:23,Sacramento,Kings,SAC,Sacramento Kings,Kings,5a2d81,6a7a82,True,2247.0,https://a.espncdn.com/i/teamlogos/nba/500/scoreboard/sac.png,0,,11,s:40~l:46~t:11,Indiana,Pacers,IND,Indiana Pacers,Pacers,True,0,,401810800,2026,2,0c2340,ffd520,2183.0,https://a.espncdn.com/i/teamlogos/nba/500/scoreboard/ind.png,,False,,2026-03-10 22:00:00,2026-03-10,False,IND @ SAC
401810794,s:40~l:46~e:401810794~c:401810794,2026-03-11,0,True,False,False,False,2026-03-11T00:00Z,,,1,STD,1827.0,State Farm Arena,Atlanta,GA,True,0,0.0,0,1,STATUS_SCHEDULED,pre,False,Scheduled,"Tue, March 10th at 8:00 PM EDT",3/10 - 8:00 PM EDT,4,1,s:40~l:46~t:1,Atlanta,Hawks,ATL,Atlanta Hawks,Hawks,c8102e,fdb927,True,1827.0,https://a.espncdn.com/i/teamlogos/nba/500/scoreboard/atl.png,0,,6,s:40~l:46~t:6,Dallas,Mavericks,DAL,Dallas Mavericks,Mavericks,True,0,,401810794,2026,2,0064b1,bbc4ca,516.0,https://a.espncdn.com/i/teamlogos/nba/500/scoreboard/dal.png,,False,,2026-03-10 20:00:00,2026-03-10,False,DAL @ ATL
401810795,s:40~l:46~e:401810795~c:401810795,2026-03-11,0,True,False,False,False,2026-03-11T00:00Z,,,1,STD,1394.0,Toyota Center (Houston),Houston,TX,True,0,0.0,0,1,STATUS_SCHEDULED,pre,False,Scheduled,"Tue, March 10th at 8:00 PM EDT",3/10 - 8:00 PM EDT,4,10,s:40~l:46~t:10,Houston,Rockets,HOU,Houston Rockets,Rockets,ce1141,000000,True,1394.0,https://a.espncdn.com/i/teamlogos/nba/500/scoreboard/hou.png,0,,28,s:40~l:46~t:28,Toronto,Raptors,TOR,Toronto Raptors,Raptors,True,0,,401810795,2026,2,d91244,000000,1838.0,https://a.espncdn.com/i/teamlogos/nba/500/scoreboard/tor.png,,False,,2026-03-10 20:00:00,2026-03-10,False,TOR @ HOU
401810796,s:40~l:46~e:401810796~c:401810796,2026-03-11,0,True,False,False,False,2026-03-11T00:00Z,,,1,STD,5777.0,Fiserv Forum,Milwaukee,WI,True,0,0.0,0,1,STATUS_SCHEDULED,pre,False,Scheduled,"Tue, March 10th at 8:00 PM EDT",3/10 - 8:00 PM EDT,4,15,s:40~l:46~t:15,Milwaukee,Bucks,MIL,Milwaukee Bucks,Bucks,00471b,eee1c6,True,2099.0,https://a.espncdn.com/i/teamlogos/nba/500/scoreboard/mil.png,0,,21,s:40~l:46~t:21,Phoenix,Suns,PHX,Phoenix Suns,Suns,True,0,,401810796,2026,2,29127a,e56020,1949.0,https://a.espncdn.com/i/teamlogos/nba/500/scoreboard/phx.png,,False,,2026-03-10 20:00:00,2026-03-10,False,PHX @ MIL
401810797,s:40~l:46~e:401810797~c:401810797,2026-03-11,0,True,False,False,False,2026-03-11T00:00Z,,,1,STD,780.0,Frost Bank Center,San Antonio,TX,True,0,0.0,0,1,STATUS_SCHEDULED,pre,False,Scheduled,"Tue, March 10th at 8:00 PM EDT",3/10 - 8:00 PM EDT,4,24,s:40~l:46~t:24,San Antonio,Spurs,SA,San Antonio Spurs,Spurs,000000,c4ced4,True,780.0,https://a.espncdn.com/i/teamlogos/nba/500/scoreboard/sa.png,0,,2,s:40~l:46~t:2,Boston,Celtics,BOS,Boston Celtics,Celtics,True,0,,401810797,2026,2,008348,ffffff,1824.0,https://a.espncdn.com/i/teamlogos/nba/500/scoreboard/bos.png,,False,,2026-03-10 20:00:00,2026-03-10,False,BOS @ SAS
401810792,s:40~l:46~e:401810792~c:401810792,2026-03-10,0,True,False,False,False,2026-03-10T23:30Z,,,1,STD,3559.0,Barclays Center,Brooklyn,NY,True,0,0.0,0,1,STATUS_SCHEDULED,pre,False,Scheduled,"Tue, March 10th at 7:30 PM EDT",3/10 - 7:30 PM EDT,4,17,s:40~l:46~t:17,Brooklyn,Nets,BKN,Brooklyn Nets,Nets,000000,ffffff,True,1826.0,https://a.espncdn.com/i/teamlogos/nba/500/scoreboard/bkn.png,0,,8,s:40~l:46~t:8,Detroit,Pistons,DET,Detroit Pistons,Pistons,True,0,,401810792,2026,2,1d428a,c8102e,5311.0,https://a.espncdn.com/i/teamlogos/nba/500/scoreboard/det.png,,False,,2026-03-10 19:30:00,2026-03-10,False,DET @ BKN
401810793,s:40~l:46~e:401810793~c:401810793,2026-03-10,0,True,False,False,False,2026-03-10T23:30Z,,,1,STD,3438.0,Kaseya Center,Miami,FL,True,0,0.0,0,1,STATUS_SCHEDULED,pre,False,Scheduled,"Tue, March 10th at 7:30 PM EDT",3/10 - 7:30 PM EDT,4,14,s:40~l:46~t:14,Miami,Heat,MIA,Miami Heat,Heat,98002e,000000,True,3438.0,https://a.espncdn.com/i/teamlogos/nba/500/scoreboard/mia.png,0,,27,s:40~l:46~t:27,Washington,Wizards,WSH,Washington Wizards,Wizards,True,0,,401810793,2026,2,e31837,002b5c,1823.0,https://a.espncdn.com/i/teamlogos/nba/500/scoreboard/wsh.png,,False,,2026-03-10 19:30:00,2026-03-10,False,WAS @ MIA
401810791,s:40~l:46~e:401810791~c:401810791,2026-03-10,0,True,False,False,False,2026-03-10T23:00Z,,,1,STD,1845.0,Xfinity Mobile Arena,Philadelphia,PA,True,0,0.0,0,1,STATUS_SCHEDULED,pre,False,Scheduled,"Tue, March 10th at 7:00 PM EDT",3/10 - 7:00 PM EDT,4,20,s:40~l:46~t:20,Philadelphia,76ers,PHI,Philadelphia 76ers,76ers,1d428a,e01234,True,1845.0,https://a.espncdn.com/i/teamlogos/nba/500/scoreboard/phi.png,0,,29,s:40~l:46~t:29,Memphis,Grizzlies,MEM,Memphis Grizzlies,Grizzlies,True,0,,401810791,2026,2,5d76a9,12173f,1392.0,https://a.espncdn.com/i/teamlogos/nba/500/scoreboard/mem.png,,False,,2026-03-10 19:00:00,2026-03-10,False,MEM @ PHI
401810790,s:40~l:46~e:401810790~c:401810790,2026-03-10,0,True,False,False,False,2026-03-10T02:00Z,,,1,STD,10642.0,Intuit Dome,Inglewood,CA,True,0,0.0,0,1,STATUS_SCHEDULED,pre,False,Scheduled,"Mon, March 9th at 10:00 PM EDT",3/9 - 10:00 PM EDT,4,12,s:40~l:46~t:12,LA,Clippers,LAC,LA Clippers,Clippers,12173f,c8102e,True,1841.0,https://a.espncdn.com/i/teamlogos/nba/500/scoreboard/lac.png,0,,18,s:40~l:46~t:18,New York,Knicks,NY,New York Knicks,Knicks,True,0,,401810790,2026,2,1d428a,f58426,1830.0,https://a.espncdn.com/i/teamlogos/nba/500/scoreboard/ny.png,,False,,2026-03-09 22:00:00,2026-03-09,False,NYK @ LAC
401810789,s:40~l:46~e:401810789~c:401810789,2026-03-10,0,True,False,False,False,2026-03-10T01:00Z,,,1,STD,3093.0,Delta Center,Salt Lake City,UT,True,0,0.0,0,1,STATUS_SCHEDULED,pre,False,Scheduled,"Mon, March 9th at 9:00 PM EDT",3/9 - 9:00 PM EDT,4,26,s:40~l:46~t:26,Utah,Jazz,UTAH,Utah Jazz,Jazz,4e008e,79a3dc,True,3093.0,https://a.espncdn.com/i/teamlogos/nba/500/scoreboard/utah.png,0,,9,s:40~l:46~t:9,Golden State,Warriors,GS,Golden State Warriors,Warriors,True,0,,401810789,2026,2,fdb927,1d428a,2465.0,https://a.espncdn.com/i/teamlogos/nba/500/scoreboard/gs.png,,False,,2026-03-09 21:00:00,2026-03-09,False,GSW @ UTA
401810787,s:40~l:46~e:401810787~c:401810787,2026-03-09,0,True,False,False,False,2026-03-09T23:30Z,,,1,STD,3559.0,Barclays Center,Brooklyn,NY,True,0,0.0,0,1,STATUS_SCHEDULED,pre,False,Scheduled,"Mon, March 9th at 7:30 PM EDT",3/9 - 7:30 PM EDT,4,17,s:40~l:46~t:17,Brooklyn,Nets,BKN,Brooklyn Nets,Nets,000000,ffffff,True,1826.0,https://a.espncdn.com/i/teamlogos/nba/500/scoreboard/bkn.png,0,,29,s:40~l:46~t:29,Memphis,Grizzlies,MEM,Memphis Grizzlies,Grizzlies,True,0,,401810787,2026,2,5d76a9,12173f,1392.0,https://a.espncdn.com/i/teamlogos/nba/500/scoreboard/mem.png,,False,,2026-03-09 19:30:00,2026-03-09,False,MEM @ BKN
401810788,s:40~l:46~e:401810788~c:401810788,2026-03-09,0,True,False,False,False,2026-03-09T23:30Z,,,1,STD,2559.0,Paycom Center,Oklahoma City,OK,True,0,0.0,0,1,STATUS_SCHEDULED,pre,False,Scheduled,"Mon, March 9th at 7:30 PM EDT",3/9 - 7:30 PM EDT,4,25,s:40~l:46~t:25,Oklahoma City,Thunder,OKC,Oklahoma City Thunder,Thunder,007ac1,ef3b24,True,2559.0,https://a.espncdn.com/i/teamlogos/nba/500/scoreboard/okc.png,0,,7,s:40~l:46~t:7,Denver,Nuggets,DEN,Denver Nuggets,Nuggets,True,0,,401810788,2026,2,0e2240,fec524,892.0,https://a.espncdn.com/i/teamlogos/nba/500/scoreboard/den.png,,False,,2026-03-09 19:30:00,2026-03-09,False,DEN @ OKC
401810786,s:40~l:46~e:401810786~c:401810786,2026-03-09,0,True,False,False,False,2026-03-09T23:00Z,,,1,STD,3417.0,Rocket Arena,Cleveland,OH,True,0,0.0,0,1,STATUS_SCHEDULED,pre,False,Scheduled,"Mon, March 9th at 7:00 PM EDT",3/9 - 7:00 PM EDT,4,5,s:40~l:46~t:5,Cleveland,Cavaliers,CLE,Cleveland Cavaliers,Cavaliers,860038,bc945c,True,3417.0,https://a.espncdn.com/i/teamlogos/nba/500/scoreboard/cle.png,0,,20,s:40~l:46~t:20,Philadelphia,76ers,PHI,Philadelphia 76ers,76ers,True,0,,401810786,2026,2,1d428a,e01234,1845.0,https://a.espncdn.com/i/teamlogos/nba/500/scoreboard/phi.png,,False,,2026-03-09 19:00:00,2026-03-09,False,PHI @ CLE
401810783,s:40~l:46~e:401810783~c:401810783,2026-03-09,0,True,False,False,False,2026-03-09T01:00Z,,,1,STD,1949.0,Mortgage Matchup Center,Phoenix,AZ,True,0,0.0,0,1,STATUS_SCHEDULED,pre,False,Scheduled,"Sun, March 8th at 9:00 PM EDT",3/8 - 9:00 PM EDT,4,21,s:40~l:46~t:21,Phoenix,Suns,PHX,Phoenix Suns,Suns,29127a,e56020,True,1949.0,https://a.espncdn.com/i/teamlogos/nba/500/scoreboard/phx.png,0,,30,s:40~l:46~t:30,Charlotte,Hornets,CHA,Charlotte Hornets,Hornets,True,0,,401810783,2026,2,008ca8,1d1060,1893.0,https://a.espncdn.com/i/teamlogos/nba/500/scoreboard/cha.png,,False,,2026-03-08 21:00:00,2026-03-08,False,CHA @ PHX
401810784,s:40~l:46~e:401810784~c:401810784,2026-03-09,0,True,False,False,False,2026-03-09T01:00Z,,,1,STD,3423.0,Moda Center,Portland,OR,True,0,0.0,0,1,STATUS_SCHEDULED,pre,False,Scheduled,"Sun, March 8th at 9:00 PM EDT",3/8 - 9:00 PM EDT,4,22,s:40~l:46~t:22,Portland,Trail Blazers,POR,Portland Trail Blazers,Trail Blazers,e03a3e,000000,True,3423.0,https://a.espncdn.com/i/teamlogos/nba/500/scoreboard/por.png,0,,11,s:40~l:46~t:11,Indiana,Pacers,IND,Indiana Pacers,Pacers,True,0,,401810784,2026,2,0c2340,ffd520,2183.0,https://a.espncdn.com/i/teamlogos/nba/500/scoreboard/ind.png,,False,,2026-03-08 21:00:00,2026-03-08,False,IND @ POR
401810785,s:40~l:46~e:401810785~c:401810785,2026-03-09,0,True,False,False,False,2026-03-09T01:00Z,,,1,STD,5310.0,Golden 1 Center,Sacramento,CA,True,0,0.0,0,1,STATUS_SCHEDULED,pre,False,Scheduled,"Sun, March 8th at 9:00 PM EDT",3/8 - 9:00 PM EDT,4,23,s:40~l:46~t:23,Sacramento,Kings,SAC,Sacramento Kings,Kings,5a2d81,6a7a82,True,2247.0,https://a.espncdn.com/i/teamlogos/nba/500/scoreboard/sac.png,0,,4,s:40~l:46~t:4,Chicago,Bulls,CHI,Chicago Bulls,Bulls,True,0,,401810785,2026,2,ce1141,000000,1847.0,https://a.espncdn.com/i/teamlogos/nba/500/scoreboard/chi.png,,False,,2026-03-08 21:00:00,2026-03-08,False,CHI @ SAC
401810781,s:40~l:46~e:401810781~c:401810781,2026-03-09,0,True,False,False,False,2026-03-09T00:00Z,,,1,STD,5777.0,Fiserv Forum,Milwaukee,WI,True,0,0.0,0,1,STATUS_SCHEDULED,pre,False,Scheduled,"Sun, March 8th at 8:00 PM EDT",3/8 - 8:00 PM EDT,4,15,s:40~l:46~t:15,Milwaukee,Bucks,MIL,Milwaukee Bucks,Bucks,00471b,eee1c6,True,2099.0,https://a.espncdn.com/i/teamlogos/nba/500/scoreboard/mil.png,0,,19,s:40~l:46~t:19,Orlando,Magic,ORL,Orlando Magic,Magic,True,0,,401810781,2026,2,0150b5,9ca0a3,3432.0,https://a.espncdn.com/i/teamlogos/nba/500/scoreboard/orl.png,,False,,2026-03-08 20:00:00,2026-03-08,False,ORL @ MIL
401810782,s:40~l:46~e:401810782~c:401810782,2026-03-09,0,True,False,False,False,2026-03-09T00:00Z,,,1,STD,780.0,Frost Bank Center,San Antonio,TX,True,0,0.0,0,1,STATUS_SCHEDULED,pre,False,Scheduled,"Sun, March 8th at 8:00 PM EDT",3/8 - 8:00 PM EDT,4,24,s:40~l:46~t:24,San Antonio,Spurs,SA,San Antonio Spurs,Spurs,000000,c4ced4,True,780.0,https://a.espncdn.com/i/teamlogos/nba/500/scoreboard/sa.png,0,,10,s:40~l:46~t:10,Houston,Rockets,HOU,Houston Rockets,Rockets,True,0,,401810782,2026,2,ce1141,000000,1394.0,https://a.espncdn.com/i/teamlogos/nba/500/scoreboard/hou.png,,False,,2026-03-08 20:00:00,2026-03-08,False,HOU @ SAS
401810780,s:40~l:46~e:401810780~c:401810780,2026-03-08,0,True,False,False,False,2026-03-08T23:00Z,,,1,STD,985.0,Smoothie King Center,New Orleans,LA,True,0,0.0,0,1,STATUS_SCHEDULED,pre,False,Scheduled,"Sun, March 8th at 7:00 PM EDT",3/8 - 7:00 PM EDT,4,3,s:40~l:46~t:3,New Orleans,Pelicans,NO,New Orleans Pelicans,Pelicans,0a2240,b4975a,True,985.0,https://a.espncdn.com/i/teamlogos/nba/500/scoreboard/no.png,0,,27,s:40~l:46~t:27,Washington,Wizards,WSH,Washington Wizards,Wizards,True,0,,401810780,2026,2,e31837,002b5c,1823.0,https://a.espncdn.com/i/teamlogos/nba/500/scoreboard/wsh.png,,False,,2026-03-08 19:00:00,2026-03-08,False,WAS @ NOP
401810778,s:40~l:46~e:401810778~c:401810778,2026-03-08,0,True,False,False,False,2026-03-08T22:00Z,,,1,STD,3438.0,Kaseya Center,Miami,FL,True,0,0.0,0,1,STATUS_SCHEDULED,pre,False,Scheduled,"Sun, March 8th at 6:00 PM EDT",3/8 - 6:00 PM EDT,4,14,s:40~l:46~t:14,Miami,Heat,MIA,Miami Heat,Heat,98002e,000000,True,3438.0,https://a.espncdn.com/i/teamlogos/nba/500/scoreboard/mia.png,0,,8,s:40~l:46~t:8,Detroit,Pistons,DET,Detroit Pistons,Pistons,True,0,,401810778,2026,2,1d428a,c8102e,5311.0,https://a.espncdn.com/i/teamlogos/nba/500/scoreboard/det.png,,False,,2026-03-08 18:00:00,2026-03-08,False,DET @ MIA
401810779,s:40~l:46~e:401810779~c:401810779,2026-03-08,0,True,False,False,False,2026-03-08T22:00Z,,,1,STD,1838.0,Scotiabank Arena,Toronto,ON,True,0,0.0,0,1,STATUS_SCHEDULED,pre,False,Scheduled,"Sun, March 8th at 6:00 PM EDT",3/8 - 6:00 PM EDT,4,28,s:40~l:46~t:28,Toronto,Raptors,TOR,Toronto Raptors,Raptors,d91244,000000,True,1838.0,https://a.espncdn.com/i/teamlogos/nba/500/scoreboard/tor.png,0,,6,s:40~l:46~t:6,Dallas,Mavericks,DAL,Dallas Mavericks,Mavericks,True,0,,401810779,2026,2,0064b1,bbc4ca,516.0,https://a.espncdn.com/i/teamlogos/nba/500/scoreboard/dal.png,,False,,2026-03-08 18:00:00,2026-03-08,False,DAL @ TOR
401810777,s:40~l:46~e:401810777~c:401810777,2026-03-08,0,True,False,False,False,2026-03-08T19:30Z,,,1,STD,1841.0,crypto.com Arena,Los Angeles,CA,True,0,0.0,0,1,STATUS_SCHEDULED,pre,False,Scheduled,"Sun, March 8th at 3:30 PM EDT",3/8 - 3:30 PM EDT,4,13,s:40~l:46~t:13,Los Angeles,Lakers,LAL,Los Angeles Lakers,Lakers,552583,fdb927,True,1841.0,https://a.espncdn.com/i/teamlogos/nba/500/scoreboard/lal.png,0,,18,s:40~l:46~t:18,New York,Knicks,NY,New York Knicks,Knicks,True,0,,401810777,2026,2,1d428a,f58426,1830.0,https://a.espncdn.com/i/teamlogos/nba/500/scoreboard/ny.png,,False,,2026-03-08 15:30:00,2026-03-08,False,NYK @ LAL
401810776,s:40~l:46~e:401810776~c:401810776,2026-03-08,0,True,False,False,False,2026-03-08T17:00Z,,,1,STD,3417.0,Rocket Arena,Cleveland,OH,True,0,0.0,0,1,STATUS_SCHEDULED,pre,False,Scheduled,"Sun, March 8th at 1:00 PM EDT",3/8 - 1:00 PM EDT,4,5,s:40~l:46~t:5,Cleveland,Cavaliers,CLE,Cleveland Cavaliers,Cavaliers,860038,bc945c,True,3417.0,https://a.espncdn.com/i/teamlogos/nba/500/scoreboard/cle.png,0,,2,s:40~l:46~t:2,Boston,Celtics,BOS,Boston Celtics,Celtics,True,0,,401810776,2026,2,008348,ffffff,1824.0,https://a.espncdn.com/i/teamlogos/nba/500/scoreboard/bos.png,,False,,2026-03-08 13:00:00,2026-03-08,False,BOS @ CLE
401810775,s:40~l:46~e:401810775~c:401810775,2026-03-08,0,True,False,False,False,2026-03-08T01:30Z,,,1,STD,2559.0,Paycom Center,Oklahoma City,OK,True,0,0.0,0,1,STATUS_SCHEDULED,pre,False,Scheduled,"Sat, March 7th at 8:30 PM EST",3/7 - 8:30 PM EST,4,25,s:40~l:46~t:25,Oklahoma City,Thunder,OKC,Oklahoma City Thunder,Thunder,007ac1,ef3b24,True,2559.0,https://a.espncdn.com/i/teamlogos/nba/500/scoreboard/okc.png,0,,9,s:40~l:46~t:9,Golden State,Warriors,GS,Golden State Warriors,Warriors,True,0,,401810775,2026,2,fdb927,1d428a,2465.0,https://a.espncdn.com/i/teamlogos/nba/500/scoreboard/gs.png,,False,,2026-03-07 20:30:00,2026-03-07,False,GSW @ OKC
401810773,s:40~l:46~e:401810773~c:401810773,2026-03-08,0,True,False,False,False,2026-03-08T01:00Z,,,1,STD,1392.0,FedExForum,Memphis,TN,True,0,0.0,0,1,STATUS_SCHEDULED,pre,False,Scheduled,"Sat, March 7th at 8:00 PM EST",3/7 - 8:00 PM EST,4,29,s:40~l:46~t:29,Memphis,Grizzlies,MEM,Memphis Grizzlies,Grizzlies,5d76a9,12173f,True,1392.0,https://a.espncdn.com/i/teamlogos/nba/500/scoreboard/mem.png,0,,12,s:40~l:46~t:12,LA,Clippers,LAC,LA Clippers,Clippers,True,0,,401810773,2026,2,12173f,c8102e,1841.0,https://a.espncdn.com/i/teamlogos/nba/500/scoreboard/lac.png,,False,,2026-03-07 20:00:00,2026-03-07,False,LAC @ MEM
401810774,s:40~l:46~e:401810774~c:401810774,2026-03-08,0,True,False,False,False,2026-03-08T01:00Z,,,1,STD,5777.0,Fiserv Forum,Milwaukee,WI,True,0,0.0,0,1,STATUS_SCHEDULED,pre,False,Scheduled,"Sat, March 7th at 8:00 PM EST",3/7 - 8:00 PM EST,4,15,s:40~l:46~t:15,Milwaukee,Bucks,MIL,Milwaukee Bucks,Bucks,00471b,eee1c6,True,2099.0,https://a.espncdn.com/i/teamlogos/nba/500/scoreboard/mil.png,0,,26,s:40~l:46~t:26,Utah,Jazz,UTAH,Utah Jazz,Jazz,True,0,,401810774,2026,2,4e008e,79a3dc,3093.0,https://a.espncdn.com/i/teamlogos/nba/500/scoreboard/utah.png,,False,,2026-03-07 20:00:00,2026-03-07,False,UTA @ MIL
401810772,s:40~l:46~e:401810772~c:401810772,2026-03-08,0,True,False,False,False,2026-03-08T00:30Z,,,1,STD,1827.0,State Farm Arena,Atlanta,GA,True,0,0.0,0,1,STATUS_SCHEDULED,pre,False,Scheduled,"Sat, March 7th at 7:30 PM EST",3/7 - 7:30 PM EST,4,1,s:40~l:46~t:1,Atlanta,Hawks,ATL,Atlanta Hawks,Hawks,c8102e,fdb927,True,1827.0,https://a.espncdn.com/i/teamlogos/nba/500/scoreboard/atl.png,0,,20,s:40~l:46~t:20,Philadelphia,76ers,PHI,Philadelphia 76ers,76ers,True,0,,401810772,2026,2,1d428a,e01234,1845.0,https://a.espncdn.com/i/teamlogos/nba/500/scoreboard/phi.png,,False,,2026-03-07 19:30:00,2026-03-07,False,PHI @ ATL
401810771,s:40~l:46~e:401810771~c:401810771,2026-03-07,0,True,False,False,False,2026-03-07T23:00Z,,,1,STD,5404.0,Little Caesars Arena,Detroit,MI,True,0,0.0,0,1,STATUS_SCHEDULED,pre,False,Scheduled,"Sat, March 7th at 6:00 PM EST",3/7 - 6:00 PM EST,4,8,s:40~l:46~t:8,Detroit,Pistons,DET,Detroit Pistons,Pistons,1d428a,c8102e,True,5311.0,https://a.espncdn.com/i/teamlogos/nba/500/scoreboard/det.png,0,,17,s:40~l:46~t:17,Brooklyn,Nets,BKN,Brooklyn Nets,Nets,True,0,,401810771,2026,2,000000,ffffff,1826.0,https://a.espncdn.com/i/teamlogos/nba/500/scoreboard/bkn.png,,False,,2026-03-07 18:00:00,2026-03-07,False,BKN @ DET
401810770,s:40~l:46~e:401810770~c:401810770,2026-03-07,0,True,False,False,False,2026-03-07T20:00Z,,,1,STD,2029.0,Target Center,Minneapolis,MN,True,0,0.0,0,1,STATUS_SCHEDULED,pre,False,Scheduled,"Sat, March 7th at 3:00 PM EST",3/7 - 3:00 PM EST,4,16,s:40~l:46~t:16,Minnesota,Timberwolves,MIN,Minnesota Timberwolves,Timberwolves,266092,79bc43,True,2029.0,https://a.espncdn.com/i/teamlogos/nba/500/scoreboard/min.png,0,,19,s:40~l:46~t:19,Orlando,Magic,ORL,Orlando Magic,Magic,True,0,,401810770,2026,2,0150b5,9ca0a3,3432.0,https://a.espncdn.com/i/teamlogos/nba/500/scoreboard/orl.png,,False,,2026-03-07 15:00:00,2026-03-07,False,ORL @ MIN
401810769,s:40~l:46~e:401810769~c:401810769,2026-03-07,0,True,False,False,False,2026-03-07T03:30Z,,,1,STD,1841.0,crypto.com Arena,Los Angeles,CA,True,0,0.0,0,1,STATUS_SCHEDULED,pre,False,Scheduled,"Fri, March 6th at 10:30 PM EST",3/6 - 10:30 PM EST,4,13,s:40~l:46~t:13,Los Angeles,Lakers,LAL,Los Angeles Lakers,Lakers,552583,fdb927,True,1841.0,https://a.espncdn.com/i/teamlogos/nba/500/scoreboard/lal.png,0,,11,s:40~l:46~t:11,Indiana,Pacers,IND,Indiana Pacers,Pacers,True,0,,401810769,2026,2,0c2340,ffd520,2183.0,https://a.espncdn.com/i/teamlogos/nba/500/scoreboard/ind.png,,False,,2026-03-06 22:30:00,2026-03-06,False,IND @ LAL
401810768,s:40~l:46~e:401810768~c:401810768,2026-03-07,0,True,False,False,False,2026-03-07T02:30Z,,,1,STD,780.0,Frost Bank Center,San Antonio,TX,True,0,0.0,0,1,STATUS_SCHEDULED,pre,False,Scheduled,"Fri, March 6th at 9:30 PM EST",3/6 - 9:30 PM EST,4,24,s:40~l:46~t:24,San Antonio,Spurs,SA,San Antonio Spurs,Spurs,000000,c4ced4,True,780.0,https://a.espncdn.com/i/teamlogos/nba/500/scoreboard/sa.png,0,,12,s:40~l:46~t:12,LA,Clippers,LAC,LA Clippers,Clippers,True,0,,401810768,2026,2,12173f,c8102e,1841.0,https://a.espncdn.com/i/teamlogos/nba/500/scoreboard/lac.png,,False,,2026-03-06 21:30:00,2026-03-06,False,LAC @ SAS
401810766,s:40~l:46~e:401810766~c:401810766,2026-03-07,0,True,False,False,False,2026-03-07T02:00Z,,,1,STD,892.0,Ball Arena,Denver,CO,True,0,0.0,0,1,STATUS_SCHEDULED,pre,False,Scheduled,"Fri, March 6th at 9:00 PM EST",3/6 - 9:00 PM EST,4,7,s:40~l:46~t:7,Denver,Nuggets,DEN,Denver Nuggets,Nuggets,0e2240,fec524,True,892.0,https://a.espncdn.com/i/teamlogos/nba/500/scoreboard/den.png,0,,18,s:40~l:46~t:18,New York,Knicks,NY,New York Knicks,Knicks,True,0,,401810766,2026,2,1d428a,f58426,1830.0,https://a.espncdn.com/i/teamlogos/nba/500/scoreboard/ny.png,,False,,2026-03-06 21:00:00,2026-03-06,False,NYK @ DEN
401810767,s:40~l:46~e:401810767~c:401810767,2026-03-07,0,True,False,False,False,2026-03-07T02:00Z,,,1,STD,1949.0,Mortgage Matchup Center,Phoenix,AZ,True,0,0.0,0,1,STATUS_SCHEDULED,pre,False,Scheduled,"Fri, March 6th at 9:00 PM EST",3/6 - 9:00 PM EST,4,21,s:40~l:46~t:21,Phoenix,Suns,PHX,Phoenix Suns,Suns,29127a,e56020,True,1949.0,https://a.espncdn.com/i/teamlogos/nba/500/scoreboard/phx.png,0,,3,s:40~l:46~t:3,New Orleans,Pelicans,NO,New Orleans Pelicans,Pelicans,True,0,,401810767,2026,2,0a2240,b4975a,985.0,https://a.espncdn.com/i/teamlogos/nba/500/scoreboard/no.png,,False,,2026-03-06 21:00:00,2026-03-06,False,NOP @ PHX
401810765,s:40~l:46~e:401810765~c:401810765,2026-03-07,0,True,False,False,False,2026-03-07T01:00Z,,,1,STD,1394.0,Toyota Center (Houston),Houston,TX,True,0,0.0,0,1,STATUS_SCHEDULED,pre,False,Scheduled,"Fri, March 6th at 8:00 PM EST",3/6 - 8:00 PM EST,4,10,s:40~l:46~t:10,Houston,Rockets,HOU,Houston Rockets,Rockets,ce1141,000000,True,1394.0,https://a.espncdn.com/i/teamlogos/nba/500/scoreboard/hou.png,0,,22,s:40~l:46~t:22,Portland,Trail Blazers,POR,Portland Trail Blazers,Trail Blazers,True,0,,401810765,2026,2,e03a3e,000000,3423.0,https://a.espncdn.com/i/teamlogos/nba/500/scoreboard/por.png,,False,,2026-03-06 20:00:00,2026-03-06,False,POR @ HOU
401810763,s:40~l:46~e:401810763~c:401810763,2026-03-07,0,True,False,False,False,2026-03-07T00:00Z,,,1,STD,1824.0,TD Garden,Boston,MA,True,0,0.0,0,1,STATUS_SCHEDULED,pre,False,Scheduled,"Fri, March 6th at 7:00 PM EST",3/6 - 7:00 PM EST,4,2,s:40~l:46~t:2,Boston,Celtics,BOS,Boston Celtics,Celtics,008348,ffffff,True,1824.0,https://a.espncdn.com/i/teamlogos/nba/500/scoreboard/bos.png,0,,6,s:40~l:46~t:6,Dallas,Mavericks,DAL,Dallas Mavericks,Mavericks,True,0,,401810763,2026,2,0064b1,bbc4ca,516.0,https://a.espncdn.com/i/teamlogos/nba/500/scoreboard/dal.png,,False,,2026-03-06 19:00:00,2026-03-06,False,DAL @ BOS
401810764,s:40~l:46~e:401810764~c:401810764,2026-03-07,0,True,False,False,False,2026-03-07T00:00Z,,,1,STD,1893.0,Spectrum Center,Charlotte,NC,True,0,0.0,0,1,STATUS_SCHEDULED,pre,False,Scheduled,"Fri, March 6th at 7:00 PM EST",3/6 - 7:00 PM EST,4,30,s:40~l:46~t:30,Charlotte,Hornets,CHA,Charlotte Hornets,Hornets,008ca8,1d1060,True,1893.0,https://a.espncdn.com/i/teamlogos/nba/500/scoreboard/cha.png,0,,14,s:40~l:46~t:14,Miami,Heat,MIA,Miami Heat,Heat,True,0,,401810764,2026,2,98002e,000000,3438.0,https://a.espncdn.com/i/teamlogos/nba/500/scoreboard/mia.png,,False,,2026-03-06 19:00:00,2026-03-06,False,MIA @ CHA
401810761,s:40~l:46~e:401810761~c:401810761,2026-03-06,0,True,False,False,False,2026-03-06T03:00Z,,,1,STD,892.0,Ball Arena,Denver,CO,True,0,0.0,0,1,STATUS_SCHEDULED,pre,False,Scheduled,"Thu, March 5th at 10:00 PM EST",3/5 - 10:00 PM EST,4,7,s:40~l:46~t:7,Denver,Nuggets,DEN,Denver Nuggets,Nuggets,0e2240,fec524,True,892.0,https://a.espncdn.com/i/teamlogos/nba/500/scoreboard/den.png,0,,13,s:40~l:46~t:13,Los Angeles,Lakers,LAL,Los Angeles Lakers,Lakers,True,0,,401810761,2026,2,552583,fdb927,1841.0,https://a.espncdn.com/i/teamlogos/nba/500/scoreboard/lal.png,,False,,2026-03-05 22:00:00,2026-03-05,False,LAL @ DEN
401810762,s:40~l:46~e:401810762~c:401810762,2026-03-06,0,True,False,False,False,2026-03-06T03:00Z,,,1,STD,5310.0,Golden 1 Center,Sacramento,CA,True,0,0.0,0,1,STATUS_SCHEDULED,pre,False,Scheduled,"Thu, March 5th at 10:00 PM EST",3/5 - 10:00 PM EST,4,23,s:40~l:46~t:23,Sacramento,Kings,SAC,Sacramento Kings,Kings,5a2d81,6a7a82,True,2247.0,https://a.espncdn.com/i/teamlogos/nba/500/scoreboard/sac.png,0,,3,s:40~l:46~t:3,New Orleans,Pelicans,NO,New Orleans Pelicans,Pelicans,True,0,,401810762,2026,2,0a2240,b4975a,985.0,https://a.espncdn.com/i/teamlogos/nba/500/scoreboard/no.png,,False,,2026-03-05 22:00:00,2026-03-05,False,NOP @ SAC
401810760,s:40~l:46~e:401810760~c:401810760,2026-03-06,0,True,False,False,False,2026-03-06T02:00Z,,,1,STD,1949.0,Mortgage Matchup Center,Phoenix,AZ,True,0,0.0,0,1,STATUS_SCHEDULED,pre,False,Scheduled,"Thu, March 5th at 9:00 PM EST",3/5 - 9:00 PM EST,4,21,s:40~l:46~t:21,Phoenix,Suns,PHX,Phoenix Suns,Suns,29127a,e56020,True,1949.0,https://a.espncdn.com/i/teamlogos/nba/500/scoreboard/phx.png,0,,4,s:40~l:46~t:4,Chicago,Bulls,CHI,Chicago Bulls,Bulls,True,0,,401810760,2026,2,ce1141,000000,1847.0,https://a.espncdn.com/i/teamlogos/nba/500/scoreboard/chi.png,,False,,2026-03-05 21:00:00,2026-03-05,False,CHI @ PHX
401810758,s:40~l:46~e:401810758~c:401810758,2026-03-06,0,True,False,False,False,2026-03-06T01:00Z,,,1,STD,2029.0,Target Center,Minneapolis,MN,True,0,0.0,0,1,STATUS_SCHEDULED,pre,False,Scheduled,"Thu, March 5th at 8:00 PM EST",3/5 - 8:00 PM EST,4,16,s:40~l:46~t:16,Minnesota,Timberwolves,MIN,Minnesota Timberwolves,Timberwolves,266092,79bc43,True,2029.0,https://a.espncdn.com/i/teamlogos/nba/500/scoreboard/min.png,0,,28,s:40~l:46~t:28,Toronto,Raptors,TOR,Toronto Raptors,Raptors,True,0,,401810758,2026,2,d91244,000000,1838.0,https://a.espncdn.com/i/teamlogos/nba/500/scoreboard/tor.png,,False,,2026-03-05 20:00:00,2026-03-05,False,TOR @ MIN
401810759,s:40~l:46~e:401810759~c:401810759,2026-03-06,0,True,False,False,False,2026-03-06T01:00Z,,,1,STD,780.0,Frost Bank Center,San Antonio,TX,True,0,0.0,0,1,STATUS_SCHEDULED,pre,False,Scheduled,"Thu, March 5th at 8:00 PM EST",3/5 - 8:00 PM EST,4,24,s:40~l:46~t:24,San Antonio,Spurs,SA,San Antonio Spurs,Spurs,000000,c4ced4,True,780.0,https://a.espncdn.com/i/teamlogos/nba/500/scoreboard/sa.png,0,,8,s:40~l:46~t:8,Detroit,Pistons,DET,Detroit Pistons,Pistons,True,0,,401810759,2026,2,1d428a,c8102e,5311.0,https://a.espncdn.com/i/teamlogos/nba/500/scoreboard/det.png,,False,,2026-03-05 20:00:00,2026-03-05,False,DET @ SAS
401810756,s:40~l:46~e:401810756~c:401810756,2026-03-06,0,True,False,False,False,2026-03-06T00:30Z,,,1,STD,3438.0,Kaseya Center,Miami,FL,True,0,0.0,0,1,STATUS_SCHEDULED,pre,False,Scheduled,"Thu, March 5th at 7:30 PM EST",3/5 - 7:30 PM EST,4,14,s:40~l:46~t:14,Miami,Heat,MIA,Miami Heat,Heat,98002e,000000,True,3438.0,https://a.espncdn.com/i/teamlogos/nba/500/scoreboard/mia.png,0,,17,s:40~l:46~t:17,Brooklyn,Nets,BKN,Brooklyn Nets,Nets,True,0,,401810756,2026,2,000000,ffffff,1826.0,https://a.espncdn.com/i/teamlogos/nba/500/scoreboard/bkn.png,,False,,2026-03-05 19:30:00,2026-03-05,False,BKN @ MIA
401810757,s:40~l:46~e:401810757~c:401810757,2026-03-06,0,True,False,False,False,2026-03-06T00:30Z,,,1,STD,1394.0,Toyota Center (Houston),Houston,TX,True,0,0.0,0,1,STATUS_SCHEDULED,pre,False,Scheduled,"Thu, March 5th at 7:30 PM EST",3/5 - 7:30 PM EST,4,10,s:40~l:46~t:10,Houston,Rockets,HOU,Houston Rockets,Rockets,ce1141,000000,True,1394.0,https://a.espncdn.com/i/teamlogos/nba/500/scoreboard/hou.png,0,,9,s:40~l:46~t:9,Golden State,Warriors,GS,Golden State Warriors,Warriors,True,0,,401810757,2026,2,fdb927,1d428a,2465.0,https://a.espncdn.com/i/teamlogos/nba/500/scoreboard/gs.png,,False,,2026-03-05 19:30:00,2026-03-05,False,GSW @ HOU
401810754,s:40~l:46~e:401810754~c:401810754,2026-03-06,0,True,False,False,False,2026-03-06T00:00Z,,,1,STD,3432.0,Kia Center,Orlando,FL,True,0,0.0,0,1,STATUS_SCHEDULED,pre,False,Scheduled,"Thu, March 5th at 7:00 PM EST",3/5 - 7:00 PM EST,4,19,s:40~l:46~t:19,Orlando,Magic,ORL,Orlando Magic,Magic,0150b5,9ca0a3,True,3432.0,https://a.espncdn.com/i/teamlogos/nba/500/scoreboard/orl.png,0,,6,s:40~l:46~t:6,Dallas,Mavericks,DAL,Dallas Mavericks,Mavericks,True,0,,401810754,2026,2,0064b1,bbc4ca,516.0,https://a.espncdn.com/i/teamlogos/nba/500/scoreboard/dal.png,,False,,2026-03-05 19:00:00,2026-03-05,False,DAL @ ORL
401810755,s:40~l:46~e:401810755~c:401810755,2026-03-06,0,True,False,False,False,2026-03-06T00:00Z,,,1,STD,1823.0,Capital One Arena,Washington,DC,True,0,0.0,0,1,STATUS_SCHEDULED,pre,False,Scheduled,"Thu, March 5th at 7:00 PM EST",3/5 - 7:00 PM EST,4,27,s:40~l:46~t:27,Washington,Wizards,WSH,Washington Wizards,Wizards,e31837,002b5c,True,1823.0,https://a.espncdn.com/i/teamlogos/nba/500/scoreboard/wsh.png,0,,26,s:40~l:46~t:26,Utah,Jazz,UTAH,Utah Jazz,Jazz,True,0,,401810755,2026,2,4e008e,79a3dc,3093.0,https://a.espncdn.com/i/teamlogos/nba/500/scoreboard/utah.png,,False,,2026-03-05 19:00:00,2026-03-05,False,UTA @ WAS
401810753,s:40~l:46~e:401810753~c:401810753,2026-03-05,0,True,False,False,False,2026-03-05T03:30Z,,,1,STD,10642.0,Intuit Dome,Inglewood,CA,True,0,0.0,0,1,STATUS_SCHEDULED,pre,False,Scheduled,"Wed, March 4th at 10:30 PM EST",3/4 - 10:30 PM EST,4,12,s:40~l:46~t:12,LA,Clippers,LAC,LA Clippers,Clippers,12173f,c8102e,True,1841.0,https://a.espncdn.com/i/teamlogos/nba/500/scoreboard/lac.png,0,,11,s:40~l:46~t:11,Indiana,Pacers,IND,Indiana Pacers,Pacers,True,0,,401810753,2026,2,0c2340,ffd520,2183.0,https://a.espncdn.com/i/teamlogos/nba/500/scoreboard/ind.png,,False,,2026-03-04 22:30:00,2026-03-04,False,IND @ LAC
401810752,s:40~l:46~e:401810752~c:401810752,2026-03-05,0,True,False,False,False,2026-03-05T02:30Z,,,1,STD,5777.0,Fiserv Forum,Milwaukee,WI,True,0,0.0,0,1,STATUS_SCHEDULED,pre,False,Scheduled,"Wed, March 4th at 9:30 PM EST",3/4 - 9:30 PM EST,4,15,s:40~l:46~t:15,Milwaukee,Bucks,MIL,Milwaukee Bucks,Bucks,00471b,eee1c6,True,2099.0,https://a.espncdn.com/i/teamlogos/nba/500/scoreboard/mil.png,0,,1,s:40~l:46~t:1,Atlanta,Hawks,ATL,Atlanta Hawks,Hawks,True,0,,401810752,2026,2,c8102e,fdb927,1827.0,https://a.espncdn.com/i/teamlogos/nba/500/scoreboard/atl.png,,False,,2026-03-04 21:30:00,2026-03-04,False,ATL @ MIL
401810751,s:40~l:46~e:401810751~c:401810751,2026-03-05,0,True,False,False,False,2026-03-05T01:00Z,,,1,STD,1392.0,FedExForum,Memphis,TN,True,0,0.0,0,1,STATUS_SCHEDULED,pre,False,Scheduled,"Wed, March 4th at 8:00 PM EST",3/4 - 8:00 PM EST,4,29,s:40~l:46~t:29,Memphis,Grizzlies,MEM,Memphis Grizzlies,Grizzlies,5d76a9,12173f,True,1392.0,https://a.espncdn.com/i/teamlogos/nba/500/scoreboard/mem.png,0,,22,s:40~l:46~t:22,Portland,Trail Blazers,POR,Portland Trail Blazers,Trail Blazers,True,0,,401810751,2026,2,e03a3e,000000,3423.0,https://a.espncdn.com/i/teamlogos/nba/500/scoreboard/por.png,,False,,2026-03-04 20:00:00,2026-03-04,False,POR @ MEM
401810749,s:40~l:46~e:401810749~c:401810749,2026-03-05,0,True,False,False,False,2026-03-05T00:30Z,,,1,STD,1824.0,TD Garden,Boston,MA,True,0,0.0,0,1,STATUS_SCHEDULED,pre,False,Scheduled,"Wed, March 4th at 7:30 PM EST",3/4 - 7:30 PM EST,4,2,s:40~l:46~t:2,Boston,Celtics,BOS,Boston Celtics,Celtics,008348,ffffff,True,1824.0,https://a.espncdn.com/i/teamlogos/nba/500/scoreboard/bos.png,0,,30,s:40~l:46~t:30,Charlotte,Hornets,CHA,Charlotte Hornets,Hornets,True,0,,401810749,2026,2,008ca8,1d1060,1893.0,https://a.espncdn.com/i/teamlogos/nba/500/scoreboard/cha.png,,False,,2026-03-04 19:30:00,2026-03-04,False,CHA @ BOS
401810750,s:40~l:46~e:401810750~c:401810750,2026-03-05,0,True,False,False,False,2026-03-05T00:30Z,,,1,STD,1845.0,Xfinity Mobile Arena,Philadelphia,PA,True,0,0.0,0,1,STATUS_SCHEDULED,pre,False,Scheduled,"Wed, March 4th at 7:30 PM EST",3/4 - 7:30 PM EST,4,20,s:40~l:46~t:20,Philadelphia,76ers,PHI,Philadelphia 76ers,76ers,1d428a,e01234,True,1845.0,https://a.espncdn.com/i/teamlogos/nba/500/scoreboard/phi.png,0,,26,s:40~l:46~t:26,Utah,Jazz,UTAH,Utah Jazz,Jazz,True,0,,401810750,2026,2,4e008e,79a3dc,3093.0,https://a.espncdn.com/i/teamlogos/nba/500/scoreboard/utah.png,,False,,2026-03-04 19:30:00,2026-03-04,False,UTA @ PHI
401810748,s:40~l:46~e:401810748~c:401810748,2026-03-05,0,True,False,False,False,2026-03-05T00:00Z,,,1,STD,1830.0,Madison Square Garden,New York,NY,True,0,0.0,0,1,STATUS_SCHEDULED,pre,False,Scheduled,"Wed, March 4th at 7:00 PM EST",3/4 - 7:00 PM EST,4,18,s:40~l:46~t:18,New York,Knicks,NY,New York Knicks,Knicks,1d428a,f58426,True,1830.0,https://a.espncdn.com/i/teamlogos/nba/500/scoreboard/ny.png,0,,25,s:40~l:46~t:25,Oklahoma City,Thunder,OKC,Oklahoma City Thunder,Thunder,True,0,,401810748,2026,2,007ac1,ef3b24,2559.0,https://a.espncdn.com/i/teamlogos/nba/500/scoreboard/okc.png,,False,,2026-03-04 19:00:00,2026-03-04,False,OKC @ NYK
401810747,s:40~l:46~e:401810747~c:401810747,2026-03-04,0,True,False,False,False,2026-03-04T04:00Z,,,1,STD,5310.0,Golden 1 Center,Sacramento,CA,True,0,0.0,0,1,STATUS_SCHEDULED,pre,False,Scheduled,"Tue, March 3rd at 11:00 PM EST",3/3 - 11:00 PM EST,4,23,s:40~l:46~t:23,Sacramento,Kings,SAC,Sacramento Kings,Kings,5a2d81,6a7a82,True,2247.0,https://a.espncdn.com/i/teamlogos/nba/500/scoreboard/sac.png,0,,21,s:40~l:46~t:21,Phoenix,Suns,PHX,Phoenix Suns,Suns,True,0,,401810747,2026,2,29127a,e56020,1949.0,https://a.espncdn.com/i/teamlogos/nba/500/scoreboard/phx.png,,False,,2026-03-03 23:00:00,2026-03-03,False,PHX @ SAC
401810746,s:40~l:46~e:401810746~c:401810746,2026-03-04,0,True,False,False,False,2026-03-04T03:30Z,,,1,STD,1841.0,crypto.com Arena,Los Angeles,CA,True,0,0.0,0,1,STATUS_SCHEDULED,pre,False,Scheduled,"Tue, March 3rd at 10:30 PM EST",3/3 - 10:30 PM EST,4,13,s:40~l:46~t:13,Los Angeles,Lakers,LAL,Los Angeles Lakers,Lakers,552583,fdb927,True,1841.0,https://a.espncdn.com/i/teamlogos/nba/500/scoreboard/lal.png,0,,3,s:40~l:46~t:3,New Orleans,Pelicans,NO,New Orleans Pelicans,Pelicans,True,0,,401810746,2026,2,0a2240,b4975a,985.0,https://a.espncdn.com/i/teamlogos/nba/500/scoreboard/no.png,,False,,2026-03-03 22:30:00,2026-03-03,False,NOP @ LAL
401810743,s:40~l:46~e:401810743~c:401810743,2026-03-04,0,True,False,False,False,2026-03-04T01:00Z,,,1,STD,1845.0,Xfinity Mobile Arena,Philadelphia,PA,True,0,0.0,0,1,STATUS_SCHEDULED,pre,False,Scheduled,"Tue, March 3rd at 8:00 PM EST",3/3 - 8:00 PM EST,4,20,s:40~l:46~t:20,Philadelphia,76ers,PHI,Philadelphia 76ers,76ers,1d428a,e01234,True,1845.0,https://a.espncdn.com/i/teamlogos/nba/500/scoreboard/phi.png,0,,24,s:40~l:46~t:24,San Antonio,Spurs,SA,San Antonio Spurs,Spurs,True,0,,401810743,2026,2,000000,c4ced4,780.0,https://a.espncdn.com/i/teamlogos/nba/500/scoreboard/sa.png,,False,,2026-03-03 20:00:00,2026-03-03,False,SAS @ PHI
401810744,s:40~l:46~e:401810744~c:401810744,2026-03-04,0,True,False,False,False,2026-03-04T01:00Z,,,1,STD,1847.0,United Center,Chicago,IL,True,0,0.0,0,1,STATUS_SCHEDULED,pre,False,Scheduled,"Tue, March 3rd at 8:00 PM EST",3/3 - 8:00 PM EST,4,4,s:40~l:46~t:4,Chicago,Bulls,CHI,Chicago Bulls,Bulls,ce1141,000000,True,1847.0,https://a.espncdn.com/i/teamlogos/nba/500/scoreboard/chi.png,0,,25,s:40~l:46~t:25,Oklahoma City,Thunder,OKC,Oklahoma City Thunder,Thunder,True,0,,401810744,2026,2,007ac1,ef3b24,2559.0,https://a.espncdn.com/i/teamlogos/nba/500/scoreboard/okc.png,,False,,2026-03-03 20:00:00,2026-03-03,False,OKC @ CHI
401810745,s:40~l:46~e:401810745~c:401810745,2026-03-04,0,True,False,False,False,2026-03-04T01:00Z,,,1,STD,2029.0,Target Center,Minneapolis,MN,True,0,0.0,0,1,STATUS_SCHEDULED,pre,False,Scheduled,"Tue, March 3rd at 8:00 PM EST",3/3 - 8:00 PM EST,4,16,s:40~l:46~t:16,Minnesota,Timberwolves,MIN,Minnesota Timberwolves,Timberwolves,266092,79bc43,True,2029.0,https://a.espncdn.com/i/teamlogos/nba/500/scoreboard/min.png,0,,29,s:40~l:46~t:29,Memphis,Grizzlies,MEM,Memphis Grizzlies,Grizzlies,True,0,,401810745,2026,2,5d76a9,12173f,1392.0,https://a.espncdn.com/i/teamlogos/nba/500/scoreboard/mem.png,,False,,2026-03-03 20:00:00,2026-03-03,False,MEM @ MIN
401810741,s:40~l:46~e:401810741~c:401810741,2026-03-04,0,True,False,False,False,2026-03-04T00:30Z,,,1,STD,3438.0,Kaseya Center,Miami,FL,True,0,0.0,0,1,STATUS_SCHEDULED,pre,False,Scheduled,"Tue, March 3rd at 7:30 PM EST",3/3 - 7:30 PM EST,4,14,s:40~l:46~t:14,Miami,Heat,MIA,Miami Heat,Heat,98002e,000000,True,3438.0,https://a.espncdn.com/i/teamlogos/nba/500/scoreboard/mia.png,0,,17,s:40~l:46~t:17,Brooklyn,Nets,BKN,Brooklyn Nets,Nets,True,0,,401810741,2026,2,000000,ffffff,1826.0,https://a.espncdn.com/i/teamlogos/nba/500/scoreboard/bkn.png,,False,,2026-03-03 19:30:00,2026-03-03,False,BKN @ MIA
401810742,s:40~l:46~e:401810742~c:401810742,2026-03-04,0,True,False,False,False,2026-03-04T00:30Z,,,1,STD,1838.0,Scotiabank Arena,Toronto,ON,True,0,0.0,0,1,STATUS_SCHEDULED,pre,False,Scheduled,"Tue, March 3rd at 7:30 PM EST",3/3 - 7:30 PM EST,4,28,s:40~l:46~t:28,Toronto,Raptors,TOR,Toronto Raptors,Raptors,d91244,000000,True,1838.0,https://a.espncdn.com/i/teamlogos/nba/500/scoreboard/tor.png,0,,18,s:40~l:46~t:18,New York,Knicks,NY,New York Knicks,Knicks,True,0,,401810742,2026,2,1d428a,f58426,1830.0,https://a.espncdn.com/i/teamlogos/nba/500/scoreboard/ny.png,,False,,2026-03-03 19:30:00,2026-03-03,False,NYK @ TOR
401810738,s:40~l:46~e:401810738~c:401810738,2026-03-04,0,True,False,False,False,2026-03-04T00:00Z,,,1,STD,1893.0,Spectrum Center,Charlotte,NC,True,0,0.0,0,1,STATUS_SCHEDULED,pre,False,Scheduled,"Tue, March 3rd at 7:00 PM EST",3/3 - 7:00 PM EST,4,30,s:40~l:46~t:30,Charlotte,Hornets,CHA,Charlotte Hornets,Hornets,008ca8,1d1060,True,1893.0,https://a.espncdn.com/i/teamlogos/nba/500/scoreboard/cha.png,0,,6,s:40~l:46~t:6,Dallas,Mavericks,DAL,Dallas Mavericks,Mavericks,True,0,,401810738,2026,2,0064b1,bbc4ca,516.0,https://a.espncdn.com/i/teamlogos/nba/500/scoreboard/dal.png,,False,,2026-03-03 19:00:00,2026-03-03,False,DAL @ CHA
401810739,s:40~l:46~e:401810739~c:401810739,2026-03-04,0,True,False,False,False,2026-03-04T00:00Z,,,1,STD,3417.0,Rocket Arena,Cleveland,OH,True,0,0.0,0,1,STATUS_SCHEDULED,pre,False,Scheduled,"Tue, March 3rd at 7:00 PM EST",3/3 - 7:00 PM EST,4,5,s:40~l:46~t:5,Cleveland,Cavaliers,CLE,Cleveland Cavaliers,Cavaliers,860038,bc945c,True,3417.0,https://a.espncdn.com/i/teamlogos/nba/500/scoreboard/cle.png,0,,8,s:40~l:46~t:8,Detroit,Pistons,DET,Detroit Pistons,Pistons,True,0,,401810739,2026,2,1d428a,c8102e,5311.0,https://a.espncdn.com/i/teamlogos/nba/500/scoreboard/det.png,,False,,2026-03-03 19:00:00,2026-03-03,False,DET @ CLE
401810740,s:40~l:46~e:401810740~c:401810740,2026-03-04,0,True,False,False,False,2026-03-04T00:00Z,,,1,STD,3432.0,Kia Center,Orlando,FL,True,0,0.0,0,1,STATUS_SCHEDULED,pre,False,Scheduled,"Tue, March 3rd at 7:00 PM EST",3/3 - 7:00 PM EST,4,19,s:40~l:46~t:19,Orlando,Magic,ORL,Orlando Magic,Magic,0150b5,9ca0a3,True,3432.0,https://a.espncdn.com/i/teamlogos/nba/500/scoreboard/orl.png,0,,27,s:40~l:46~t:27,Washington,Wizards,WSH,Washington Wizards,Wizards,True,0,,401810740,2026,2,e31837,002b5c,1823.0,https://a.espncdn.com/i/teamlogos/nba/500/scoreboard/wsh.png,,False,,2026-03-03 19:00:00,2026-03-03,False,WAS @ ORL
401810737,s:40~l:46~e:401810737~c:401810737,2026-03-03,0,True,False,False,False,2026-03-03T03:00Z,,,1,STD,6270.0,Chase Center,San Francisco,CA,True,0,0.0,0,1,STATUS_SCHEDULED,pre,False,Scheduled,"Mon, March 2nd at 10:00 PM EST",3/2 - 10:00 PM EST,4,9,s:40~l:46~t:9,Golden State,Warriors,GS,Golden State Warriors,Warriors,fdb927,1d428a,True,2465.0,https://a.espncdn.com/i/teamlogos/nba/500/scoreboard/gs.png,0,,12,s:40~l:46~t:12,LA,Clippers,LAC,LA Clippers,Clippers,True,0,,401810737,2026,2,12173f,c8102e,1841.0,https://a.espncdn.com/i/teamlogos/nba/500/scoreboard/lac.png,,False,,2026-03-02 22:00:00,2026-03-02,False,LAC @ GSW
401810736,s:40~l:46~e:401810736~c:401810736,2026-03-03,0,True,False,False,False,2026-03-03T02:00Z,,,1,STD,3093.0,Delta Center,Salt Lake City,UT,True,0,0.0,0,1,STATUS_SCHEDULED,pre,False,Scheduled,"Mon, March 2nd at 9:00 PM EST",3/2 - 9:00 PM EST,4,26,s:40~l:46~t:26,Utah,Jazz,UTAH,Utah Jazz,Jazz,4e008e,79a3dc,True,3093.0,https://a.espncdn.com/i/teamlogos/nba/500/scoreboard/utah.png,0,,7,s:40~l:46~t:7,Denver,Nuggets,DEN,Denver Nuggets,Nuggets,True,0,,401810736,2026,2,0e2240,fec524,892.0,https://a.espncdn.com/i/teamlogos/nba/500/scoreboard/den.png,,False,,2026-03-02 21:00:00,2026-03-02,False,DEN @ UTA
401810735,s:40~l:46~e:401810735~c:401810735,2026-03-03,0,True,False,False,False,2026-03-03T00:30Z,,,1,STD,5777.0,Fiserv Forum,Milwaukee,WI,True,0,0.0,0,1,STATUS_SCHEDULED,pre,False,Scheduled,"Mon, March 2nd at 7:30 PM EST",3/2 - 7:30 PM EST,4,15,s:40~l:46~t:15,Milwaukee,Bucks,MIL,Milwaukee Bucks,Bucks,00471b,eee1c6,True,2099.0,https://a.espncdn.com/i/teamlogos/nba/500/scoreboard/mil.png,0,,2,s:40~l:46~t:2,Boston,Celtics,BOS,Boston Celtics,Celtics,True,0,,401810735,2026,2,008348,ffffff,1824.0,https://a.espncdn.com/i/teamlogos/nba/500/scoreboard/bos.png,,False,,2026-03-02 19:30:00,2026-03-02,False,BOS @ MIL
401810734,s:40~l:46~e:401810734~c:401810734,2026-03-03,0,True,False,False,False,2026-03-03T00:00Z,,,1,STD,1823.0,Capital One Arena,Washington,DC,True,0,0.0,0,1,STATUS_SCHEDULED,pre,False,Scheduled,"Mon, March 2nd at 7:00 PM EST",3/2 - 7:00 PM EST,4,27,s:40~l:46~t:27,Washington,Wizards,WSH,Washington Wizards,Wizards,e31837,002b5c,True,1823.0,https://a.espncdn.com/i/teamlogos/nba/500/scoreboard/wsh.png,0,,10,s:40~l:46~t:10,Houston,Rockets,HOU,Houston Rockets,Rockets,True,0,,401810734,2026,2,ce1141,000000,1394.0,https://a.espncdn.com/i/teamlogos/nba/500/scoreboard/hou.png,,False,,2026-03-02 19:00:00,2026-03-02,False,HOU @ WAS
401810733,s:40~l:46~e:401810733~c:401810733,2026-03-02,0,True,False,False,False,2026-03-02T02:30Z,,,1,STD,1841.0,crypto.com Arena,Los Angeles,CA,True,0,0.0,0,1,STATUS_SCHEDULED,pre,False,Scheduled,"Sun, March 1st at 9:30 PM EST",3/1 - 9:30 PM EST,4,13,s:40~l:46~t:13,Los Angeles,Lakers,LAL,Los Angeles Lakers,Lakers,552583,fdb927,True,1841.0,https://a.espncdn.com/i/teamlogos/nba/500/scoreboard/lal.png,0,,23,s:40~l:46~t:23,Sacramento,Kings,SAC,Sacramento Kings,Kings,True,0,,401810733,2026,2,5a2d81,6a7a82,2247.0,https://a.espncdn.com/i/teamlogos/nba/500/scoreboard/sac.png,,False,,2026-03-01 21:30:00,2026-03-01,False,SAC @ LAL
401810732,s:40~l:46~e:401810732~c:401810732,2026-03-02,0,True,False,False,False,2026-03-02T02:00Z,,,1,STD,10642.0,Intuit Dome,Inglewood,CA,True,0,0.0,0,1,STATUS_SCHEDULED,pre,False,Scheduled,"Sun, March 1st at 9:00 PM EST",3/1 - 9:00 PM EST,4,12,s:40~l:46~t:12,LA,Clippers,LAC,LA Clippers,Clippers,12173f,c8102e,True,1841.0,https://a.espncdn.com/i/teamlogos/nba/500/scoreboard/lac.png,0,,3,s:40~l:46~t:3,New Orleans,Pelicans,NO,New Orleans Pelicans,Pelicans,True,0,,401810732,2026,2,0a2240,b4975a,985.0,https://a.espncdn.com/i/teamlogos/nba/500/scoreboard/no.png,,False,,2026-03-01 21:00:00,2026-03-01,False,NOP @ LAC
401810731,s:40~l:46~e:401810731~c:401810731,2026-03-02,0,True,False,False,False,2026-03-02T01:00Z,,,1,STD,516.0,American Airlines Center,Dallas,TX,True,0,0.0,0,1,STATUS_SCHEDULED,pre,False,Scheduled,"Sun, March 1st at 8:00 PM EST",3/1 - 8:00 PM EST,4,6,s:40~l:46~t:6,Dallas,Mavericks,DAL,Dallas Mavericks,Mavericks,0064b1,bbc4ca,True,516.0,https://a.espncdn.com/i/teamlogos/nba/500/scoreboard/dal.png,0,,25,s:40~l:46~t:25,Oklahoma City,Thunder,OKC,Oklahoma City Thunder,Thunder,True,0,,401810731,2026,2,007ac1,ef3b24,2559.0,https://a.espncdn.com/i/teamlogos/nba/500/scoreboard/okc.png,,False,,2026-03-01 20:00:00,2026-03-01,False,OKC @ DAL
401810728,s:40~l:46~e:401810728~c:401810728,2026-03-01,0,True,False,False,False,2026-03-01T23:00Z,,,1,STD,1827.0,State Farm Arena,Atlanta,GA,True,0,0.0,0,1,STATUS_SCHEDULED,pre,False,Scheduled,"Sun, March 1st at 6:00 PM EST",3/1 - 6:00 PM EST,4,1,s:40~l:46~t:1,Atlanta,Hawks,ATL,Atlanta Hawks,Hawks,c8102e,fdb927,True,1827.0,https://a.espncdn.com/i/teamlogos/nba/500/scoreboard/atl.png,0,,22,s:40~l:46~t:22,Portland,Trail Blazers,POR,Portland Trail Blazers,Trail Blazers,True,0,,401810728,2026,2,e03a3e,000000,3423.0,https://a.espncdn.com/i/teamlogos/nba/500/scoreboard/por.png,,False,,2026-03-01 18:00:00,2026-03-01,False,POR @ ATL
401810729,s:40~l:46~e:401810729~c:401810729,2026-03-01,0,True,False,False,False,2026-03-01T23:00Z,,,1,STD,1824.0,TD Garden,Boston,MA,True,0,0.0,0,1,STATUS_SCHEDULED,pre,False,Scheduled,"Sun, March 1st at 6:00 PM EST",3/1 - 6:00 PM EST,4,2,s:40~l:46~t:2,Boston,Celtics,BOS,Boston Celtics,Celtics,008348,ffffff,True,1824.0,https://a.espncdn.com/i/teamlogos/nba/500/scoreboard/bos.png,0,,20,s:40~l:46~t:20,Philadelphia,76ers,PHI,Philadelphia 76ers,76ers,True,0,,401810729,2026,2,1d428a,e01234,1845.0,https://a.espncdn.com/i/teamlogos/nba/500/scoreboard/phi.png,,False,,2026-03-01 18:00:00,2026-03-01,False,PHI @ BOS
401810730,s:40~l:46~e:401810730~c:401810730,2026-03-01,0,True,False,False,False,2026-03-01T23:00Z,,,1,STD,3432.0,Kia Center,Orlando,FL,True,0,0.0,0,1,STATUS_SCHEDULED,pre,False,Scheduled,"Sun, March 1st at 6:00 PM EST",3/1 - 6:00 PM EST,4,19,s:40~l:46~t:19,Orlando,Magic,ORL,Orlando Magic,Magic,0150b5,9ca0a3,True,3432.0,https://a.espncdn.com/i/teamlogos/nba/500/scoreboard/orl.png,0,,8,s:40~l:46~t:8,Detroit,Pistons,DET,Detroit Pistons,Pistons,True,0,,401810730,2026,2,1d428a,c8102e,5311.0,https://a.espncdn.com/i/teamlogos/nba/500/scoreboard/det.png,,False,,2026-03-01 18:00:00,2026-03-01,False,DET @ ORL
401810727,s:40~l:46~e:401810727~c:401810727,2026-03-01,0,True,False,False,False,2026-03-01T22:00Z,,,1,STD,2183.0,Gainbridge Fieldhouse,Indianapolis,IN,True,0,0.0,0,1,STATUS_SCHEDULED,pre,False,Scheduled,"Sun, March 1st at 5:00 PM EST",3/1 - 5:00 PM EST,4,11,s:40~l:46~t:11,Indiana,Pacers,IND,Indiana Pacers,Pacers,0c2340,ffd520,True,2183.0,https://a.espncdn.com/i/teamlogos/nba/500/scoreboard/ind.png,0,,29,s:40~l:46~t:29,Memphis,Grizzlies,MEM,Memphis Grizzlies,Grizzlies,True,0,,401810727,2026,2,5d76a9,12173f,1392.0,https://a.espncdn.com/i/teamlogos/nba/500/scoreboard/mem.png,,False,,2026-03-01 17:00:00,2026-03-01,False,MEM @ IND
401810724,s:40~l:46~e:401810724~c:401810724,2026-03-01,0,True,False,False,False,2026-03-01T20:30Z,,,1,STD,3559.0,Barclays Center,Brooklyn,NY,True,0,0.0,0,1,STATUS_SCHEDULED,pre,False,Scheduled,"Sun, March 1st at 3:30 PM EST",3/1 - 3:30 PM EST,4,17,s:40~l:46~t:17,Brooklyn,Nets,BKN,Brooklyn Nets,Nets,000000,ffffff,True,1826.0,https://a.espncdn.com/i/teamlogos/nba/500/scoreboard/bkn.png,0,,5,s:40~l:46~t:5,Cleveland,Cavaliers,CLE,Cleveland Cavaliers,Cavaliers,True,0,,401810724,2026,2,860038,bc945c,3417.0,https://a.espncdn.com/i/teamlogos/nba/500/scoreboard/cle.png,,False,,2026-03-01 15:30:00,2026-03-01,False,CLE @ BKN
401810725,s:40~l:46~e:401810725~c:401810725,2026-03-01,0,True,False,False,False,2026-03-01T20:30Z,,,1,STD,1847.0,United Center,Chicago,IL,True,0,0.0,0,1,STATUS_SCHEDULED,pre,False,Scheduled,"Sun, March 1st at 3:30 PM EST",3/1 - 3:30 PM EST,4,4,s:40~l:46~t:4,Chicago,Bulls,CHI,Chicago Bulls,Bulls,ce1141,000000,True,1847.0,https://a.espncdn.com/i/teamlogos/nba/500/scoreboard/chi.png,0,,15,s:40~l:46~t:15,Milwaukee,Bucks,MIL,Milwaukee Bucks,Bucks,True,0,,401810725,2026,2,00471b,eee1c6,2099.0,https://a.espncdn.com/i/teamlogos/nba/500/scoreboard/mil.png,,False,,2026-03-01 15:30:00,2026-03-01,False,MIL @ CHI
401810726,s:40~l:46~e:401810726~c:401810726,2026-03-01,0,True,False,False,False,2026-03-01T20:30Z,,,1,STD,892.0,Ball Arena,Denver,CO,True,0,0.0,0,1,STATUS_SCHEDULED,pre,False,Scheduled,"Sun, March 1st at 3:30 PM EST",3/1 - 3:30 PM EST,4,7,s:40~l:46~t:7,Denver,Nuggets,DEN,Denver Nuggets,Nuggets,0e2240,fec524,True,892.0,https://a.espncdn.com/i/teamlogos/nba/500/scoreboard/den.png,0,,16,s:40~l:46~t:16,Minnesota,Timberwolves,MIN,Minnesota Timberwolves,Timberwolves,True,0,,401810726,2026,2,266092,79bc43,2029.0,https://a.espncdn.com/i/teamlogos/nba/500/scoreboard/min.png,,False,,2026-03-01 15:30:00,2026-03-01,False,MIN @ DEN
401810723,s:40~l:46~e:401810723~c:401810723,2026-03-01,0,True,False,False,False,2026-03-01T18:00Z,,,1,STD,1830.0,Madison Square Garden,New York,NY,True,0,0.0,0,1,STATUS_SCHEDULED,pre,False,Scheduled,"Sun, March 1st at 1:00 PM EST",3/1 - 1:00 PM EST,4,18,s:40~l:46~t:18,New York,Knicks,NY,New York Knicks,Knicks,1d428a,f58426,True,1830.0,https://a.espncdn.com/i/teamlogos/nba/500/scoreboard/ny.png,0,,24,s:40~l:46~t:24,San Antonio,Spurs,SA,San Antonio Spurs,Spurs,True,0,,401810723,2026,2,000000,c4ced4,780.0,https://a.espncdn.com/i/teamlogos/nba/500/scoreboard/sa.png,,False,,2026-03-01 13:00:00,2026-03-01,False,SAS @ NYK
401810722,s:40~l:46~e:401810722~c:401810722,2026-03-01,0,True,False,False,False,2026-03-01T02:30Z,,,1,STD,3093.0,Delta Center,Salt Lake City,UT,True,0,0.0,0,1,STATUS_SCHEDULED,pre,False,Scheduled,"Sat, February 28th at 9:30 PM EST",2/28 - 9:30 PM EST,4,26,s:40~l:46~t:26,Utah,Jazz,UTAH,Utah Jazz,Jazz,4e008e,79a3dc,True,3093.0,https://a.espncdn.com/i/teamlogos/nba/500/scoreboard/utah.png,0,,3,s:40~l:46~t:3,New Orleans,Pelicans,NO,New Orleans Pelicans,Pelicans,True,0,,401810722,2026,2,0a2240,b4975a,985.0,https://a.espncdn.com/i/teamlogos/nba/500/scoreboard/no.png,,False,,2026-02-28 21:30:00,2026-02-28,False,NOP @ UTA
401810721,s:40~l:46~e:401810721~c:401810721,2026-03-01,0,True,False,False,False,2026-03-01T01:30Z,,,1,STD,6270.0,Chase Center,San Francisco,CA,True,0,0.0,0,1,STATUS_SCHEDULED,pre,False,Scheduled,"Sat, February 28th at 8:30 PM EST",2/28 - 8:30 PM EST,4,9,s:40~l:46~t:9,Golden State,Warriors,GS,Golden State Warriors,Warriors,fdb927,1d428a,True,2465.0,https://a.espncdn.com/i/teamlogos/nba/500/scoreboard/gs.png,0,,13,s:40~l:46~t:13,Los Angeles,Lakers,LAL,Los Angeles Lakers,Lakers,True,0,,401810721,2026,2,552583,fdb927,1841.0,https://a.espncdn.com/i/teamlogos/nba/500/scoreboard/lal.png,,False,,2026-02-28 20:30:00,2026-02-28,False,LAL @ GSW
401810720,s:40~l:46~e:401810720~c:401810720,2026-03-01,0,True,False,False,False,2026-03-01T00:00Z,,,1,STD,1823.0,Capital One Arena,Washington,DC,True,0,0.0,0,1,STATUS_SCHEDULED,pre,False,Scheduled,"Sat, February 28th at 7:00 PM EST",2/28 - 7:00 PM EST,4,27,s:40~l:46~t:27,Washington,Wizards,WSH,Washington Wizards,Wizards,e31837,002b5c,True,1823.0,https://a.espncdn.com/i/teamlogos/nba/500/scoreboard/wsh.png,0,,28,s:40~l:46~t:28,Toronto,Raptors,TOR,Toronto Raptors,Raptors,True,0,,401810720,2026,2,d91244,000000,1838.0,https://a.espncdn.com/i/teamlogos/nba/500/scoreboard/tor.png,,False,,2026-02-28 19:00:00,2026-02-28,False,TOR @ WAS
401810719,s:40~l:46~e:401810719~c:401810719,2026-02-28,0,True,False,False,False,2026-02-28T20:00Z,,,1,STD,3438.0,Kaseya Center,Miami,FL,True,0,0.0,0,1,STATUS_SCHEDULED,pre,False,Scheduled,"Sat, February 28th at 3:00 PM EST",2/28 - 3:00 PM EST,4,14,s:40~l:46~t:14,Miami,Heat,MIA,Miami Heat,Heat,98002e,000000,True,3438.0,https://a.espncdn.com/i/teamlogos/nba/500/scoreboard/mia.png,0,,10,s:40~l:46~t:10,Houston,Rockets,HOU,Houston Rockets,Rockets,True,0,,401810719,2026,2,ce1141,000000,1394.0,https://a.espncdn.com/i/teamlogos/nba/500/scoreboard/hou.png,,False,,2026-02-28 15:00:00,2026-02-28,False,HOU @ MIA
401810718,s:40~l:46~e:401810718~c:401810718,2026-02-28,0,True,False,False,False,2026-02-28T18:00Z,,,1,STD,1893.0,Spectrum Center,Charlotte,NC,True,0,0.0,0,1,STATUS_SCHEDULED,pre,False,Scheduled,"Sat, February 28th at 1:00 PM EST",2/28 - 1:00 PM EST,4,30,s:40~l:46~t:30,Charlotte,Hornets,CHA,Charlotte Hornets,Hornets,008ca8,1d1060,True,1893.0,https://a.espncdn.com/i/teamlogos/nba/500/scoreboard/cha.png,0,,22,s:40~l:46~t:22,Portland,Trail Blazers,POR,Portland Trail Blazers,Trail Blazers,True,0,,401810718,2026,2,e03a3e,000000,3423.0,https://a.espncdn.com/i/teamlogos/nba/500/scoreboard/por.png,,False,,2026-02-28 13:00:00,2026-02-28,False,POR @ CHA
401810717,s:40~l:46~e:401810717~c:401810717,2026-02-28,0,True,False,False,False,2026-02-28T02:30Z,,,1,STD,2559.0,Paycom Center,Oklahoma City,OK,True,0,0.0,0,1,STATUS_SCHEDULED,pre,False,Scheduled,"Fri, February 27th at 9:30 PM EST",2/27 - 9:30 PM EST,4,25,s:40~l:46~t:25,Oklahoma City,Thunder,OKC,Oklahoma City Thunder,Thunder,007ac1,ef3b24,True,2559.0,https://a.espncdn.com/i/teamlogos/nba/500/scoreboard/okc.png,0,,7,s:40~l:46~t:7,Denver,Nuggets,DEN,Denver Nuggets,Nuggets,True,0,,401810717,2026,2,0e2240,fec524,892.0,https://a.espncdn.com/i/teamlogos/nba/500/scoreboard/den.png,,False,,2026-02-27 21:30:00,2026-02-27,False,DEN @ OKC
401810716,s:40~l:46~e:401810716~c:401810716,2026-02-28,0,True,False,False,False,2026-02-28T01:30Z,,,1,STD,516.0,American Airlines Center,Dallas,TX,True,0,0.0,0,1,STATUS_SCHEDULED,pre,False,Scheduled,"Fri, February 27th at 8:30 PM EST",2/27 - 8:30 PM EST,4,6,s:40~l:46~t:6,Dallas,Mavericks,DAL,Dallas Mavericks,Mavericks,0064b1,bbc4ca,True,516.0,https://a.espncdn.com/i/teamlogos/nba/500/scoreboard/dal.png,0,,29,s:40~l:46~t:29,Memphis,Grizzlies,MEM,Memphis Grizzlies,Grizzlies,True,0,,401810716,2026,2,5d76a9,12173f,1392.0,https://a.espncdn.com/i/teamlogos/nba/500/scoreboard/mem.png,,False,,2026-02-27 20:30:00,2026-02-27,False,MEM @ DAL
401810715,s:40~l:46~e:401810715~c:401810715,2026-02-28,0,True,False,False,False,2026-02-28T01:00Z,,,1,STD,5777.0,Fiserv Forum,Milwaukee,WI,True,0,0.0,0,1,STATUS_SCHEDULED,pre,False,Scheduled,"Fri, February 27th at 8:00 PM EST",2/27 - 8:00 PM EST,4,15,s:40~l:46~t:15,Milwaukee,Bucks,MIL,Milwaukee Bucks,Bucks,00471b,eee1c6,True,2099.0,https://a.espncdn.com/i/teamlogos/nba/500/scoreboard/mil.png,0,,18,s:40~l:46~t:18,New York,Knicks,NY,New York Knicks,Knicks,True,0,,401810715,2026,2,1d428a,f58426,1830.0,https://a.espncdn.com/i/teamlogos/nba/500/scoreboard/ny.png,,False,,2026-02-27 20:00:00,2026-02-27,False,NYK @ MIL
401810714,s:40~l:46~e:401810714~c:401810714,2026-02-28,0,True,False,False,False,2026-02-28T00:30Z,,,1,STD,1824.0,TD Garden,Boston,MA,True,0,0.0,0,1,STATUS_SCHEDULED,pre,False,Scheduled,"Fri, February 27th at 7:30 PM EST",2/27 - 7:30 PM EST,4,2,s:40~l:46~t:2,Boston,Celtics,BOS,Boston Celtics,Celtics,008348,ffffff,True,1824.0,https://a.espncdn.com/i/teamlogos/nba/500/scoreboard/bos.png,0,,17,s:40~l:46~t:17,Brooklyn,Nets,BKN,Brooklyn Nets,Nets,True,0,,401810714,2026,2,000000,ffffff,1826.0,https://a.espncdn.com/i/teamlogos/nba/500/scoreboard/bkn.png,,False,,2026-02-27 19:30:00,2026-02-27,False,BKN @ BOS
401810713,s:40~l:46~e:401810713~c:401810713,2026-02-28,0,True,False,False,False,2026-02-28T00:00Z,,,1,STD,5404.0,Little Caesars Arena,Detroit,MI,True,0,0.0,0,1,STATUS_SCHEDULED,pre,False,Scheduled,"Fri, February 27th at 7:00 PM EST",2/27 - 7:00 PM EST,4,8,s:40~l:46~t:8,Detroit,Pistons,DET,Detroit Pistons,Pistons,1d428a,c8102e,True,5311.0,https://a.espncdn.com/i/teamlogos/nba/500/scoreboard/det.png,0,,5,s:40~l:46~t:5,Cleveland,Cavaliers,CLE,Cleveland Cavaliers,Cavaliers,True,0,,401810713,2026,2,860038,bc945c,3417.0,https://a.espncdn.com/i/teamlogos/nba/500/scoreboard/cle.png,,False,,2026-02-27 19:00:00,2026-02-27,False,CLE @ DET
401810712,s:40~l:46~e:401810712~c:401810712,2026-02-27,0,True,False,False,False,2026-02-27T03:00Z,,,1,STD,10642.0,Intuit Dome,Inglewood,CA,True,0,0.0,0,1,STATUS_SCHEDULED,pre,False,Scheduled,"Thu, February 26th at 10:00 PM EST",2/26 - 10:00 PM EST,4,12,s:40~l:46~t:12,LA,Clippers,LAC,LA Clippers,Clippers,12173f,c8102e,True,1841.0,https://a.espncdn.com/i/teamlogos/nba/500/scoreboard/lac.png,0,,16,s:40~l:46~t:16,Minnesota,Timberwolves,MIN,Minnesota Timberwolves,Timberwolves,True,0,,401810712,2026,2,266092,79bc43,2029.0,https://a.espncdn.com/i/teamlogos/nba/500/scoreboard/min.png,,False,,2026-02-26 22:00:00,2026-02-26,False,MIN @ LAC
401810710,s:40~l:46~e:401810710~c:401810710,2026-02-27,0,True,False,False,False,2026-02-27T02:00Z,,,1,STD,1949.0,Mortgage Matchup Center,Phoenix,AZ,True,0,0.0,0,1,STATUS_SCHEDULED,pre,False,Scheduled,"Thu, February 26th at 9:00 PM EST",2/26 - 9:00 PM EST,4,21,s:40~l:46~t:21,Phoenix,Suns,PHX,Phoenix Suns,Suns,29127a,e56020,True,1949.0,https://a.espncdn.com/i/teamlogos/nba/500/scoreboard/phx.png,0,,13,s:40~l:46~t:13,Los Angeles,Lakers,LAL,Los Angeles Lakers,Lakers,True,0,,401810710,2026,2,552583,fdb927,1841.0,https://a.espncdn.com/i/teamlogos/nba/500/scoreboard/lal.png,,False,,2026-02-26 21:00:00,2026-02-26,False,LAL @ PHX
401810711,s:40~l:46~e:401810711~c:401810711,2026-02-27,0,True,False,False,False,2026-02-27T02:00Z,,,1,STD,3093.0,Delta Center,Salt Lake City,UT,True,0,0.0,0,1,STATUS_SCHEDULED,pre,False,Scheduled,"Thu, February 26th at 9:00 PM EST",2/26 - 9:00 PM EST,4,26,s:40~l:46~t:26,Utah,Jazz,UTAH,Utah Jazz,Jazz,4e008e,79a3dc,True,3093.0,https://a.espncdn.com/i/teamlogos/nba/500/scoreboard/utah.png,0,,3,s:40~l:46~t:3,New Orleans,Pelicans,NO,New Orleans Pelicans,Pelicans,True,0,,401810711,2026,2,0a2240,b4975a,985.0,https://a.espncdn.com/i/teamlogos/nba/500/scoreboard/no.png,,False,,2026-02-26 21:00:00,2026-02-26,False,NOP @ UTA
401810709,s:40~l:46~e:401810709~c:401810709,2026-02-27,0,True,False,False,False,2026-02-27T01:30Z,,,1,STD,516.0,American Airlines Center,Dallas,TX,True,0,0.0,0,1,STATUS_SCHEDULED,pre,False,Scheduled,"Thu, February 26th at 8:30 PM EST",2/26 - 8:30 PM EST,4,6,s:40~l:46~t:6,Dallas,Mavericks,DAL,Dallas Mavericks,Mavericks,0064b1,bbc4ca,True,516.0,https://a.espncdn.com/i/teamlogos/nba/500/scoreboard/dal.png,0,,23,s:40~l:46~t:23,Sacramento,Kings,SAC,Sacramento Kings,Kings,True,0,,401810709,2026,2,5a2d81,6a7a82,2247.0,https://a.espncdn.com/i/teamlogos/nba/500/scoreboard/sac.png,,False,,2026-02-26 20:30:00,2026-02-26,False,SAC @ DAL
401810708,s:40~l:46~e:401810708~c:401810708,2026-02-27,0,True,False,False,False,2026-02-27T01:00Z,,,1,STD,1847.0,United Center,Chicago,IL,True,0,0.0,0,1,STATUS_SCHEDULED,pre,False,Scheduled,"Thu, February 26th at 8:00 PM EST",2/26 - 8:00 PM EST,4,4,s:40~l:46~t:4,Chicago,Bulls,CHI,Chicago Bulls,Bulls,ce1141,000000,True,1847.0,https://a.espncdn.com/i/teamlogos/nba/500/scoreboard/chi.png,0,,22,s:40~l:46~t:22,Portland,Trail Blazers,POR,Portland Trail Blazers,Trail Blazers,True,0,,401810708,2026,2,e03a3e,000000,3423.0,https://a.espncdn.com/i/teamlogos/nba/500/scoreboard/por.png,,False,,2026-02-26 20:00:00,2026-02-26,False,POR @ CHI
401810705,s:40~l:46~e:401810705~c:401810705,2026-02-27,0,True,False,False,False,2026-02-27T00:30Z,,,1,STD,1827.0,State Farm Arena,Atlanta,GA,True,0,0.0,0,1,STATUS_SCHEDULED,pre,False,Scheduled,"Thu, February 26th at 7:30 PM EST",2/26 - 7:30 PM EST,4,1,s:40~l:46~t:1,Atlanta,Hawks,ATL,Atlanta Hawks,Hawks,c8102e,fdb927,True,1827.0,https://a.espncdn.com/i/teamlogos/nba/500/scoreboard/atl.png,0,,27,s:40~l:46~t:27,Washington,Wizards,WSH,Washington Wizards,Wizards,True,0,,401810705,2026,2,e31837,002b5c,1823.0,https://a.espncdn.com/i/teamlogos/nba/500/scoreboard/wsh.png,,False,,2026-02-26 19:30:00,2026-02-26,False,WAS @ ATL
401810706,s:40~l:46~e:401810706~c:401810706,2026-02-27,0,True,False,False,False,2026-02-27T00:30Z,,,1,STD,3559.0,Barclays Center,Brooklyn,NY,True,0,0.0,0,1,STATUS_SCHEDULED,pre,False,Scheduled,"Thu, February 26th at 7:30 PM EST",2/26 - 7:30 PM EST,4,17,s:40~l:46~t:17,Brooklyn,Nets,BKN,Brooklyn Nets,Nets,000000,ffffff,True,1826.0,https://a.espncdn.com/i/teamlogos/nba/500/scoreboard/bkn.png,0,,24,s:40~l:46~t:24,San Antonio,Spurs,SA,San Antonio Spurs,Spurs,True,0,,401810706,2026,2,000000,c4ced4,780.0,https://a.espncdn.com/i/teamlogos/nba/500/scoreboard/sa.png,,False,,2026-02-26 19:30:00,2026-02-26,False,SAS @ BKN
401810707,s:40~l:46~e:401810707~c:401810707,2026-02-27,0,True,False,False,False,2026-02-27T00:30Z,,,1,STD,3432.0,Kia Center,Orlando,FL,True,0,0.0,0,1,STATUS_SCHEDULED,pre,False,Scheduled,"Thu, February 26th at 7:30 PM EST",2/26 - 7:30 PM EST,4,19,s:40~l:46~t:19,Orlando,Magic,ORL,Orlando Magic,Magic,0150b5,9ca0a3,True,3432.0,https://a.espncdn.com/i/teamlogos/nba/500/scoreboard/orl.png,0,,10,s:40~l:46~t:10,Houston,Rockets,HOU,Houston Rockets,Rockets,True,0,,401810707,2026,2,ce1141,000000,1394.0,https://a.espncdn.com/i/teamlogos/nba/500/scoreboard/hou.png,,False,,2026-02-26 19:30:00,2026-02-26,False,HOU @ ORL
401810703,s:40~l:46~e:401810703~c:401810703,2026-02-27,0,True,False,False,False,2026-02-27T00:00Z,,,1,STD,2183.0,Gainbridge Fieldhouse,Indianapolis,IN,True,0,0.0,0,1,STATUS_SCHEDULED,pre,False,Scheduled,"Thu, February 26th at 7:00 PM EST",2/26 - 7:00 PM EST,4,11,s:40~l:46~t:11,Indiana,Pacers,IND,Indiana Pacers,Pacers,0c2340,ffd520,True,2183.0,https://a.espncdn.com/i/teamlogos/nba/500/scoreboard/ind.png,0,,30,s:40~l:46~t:30,Charlotte,Hornets,CHA,Charlotte Hornets,Hornets,True,0,,401810703,2026,2,008ca8,1d1060,1893.0,https://a.espncdn.com/i/teamlogos/nba/500/scoreboard/cha.png,,False,,2026-02-26 19:00:00,2026-02-26,False,CHA @ IND
401810704,s:40~l:46~e:401810704~c:401810704,2026-02-27,0,True,False,False,False,2026-02-27T00:00Z,,,1,STD,1845.0,Xfinity Mobile Arena,Philadelphia,PA,True,0,0.0,0,1,STATUS_SCHEDULED,pre,False,Scheduled,"Thu, February 26th at 7:00 PM EST",2/26 - 7:00 PM EST,4,20,s:40~l:46~t:20,Philadelphia,76ers,PHI,Philadelphia 76ers,76ers,1d428a,e01234,True,1845.0,https://a.espncdn.com/i/teamlogos/nba/500/scoreboard/phi.png,0,,14,s:40~l:46~t:14,Miami,Heat,MIA,Miami Heat,Heat,True,0,,401810704,2026,2,98002e,000000,3438.0,https://a.espncdn.com/i/teamlogos/nba/500/scoreboard/mia.png,,False,,2026-02-26 19:00:00,2026-02-26,False,MIA @ PHI
401810702,s:40~l:46~e:401810702~c:401810702,2026-02-26,0,True,False,False,False,2026-02-26T03:00Z,,,1,STD,892.0,Ball Arena,Denver,CO,True,0,0.0,0,1,STATUS_SCHEDULED,pre,False,Scheduled,"Wed, February 25th at 10:00 PM EST",2/25 - 10:00 PM EST,4,7,s:40~l:46~t:7,Denver,Nuggets,DEN,Denver Nuggets,Nuggets,0e2240,fec524,True,892.0,https://a.espncdn.com/i/teamlogos/nba/500/scoreboard/den.png,0,,2,s:40~l:46~t:2,Boston,Celtics,BOS,Boston Celtics,Celtics,True,0,,401810702,2026,2,008348,ffffff,1824.0,https://a.espncdn.com/i/teamlogos/nba/500/scoreboard/bos.png,,False,,2026-02-25 22:00:00,2026-02-25,False,BOS @ DEN
401810700,s:40~l:46~e:401810700~c:401810700,2026-02-26,0,True,False,False,False,2026-02-26T01:00Z,,,1,STD,1394.0,Toyota Center (Houston),Houston,TX,True,0,0.0,0,1,STATUS_SCHEDULED,pre,False,Scheduled,"Wed, February 25th at 8:00 PM EST",2/25 - 8:00 PM EST,4,10,s:40~l:46~t:10,Houston,Rockets,HOU,Houston Rockets,Rockets,ce1141,000000,True,1394.0,https://a.espncdn.com/i/teamlogos/nba/500/scoreboard/hou.png,0,,23,s:40~l:46~t:23,Sacramento,Kings,SAC,Sacramento Kings,Kings,True,0,,401810700,2026,2,5a2d81,6a7a82,2247.0,https://a.espncdn.com/i/teamlogos/nba/500/scoreboard/sac.png,,False,,2026-02-25 20:00:00,2026-02-25,False,SAC @ HOU
401810701,s:40~l:46~e:401810701~c:401810701,2026-02-26,0,True,False,False,False,2026-02-26T01:00Z,,,1,STD,5777.0,Fiserv Forum,Milwaukee,WI,True,0,0.0,0,1,STATUS_SCHEDULED,pre,False,Scheduled,"Wed, February 25th at 8:00 PM EST",2/25 - 8:00 PM EST,4,15,s:40~l:46~t:15,Milwaukee,Bucks,MIL,Milwaukee Bucks,Bucks,00471b,eee1c6,True,2099.0,https://a.espncdn.com/i/teamlogos/nba/500/scoreboard/mil.png,0,,5,s:40~l:46~t:5,Cleveland,Cavaliers,CLE,Cleveland Cavaliers,Cavaliers,True,0,,401810701,2026,2,860038,bc945c,3417.0,https://a.espncdn.com/i/teamlogos/nba/500/scoreboard/cle.png,,False,,2026-02-25 20:00:00,2026-02-25,False,CLE @ MIL
401810697,s:40~l:46~e:401810697~c:401810697,2026-02-26,0,True,False,False,False,2026-02-26T00:30Z,,,1,STD,5404.0,Little Caesars Arena,Detroit,MI,True,0,0.0,0,1,STATUS_SCHEDULED,pre,False,Scheduled,"Wed, February 25th at 7:30 PM EST",2/25 - 7:30 PM EST,4,8,s:40~l:46~t:8,Detroit,Pistons,DET,Detroit Pistons,Pistons,1d428a,c8102e,True,5311.0,https://a.espncdn.com/i/teamlogos/nba/500/scoreboard/det.png,0,,25,s:40~l:46~t:25,Oklahoma City,Thunder,OKC,Oklahoma City Thunder,Thunder,True,0,,401810697,2026,2,007ac1,ef3b24,2559.0,https://a.espncdn.com/i/teamlogos/nba/500/scoreboard/okc.png,,False,,2026-02-25 19:30:00,2026-02-25,False,OKC @ DET
401810698,s:40~l:46~e:401810698~c:401810698,2026-02-26,0,True,False,False,False,2026-02-26T00:30Z,,,1,STD,1838.0,Scotiabank Arena,Toronto,ON,True,0,0.0,0,1,STATUS_SCHEDULED,pre,False,Scheduled,"Wed, February 25th at 7:30 PM EST",2/25 - 7:30 PM EST,4,28,s:40~l:46~t:28,Toronto,Raptors,TOR,Toronto Raptors,Raptors,d91244,000000,True,1838.0,https://a.espncdn.com/i/teamlogos/nba/500/scoreboard/tor.png,0,,24,s:40~l:46~t:24,San Antonio,Spurs,SA,San Antonio Spurs,Spurs,True,0,,401810698,2026,2,000000,c4ced4,780.0,https://a.espncdn.com/i/teamlogos/nba/500/scoreboard/sa.png,,False,,2026-02-25 19:30:00,2026-02-25,False,SAS @ TOR
401810699,s:40~l:46~e:401810699~c:401810699,2026-02-26,0,True,False,False,False,2026-02-26T00:30Z,,,1,STD,1392.0,FedExForum,Memphis,TN,True,0,0.0,0,1,STATUS_SCHEDULED,pre,False,Scheduled,"Wed, February 25th at 7:30 PM EST",2/25 - 7:30 PM EST,4,29,s:40~l:46~t:29,Memphis,Grizzlies,MEM,Memphis Grizzlies,Grizzlies,5d76a9,12173f,True,1392.0,https://a.espncdn.com/i/teamlogos/nba/500/scoreboard/mem.png,0,,9,s:40~l:46~t:9,Golden State,Warriors,GS,Golden State Warriors,Warriors,True,0,,401810699,2026,2,fdb927,1d428a,2465.0,https://a.espncdn.com/i/teamlogos/nba/500/scoreboard/gs.png,,False,,2026-02-25 19:30:00,2026-02-25,False,GSW @ MEM
401810695,s:40~l:46~e:401810695~c:401810695,2026-02-25,0,True,False,False,False,2026-02-25T03:30Z,,,1,STD,1841.0,crypto.com Arena,Los Angeles,CA,True,0,0.0,0,1,STATUS_SCHEDULED,pre,False,Scheduled,"Tue, February 24th at 10:30 PM EST",2/24 - 10:30 PM EST,4,13,s:40~l:46~t:13,Los Angeles,Lakers,LAL,Los Angeles Lakers,Lakers,552583,fdb927,True,1841.0,https://a.espncdn.com/i/teamlogos/nba/500/scoreboard/lal.png,0,,19,s:40~l:46~t:19,Orlando,Magic,ORL,Orlando Magic,Magic,True,0,,401810695,2026,2,0150b5,9ca0a3,3432.0,https://a.espncdn.com/i/teamlogos/nba/500/scoreboard/orl.png,,False,,2026-02-24 22:30:00,2026-02-24,False,ORL @ LAL
401810696,s:40~l:46~e:401810696~c:401810696,2026-02-25,0,True,False,False,False,2026-02-25T03:00Z,,,1,STD,3423.0,Moda Center,Portland,OR,True,0,0.0,0,1,STATUS_SCHEDULED,pre,False,Scheduled,"Tue, February 24th at 10:00 PM EST",2/24 - 10:00 PM EST,4,22,s:40~l:46~t:22,Portland,Trail Blazers,POR,Portland Trail Blazers,Trail Blazers,e03a3e,000000,True,3423.0,https://a.espncdn.com/i/teamlogos/nba/500/scoreboard/por.png,0,,16,s:40~l:46~t:16,Minnesota,Timberwolves,MIN,Minnesota Timberwolves,Timberwolves,True,0,,401810696,2026,2,266092,79bc43,2029.0,https://a.espncdn.com/i/teamlogos/nba/500/scoreboard/min.png,,False,,2026-02-24 22:00:00,2026-02-24,False,MIN @ POR
401810694,s:40~l:46~e:401810694~c:401810694,2026-02-25,0,True,False,False,False,2026-02-25T02:00Z,,,1,STD,1949.0,Mortgage Matchup Center,Phoenix,AZ,True,0,0.0,0,1,STATUS_SCHEDULED,pre,False,Scheduled,"Tue, February 24th at 9:00 PM EST",2/24 - 9:00 PM EST,4,21,s:40~l:46~t:21,Phoenix,Suns,PHX,Phoenix Suns,Suns,29127a,e56020,True,1949.0,https://a.espncdn.com/i/teamlogos/nba/500/scoreboard/phx.png,0,,2,s:40~l:46~t:2,Boston,Celtics,BOS,Boston Celtics,Celtics,True,0,,401810694,2026,2,008348,ffffff,1824.0,https://a.espncdn.com/i/teamlogos/nba/500/scoreboard/bos.png,,False,,2026-02-24 21:00:00,2026-02-24,False,BOS @ PHX
401810691,s:40~l:46~e:401810691~c:401810691,2026-02-25,0,True,False,False,False,2026-02-25T01:00Z,,,1,STD,1847.0,United Center,Chicago,IL,True,0,0.0,0,1,STATUS_SCHEDULED,pre,False,Scheduled,"Tue, February 24th at 8:00 PM EST",2/24 - 8:00 PM EST,4,4,s:40~l:46~t:4,Chicago,Bulls,CHI,Chicago Bulls,Bulls,ce1141,000000,True,1847.0,https://a.espncdn.com/i/teamlogos/nba/500/scoreboard/chi.png,0,,30,s:40~l:46~t:30,Charlotte,Hornets,CHA,Charlotte Hornets,Hornets,True,0,,401810691,2026,2,008ca8,1d1060,1893.0,https://a.espncdn.com/i/teamlogos/nba/500/scoreboard/cha.png,,False,,2026-02-24 20:00:00,2026-02-24,False,CHA @ CHI
401810692,s:40~l:46~e:401810692~c:401810692,2026-02-25,0,True,False,False,False,2026-02-25T01:00Z,,,1,STD,5777.0,Fiserv Forum,Milwaukee,WI,True,0,0.0,0,1,STATUS_SCHEDULED,pre,False,Scheduled,"Tue, February 24th at 8:00 PM EST",2/24 - 8:00 PM EST,4,15,s:40~l:46~t:15,Milwaukee,Bucks,MIL,Milwaukee Bucks,Bucks,00471b,eee1c6,True,2099.0,https://a.espncdn.com/i/teamlogos/nba/500/scoreboard/mil.png,0,,14,s:40~l:46~t:14,Miami,Heat,MIA,Miami Heat,Heat,True,0,,401810692,2026,2,98002e,000000,3438.0,https://a.espncdn.com/i/teamlogos/nba/500/scoreboard/mia.png,,False,,2026-02-24 20:00:00,2026-02-24,False,MIA @ MIL
401810693,s:40~l:46~e:401810693~c:401810693,2026-02-25,0,True,False,False,False,2026-02-25T01:00Z,,,1,STD,985.0,Smoothie King Center,New Orleans,LA,True,0,0.0,0,1,STATUS_SCHEDULED,pre,False,Scheduled,"Tue, February 24th at 8:00 PM EST",2/24 - 8:00 PM EST,4,3,s:40~l:46~t:3,New Orleans,Pelicans,NO,New Orleans Pelicans,Pelicans,0a2240,b4975a,True,985.0,https://a.espncdn.com/i/teamlogos/nba/500/scoreboard/no.png,0,,9,s:40~l:46~t:9,Golden State,Warriors,GS,Golden State Warriors,Warriors,True,0,,401810693,2026,2,fdb927,1d428a,2465.0,https://a.espncdn.com/i/teamlogos/nba/500/scoreboard/gs.png,,False,,2026-02-24 20:00:00,2026-02-24,False,GSW @ NOP
401810687,s:40~l:46~e:401810687~c:401810687,2026-02-25,0,True,False,False,False,2026-02-25T00:30Z,,,1,STD,1827.0,State Farm Arena,Atlanta,GA,True,0,0.0,0,1,STATUS_SCHEDULED,pre,False,Scheduled,"Tue, February 24th at 7:30 PM EST",2/24 - 7:30 PM EST,4,1,s:40~l:46~t:1,Atlanta,Hawks,ATL,Atlanta Hawks,Hawks,c8102e,fdb927,True,1827.0,https://a.espncdn.com/i/teamlogos/nba/500/scoreboard/atl.png,0,,27,s:40~l:46~t:27,Washington,Wizards,WSH,Washington Wizards,Wizards,True,0,,401810687,2026,2,e31837,002b5c,1823.0,https://a.espncdn.com/i/teamlogos/nba/500/scoreboard/wsh.png,,False,,2026-02-24 19:30:00,2026-02-24,False,WAS @ ATL
401810688,s:40~l:46~e:401810688~c:401810688,2026-02-25,0,True,False,False,False,2026-02-25T00:30Z,,,1,STD,3559.0,Barclays Center,Brooklyn,NY,True,0,0.0,0,1,STATUS_SCHEDULED,pre,False,Scheduled,"Tue, February 24th at 7:30 PM EST",2/24 - 7:30 PM EST,4,17,s:40~l:46~t:17,Brooklyn,Nets,BKN,Brooklyn Nets,Nets,000000,ffffff,True,1826.0,https://a.espncdn.com/i/teamlogos/nba/500/scoreboard/bkn.png,0,,6,s:40~l:46~t:6,Dallas,Mavericks,DAL,Dallas Mavericks,Mavericks,True,0,,401810688,2026,2,0064b1,bbc4ca,516.0,https://a.espncdn.com/i/teamlogos/nba/500/scoreboard/dal.png,,False,,2026-02-24 19:30:00,2026-02-24,False,DAL @ BKN
401810689,s:40~l:46~e:401810689~c:401810689,2026-02-25,0,True,False,False,False,2026-02-25T00:30Z,,,1,STD,1838.0,Scotiabank Arena,Toronto,ON,True,0,0.0,0,1,STATUS_SCHEDULED,pre,False,Scheduled,"Tue, February 24th at 7:30 PM EST",2/24 - 7:30 PM EST,4,28,s:40~l:46~t:28,Toronto,Raptors,TOR,Toronto Raptors,Raptors,d91244,000000,True,1838.0,https://a.espncdn.com/i/teamlogos/nba/500/scoreboard/tor.png,0,,25,s:40~l:46~t:25,Oklahoma City,Thunder,OKC,Oklahoma City Thunder,Thunder,True,0,,401810689,2026,2,007ac1,ef3b24,2559.0,https://a.espncdn.com/i/teamlogos/nba/500/scoreboard/okc.png,,False,,2026-02-24 19:30:00,2026-02-24,False,OKC @ TOR
401810690,s:40~l:46~e:401810690~c:401810690,2026-02-25,0,True,False,False,False,2026-02-25T00:30Z,,,1,STD,3417.0,Rocket Arena,Cleveland,OH,True,0,0.0,0,1,STATUS_SCHEDULED,pre,False,Scheduled,"Tue, February 24th at 7:30 PM EST",2/24 - 7:30 PM EST,4,5,s:40~l:46~t:5,Cleveland,Cavaliers,CLE,Cleveland Cavaliers,Cavaliers,860038,bc945c,True,3417.0,https://a.espncdn.com/i/teamlogos/nba/500/scoreboard/cle.png,0,,18,s:40~l:46~t:18,New York,Knicks,NY,New York Knicks,Knicks,True,0,,401810690,2026,2,1d428a,f58426,1830.0,https://a.espncdn.com/i/teamlogos/nba/500/scoreboard/ny.png,,False,,2026-02-24 19:30:00,2026-02-24,False,NYK @ CLE
401810686,s:40~l:46~e:401810686~c:401810686,2026-02-25,0,True,False,False,False,2026-02-25T00:00Z,,,1,STD,2183.0,Gainbridge Fieldhouse,Indianapolis,IN,True,0,0.0,0,1,STATUS_SCHEDULED,pre,False,Scheduled,"Tue, February 24th at 7:00 PM EST",2/24 - 7:00 PM EST,4,11,s:40~l:46~t:11,Indiana,Pacers,IND,Indiana Pacers,Pacers,0c2340,ffd520,True,2183.0,https://a.espncdn.com/i/teamlogos/nba/500/scoreboard/ind.png,0,,20,s:40~l:46~t:20,Philadelphia,76ers,PHI,Philadelphia 76ers,76ers,True,0,,401810686,2026,2,1d428a,e01234,1845.0,https://a.espncdn.com/i/teamlogos/nba/500/scoreboard/phi.png,,False,,2026-02-24 19:00:00,2026-02-24,False,PHI @ IND
401810685,s:40~l:46~e:401810685~c:401810685,2026-02-24,0,True,False,False,False,2026-02-24T02:30Z,,,1,STD,1394.0,Toyota Center (Houston),Houston,TX,True,0,0.0,0,1,STATUS_SCHEDULED,pre,False,Scheduled,"Mon, February 23rd at 9:30 PM EST",2/23 - 9:30 PM EST,4,10,s:40~l:46~t:10,Houston,Rockets,HOU,Houston Rockets,Rockets,ce1141,000000,True,1394.0,https://a.espncdn.com/i/teamlogos/nba/500/scoreboard/hou.png,0,,26,s:40~l:46~t:26,Utah,Jazz,UTAH,Utah Jazz,Jazz,True,0,,401810685,2026,2,4e008e,79a3dc,3093.0,https://a.espncdn.com/i/teamlogos/nba/500/scoreboard/utah.png,,False,,2026-02-23 21:30:00,2026-02-23,False,UTA @ HOU
401810684,s:40~l:46~e:401810684~c:401810684,2026-02-24,0,True,False,False,False,2026-02-24T01:00Z,,,1,STD,1392.0,FedExForum,Memphis,TN,True,0,0.0,0,1,STATUS_SCHEDULED,pre,False,Scheduled,"Mon, February 23rd at 8:00 PM EST",2/23 - 8:00 PM EST,4,29,s:40~l:46~t:29,Memphis,Grizzlies,MEM,Memphis Grizzlies,Grizzlies,5d76a9,12173f,True,1392.0,https://a.espncdn.com/i/teamlogos/nba/500/scoreboard/mem.png,0,,23,s:40~l:46~t:23,Sacramento,Kings,SAC,Sacramento Kings,Kings,True,0,,401810684,2026,2,5a2d81,6a7a82,2247.0,https://a.espncdn.com/i/teamlogos/nba/500/scoreboard/sac.png,,False,,2026-02-23 20:00:00,2026-02-23,False,SAC @ MEM
401810683,s:40~l:46~e:401810683~c:401810683,2026-02-24,0,True,False,False,False,2026-02-24T00:00Z,,,1,STD,5404.0,Little Caesars Arena,Detroit,MI,True,0,0.0,0,1,STATUS_SCHEDULED,pre,False,Scheduled,"Mon, February 23rd at 7:00 PM EST",2/23 - 7:00 PM EST,4,8,s:40~l:46~t:8,Detroit,Pistons,DET,Detroit Pistons,Pistons,1d428a,c8102e,True,5311.0,https://a.espncdn.com/i/teamlogos/nba/500/scoreboard/det.png,0,,24,s:40~l:46~t:24,San Antonio,Spurs,SA,San Antonio Spurs,Spurs,True,0,,401810683,2026,2,000000,c4ced4,780.0,https://a.espncdn.com/i/teamlogos/nba/500/scoreboard/sa.png,,False,,2026-02-23 19:00:00,2026-02-23,False,SAS @ DET
401810682,s:40~l:46~e:401810682~c:401810682,2026-02-23,0,True,False,False,False,2026-02-23T02:00Z,,,1,STD,10642.0,Intuit Dome,Inglewood,CA,True,0,0.0,0,1,STATUS_SCHEDULED,pre,False,Scheduled,"Sun, February 22nd at 9:00 PM EST",2/22 - 9:00 PM EST,4,12,s:40~l:46~t:12,LA,Clippers,LAC,LA Clippers,Clippers,12173f,c8102e,True,1841.0,https://a.espncdn.com/i/teamlogos/nba/500/scoreboard/lac.png,0,,19,s:40~l:46~t:19,Orlando,Magic,ORL,Orlando Magic,Magic,True,0,,401810682,2026,2,0150b5,9ca0a3,3432.0,https://a.espncdn.com/i/teamlogos/nba/500/scoreboard/orl.png,,False,,2026-02-22 21:00:00,2026-02-22,False,ORL @ LAC
401810680,s:40~l:46~e:401810680~c:401810680,2026-02-23,0,True,False,False,False,2026-02-23T01:00Z,,,1,STD,1847.0,United Center,Chicago,IL,True,0,0.0,0,1,STATUS_SCHEDULED,pre,False,Scheduled,"Sun, February 22nd at 8:00 PM EST",2/22 - 8:00 PM EST,4,4,s:40~l:46~t:4,Chicago,Bulls,CHI,Chicago Bulls,Bulls,ce1141,000000,True,1847.0,https://a.espncdn.com/i/teamlogos/nba/500/scoreboard/chi.png,0,,18,s:40~l:46~t:18,New York,Knicks,NY,New York Knicks,Knicks,True,0,,401810680,2026,2,1d428a,f58426,1830.0,https://a.espncdn.com/i/teamlogos/nba/500/scoreboard/ny.png,,False,,2026-02-22 20:00:00,2026-02-22,False,NYK @ CHI
401810681,s:40~l:46~e:401810681~c:401810681,2026-02-23,0,True,False,False,False,2026-02-23T01:00Z,,,1,STD,1949.0,Mortgage Matchup Center,Phoenix,AZ,True,0,0.0,0,1,STATUS_SCHEDULED,pre,False,Scheduled,"Sun, February 22nd at 8:00 PM EST",2/22 - 8:00 PM EST,4,21,s:40~l:46~t:21,Phoenix,Suns,PHX,Phoenix Suns,Suns,29127a,e56020,True,1949.0,https://a.espncdn.com/i/teamlogos/nba/500/scoreboard/phx.png,0,,22,s:40~l:46~t:22,Portland,Trail Blazers,POR,Portland Trail Blazers,Trail Blazers,True,0,,401810681,2026,2,e03a3e,000000,3423.0,https://a.espncdn.com/i/teamlogos/nba/500/scoreboard/por.png,,False,,2026-02-22 20:00:00,2026-02-22,False,POR @ PHX
401810679,s:40~l:46~e:401810679~c:401810679,2026-02-23,0,True,False,False,False,2026-02-23T00:00Z,,,1,STD,2029.0,Target Center,Minneapolis,MN,True,0,0.0,0,1,STATUS_SCHEDULED,pre,False,Scheduled,"Sun, February 22nd at 7:00 PM EST",2/22 - 7:00 PM EST,4,16,s:40~l:46~t:16,Minnesota,Timberwolves,MIN,Minnesota Timberwolves,Timberwolves,266092,79bc43,True,2029.0,https://a.espncdn.com/i/teamlogos/nba/500/scoreboard/min.png,0,,20,s:40~l:46~t:20,Philadelphia,76ers,PHI,Philadelphia 76ers,76ers,True,0,,401810679,2026,2,1d428a,e01234,1845.0,https://a.espncdn.com/i/teamlogos/nba/500/scoreboard/phi.png,,False,,2026-02-22 19:00:00,2026-02-22,False,PHI @ MIN
401810678,s:40~l:46~e:401810678~c:401810678,2026-02-22,0,True,False,False,False,2026-02-22T23:30Z,,,1,STD,1841.0,crypto.com Arena,Los Angeles,CA,True,0,0.0,0,1,STATUS_SCHEDULED,pre,False,Scheduled,"Sun, February 22nd at 6:30 PM EST",2/22 - 6:30 PM EST,4,13,s:40~l:46~t:13,Los Angeles,Lakers,LAL,Los Angeles Lakers,Lakers,552583,fdb927,True,1841.0,https://a.espncdn.com/i/teamlogos/nba/500/scoreboard/lal.png,0,,2,s:40~l:46~t:2,Boston,Celtics,BOS,Boston Celtics,Celtics,True,0,,401810678,2026,2,008348,ffffff,1824.0,https://a.espncdn.com/i/teamlogos/nba/500/scoreboard/bos.png,,False,,2026-02-22 18:30:00,2026-02-22,False,BOS @ LAL
401810677,s:40~l:46~e:401810677~c:401810677,2026-02-22,0,True,False,False,False,2026-02-22T23:00Z,,,1,STD,1823.0,Capital One Arena,Washington,DC,True,0,0.0,0,1,STATUS_SCHEDULED,pre,False,Scheduled,"Sun, February 22nd at 6:00 PM EST",2/22 - 6:00 PM EST,4,27,s:40~l:46~t:27,Washington,Wizards,WSH,Washington Wizards,Wizards,e31837,002b5c,True,1823.0,https://a.espncdn.com/i/teamlogos/nba/500/scoreboard/wsh.png,0,,30,s:40~l:46~t:30,Charlotte,Hornets,CHA,Charlotte Hornets,Hornets,True,0,,401810677,2026,2,008ca8,1d1060,1893.0,https://a.espncdn.com/i/teamlogos/nba/500/scoreboard/cha.png,,False,,2026-02-22 18:00:00,2026-02-22,False,CHA @ WAS
401810676,s:40~l:46~e:401810676~c:401810676,2026-02-22,0,True,False,False,False,2026-02-22T22:00Z,,,1,STD,2183.0,Gainbridge Fieldhouse,Indianapolis,IN,True,0,0.0,0,1,STATUS_SCHEDULED,pre,False,Scheduled,"Sun, February 22nd at 5:00 PM EST",2/22 - 5:00 PM EST,4,11,s:40~l:46~t:11,Indiana,Pacers,IND,Indiana Pacers,Pacers,0c2340,ffd520,True,2183.0,https://a.espncdn.com/i/teamlogos/nba/500/scoreboard/ind.png,0,,6,s:40~l:46~t:6,Dallas,Mavericks,DAL,Dallas Mavericks,Mavericks,True,0,,401810676,2026,2,0064b1,bbc4ca,516.0,https://a.espncdn.com/i/teamlogos/nba/500/scoreboard/dal.png,,False,,2026-02-22 17:00:00,2026-02-22,False,DAL @ IND
401810673,s:40~l:46~e:401810673~c:401810673,2026-02-22,0,True,False,False,False,2026-02-22T20:30Z,,,1,STD,1827.0,State Farm Arena,Atlanta,GA,True,0,0.0,0,1,STATUS_SCHEDULED,pre,False,Scheduled,"Sun, February 22nd at 3:30 PM EST",2/22 - 3:30 PM EST,4,1,s:40~l:46~t:1,Atlanta,Hawks,ATL,Atlanta Hawks,Hawks,c8102e,fdb927,True,1827.0,https://a.espncdn.com/i/teamlogos/nba/500/scoreboard/atl.png,0,,17,s:40~l:46~t:17,Brooklyn,Nets,BKN,Brooklyn Nets,Nets,True,0,,401810673,2026,2,000000,ffffff,1826.0,https://a.espncdn.com/i/teamlogos/nba/500/scoreboard/bkn.png,,False,,2026-02-22 15:30:00,2026-02-22,False,BKN @ ATL
401810674,s:40~l:46~e:401810674~c:401810674,2026-02-22,0,True,False,False,False,2026-02-22T20:30Z,,,1,STD,5777.0,Fiserv Forum,Milwaukee,WI,True,0,0.0,0,1,STATUS_SCHEDULED,pre,False,Scheduled,"Sun, February 22nd at 3:30 PM EST",2/22 - 3:30 PM EST,4,15,s:40~l:46~t:15,Milwaukee,Bucks,MIL,Milwaukee Bucks,Bucks,00471b,eee1c6,True,2099.0,https://a.espncdn.com/i/teamlogos/nba/500/scoreboard/mil.png,0,,28,s:40~l:46~t:28,Toronto,Raptors,TOR,Toronto Raptors,Raptors,True,0,,401810674,2026,2,d91244,000000,1838.0,https://a.espncdn.com/i/teamlogos/nba/500/scoreboard/tor.png,,False,,2026-02-22 15:30:00,2026-02-22,False,TOR @ MIL
401810675,s:40~l:46~e:401810675~c:401810675,2026-02-22,0,True,False,False,False,2026-02-22T20:30Z,,,1,STD,6270.0,Chase Center,San Francisco,CA,True,0,0.0,0,1,STATUS_SCHEDULED,pre,False,Scheduled,"Sun, February 22nd at 3:30 PM EST",2/22 - 3:30 PM EST,4,9,s:40~l:46~t:9,Golden State,Warriors,GS,Golden State Warriors,Warriors,fdb927,1d428a,True,2465.0,https://a.espncdn.com/i/teamlogos/nba/500/scoreboard/gs.png,0,,7,s:40~l:46~t:7,Denver,Nuggets,DEN,Denver Nuggets,Nuggets,True,0,,401810675,2026,2,0e2240,fec524,892.0,https://a.espncdn.com/i/teamlogos/nba/500/scoreboard/den.png,,False,,2026-02-22 15:30:00,2026-02-22,False,DEN @ GSW
401810672,s:40~l:46~e:401810672~c:401810672,2026-02-22,0,True,False,False,False,2026-02-22T18:00Z,,,1,STD,2559.0,Paycom Center,Oklahoma City,OK,True,0,0.0,0,1,STATUS_SCHEDULED,pre,False,Scheduled,"Sun, February 22nd at 1:00 PM EST",2/22 - 1:00 PM EST,4,25,s:40~l:46~t:25,Oklahoma City,Thunder,OKC,Oklahoma City Thunder,Thunder,007ac1,ef3b24,True,2559.0,https://a.espncdn.com/i/teamlogos/nba/500/scoreboard/okc.png,0,,5,s:40~l:46~t:5,Cleveland,Cavaliers,CLE,Cleveland Cavaliers,Cavaliers,True,0,,401810672,2026,2,860038,bc945c,3417.0,https://a.espncdn.com/i/teamlogos/nba/500/scoreboard/cle.png,,False,,2026-02-22 13:00:00,2026-02-22,False,CLE @ OKC
401810671,s:40~l:46~e:401810671~c:401810671,2026-02-22,0,True,False,False,False,2026-02-22T01:30Z,,,1,STD,1830.0,Madison Square Garden,New York,NY,True,0,0.0,0,1,STATUS_SCHEDULED,pre,False,Scheduled,"Sat, February 21st at 8:30 PM EST",2/21 - 8:30 PM EST,4,18,s:40~l:46~t:18,New York,Knicks,NY,New York Knicks,Knicks,1d428a,f58426,True,1830.0,https://a.espncdn.com/i/teamlogos/nba/500/scoreboard/ny.png,0,,10,s:40~l:46~t:10,Houston,Rockets,HOU,Houston Rockets,Rockets,True,0,,401810671,2026,2,ce1141,000000,1394.0,https://a.espncdn.com/i/teamlogos/nba/500/scoreboard/hou.png,,False,,2026-02-21 20:30:00,2026-02-21,False,HOU @ NYK
401810668,s:40~l:46~e:401810668~c:401810668,2026-02-22,0,True,False,False,False,2026-02-22T01:00Z,,,1,STD,3438.0,Kaseya Center,Miami,FL,True,0,0.0,0,1,STATUS_SCHEDULED,pre,False,Scheduled,"Sat, February 21st at 8:00 PM EST",2/21 - 8:00 PM EST,4,14,s:40~l:46~t:14,Miami,Heat,MIA,Miami Heat,Heat,98002e,000000,True,3438.0,https://a.espncdn.com/i/teamlogos/nba/500/scoreboard/mia.png,0,,29,s:40~l:46~t:29,Memphis,Grizzlies,MEM,Memphis Grizzlies,Grizzlies,True,0,,401810668,2026,2,5d76a9,12173f,1392.0,https://a.espncdn.com/i/teamlogos/nba/500/scoreboard/mem.png,,False,,2026-02-21 20:00:00,2026-02-21,False,MEM @ MIA
401810669,s:40~l:46~e:401810669~c:401810669,2026-02-22,0,True,False,False,False,2026-02-22T01:00Z,,,1,STD,1847.0,United Center,Chicago,IL,True,0,0.0,0,1,STATUS_SCHEDULED,pre,False,Scheduled,"Sat, February 21st at 8:00 PM EST",2/21 - 8:00 PM EST,4,4,s:40~l:46~t:4,Chicago,Bulls,CHI,Chicago Bulls,Bulls,ce1141,000000,True,1847.0,https://a.espncdn.com/i/teamlogos/nba/500/scoreboard/chi.png,0,,8,s:40~l:46~t:8,Detroit,Pistons,DET,Detroit Pistons,Pistons,True,0,,401810669,2026,2,1d428a,c8102e,5311.0,https://a.espncdn.com/i/teamlogos/nba/500/scoreboard/det.png,,False,,2026-02-21 20:00:00,2026-02-21,False,DET @ CHI
401810670,s:40~l:46~e:401810670~c:401810670,2026-02-22,0,True,False,False,False,2026-02-22T01:00Z,,,1,STD,7317.0,Moody Center,Austin,TX,True,0,0.0,0,1,STATUS_SCHEDULED,pre,False,Scheduled,"Sat, February 21st at 8:00 PM EST",2/21 - 8:00 PM EST,4,24,s:40~l:46~t:24,San Antonio,Spurs,SA,San Antonio Spurs,Spurs,000000,c4ced4,True,780.0,https://a.espncdn.com/i/teamlogos/nba/500/scoreboard/sa.png,0,,23,s:40~l:46~t:23,Sacramento,Kings,SAC,Sacramento Kings,Kings,True,0,,401810670,2026,2,5a2d81,6a7a82,2247.0,https://a.espncdn.com/i/teamlogos/nba/500/scoreboard/sac.png,,False,,2026-02-21 20:00:00,2026-02-21,False,SAC @ SAS
401810667,s:40~l:46~e:401810667~c:401810667,2026-02-22,0,True,False,False,False,2026-02-22T00:00Z,,,1,STD,985.0,Smoothie King Center,New Orleans,LA,True,0,0.0,0,1,STATUS_SCHEDULED,pre,False,Scheduled,"Sat, February 21st at 7:00 PM EST",2/21 - 7:00 PM EST,4,3,s:40~l:46~t:3,New Orleans,Pelicans,NO,New Orleans Pelicans,Pelicans,0a2240,b4975a,True,985.0,https://a.espncdn.com/i/teamlogos/nba/500/scoreboard/no.png,0,,20,s:40~l:46~t:20,Philadelphia,76ers,PHI,Philadelphia 76ers,76ers,True,0,,401810667,2026,2,1d428a,e01234,1845.0,https://a.espncdn.com/i/teamlogos/nba/500/scoreboard/phi.png,,False,,2026-02-21 19:00:00,2026-02-21,False,PHI @ NOP
401810666,s:40~l:46~e:401810666~c:401810666,2026-02-21,0,True,False,False,False,2026-02-21T22:00Z,,,1,STD,1949.0,Mortgage Matchup Center,Phoenix,AZ,True,0,0.0,0,1,STATUS_SCHEDULED,pre,False,Scheduled,"Sat, February 21st at 5:00 PM EST",2/21 - 5:00 PM EST,4,21,s:40~l:46~t:21,Phoenix,Suns,PHX,Phoenix Suns,Suns,29127a,e56020,True,1949.0,https://a.espncdn.com/i/teamlogos/nba/500/scoreboard/phx.png,0,,19,s:40~l:46~t:19,Orlando,Magic,ORL,Orlando Magic,Magic,True,0,,401810666,2026,2,0150b5,9ca0a3,3432.0,https://a.espncdn.com/i/teamlogos/nba/500/scoreboard/orl.png,,False,,2026-02-21 17:00:00,2026-02-21,False,ORL @ PHX
401810664,s:40~l:46~e:401810664~c:401810664,2026-02-21,0,True,False,False,False,2026-02-21T03:00Z,,,1,STD,1841.0,crypto.com Arena,Los Angeles,CA,True,0,0.0,0,1,STATUS_SCHEDULED,pre,False,Scheduled,"Fri, February 20th at 10:00 PM EST",2/20 - 10:00 PM EST,4,13,s:40~l:46~t:13,Los Angeles,Lakers,LAL,Los Angeles Lakers,Lakers,552583,fdb927,True,1841.0,https://a.espncdn.com/i/teamlogos/nba/500/scoreboard/lal.png,0,,12,s:40~l:46~t:12,LA,Clippers,LAC,LA Clippers,Clippers,True,0,,401810664,2026,2,12173f,c8102e,1841.0,https://a.espncdn.com/i/teamlogos/nba/500/scoreboard/lac.png,,False,,2026-02-20 22:00:00,2026-02-20,False,LAC @ LAL
401810665,s:40~l:46~e:401810665~c:401810665,2026-02-21,0,True,False,False,False,2026-02-21T03:00Z,,,1,STD,3423.0,Moda Center,Portland,OR,True,0,0.0,0,1,STATUS_SCHEDULED,pre,False,Scheduled,"Fri, February 20th at 10:00 PM EST",2/20 - 10:00 PM EST,4,22,s:40~l:46~t:22,Portland,Trail Blazers,POR,Portland Trail Blazers,Trail Blazers,e03a3e,000000,True,3423.0,https://a.espncdn.com/i/teamlogos/nba/500/scoreboard/por.png,0,,7,s:40~l:46~t:7,Denver,Nuggets,DEN,Denver Nuggets,Nuggets,True,0,,401810665,2026,2,0e2240,fec524,892.0,https://a.espncdn.com/i/teamlogos/nba/500/scoreboard/den.png,,False,,2026-02-20 22:00:00,2026-02-20,False,DEN @ POR
401810662,s:40~l:46~e:401810662~c:401810662,2026-02-21,0,True,False,False,False,2026-02-21T01:00Z,,,1,STD,985.0,Smoothie King Center,New Orleans,LA,True,0,0.0,0,1,STATUS_SCHEDULED,pre,False,Scheduled,"Fri, February 20th at 8:00 PM EST",2/20 - 8:00 PM EST,4,3,s:40~l:46~t:3,New Orleans,Pelicans,NO,New Orleans Pelicans,Pelicans,0a2240,b4975a,True,985.0,https://a.espncdn.com/i/teamlogos/nba/500/scoreboard/no.png,0,,15,s:40~l:46~t:15,Milwaukee,Bucks,MIL,Milwaukee Bucks,Bucks,True,0,,401810662,2026,2,00471b,eee1c6,2099.0,https://a.espncdn.com/i/teamlogos/nba/500/scoreboard/mil.png,,False,,2026-02-20 20:00:00,2026-02-20,False,MIL @ NOP
401810663,s:40~l:46~e:401810663~c:401810663,2026-02-21,0,True,False,False,False,2026-02-21T01:00Z,,,1,STD,2559.0,Paycom Center,Oklahoma City,OK,True,0,0.0,0,1,STATUS_SCHEDULED,pre,False,Scheduled,"Fri, February 20th at 8:00 PM EST",2/20 - 8:00 PM EST,4,25,s:40~l:46~t:25,Oklahoma City,Thunder,OKC,Oklahoma City Thunder,Thunder,007ac1,ef3b24,True,2559.0,https://a.espncdn.com/i/teamlogos/nba/500/scoreboard/okc.png,0,,17,s:40~l:46~t:17,Brooklyn,Nets,BKN,Brooklyn Nets,Nets,True,0,,401810663,2026,2,000000,ffffff,1826.0,https://a.espncdn.com/i/teamlogos/nba/500/scoreboard/bkn.png,,False,,2026-02-20 20:00:00,2026-02-20,False,BKN @ OKC
401810660,s:40~l:46~e:401810660~c:401810660,2026-02-21,0,True,False,False,False,2026-02-21T00:30Z,,,1,STD,1827.0,State Farm Arena,Atlanta,GA,True,0,0.0,0,1,STATUS_SCHEDULED,pre,False,Scheduled,"Fri, February 20th at 7:30 PM EST",2/20 - 7:30 PM EST,4,1,s:40~l:46~t:1,Atlanta,Hawks,ATL,Atlanta Hawks,Hawks,c8102e,fdb927,True,1827.0,https://a.espncdn.com/i/teamlogos/nba/500/scoreboard/atl.png,0,,14,s:40~l:46~t:14,Miami,Heat,MIA,Miami Heat,Heat,True,0,,401810660,2026,2,98002e,000000,3438.0,https://a.espncdn.com/i/teamlogos/nba/500/scoreboard/mia.png,,False,,2026-02-20 19:30:00,2026-02-20,False,MIA @ ATL
401810661,s:40~l:46~e:401810661~c:401810661,2026-02-21,0,True,False,False,False,2026-02-21T00:30Z,,,1,STD,2029.0,Target Center,Minneapolis,MN,True,0,0.0,0,1,STATUS_SCHEDULED,pre,False,Scheduled,"Fri, February 20th at 7:30 PM EST",2/20 - 7:30 PM EST,4,16,s:40~l:46~t:16,Minnesota,Timberwolves,MIN,Minnesota Timberwolves,Timberwolves,266092,79bc43,True,2029.0,https://a.espncdn.com/i/teamlogos/nba/500/scoreboard/min.png,0,,6,s:40~l:46~t:6,Dallas,Mavericks,DAL,Dallas Mavericks,Mavericks,True,0,,401810661,2026,2,0064b1,bbc4ca,516.0,https://a.espncdn.com/i/teamlogos/nba/500/scoreboard/dal.png,,False,,2026-02-20 19:30:00,2026-02-20,False,DAL @ MIN
401810657,s:40~l:46~e:401810657~c:401810657,2026-02-21,0,True,False,False,False,2026-02-21T00:00Z,,,1,STD,1893.0,Spectrum Center,Charlotte,NC,True,0,0.0,0,1,STATUS_SCHEDULED,pre,False,Scheduled,"Fri, February 20th at 7:00 PM EST",2/20 - 7:00 PM EST,4,30,s:40~l:46~t:30,Charlotte,Hornets,CHA,Charlotte Hornets,Hornets,008ca8,1d1060,True,1893.0,https://a.espncdn.com/i/teamlogos/nba/500/scoreboard/cha.png,0,,5,s:40~l:46~t:5,Cleveland,Cavaliers,CLE,Cleveland Cavaliers,Cavaliers,True,0,,401810657,2026,2,860038,bc945c,3417.0,https://a.espncdn.com/i/teamlogos/nba/500/scoreboard/cle.png,,False,,2026-02-20 19:00:00,2026-02-20,False,CLE @ CHA
401810658,s:40~l:46~e:401810658~c:401810658,2026-02-21,0,True,False,False,False,2026-02-21T00:00Z,,,1,STD,1823.0,Capital One Arena,Washington,DC,True,0,0.0,0,1,STATUS_SCHEDULED,pre,False,Scheduled,"Fri, February 20th at 7:00 PM EST",2/20 - 7:00 PM EST,4,27,s:40~l:46~t:27,Washington,Wizards,WSH,Washington Wizards,Wizards,e31837,002b5c,True,1823.0,https://a.espncdn.com/i/teamlogos/nba/500/scoreboard/wsh.png,0,,11,s:40~l:46~t:11,Indiana,Pacers,IND,Indiana Pacers,Pacers,True,0,,401810658,2026,2,0c2340,ffd520,2183.0,https://a.espncdn.com/i/teamlogos/nba/500/scoreboard/ind.png,,False,,2026-02-20 19:00:00,2026-02-20,False,IND @ WAS
401810659,s:40~l:46~e:401810659~c:401810659,2026-02-21,0,True,False,False,False,2026-02-21T00:00Z,,,1,STD,1392.0,FedExForum,Memphis,TN,True,0,0.0,0,1,STATUS_SCHEDULED,pre,False,Scheduled,"Fri, February 20th at 7:00 PM EST",2/20 - 7:00 PM EST,4,29,s:40~l:46~t:29,Memphis,Grizzlies,MEM,Memphis Grizzlies,Grizzlies,5d76a9,12173f,True,1392.0,https://a.espncdn.com/i/teamlogos/nba/500/scoreboard/mem.png,0,,26,s:40~l:46~t:26,Utah,Jazz,UTAH,Utah Jazz,Jazz,True,0,,401810659,2026,2,4e008e,79a3dc,3093.0,https://a.espncdn.com/i/teamlogos/nba/500/scoreboard/utah.png,,False,,2026-02-20 19:00:00,2026-02-20,False,UTA @ MEM
401810656,s:40~l:46~e:401810656~c:401810656,2026-02-20,0,True,False,False,False,2026-02-20T03:30Z,,,1,STD,10642.0,Intuit Dome,Inglewood,CA,True,0,0.0,0,1,STATUS_SCHEDULED,pre,False,Scheduled,"Thu, February 19th at 10:30 PM EST",2/19 - 10:30 PM EST,4,12,s:40~l:46~t:12,LA,Clippers,LAC,LA Clippers,Clippers,12173f,c8102e,True,1841.0,https://a.espncdn.com/i/teamlogos/nba/500/scoreboard/lac.png,0,,7,s:40~l:46~t:7,Denver,Nuggets,DEN,Denver Nuggets,Nuggets,True,0,,401810656,2026,2,0e2240,fec524,892.0,https://a.espncdn.com/i/teamlogos/nba/500/scoreboard/den.png,,False,,2026-02-19 22:30:00,2026-02-19,False,DEN @ LAC
401810654,s:40~l:46~e:401810654~c:401810654,2026-02-20,0,True,False,False,False,2026-02-20T03:00Z,,,1,STD,6270.0,Chase Center,San Francisco,CA,True,0,0.0,0,1,STATUS_SCHEDULED,pre,False,Scheduled,"Thu, February 19th at 10:00 PM EST",2/19 - 10:00 PM EST,4,9,s:40~l:46~t:9,Golden State,Warriors,GS,Golden State Warriors,Warriors,fdb927,1d428a,True,2465.0,https://a.espncdn.com/i/teamlogos/nba/500/scoreboard/gs.png,0,,2,s:40~l:46~t:2,Boston,Celtics,BOS,Boston Celtics,Celtics,True,0,,401810654,2026,2,008348,ffffff,1824.0,https://a.espncdn.com/i/teamlogos/nba/500/scoreboard/bos.png,,False,,2026-02-19 22:00:00,2026-02-19,False,BOS @ GSW
401810655,s:40~l:46~e:401810655~c:401810655,2026-02-20,0,True,False,False,False,2026-02-20T03:00Z,,,1,STD,5310.0,Golden 1 Center,Sacramento,CA,True,0,0.0,0,1,STATUS_SCHEDULED,pre,False,Scheduled,"Thu, February 19th at 10:00 PM EST",2/19 - 10:00 PM EST,4,23,s:40~l:46~t:23,Sacramento,Kings,SAC,Sacramento Kings,Kings,5a2d81,6a7a82,True,2247.0,https://a.espncdn.com/i/teamlogos/nba/500/scoreboard/sac.png,0,,19,s:40~l:46~t:19,Orlando,Magic,ORL,Orlando Magic,Magic,True,0,,401810655,2026,2,0150b5,9ca0a3,3432.0,https://a.espncdn.com/i/teamlogos/nba/500/scoreboard/orl.png,,False,,2026-02-19 22:00:00,2026-02-19,False,ORL @ SAC
401810653,s:40~l:46~e:401810653~c:401810653,2026-02-20,0,True,False,False,False,2026-02-20T01:30Z,,,1,STD,7317.0,Moody Center,Austin,TX,True,0,0.0,0,1,STATUS_SCHEDULED,pre,False,Scheduled,"Thu, February 19th at 8:30 PM EST",2/19 - 8:30 PM EST,4,24,s:40~l:46~t:24,San Antonio,Spurs,SA,San Antonio Spurs,Spurs,000000,c4ced4,True,780.0,https://a.espncdn.com/i/teamlogos/nba/500/scoreboard/sa.png,0,,21,s:40~l:46~t:21,Phoenix,Suns,PHX,Phoenix Suns,Suns,True,0,,401810653,2026,2,29127a,e56020,1949.0,https://a.espncdn.com/i/teamlogos/nba/500/scoreboard/phx.png,,False,,2026-02-19 20:30:00,2026-02-19,False,PHX @ SAS
401810652,s:40~l:46~e:401810652~c:401810652,2026-02-20,0,True,False,False,False,2026-02-20T01:00Z,,,1,STD,1847.0,United Center,Chicago,IL,True,0,0.0,0,1,STATUS_SCHEDULED,pre,False,Scheduled,"Thu, February 19th at 8:00 PM EST",2/19 - 8:00 PM EST,4,4,s:40~l:46~t:4,Chicago,Bulls,CHI,Chicago Bulls,Bulls,ce1141,000000,True,1847.0,https://a.espncdn.com/i/teamlogos/nba/500/scoreboard/chi.png,0,,28,s:40~l:46~t:28,Toronto,Raptors,TOR,Toronto Raptors,Raptors,True,0,,401810652,2026,2,d91244,000000,1838.0,https://a.espncdn.com/i/teamlogos/nba/500/scoreboard/tor.png,,False,,2026-02-19 20:00:00,2026-02-19,False,TOR @ CHI
401810651,s:40~l:46~e:401810651~c:401810651,2026-02-20,0,True,False,False,False,2026-02-20T00:30Z,,,1,STD,1830.0,Madison Square Garden,New York,NY,True,0,0.0,0,1,STATUS_SCHEDULED,pre,False,Scheduled,"Thu, February 19th at 7:30 PM EST",2/19 - 7:30 PM EST,4,18,s:40~l:46~t:18,New York,Knicks,NY,New York Knicks,Knicks,1d428a,f58426,True,1830.0,https://a.espncdn.com/i/teamlogos/nba/500/scoreboard/ny.png,0,,8,s:40~l:46~t:8,Detroit,Pistons,DET,Detroit Pistons,Pistons,True,0,,401810651,2026,2,1d428a,c8102e,5311.0,https://a.espncdn.com/i/teamlogos/nba/500/scoreboard/det.png,,False,,2026-02-19 19:30:00,2026-02-19,False,DET @ NYK
401810647,s:40~l:46~e:401810647~c:401810647,2026-02-20,0,True,False,False,False,2026-02-20T00:00Z,,,1,STD,1893.0,Spectrum Center,Charlotte,NC,True,0,0.0,0,1,STATUS_SCHEDULED,pre,False,Scheduled,"Thu, February 19th at 7:00 PM EST",2/19 - 7:00 PM EST,4,30,s:40~l:46~t:30,Charlotte,Hornets,CHA,Charlotte Hornets,Hornets,008ca8,1d1060,True,1893.0,https://a.espncdn.com/i/teamlogos/nba/500/scoreboard/cha.png,0,,10,s:40~l:46~t:10,Houston,Rockets,HOU,Houston Rockets,Rockets,True,0,,401810647,2026,2,ce1141,000000,1394.0,https://a.espncdn.com/i/teamlogos/nba/500/scoreboard/hou.png,,False,,2026-02-19 19:00:00,2026-02-19,False,HOU @ CHA
401810648,s:40~l:46~e:401810648~c:401810648,2026-02-20,0,True,False,False,False,2026-02-20T00:00Z,,,1,STD,3417.0,Rocket Arena,Cleveland,OH,True,0,0.0,0,1,STATUS_SCHEDULED,pre,False,Scheduled,"Thu, February 19th at 7:00 PM EST",2/19 - 7:00 PM EST,4,5,s:40~l:46~t:5,Cleveland,Cavaliers,CLE,Cleveland Cavaliers,Cavaliers,860038,bc945c,True,3417.0,https://a.espncdn.com/i/teamlogos/nba/500/scoreboard/cle.png,0,,17,s:40~l:46~t:17,Brooklyn,Nets,BKN,Brooklyn Nets,Nets,True,0,,401810648,2026,2,000000,ffffff,1826.0,https://a.espncdn.com/i/teamlogos/nba/500/scoreboard/bkn.png,,False,,2026-02-19 19:00:00,2026-02-19,False,BKN @ CLE
401810649,s:40~l:46~e:401810649~c:401810649,2026-02-20,0,True,False,False,False,2026-02-20T00:00Z,,,1,STD,1845.0,Xfinity Mobile Arena,Philadelphia,PA,True,0,0.0,0,1,STATUS_SCHEDULED,pre,False,Scheduled,"Thu, February 19th at 7:00 PM EST",2/19 - 7:00 PM EST,4,20,s:40~l:46~t:20,Philadelphia,76ers,PHI,Philadelphia 76ers,76ers,1d428a,e01234,True,1845.0,https://a.espncdn.com/i/teamlogos/nba/500/scoreboard/phi.png,0,,1,s:40~l:46~t:1,Atlanta,Hawks,ATL,Atlanta Hawks,Hawks,True,0,,401810649,2026,2,c8102e,fdb927,1827.0,https://a.espncdn.com/i/teamlogos/nba/500/scoreboard/atl.png,,False,,2026-02-19 19:00:00,2026-02-19,False,ATL @ PHI
401810650,s:40~l:46~e:401810650~c:401810650,2026-02-20,0,True,False,False,False,2026-02-20T00:00Z,,,1,STD,1823.0,Capital One Arena,Washington,DC,True,0,0.0,0,1,STATUS_SCHEDULED,pre,False,Scheduled,"Thu, February 19th at 7:00 PM EST",2/19 - 7:00 PM EST,4,27,s:40~l:46~t:27,Washington,Wizards,WSH,Washington Wizards,Wizards,e31837,002b5c,True,1823.0,https://a.espncdn.com/i/teamlogos/nba/500/scoreboard/wsh.png,0,,11,s:40~l:46~t:11,Indiana,Pacers,IND,Indiana Pacers,Pacers,True,0,,401810650,2026,2,0c2340,ffd520,2183.0,https://a.espncdn.com/i/teamlogos/nba/500/scoreboard/ind.png,,False,,2026-02-19 19:00:00,2026-02-19,False,IND @ WAS
401838143,s:40~l:46~e:401838143~c:401838143,2026-02-16,0,True,False,False,False,2026-02-16T00:10Z,event,NBA All-Star - Championship,4,ALLSTAR,10642.0,Intuit Dome,Inglewood,CA,True,0,0.0,0,1,STATUS_SCHEDULED,pre,False,Scheduled,"Sun, February 15th at 7:10 PM EST",2/15 - 7:10 PM EST,1,-1,s:40~l:46~t:-1,TBD,TBD,TBD,TBD,TBD,,,False,,,0,,-2,s:40~l:46~t:-2,TBD,TBD,TBD,TBD,TBD,False,0,,401838143,2026,2,,,,,,False,,2026-02-15 19:10:00,2026-02-15,False,TBD @ TBD
401838142,s:40~l:46~e:401838142~c:401838142,2026-02-15,0,True,False,False,False,2026-02-15T23:25Z,event,NBA All-Star - Round Robin,4,ALLSTAR,10642.0,Intuit Dome,Inglewood,CA,True,0,0.0,0,1,STATUS_SCHEDULED,pre,False,Scheduled,"Sun, February 15th at 6:25 PM EST",2/15 - 6:25 PM EST,1,-1,s:40~l:46~t:-1,TBD,TBD,TBD,TBD,TBD,,,False,,,0,,132375,s:40~l:46~t:132375,Team Stripes,Team Stripes,STRIPES,Team Stripes,Team Stripes,False,0,,401838142,2026,2,,,,,,False,,2026-02-15 18:25:00,2026-02-15,False,STRIPES @ TBD
401838141,s:40~l:46~e:401838141~c:401838141,2026-02-15,0,True,False,False,False,2026-02-15T22:55Z,event,NBA All-Star - Round Robin,4,ALLSTAR,10642.0,Intuit Dome,Inglewood,CA,True,0,0.0,0,1,STATUS_SCHEDULED,pre,False,Scheduled,"Sun, February 15th at 5:55 PM EST",2/15 - 5:55 PM EST,1,-1,s:40~l:46~t:-1,TBD,TBD,TBD,TBD,TBD,,,False,,,0,,132375,s:40~l:46~t:132375,Team Stripes,Team Stripes,STRIPES,Team Stripes,Team Stripes,False,0,,401838141,2026,2,,,,,,False,,2026-02-15 17:55:00,2026-02-15,False,STRIPES @ TBD
401838140,s:40~l:46~e:401838140~c:401838140,2026-02-15,0,True,False,False,False,2026-02-15T22:00Z,event,NBA All-Star - Round Robin,4,ALLSTAR,10642.0,Intuit Dome,Inglewood,CA,True,0,0.0,0,1,STATUS_SCHEDULED,pre,False,Scheduled,"Sun, February 15th at 5:00 PM EST",2/15 - 5:00 PM EST,1,111386,s:40~l:46~t:111386,World,World,WORLD,World,World,,,False,2099.0,https://a.espncdn.com/i/teamlogos/nba/500/scoreboard/world.png,0,,132374,s:40~l:46~t:132374,Team Stars,Team Stars,STARS,Team Stars,Team Stars,False,0,,401838140,2026,2,,,,,,False,,2026-02-15 17:00:00,2026-02-15,False,STARS @ WORLD
401810646,s:40~l:46~e:401810646~c:401810646,2026-02-13,0,True,False,False,False,2026-02-13T03:00Z,,,1,STD,1841.0,crypto.com Arena,Los Angeles,CA,True,0,0.0,0,1,STATUS_SCHEDULED,pre,False,Scheduled,"Thu, February 12th at 10:00 PM EST",2/12 - 10:00 PM EST,4,13,s:40~l:46~t:13,Los Angeles,Lakers,LAL,Los Angeles Lakers,Lakers,552583,fdb927,True,1841.0,https://a.espncdn.com/i/teamlogos/nba/500/scoreboard/lal.png,0,,6,s:40~l:46~t:6,Dallas,Mavericks,DAL,Dallas Mavericks,Mavericks,True,0,,401810646,2026,2,0064b1,bbc4ca,516.0,https://a.espncdn.com/i/teamlogos/nba/500/scoreboard/dal.png,,False,,2026-02-12 22:00:00,2026-02-12,False,DAL @ LAL
401810645,s:40~l:46~e:401810645~c:401810645,2026-02-13,0,True,False,False,False,2026-02-13T02:00Z,,,1,STD,3093.0,Delta Center,Salt Lake City,UT,True,0,0.0,0,1,STATUS_SCHEDULED,pre,False,Scheduled,"Thu, February 12th at 9:00 PM EST",2/12 - 9:00 PM EST,4,26,s:40~l:46~t:26,Utah,Jazz,UTAH,Utah Jazz,Jazz,4e008e,79a3dc,True,3093.0,https://a.espncdn.com/i/teamlogos/nba/500/scoreboard/utah.png,0,,22,s:40~l:46~t:22,Portland,Trail Blazers,POR,Portland Trail Blazers,Trail Blazers,True,0,,401810645,2026,2,e03a3e,000000,3423.0,https://a.espncdn.com/i/teamlogos/nba/500/scoreboard/por.png,,False,,2026-02-12 21:00:00,2026-02-12,False,POR @ UTA
401810644,s:40~l:46~e:401810644~c:401810644,2026-02-13,0,True,False,False,False,2026-02-13T00:30Z,,,1,STD,2559.0,Paycom Center,Oklahoma City,OK,True,0,0.0,0,1,STATUS_SCHEDULED,pre,False,Scheduled,"Thu, February 12th at 7:30 PM EST",2/12 - 7:30 PM EST,4,25,s:40~l:46~t:25,Oklahoma City,Thunder,OKC,Oklahoma City Thunder,Thunder,007ac1,ef3b24,True,2559.0,https://a.espncdn.com/i/teamlogos/nba/500/scoreboard/okc.png,0,,15,s:40~l:46~t:15,Milwaukee,Bucks,MIL,Milwaukee Bucks,Bucks,True,0,,401810644,2026,2,00471b,eee1c6,2099.0,https://a.espncdn.com/i/teamlogos/nba/500/scoreboard/mil.png,,False,,2026-02-12 19:30:00,2026-02-12,False,MIL @ OKC
401810643,s:40~l:46~e:401810643~c:401810643,2026-02-12,18064,True,False,False,False,2026-02-12T03:00Z,,,1,STD,6270.0,Chase Center,San Francisco,CA,True,720,12:00,4,3,STATUS_FINAL,post,True,Final,Final,Final,4,9,s:40~l:46~t:9,Golden State,Warriors,GS,Golden State Warriors,Warriors,fdb927,1d428a,True,2465.0,https://a.espncdn.com/i/teamlogos/nba/500/scoreboard/gs.png,113,False,24,s:40~l:46~t:24,San Antonio,Spurs,SA,San Antonio Spurs,Spurs,True,126,True,401810643,2026,2,000000,c4ced4,780.0,https://a.espncdn.com/i/teamlogos/nba/500/scoreboard/sa.png,,True,https://raw.githubusercontent.com/sportsdataverse/hoopR-nba-raw/main/nba/json/final/401810643.json,2026-02-11 22:00:00,2026-02-11,True,SAS @ GSW
401810640,s:40~l:46~e:401810640~c:401810640,2026-02-12,17071,True,False,False,False,2026-02-12T02:00Z,,,1,STD,1949.0,Mortgage Matchup Center,Phoenix,AZ,True,720,12:00,4,3,STATUS_FINAL,post,True,Final,Final,Final,4,21,s:40~l:46~t:21,Phoenix,Suns,PHX,Phoenix Suns,Suns,29127a,e56020,True,1949.0,https://a.espncdn.com/i/teamlogos/nba/500/scoreboard/phx.png,109,False,25,s:40~l:46~t:25,Oklahoma City,Thunder,OKC,Oklahoma City Thunder,Thunder,True,136,True,401810640,2026,2,007ac1,ef3b24,2559.0,https://a.espncdn.com/i/teamlogos/nba/500/scoreboard/okc.png,,True,https://raw.githubusercontent.com/sportsdataverse/hoopR-nba-raw/main/nba/json/final/401810640.json,2026-02-11 21:00:00,2026-02-11,True,OKC @ PHX
401810641,s:40~l:46~e:401810641~c:401810641,2026-02-12,18186,True,False,False,False,2026-02-12T02:00Z,,,1,STD,3093.0,Delta Center,Salt Lake City,UT,True,720,12:00,4,3,STATUS_FINAL,post,True,Final,Final,Final,4,26,s:40~l:46~t:26,Utah,Jazz,UTAH,Utah Jazz,Jazz,4e008e,79a3dc,True,3093.0,https://a.espncdn.com/i/teamlogos/nba/500/scoreboard/utah.png,121,True,23,s:40~l:46~t:23,Sacramento,Kings,SAC,Sacramento Kings,Kings,True,93,False,401810641,2026,2,5a2d81,6a7a82,2247.0,https://a.espncdn.com/i/teamlogos/nba/500/scoreboard/sac.png,,True,https://raw.githubusercontent.com/sportsdataverse/hoopR-nba-raw/main/nba/json/final/401810641.json,2026-02-11 21:00:00,2026-02-11,True,SAC @ UTA
401810642,s:40~l:46~e:401810642~c:401810642,2026-02-12,19651,True,False,False,False,2026-02-12T02:00Z,,,1,STD,892.0,Ball Arena,Denver,CO,True,720,12:00,4,3,STATUS_FINAL,post,True,Final,Final,Final,4,7,s:40~l:46~t:7,Denver,Nuggets,DEN,Denver Nuggets,Nuggets,0e2240,fec524,True,892.0,https://a.espncdn.com/i/teamlogos/nba/500/scoreboard/den.png,122,True,29,s:40~l:46~t:29,Memphis,Grizzlies,MEM,Memphis Grizzlies,Grizzlies,True,116,False,401810642,2026,2,5d76a9,12173f,1392.0,https://a.espncdn.com/i/teamlogos/nba/500/scoreboard/mem.png,,True,https://raw.githubusercontent.com/sportsdataverse/hoopR-nba-raw/main/nba/json/final/401810642.json,2026-02-11 21:00:00,2026-02-11,True,MEM @ DEN
401810637,s:40~l:46~e:401810637~c:401810637,2026-02-12,18055,True,False,False,False,2026-02-12T01:00Z,,,1,STD,1394.0,Toyota Center (Houston),Houston,TX,True,0,0.0,4,3,STATUS_FINAL,post,True,Final,Final,Final,4,10,s:40~l:46~t:10,Houston,Rockets,HOU,Houston Rockets,Rockets,ce1141,000000,True,1394.0,https://a.espncdn.com/i/teamlogos/nba/500/scoreboard/hou.png,102,False,12,s:40~l:46~t:12,LA,Clippers,LAC,LA Clippers,Clippers,True,105,True,401810637,2026,2,12173f,c8102e,1841.0,https://a.espncdn.com/i/teamlogos/nba/500/scoreboard/lac.png,,True,https://raw.githubusercontent.com/sportsdataverse/hoopR-nba-raw/main/nba/json/final/401810637.json,2026-02-11 20:00:00,2026-02-11,True,LAC @ HOU
401810638,s:40~l:46~e:401810638~c:401810638,2026-02-12,16988,True,False,False,False,2026-02-12T01:00Z,,,1,STD,2029.0,Target Center,Minneapolis,MN,True,720,12:00,4,3,STATUS_FINAL,post,True,Final,Final,Final,4,16,s:40~l:46~t:16,Minnesota,Timberwolves,MIN,Minnesota Timberwolves,Timberwolves,266092,79bc43,True,2029.0,https://a.espncdn.com/i/teamlogos/nba/500/scoreboard/min.png,133,True,22,s:40~l:46~t:22,Portland,Trail Blazers,POR,Portland Trail Blazers,Trail Blazers,True,109,False,401810638,2026,2,e03a3e,000000,3423.0,https://a.espncdn.com/i/teamlogos/nba/500/scoreboard/por.png,,True,https://raw.githubusercontent.com/sportsdataverse/hoopR-nba-raw/main/nba/json/final/401810638.json,2026-02-11 20:00:00,2026-02-11,True,POR @ MIN
401810639,s:40~l:46~e:401810639~c:401810639,2026-02-12,16444,True,False,False,False,2026-02-12T01:00Z,,,1,STD,985.0,Smoothie King Center,New Orleans,LA,True,720,12:00,4,3,STATUS_FINAL,post,True,Final,Final,Final,4,3,s:40~l:46~t:3,New Orleans,Pelicans,NO,New Orleans Pelicans,Pelicans,0a2240,b4975a,True,985.0,https://a.espncdn.com/i/teamlogos/nba/500/scoreboard/no.png,111,False,14,s:40~l:46~t:14,Miami,Heat,MIA,Miami Heat,Heat,True,123,True,401810639,2026,2,98002e,000000,3438.0,https://a.espncdn.com/i/teamlogos/nba/500/scoreboard/mia.png,,True,https://raw.githubusercontent.com/sportsdataverse/hoopR-nba-raw/main/nba/json/final/401810639.json,2026-02-11 20:00:00,2026-02-11,True,MIA @ NOP
401810633,s:40~l:46~e:401810633~c:401810633,2026-02-12,19156,True,False,False,False,2026-02-12T00:30Z,,,1,STD,1824.0,TD Garden,Boston,MA,True,720,12:00,4,3,STATUS_FINAL,post,True,Final,Final,Final,4,2,s:40~l:46~t:2,Boston,Celtics,BOS,Boston Celtics,Celtics,008348,ffffff,True,1824.0,https://a.espncdn.com/i/teamlogos/nba/500/scoreboard/bos.png,124,True,4,s:40~l:46~t:4,Chicago,Bulls,CHI,Chicago Bulls,Bulls,True,105,False,401810633,2026,2,ce1141,000000,1847.0,https://a.espncdn.com/i/teamlogos/nba/500/scoreboard/chi.png,,True,https://raw.githubusercontent.com/sportsdataverse/hoopR-nba-raw/main/nba/json/final/401810633.json,2026-02-11 19:30:00,2026-02-11,True,CHI @ BOS
401810634,s:40~l:46~e:401810634~c:401810634,2026-02-12,16779,True,False,False,False,2026-02-12T00:30Z,,,1,STD,3559.0,Barclays Center,Brooklyn,NY,True,720,12:00,4,3,STATUS_FINAL,post,True,Final,Final,Final,4,17,s:40~l:46~t:17,Brooklyn,Nets,BKN,Brooklyn Nets,Nets,000000,ffffff,True,1826.0,https://a.espncdn.com/i/teamlogos/nba/500/scoreboard/bkn.png,110,False,11,s:40~l:46~t:11,Indiana,Pacers,IND,Indiana Pacers,Pacers,True,115,True,401810634,2026,2,0c2340,ffd520,2183.0,https://a.espncdn.com/i/teamlogos/nba/500/scoreboard/ind.png,,True,https://raw.githubusercontent.com/sportsdataverse/hoopR-nba-raw/main/nba/json/final/401810634.json,2026-02-11 19:30:00,2026-02-11,True,IND @ BKN
401810635,s:40~l:46~e:401810635~c:401810635,2026-02-12,19746,True,False,False,False,2026-02-12T00:30Z,,,1,STD,1845.0,Xfinity Mobile Arena,Philadelphia,PA,True,720,12:00,4,3,STATUS_FINAL,post,True,Final,Final,Final,4,20,s:40~l:46~t:20,Philadelphia,76ers,PHI,Philadelphia 76ers,76ers,1d428a,e01234,True,1845.0,https://a.espncdn.com/i/teamlogos/nba/500/scoreboard/phi.png,89,False,18,s:40~l:46~t:18,New York,Knicks,NY,New York Knicks,Knicks,True,138,True,401810635,2026,2,1d428a,f58426,1830.0,https://a.espncdn.com/i/teamlogos/nba/500/scoreboard/ny.png,,True,https://raw.githubusercontent.com/sportsdataverse/hoopR-nba-raw/main/nba/json/final/401810635.json,2026-02-11 19:30:00,2026-02-11,True,NYK @ PHI
401810636,s:40~l:46~e:401810636~c:401810636,2026-02-12,19120,True,False,False,False,2026-02-12T00:30Z,,,1,STD,1838.0,Scotiabank Arena,Toronto,ON,True,720,12:00,4,3,STATUS_FINAL,post,True,Final,Final,Final,4,28,s:40~l:46~t:28,Toronto,Raptors,TOR,Toronto Raptors,Raptors,d91244,000000,True,1838.0,https://a.espncdn.com/i/teamlogos/nba/500/scoreboard/tor.png,95,False,8,s:40~l:46~t:8,Detroit,Pistons,DET,Detroit Pistons,Pistons,True,113,True,401810636,2026,2,1d428a,c8102e,5311.0,https://a.espncdn.com/i/teamlogos/nba/500/scoreboard/det.png,,True,https://raw.githubusercontent.com/sportsdataverse/hoopR-nba-raw/main/nba/json/final/401810636.json,2026-02-11 19:30:00,2026-02-11,True,DET @ TOR
401810630,s:40~l:46~e:401810630~c:401810630,2026-02-12,18710,True,False,False,False,2026-02-12T00:00Z,,,1,STD,1893.0,Spectrum Center,Charlotte,NC,True,720,12:00,4,3,STATUS_FINAL,post,True,Final,Final,Final,4,30,s:40~l:46~t:30,Charlotte,Hornets,CHA,Charlotte Hornets,Hornets,008ca8,1d1060,True,1893.0,https://a.espncdn.com/i/teamlogos/nba/500/scoreboard/cha.png,110,True,1,s:40~l:46~t:1,Atlanta,Hawks,ATL,Atlanta Hawks,Hawks,True,107,False,401810630,2026,2,c8102e,fdb927,1827.0,https://a.espncdn.com/i/teamlogos/nba/500/scoreboard/atl.png,,True,https://raw.githubusercontent.com/sportsdataverse/hoopR-nba-raw/main/nba/json/final/401810630.json,2026-02-11 19:00:00,2026-02-11,True,ATL @ CHA
401810631,s:40~l:46~e:401810631~c:401810631,2026-02-12,19432,True,False,False,False,2026-02-12T00:00Z,,,1,STD,3417.0,Rocket Arena,Cleveland,OH,True,720,12:00,4,3,STATUS_FINAL,post,True,Final,Final,Final,4,5,s:40~l:46~t:5,Cleveland,Cavaliers,CLE,Cleveland Cavaliers,Cavaliers,860038,bc945c,True,3417.0,https://a.espncdn.com/i/teamlogos/nba/500/scoreboard/cle.png,138,True,27,s:40~l:46~t:27,Washington,Wizards,WSH,Washington Wizards,Wizards,True,113,False,401810631,2026,2,e31837,002b5c,1823.0,https://a.espncdn.com/i/teamlogos/nba/500/scoreboard/wsh.png,,True,https://raw.githubusercontent.com/sportsdataverse/hoopR-nba-raw/main/nba/json/final/401810631.json,2026-02-11 19:00:00,2026-02-11,True,WAS @ CLE
401810632,s:40~l:46~e:401810632~c:401810632,2026-02-12,18298,True,False,False,False,2026-02-12T00:00Z,,,1,STD,3432.0,Kia Center,Orlando,FL,True,720,12:00,4,3,STATUS_FINAL,post,True,Final,Final,Final,4,19,s:40~l:46~t:19,Orlando,Magic,ORL,Orlando Magic,Magic,0150b5,9ca0a3,True,3432.0,https://a.espncdn.com/i/teamlogos/nba/500/scoreboard/orl.png,108,False,15,s:40~l:46~t:15,Milwaukee,Bucks,MIL,Milwaukee Bucks,Bucks,True,116,True,401810632,2026,2,00471b,eee1c6,2099.0,https://a.espncdn.com/i/teamlogos/nba/500/scoreboard/mil.png,,True,https://raw.githubusercontent.com/sportsdataverse/hoopR-nba-raw/main/nba/json/final/401810632.json,2026-02-11 19:00:00,2026-02-11,True,MIL @ ORL
401810629,s:40~l:46~e:401810629~c:401810629,2026-02-11,18668,True,False,False,False,2026-02-11T03:30Z,,,1,STD,1841.0,crypto.com Arena,Los Angeles,CA,True,720,12:00,4,3,STATUS_FINAL,post,True,Final,Final,Final,4,13,s:40~l:46~t:13,Los Angeles,Lakers,LAL,Los Angeles Lakers,Lakers,552583,fdb927,True,1841.0,https://a.espncdn.com/i/teamlogos/nba/500/scoreboard/lal.png,108,False,24,s:40~l:46~t:24,San Antonio,Spurs,SA,San Antonio Spurs,Spurs,True,136,True,401810629,2026,2,000000,c4ced4,780.0,https://a.espncdn.com/i/teamlogos/nba/500/scoreboard/sa.png,,True,https://raw.githubusercontent.com/sportsdataverse/hoopR-nba-raw/main/nba/json/final/401810629.json,2026-02-10 22:30:00,2026-02-10,True,SAS @ LAL
401810628,s:40~l:46~e:401810628~c:401810628,2026-02-11,17071,True,False,False,False,2026-02-11T02:00Z,,,1,STD,1949.0,Mortgage Matchup Center,Phoenix,AZ,True,0,0.0,4,3,STATUS_FINAL,post,True,Final,Final,Final,4,21,s:40~l:46~t:21,Phoenix,Suns,PHX,Phoenix Suns,Suns,29127a,e56020,True,1949.0,https://a.espncdn.com/i/teamlogos/nba/500/scoreboard/phx.png,120,True,6,s:40~l:46~t:6,Dallas,Mavericks,DAL,Dallas Mavericks,Mavericks,True,111,False,401810628,2026,2,0064b1,bbc4ca,516.0,https://a.espncdn.com/i/teamlogos/nba/500/scoreboard/dal.png,,True,https://raw.githubusercontent.com/sportsdataverse/hoopR-nba-raw/main/nba/json/final/401810628.json,2026-02-10 21:00:00,2026-02-10,True,DAL @ PHX
401810627,s:40~l:46~e:401810627~c:401810627,2026-02-11,18055,True,False,False,False,2026-02-11T01:00Z,,,1,STD,1394.0,Toyota Center (Houston),Houston,TX,True,720,12:00,4,3,STATUS_FINAL,post,True,Final,Final,Final,4,10,s:40~l:46~t:10,Houston,Rockets,HOU,Houston Rockets,Rockets,ce1141,000000,True,1394.0,https://a.espncdn.com/i/teamlogos/nba/500/scoreboard/hou.png,102,True,12,s:40~l:46~t:12,LA,Clippers,LAC,LA Clippers,Clippers,True,95,False,401810627,2026,2,12173f,c8102e,1841.0,https://a.espncdn.com/i/teamlogos/nba/500/scoreboard/lac.png,,True,https://raw.githubusercontent.com/sportsdataverse/hoopR-nba-raw/main/nba/json/final/401810627.json,2026-02-10 20:00:00,2026-02-10,True,LAC @ HOU
401810626,s:40~l:46~e:401810626~c:401810626,2026-02-11,19812,True,False,False,False,2026-02-11T00:30Z,,,1,STD,1830.0,Madison Square Garden,New York,NY,True,0,0.0,5,3,STATUS_FINAL,post,True,Final,Final/OT,Final/OT,4,18,s:40~l:46~t:18,New York,Knicks,NY,New York Knicks,Knicks,1d428a,f58426,True,1830.0,https://a.espncdn.com/i/teamlogos/nba/500/scoreboard/ny.png,134,False,11,s:40~l:46~t:11,Indiana,Pacers,IND,Indiana Pacers,Pacers,True,137,True,401810626,2026,2,0c2340,ffd520,2183.0,https://a.espncdn.com/i/teamlogos/nba/500/scoreboard/ind.png,OT,True,https://raw.githubusercontent.com/sportsdataverse/hoopR-nba-raw/main/nba/json/final/401810626.json,2026-02-10 19:30:00,2026-02-10,True,IND @ NYK
401810623,s:40~l:46~e:401810623~c:401810623,2026-02-10,18064,True,False,False,False,2026-02-10T03:00Z,,,1,STD,6270.0,Chase Center,San Francisco,CA,True,0,0.0,4,3,STATUS_FINAL,post,True,Final,Final,Final,4,9,s:40~l:46~t:9,Golden State,Warriors,GS,Golden State Warriors,Warriors,fdb927,1d428a,True,2465.0,https://a.espncdn.com/i/teamlogos/nba/500/scoreboard/gs.png,114,True,29,s:40~l:46~t:29,Memphis,Grizzlies,MEM,Memphis Grizzlies,Grizzlies,True,113,False,401810623,2026,2,5d76a9,12173f,1392.0,https://a.espncdn.com/i/teamlogos/nba/500/scoreboard/mem.png,,True,https://raw.githubusercontent.com/sportsdataverse/hoopR-nba-raw/main/nba/json/final/401810623.json,2026-02-09 22:00:00,2026-02-09,True,MEM @ GSW
401810624,s:40~l:46~e:401810624~c:401810624,2026-02-10,18519,True,False,False,False,2026-02-10T03:00Z,,,1,STD,1841.0,crypto.com Arena,Los Angeles,CA,True,0,0.0,4,3,STATUS_FINAL,post,True,Final,Final,Final,4,13,s:40~l:46~t:13,Los Angeles,Lakers,LAL,Los Angeles Lakers,Lakers,552583,fdb927,True,1841.0,https://a.espncdn.com/i/teamlogos/nba/500/scoreboard/lal.png,110,False,25,s:40~l:46~t:25,Oklahoma City,Thunder,OKC,Oklahoma City Thunder,Thunder,True,119,True,401810624,2026,2,007ac1,ef3b24,2559.0,https://a.espncdn.com/i/teamlogos/nba/500/scoreboard/okc.png,,True,https://raw.githubusercontent.com/sportsdataverse/hoopR-nba-raw/main/nba/json/final/401810624.json,2026-02-09 22:00:00,2026-02-09,True,OKC @ LAL
401810625,s:40~l:46~e:401810625~c:401810625,2026-02-10,16025,True,False,False,False,2026-02-10T03:00Z,,,1,STD,3423.0,Moda Center,Portland,OR,True,0,0.0,4,3,STATUS_FINAL,post,True,Final,Final,Final,4,22,s:40~l:46~t:22,Portland,Trail Blazers,POR,Portland Trail Blazers,Trail Blazers,e03a3e,000000,True,3423.0,https://a.espncdn.com/i/teamlogos/nba/500/scoreboard/por.png,135,True,20,s:40~l:46~t:20,Philadelphia,76ers,PHI,Philadelphia 76ers,76ers,True,118,False,401810625,2026,2,1d428a,e01234,1845.0,https://a.espncdn.com/i/teamlogos/nba/500/scoreboard/phi.png,,True,https://raw.githubusercontent.com/sportsdataverse/hoopR-nba-raw/main/nba/json/final/401810625.json,2026-02-09 22:00:00,2026-02-09,True,PHI @ POR
401810622,s:40~l:46~e:401810622~c:401810622,2026-02-10,19647,True,False,False,False,2026-02-10T02:00Z,,,1,STD,892.0,Ball Arena,Denver,CO,True,0,0.0,4,3,STATUS_FINAL,post,True,Final,Final,Final,4,7,s:40~l:46~t:7,Denver,Nuggets,DEN,Denver Nuggets,Nuggets,0e2240,fec524,True,892.0,https://a.espncdn.com/i/teamlogos/nba/500/scoreboard/den.png,117,False,5,s:40~l:46~t:5,Cleveland,Cavaliers,CLE,Cleveland Cavaliers,Cavaliers,True,119,True,401810622,2026,2,860038,bc945c,3417.0,https://a.espncdn.com/i/teamlogos/nba/500/scoreboard/cle.png,,True,https://raw.githubusercontent.com/sportsdataverse/hoopR-nba-raw/main/nba/json/final/401810622.json,2026-02-09 21:00:00,2026-02-09,True,CLE @ DEN
401810620,s:40~l:46~e:401810620~c:401810620,2026-02-10,17243,True,False,False,False,2026-02-10T01:00Z,,,1,STD,2029.0,Target Center,Minneapolis,MN,True,0,0.0,4,3,STATUS_FINAL,post,True,Final,Final,Final,4,16,s:40~l:46~t:16,Minnesota,Timberwolves,MIN,Minnesota Timberwolves,Timberwolves,266092,79bc43,True,2029.0,https://a.espncdn.com/i/teamlogos/nba/500/scoreboard/min.png,138,True,1,s:40~l:46~t:1,Atlanta,Hawks,ATL,Atlanta Hawks,Hawks,True,116,False,401810620,2026,2,c8102e,fdb927,1827.0,https://a.espncdn.com/i/teamlogos/nba/500/scoreboard/atl.png,,True,https://raw.githubusercontent.com/sportsdataverse/hoopR-nba-raw/main/nba/json/final/401810620.json,2026-02-09 20:00:00,2026-02-09,True,ATL @ MIN
401810621,s:40~l:46~e:401810621~c:401810621,2026-02-10,16633,True,False,False,False,2026-02-10T01:00Z,,,1,STD,985.0,Smoothie King Center,New Orleans,LA,True,0,0.0,4,3,STATUS_FINAL,post,True,Final,Final,Final,4,3,s:40~l:46~t:3,New Orleans,Pelicans,NO,New Orleans Pelicans,Pelicans,0a2240,b4975a,True,985.0,https://a.espncdn.com/i/teamlogos/nba/500/scoreboard/no.png,120,True,23,s:40~l:46~t:23,Sacramento,Kings,SAC,Sacramento Kings,Kings,True,94,False,401810621,2026,2,5a2d81,6a7a82,2247.0,https://a.espncdn.com/i/teamlogos/nba/500/scoreboard/sac.png,,True,https://raw.githubusercontent.com/sportsdataverse/hoopR-nba-raw/main/nba/json/final/401810621.json,2026-02-09 20:00:00,2026-02-09,True,SAC @ NOP
401810617,s:40~l:46~e:401810617~c:401810617,2026-02-10,17038,True,False,False,False,2026-02-10T00:30Z,,,1,STD,3559.0,Barclays Center,Brooklyn,NY,True,720,12:00,4,3,STATUS_FINAL,post,True,Final,Final,Final,4,17,s:40~l:46~t:17,Brooklyn,Nets,BKN,Brooklyn Nets,Nets,000000,ffffff,True,1826.0,https://a.espncdn.com/i/teamlogos/nba/500/scoreboard/bkn.png,123,True,4,s:40~l:46~t:4,Chicago,Bulls,CHI,Chicago Bulls,Bulls,True,115,False,401810617,2026,2,ce1141,000000,1847.0,https://a.espncdn.com/i/teamlogos/nba/500/scoreboard/chi.png,,True,https://raw.githubusercontent.com/sportsdataverse/hoopR-nba-raw/main/nba/json/final/401810617.json,2026-02-09 19:30:00,2026-02-09,True,CHI @ BKN
401810618,s:40~l:46~e:401810618~c:401810618,2026-02-10,19700,True,False,False,False,2026-02-10T00:30Z,,,1,STD,3438.0,Kaseya Center,Miami,FL,True,0,0.0,4,3,STATUS_FINAL,post,True,Final,Final,Final,4,14,s:40~l:46~t:14,Miami,Heat,MIA,Miami Heat,Heat,98002e,000000,True,3438.0,https://a.espncdn.com/i/teamlogos/nba/500/scoreboard/mia.png,111,False,26,s:40~l:46~t:26,Utah,Jazz,UTAH,Utah Jazz,Jazz,True,115,True,401810618,2026,2,4e008e,79a3dc,3093.0,https://a.espncdn.com/i/teamlogos/nba/500/scoreboard/utah.png,,True,https://raw.githubusercontent.com/sportsdataverse/hoopR-nba-raw/main/nba/json/final/401810618.json,2026-02-09 19:30:00,2026-02-09,True,UTA @ MIA
401810619,s:40~l:46~e:401810619~c:401810619,2026-02-10,18202,True,False,False,False,2026-02-10T00:30Z,,,1,STD,3432.0,Kia Center,Orlando,FL,True,0,0.0,4,3,STATUS_FINAL,post,True,Final,Final,Final,4,19,s:40~l:46~t:19,Orlando,Magic,ORL,Orlando Magic,Magic,0150b5,9ca0a3,True,3432.0,https://a.espncdn.com/i/teamlogos/nba/500/scoreboard/orl.png,118,True,15,s:40~l:46~t:15,Milwaukee,Bucks,MIL,Milwaukee Bucks,Bucks,True,99,False,401810619,2026,2,00471b,eee1c6,2099.0,https://a.espncdn.com/i/teamlogos/nba/500/scoreboard/mil.png,,True,https://raw.githubusercontent.com/sportsdataverse/hoopR-nba-raw/main/nba/json/final/401810619.json,2026-02-09 19:30:00,2026-02-09,True,MIL @ ORL
401810616,s:40~l:46~e:401810616~c:401810616,2026-02-10,19476,True,False,False,False,2026-02-10T00:00Z,,,1,STD,1893.0,Spectrum Center,Charlotte,NC,True,0,0.0,4,3,STATUS_FINAL,post,True,Final,Final,Final,4,30,s:40~l:46~t:30,Charlotte,Hornets,CHA,Charlotte Hornets,Hornets,008ca8,1d1060,True,1893.0,https://a.espncdn.com/i/teamlogos/nba/500/scoreboard/cha.png,104,False,8,s:40~l:46~t:8,Detroit,Pistons,DET,Detroit Pistons,Pistons,True,110,True,401810616,2026,2,1d428a,c8102e,5311.0,https://a.espncdn.com/i/teamlogos/nba/500/scoreboard/det.png,,True,https://raw.githubusercontent.com/sportsdataverse/hoopR-nba-raw/main/nba/json/final/401810616.json,2026-02-09 19:00:00,2026-02-09,True,DET @ CHA
401810614,s:40~l:46~e:401810614~c:401810614,2026-02-08,17876,True,False,False,False,2026-02-08T20:00Z,,,1,STD,1838.0,Scotiabank Arena,Toronto,ON,True,0,0.0,4,3,STATUS_FINAL,post,True,Final,Final,Final,4,28,s:40~l:46~t:28,Toronto,Raptors,TOR,Toronto Raptors,Raptors,d91244,000000,True,1838.0,https://a.espncdn.com/i/teamlogos/nba/500/scoreboard/tor.png,122,True,11,s:40~l:46~t:11,Indiana,Pacers,IND,Indiana Pacers,Pacers,True,104,False,401810614,2026,2,0c2340,ffd520,2183.0,https://a.espncdn.com/i/teamlogos/nba/500/scoreboard/ind.png,,True,https://raw.githubusercontent.com/sportsdataverse/hoopR-nba-raw/main/nba/json/final/401810614.json,2026-02-08 15:00:00,2026-02-08,True,IND @ TOR
401810615,s:40~l:46~e:401810615~c:401810615,2026-02-08,18978,True,False,False,False,2026-02-08T20:00Z,,,1,STD,2029.0,Target Center,Minneapolis,MN,True,0,0.0,4,3,STATUS_FINAL,post,True,Final,Final,Final,4,16,s:40~l:46~t:16,Minnesota,Timberwolves,MIN,Minnesota Timberwolves,Timberwolves,266092,79bc43,True,2029.0,https://a.espncdn.com/i/teamlogos/nba/500/scoreboard/min.png,96,False,12,s:40~l:46~t:12,LA,Clippers,LAC,LA Clippers,Clippers,True,115,True,401810615,2026,2,12173f,c8102e,1841.0,https://a.espncdn.com/i/teamlogos/nba/500/scoreboard/lac.png,,True,https://raw.githubusercontent.com/sportsdataverse/hoopR-nba-raw/main/nba/json/final/401810615.json,2026-02-08 15:00:00,2026-02-08,True,LAC @ MIN
401810613,s:40~l:46~e:401810613~c:401810613,2026-02-08,14056,True,False,False,False,2026-02-08T19:00Z,,,1,STD,1823.0,Capital One Arena,Washington,DC,True,720,12:00,4,3,STATUS_FINAL,post,True,Final,Final,Final,4,27,s:40~l:46~t:27,Washington,Wizards,WSH,Washington Wizards,Wizards,e31837,002b5c,True,1823.0,https://a.espncdn.com/i/teamlogos/nba/500/scoreboard/wsh.png,101,False,14,s:40~l:46~t:14,Miami,Heat,MIA,Miami Heat,Heat,True,132,True,401810613,2026,2,98002e,000000,3438.0,https://a.espncdn.com/i/teamlogos/nba/500/scoreboard/mia.png,,True,https://raw.githubusercontent.com/sportsdataverse/hoopR-nba-raw/main/nba/json/final/401810613.json,2026-02-08 14:00:00,2026-02-08,True,MIA @ WAS
401810612,s:40~l:46~e:401810612~c:401810612,2026-02-08,19156,True,False,False,False,2026-02-08T17:30Z,,,1,STD,1824.0,TD Garden,Boston,MA,True,720,12:00,4,3,STATUS_FINAL,post,True,Final,Final,Final,4,2,s:40~l:46~t:2,Boston,Celtics,BOS,Boston Celtics,Celtics,008348,ffffff,True,1824.0,https://a.espncdn.com/i/teamlogos/nba/500/scoreboard/bos.png,89,False,18,s:40~l:46~t:18,New York,Knicks,NY,New York Knicks,Knicks,True,111,True,401810612,2026,2,1d428a,f58426,1830.0,https://a.espncdn.com/i/teamlogos/nba/500/scoreboard/ny.png,,True,https://raw.githubusercontent.com/sportsdataverse/hoopR-nba-raw/main/nba/json/final/401810612.json,2026-02-08 12:30:00,2026-02-08,True,NYK @ BOS
401810610,s:40~l:46~e:401810610~c:401810610,2026-02-08,16273,True,False,False,False,2026-02-08T03:00Z,,,1,STD,3423.0,Moda Center,Portland,OR,True,720,12:00,4,3,STATUS_FINAL,post,True,Final,Final,Final,4,22,s:40~l:46~t:22,Portland,Trail Blazers,POR,Portland Trail Blazers,Trail Blazers,e03a3e,000000,True,3423.0,https://a.espncdn.com/i/teamlogos/nba/500/scoreboard/por.png,122,True,29,s:40~l:46~t:29,Memphis,Grizzlies,MEM,Memphis Grizzlies,Grizzlies,True,115,False,401810610,2026,2,5d76a9,12173f,1392.0,https://a.espncdn.com/i/teamlogos/nba/500/scoreboard/mem.png,,True,https://raw.githubusercontent.com/sportsdataverse/hoopR-nba-raw/main/nba/json/final/401810610.json,2026-02-07 22:00:00,2026-02-07,True,MEM @ POR
401810611,s:40~l:46~e:401810611~c:401810611,2026-02-08,16212,True,False,False,False,2026-02-08T03:00Z,,,1,STD,5310.0,Golden 1 Center,Sacramento,CA,True,720,12:00,4,3,STATUS_FINAL,post,True,Final,Final,Final,4,23,s:40~l:46~t:23,Sacramento,Kings,SAC,Sacramento Kings,Kings,5a2d81,6a7a82,True,2247.0,https://a.espncdn.com/i/teamlogos/nba/500/scoreboard/sac.png,126,False,5,s:40~l:46~t:5,Cleveland,Cavaliers,CLE,Cleveland Cavaliers,Cavaliers,True,132,True,401810611,2026,2,860038,bc945c,3417.0,https://a.espncdn.com/i/teamlogos/nba/500/scoreboard/cle.png,,True,https://raw.githubusercontent.com/sportsdataverse/hoopR-nba-raw/main/nba/json/final/401810611.json,2026-02-07 22:00:00,2026-02-07,True,CLE @ SAC
401810609,s:40~l:46~e:401810609~c:401810609,2026-02-08,17071,True,False,False,False,2026-02-08T02:00Z,,,1,STD,1949.0,Mortgage Matchup Center,Phoenix,AZ,True,720,12:00,4,3,STATUS_FINAL,post,True,Final,Final,Final,4,21,s:40~l:46~t:21,Phoenix,Suns,PHX,Phoenix Suns,Suns,29127a,e56020,True,1949.0,https://a.espncdn.com/i/teamlogos/nba/500/scoreboard/phx.png,103,False,20,s:40~l:46~t:20,Philadelphia,76ers,PHI,Philadelphia 76ers,76ers,True,109,True,401810609,2026,2,1d428a,e01234,1845.0,https://a.espncdn.com/i/teamlogos/nba/500/scoreboard/phi.png,,True,https://raw.githubusercontent.com/sportsdataverse/hoopR-nba-raw/main/nba/json/final/401810609.json,2026-02-07 21:00:00,2026-02-07,True,PHI @ PHX
401810608,s:40~l:46~e:401810608~c:401810608,2026-02-08,18997,True,False,False,False,2026-02-08T01:30Z,,,1,STD,1841.0,crypto.com Arena,Los Angeles,CA,True,720,12:00,4,3,STATUS_FINAL,post,True,Final,Final,Final,4,13,s:40~l:46~t:13,Los Angeles,Lakers,LAL,Los Angeles Lakers,Lakers,552583,fdb927,True,1841.0,https://a.espncdn.com/i/teamlogos/nba/500/scoreboard/lal.png,105,True,9,s:40~l:46~t:9,Golden State,Warriors,GS,Golden State Warriors,Warriors,True,99,False,401810608,2026,2,fdb927,1d428a,2465.0,https://a.espncdn.com/i/teamlogos/nba/500/scoreboard/gs.png,,True,https://raw.githubusercontent.com/sportsdataverse/hoopR-nba-raw/main/nba/json/final/401810608.json,2026-02-07 20:30:00,2026-02-07,True,GSW @ LAL
401810607,s:40~l:46~e:401810607~c:401810607,2026-02-08,20939,True,False,False,False,2026-02-08T01:00Z,,,1,STD,1847.0,United Center,Chicago,IL,True,720,12:00,4,3,STATUS_FINAL,post,True,Final,Final,Final,4,4,s:40~l:46~t:4,Chicago,Bulls,CHI,Chicago Bulls,Bulls,ce1141,000000,True,1847.0,https://a.espncdn.com/i/teamlogos/nba/500/scoreboard/chi.png,120,False,7,s:40~l:46~t:7,Denver,Nuggets,DEN,Denver Nuggets,Nuggets,True,136,True,401810607,2026,2,0e2240,fec524,892.0,https://a.espncdn.com/i/teamlogos/nba/500/scoreboard/den.png,,True,https://raw.githubusercontent.com/sportsdataverse/hoopR-nba-raw/main/nba/json/final/401810607.json,2026-02-07 20:00:00,2026-02-07,True,DEN @ CHI
401810606,s:40~l:46~e:401810606~c:401810606,2026-02-08,17492,True,False,False,False,2026-02-08T00:30Z,,,1,STD,1827.0,State Farm Arena,Atlanta,GA,True,720,12:00,4,3,STATUS_FINAL,post,True,Final,Final,Final,4,1,s:40~l:46~t:1,Atlanta,Hawks,ATL,Atlanta Hawks,Hawks,c8102e,fdb927,True,1827.0,https://a.espncdn.com/i/teamlogos/nba/500/scoreboard/atl.png,119,False,30,s:40~l:46~t:30,Charlotte,Hornets,CHA,Charlotte Hornets,Hornets,True,126,True,401810606,2026,2,008ca8,1d1060,1893.0,https://a.espncdn.com/i/teamlogos/nba/500/scoreboard/cha.png,,True,https://raw.githubusercontent.com/sportsdataverse/hoopR-nba-raw/main/nba/json/final/401810606.json,2026-02-07 19:30:00,2026-02-07,True,CHA @ ATL
401810605,s:40~l:46~e:401810605~c:401810605,2026-02-08,19203,True,False,False,False,2026-02-08T00:00Z,,,1,STD,3432.0,Kia Center,Orlando,FL,True,720,12:00,4,3,STATUS_FINAL,post,True,Final,Final,Final,4,19,s:40~l:46~t:19,Orlando,Magic,ORL,Orlando Magic,Magic,0150b5,9ca0a3,True,3432.0,https://a.espncdn.com/i/teamlogos/nba/500/scoreboard/orl.png,120,True,26,s:40~l:46~t:26,Utah,Jazz,UTAH,Utah Jazz,Jazz,True,117,False,401810605,2026,2,4e008e,79a3dc,3093.0,https://a.espncdn.com/i/teamlogos/nba/500/scoreboard/utah.png,,True,https://raw.githubusercontent.com/sportsdataverse/hoopR-nba-raw/main/nba/json/final/401810605.json,2026-02-07 19:00:00,2026-02-07,True,UTA @ ORL
401810604,s:40~l:46~e:401810604~c:401810604,2026-02-07,18617,True,False,False,False,2026-02-07T23:00Z,,,1,STD,780.0,Frost Bank Center,San Antonio,TX,True,720,12:00,4,3,STATUS_FINAL,post,True,Final,Final,Final,4,24,s:40~l:46~t:24,San Antonio,Spurs,SA,San Antonio Spurs,Spurs,000000,c4ced4,True,780.0,https://a.espncdn.com/i/teamlogos/nba/500/scoreboard/sa.png,138,True,6,s:40~l:46~t:6,Dallas,Mavericks,DAL,Dallas Mavericks,Mavericks,True,125,False,401810604,2026,2,0064b1,bbc4ca,516.0,https://a.espncdn.com/i/teamlogos/nba/500/scoreboard/dal.png,,True,https://raw.githubusercontent.com/sportsdataverse/hoopR-nba-raw/main/nba/json/final/401810604.json,2026-02-07 18:00:00,2026-02-07,True,DAL @ SAS
401810603,s:40~l:46~e:401810603~c:401810603,2026-02-07,18203,True,False,False,False,2026-02-07T20:30Z,,,1,STD,2559.0,Paycom Center,Oklahoma City,OK,True,720,12:00,4,3,STATUS_FINAL,post,True,Final,Final,Final,4,25,s:40~l:46~t:25,Oklahoma City,Thunder,OKC,Oklahoma City Thunder,Thunder,007ac1,ef3b24,True,2559.0,https://a.espncdn.com/i/teamlogos/nba/500/scoreboard/okc.png,106,False,10,s:40~l:46~t:10,Houston,Rockets,HOU,Houston Rockets,Rockets,True,112,True,401810603,2026,2,ce1141,000000,1394.0,https://a.espncdn.com/i/teamlogos/nba/500/scoreboard/hou.png,,True,https://raw.githubusercontent.com/sportsdataverse/hoopR-nba-raw/main/nba/json/final/401810603.json,2026-02-07 15:30:00,2026-02-07,True,HOU @ OKC
401810602,s:40~l:46~e:401810602~c:401810602,2026-02-07,17548,True,False,False,False,2026-02-07T20:00Z,,,1,STD,3559.0,Barclays Center,Brooklyn,NY,True,720,12:00,4,3,STATUS_FINAL,post,True,Final,Final,Final,4,17,s:40~l:46~t:17,Brooklyn,Nets,BKN,Brooklyn Nets,Nets,000000,ffffff,True,1826.0,https://a.espncdn.com/i/teamlogos/nba/500/scoreboard/bkn.png,127,True,27,s:40~l:46~t:27,Washington,Wizards,WSH,Washington Wizards,Wizards,True,113,False,401810602,2026,2,e31837,002b5c,1823.0,https://a.espncdn.com/i/teamlogos/nba/500/scoreboard/wsh.png,,True,https://raw.githubusercontent.com/sportsdataverse/hoopR-nba-raw/main/nba/json/final/401810602.json,2026-02-07 15:00:00,2026-02-07,True,WAS @ BKN
401810600,s:40~l:46~e:401810600~c:401810600,2026-02-07,16895,True,False,False,False,2026-02-07T03:00Z,,,1,STD,3423.0,Moda Center,Portland,OR,True,720,12:00,4,3,STATUS_FINAL,post,True,Final,Final,Final,4,22,s:40~l:46~t:22,Portland,Trail Blazers,POR,Portland Trail Blazers,Trail Blazers,e03a3e,000000,True,3423.0,https://a.espncdn.com/i/teamlogos/nba/500/scoreboard/por.png,135,True,29,s:40~l:46~t:29,Memphis,Grizzlies,MEM,Memphis Grizzlies,Grizzlies,True,115,False,401810600,2026,2,5d76a9,12173f,1392.0,https://a.espncdn.com/i/teamlogos/nba/500/scoreboard/mem.png,,True,https://raw.githubusercontent.com/sportsdataverse/hoopR-nba-raw/main/nba/json/final/401810600.json,2026-02-06 22:00:00,2026-02-06,True,MEM @ POR
401810601,s:40~l:46~e:401810601~c:401810601,2026-02-07,16665,True,False,False,False,2026-02-07T03:00Z,,,1,STD,5310.0,Golden 1 Center,Sacramento,CA,True,720,12:00,4,3,STATUS_FINAL,post,True,Final,Final,Final,4,23,s:40~l:46~t:23,Sacramento,Kings,SAC,Sacramento Kings,Kings,5a2d81,6a7a82,True,2247.0,https://a.espncdn.com/i/teamlogos/nba/500/scoreboard/sac.png,111,False,12,s:40~l:46~t:12,LA,Clippers,LAC,LA Clippers,Clippers,True,114,True,401810601,2026,2,12173f,c8102e,1841.0,https://a.espncdn.com/i/teamlogos/nba/500/scoreboard/lac.png,,True,https://raw.githubusercontent.com/sportsdataverse/hoopR-nba-raw/main/nba/json/final/401810601.json,2026-02-06 22:00:00,2026-02-06,True,LAC @ SAC
401810598,s:40~l:46~e:401810598~c:401810598,2026-02-07,17341,True,False,False,False,2026-02-07T01:00Z,,,1,STD,5777.0,Fiserv Forum,Milwaukee,WI,True,720,12:00,4,3,STATUS_FINAL,post,True,Final,Final,Final,4,15,s:40~l:46~t:15,Milwaukee,Bucks,MIL,Milwaukee Bucks,Bucks,00471b,eee1c6,True,2099.0,https://a.espncdn.com/i/teamlogos/nba/500/scoreboard/mil.png,105,True,11,s:40~l:46~t:11,Indiana,Pacers,IND,Indiana Pacers,Pacers,True,99,False,401810598,2026,2,0c2340,ffd520,2183.0,https://a.espncdn.com/i/teamlogos/nba/500/scoreboard/ind.png,,True,https://raw.githubusercontent.com/sportsdataverse/hoopR-nba-raw/main/nba/json/final/401810598.json,2026-02-06 20:00:00,2026-02-06,True,IND @ MIL
401810599,s:40~l:46~e:401810599~c:401810599,2026-02-07,18978,True,False,False,False,2026-02-07T01:00Z,,,1,STD,2029.0,Target Center,Minneapolis,MN,True,0,0.0,4,3,STATUS_FINAL,post,True,Final,Final,Final,4,16,s:40~l:46~t:16,Minnesota,Timberwolves,MIN,Minnesota Timberwolves,Timberwolves,266092,79bc43,True,2029.0,https://a.espncdn.com/i/teamlogos/nba/500/scoreboard/min.png,115,False,3,s:40~l:46~t:3,New Orleans,Pelicans,NO,New Orleans Pelicans,Pelicans,True,119,True,401810599,2026,2,0a2240,b4975a,985.0,https://a.espncdn.com/i/teamlogos/nba/500/scoreboard/no.png,,True,https://raw.githubusercontent.com/sportsdataverse/hoopR-nba-raw/main/nba/json/final/401810599.json,2026-02-06 20:00:00,2026-02-06,True,NOP @ MIN
401810596,s:40~l:46~e:401810596~c:401810596,2026-02-07,19156,True,False,False,False,2026-02-07T00:30Z,,,1,STD,1824.0,TD Garden,Boston,MA,True,720,12:00,4,3,STATUS_FINAL,post,True,Final,Final,Final,4,2,s:40~l:46~t:2,Boston,Celtics,BOS,Boston Celtics,Celtics,008348,ffffff,True,1824.0,https://a.espncdn.com/i/teamlogos/nba/500/scoreboard/bos.png,98,True,14,s:40~l:46~t:14,Miami,Heat,MIA,Miami Heat,Heat,True,96,False,401810596,2026,2,98002e,000000,3438.0,https://a.espncdn.com/i/teamlogos/nba/500/scoreboard/mia.png,,True,https://raw.githubusercontent.com/sportsdataverse/hoopR-nba-raw/main/nba/json/final/401810596.json,2026-02-06 19:30:00,2026-02-06,True,MIA @ BOS
401810597,s:40~l:46~e:401810597~c:401810597,2026-02-07,20062,True,False,False,False,2026-02-07T00:30Z,,,1,STD,5404.0,Little Caesars Arena,Detroit,MI,True,720,12:00,4,3,STATUS_FINAL,post,True,Final,Final,Final,4,8,s:40~l:46~t:8,Detroit,Pistons,DET,Detroit Pistons,Pistons,1d428a,c8102e,True,5311.0,https://a.espncdn.com/i/teamlogos/nba/500/scoreboard/det.png,118,True,18,s:40~l:46~t:18,New York,Knicks,NY,New York Knicks,Knicks,True,80,False,401810597,2026,2,1d428a,f58426,1830.0,https://a.espncdn.com/i/teamlogos/nba/500/scoreboard/ny.png,,True,https://raw.githubusercontent.com/sportsdataverse/hoopR-nba-raw/main/nba/json/final/401810597.json,2026-02-06 19:30:00,2026-02-06,True,NYK @ DET
401810594,s:40~l:46~e:401810594~c:401810594,2026-02-06,17071,True,False,False,False,2026-02-06T03:00Z,,,1,STD,1949.0,Mortgage Matchup Center,Phoenix,AZ,True,720,12:00,4,3,STATUS_FINAL,post,True,Final,Final,Final,4,21,s:40~l:46~t:21,Phoenix,Suns,PHX,Phoenix Suns,Suns,29127a,e56020,True,1949.0,https://a.espncdn.com/i/teamlogos/nba/500/scoreboard/phx.png,97,False,9,s:40~l:46~t:9,Golden State,Warriors,GS,Golden State Warriors,Warriors,True,101,True,401810594,2026,2,fdb927,1d428a,2465.0,https://a.espncdn.com/i/teamlogos/nba/500/scoreboard/gs.png,,True,https://raw.githubusercontent.com/sportsdataverse/hoopR-nba-raw/main/nba/json/final/401810594.json,2026-02-05 22:00:00,2026-02-05,True,GSW @ PHX
401810595,s:40~l:46~e:401810595~c:401810595,2026-02-06,18731,True,False,False,False,2026-02-06T03:00Z,,,1,STD,1841.0,crypto.com Arena,Los Angeles,CA,True,0,0.0,4,3,STATUS_FINAL,post,True,Final,Final,Final,4,13,s:40~l:46~t:13,Los Angeles,Lakers,LAL,Los Angeles Lakers,Lakers,552583,fdb927,True,1841.0,https://a.espncdn.com/i/teamlogos/nba/500/scoreboard/lal.png,119,True,20,s:40~l:46~t:20,Philadelphia,76ers,PHI,Philadelphia 76ers,76ers,True,115,False,401810595,2026,2,1d428a,e01234,1845.0,https://a.espncdn.com/i/teamlogos/nba/500/scoreboard/phi.png,,True,https://raw.githubusercontent.com/sportsdataverse/hoopR-nba-raw/main/nba/json/final/401810595.json,2026-02-05 22:00:00,2026-02-05,True,PHI @ LAL
401810593,s:40~l:46~e:401810593~c:401810593,2026-02-06,19413,True,False,False,False,2026-02-06T01:30Z,,,1,STD,516.0,American Airlines Center,Dallas,TX,True,0,0.0,4,3,STATUS_FINAL,post,True,Final,Final,Final,4,6,s:40~l:46~t:6,Dallas,Mavericks,DAL,Dallas Mavericks,Mavericks,0064b1,bbc4ca,True,516.0,https://a.espncdn.com/i/teamlogos/nba/500/scoreboard/dal.png,123,False,24,s:40~l:46~t:24,San Antonio,Spurs,SA,San Antonio Spurs,Spurs,True,135,True,401810593,2026,2,000000,c4ced4,780.0,https://a.espncdn.com/i/teamlogos/nba/500/scoreboard/sa.png,,True,https://raw.githubusercontent.com/sportsdataverse/hoopR-nba-raw/main/nba/json/final/401810593.json,2026-02-05 20:30:00,2026-02-05,True,SAS @ DAL
401810592,s:40~l:46~e:401810592~c:401810592,2026-02-06,18055,True,False,False,False,2026-02-06T01:00Z,,,1,STD,1394.0,Toyota Center (Houston),Houston,TX,True,0,0.0,4,3,STATUS_FINAL,post,True,Final,Final,Final,4,10,s:40~l:46~t:10,Houston,Rockets,HOU,Houston Rockets,Rockets,ce1141,000000,True,1394.0,https://a.espncdn.com/i/teamlogos/nba/500/scoreboard/hou.png,99,False,30,s:40~l:46~t:30,Charlotte,Hornets,CHA,Charlotte Hornets,Hornets,True,109,True,401810592,2026,2,008ca8,1d1060,1893.0,https://a.espncdn.com/i/teamlogos/nba/500/scoreboard/cha.png,,True,https://raw.githubusercontent.com/sportsdataverse/hoopR-nba-raw/main/nba/json/final/401810592.json,2026-02-05 20:00:00,2026-02-05,True,CHA @ HOU
401810590,s:40~l:46~e:401810590~c:401810590,2026-02-06,15412,True,False,False,False,2026-02-06T00:30Z,,,1,STD,1827.0,State Farm Arena,Atlanta,GA,True,0,0.0,4,3,STATUS_FINAL,post,True,Final,Final,Final,4,1,s:40~l:46~t:1,Atlanta,Hawks,ATL,Atlanta Hawks,Hawks,c8102e,fdb927,True,1827.0,https://a.espncdn.com/i/teamlogos/nba/500/scoreboard/atl.png,121,True,26,s:40~l:46~t:26,Utah,Jazz,UTAH,Utah Jazz,Jazz,True,119,False,401810590,2026,2,4e008e,79a3dc,3093.0,https://a.espncdn.com/i/teamlogos/nba/500/scoreboard/utah.png,,True,https://raw.githubusercontent.com/sportsdataverse/hoopR-nba-raw/main/nba/json/final/401810590.json,2026-02-05 19:30:00,2026-02-05,True,UTA @ ATL
401810591,s:40~l:46~e:401810591~c:401810591,2026-02-06,18795,True,False,False,False,2026-02-06T00:30Z,,,1,STD,1838.0,Scotiabank Arena,Toronto,ON,True,0,0.0,4,3,STATUS_FINAL,post,True,Final,Final,Final,4,28,s:40~l:46~t:28,Toronto,Raptors,TOR,Toronto Raptors,Raptors,d91244,000000,True,1838.0,https://a.espncdn.com/i/teamlogos/nba/500/scoreboard/tor.png,123,True,4,s:40~l:46~t:4,Chicago,Bulls,CHI,Chicago Bulls,Bulls,True,107,False,401810591,2026,2,ce1141,000000,1847.0,https://a.espncdn.com/i/teamlogos/nba/500/scoreboard/chi.png,,True,https://raw.githubusercontent.com/sportsdataverse/hoopR-nba-raw/main/nba/json/final/401810591.json,2026-02-05 19:30:00,2026-02-05,True,CHI @ TOR
401810588,s:40~l:46~e:401810588~c:401810588,2026-02-06,19401,True,False,False,False,2026-02-06T00:00Z,,,1,STD,5404.0,Little Caesars Arena,Detroit,MI,True,0,0.0,4,3,STATUS_FINAL,post,True,Final,Final,Final,4,8,s:40~l:46~t:8,Detroit,Pistons,DET,Detroit Pistons,Pistons,1d428a,c8102e,True,5311.0,https://a.espncdn.com/i/teamlogos/nba/500/scoreboard/det.png,117,False,27,s:40~l:46~t:27,Washington,Wizards,WSH,Washington Wizards,Wizards,True,126,True,401810588,2026,2,e31837,002b5c,1823.0,https://a.espncdn.com/i/teamlogos/nba/500/scoreboard/wsh.png,,True,https://raw.githubusercontent.com/sportsdataverse/hoopR-nba-raw/main/nba/json/final/401810588.json,2026-02-05 19:00:00,2026-02-05,True,WAS @ DET
401810589,s:40~l:46~e:401810589~c:401810589,2026-02-06,18093,True,False,False,False,2026-02-06T00:00Z,,,1,STD,3432.0,Kia Center,Orlando,FL,True,0,0.0,4,3,STATUS_FINAL,post,True,Final,Final,Final,4,19,s:40~l:46~t:19,Orlando,Magic,ORL,Orlando Magic,Magic,0150b5,9ca0a3,True,3432.0,https://a.espncdn.com/i/teamlogos/nba/500/scoreboard/orl.png,118,True,17,s:40~l:46~t:17,Brooklyn,Nets,BKN,Brooklyn Nets,Nets,True,98,False,401810589,2026,2,000000,ffffff,1826.0,https://a.espncdn.com/i/teamlogos/nba/500/scoreboard/bkn.png,,True,https://raw.githubusercontent.com/sportsdataverse/hoopR-nba-raw/main/nba/json/final/401810589.json,2026-02-05 19:00:00,2026-02-05,True,BKN @ ORL
401810587,s:40~l:46~e:401810587~c:401810587,2026-02-05,17927,True,False,False,False,2026-02-05T03:30Z,,,1,STD,10642.0,Intuit Dome,Inglewood,CA,True,0,0.0,4,3,STATUS_FINAL,post,True,Final,Final,Final,4,12,s:40~l:46~t:12,LA,Clippers,LAC,LA Clippers,Clippers,12173f,c8102e,True,1841.0,https://a.espncdn.com/i/teamlogos/nba/500/scoreboard/lac.png,91,False,5,s:40~l:46~t:5,Cleveland,Cavaliers,CLE,Cleveland Cavaliers,Cavaliers,True,124,True,401810587,2026,2,860038,bc945c,3417.0,https://a.espncdn.com/i/teamlogos/nba/500/scoreboard/cle.png,,True,https://raw.githubusercontent.com/sportsdataverse/hoopR-nba-raw/main/nba/json/final/401810587.json,2026-02-04 22:30:00,2026-02-04,True,CLE @ LAC
401810586,s:40~l:46~e:401810586~c:401810586,2026-02-05,15017,True,False,False,False,2026-02-05T03:00Z,,,1,STD,5310.0,Golden 1 Center,Sacramento,CA,True,0,0.0,4,3,STATUS_FINAL,post,True,Final,Final,Final,4,23,s:40~l:46~t:23,Sacramento,Kings,SAC,Sacramento Kings,Kings,5a2d81,6a7a82,True,2247.0,https://a.espncdn.com/i/teamlogos/nba/500/scoreboard/sac.png,125,False,29,s:40~l:46~t:29,Memphis,Grizzlies,MEM,Memphis Grizzlies,Grizzlies,True,129,True,401810586,2026,2,5d76a9,12173f,1392.0,https://a.espncdn.com/i/teamlogos/nba/500/scoreboard/mem.png,,True,https://raw.githubusercontent.com/sportsdataverse/hoopR-nba-raw/main/nba/json/final/401810586.json,2026-02-04 22:00:00,2026-02-04,True,MEM @ SAC
401810585,s:40~l:46~e:401810585~c:401810585,2026-02-05,18354,True,False,False,False,2026-02-05T02:30Z,,,1,STD,780.0,Frost Bank Center,San Antonio,TX,True,720,12:00,4,3,STATUS_FINAL,post,True,Final,Final,Final,4,24,s:40~l:46~t:24,San Antonio,Spurs,SA,San Antonio Spurs,Spurs,000000,c4ced4,True,780.0,https://a.espncdn.com/i/teamlogos/nba/500/scoreboard/sa.png,116,True,25,s:40~l:46~t:25,Oklahoma City,Thunder,OKC,Oklahoma City Thunder,Thunder,True,106,False,401810585,2026,2,007ac1,ef3b24,2559.0,https://a.espncdn.com/i/teamlogos/nba/500/scoreboard/okc.png,,True,https://raw.githubusercontent.com/sportsdataverse/hoopR-nba-raw/main/nba/json/final/401810585.json,2026-02-04 21:30:00,2026-02-04,True,OKC @ SAS
401810583,s:40~l:46~e:401810583~c:401810583,2026-02-05,18055,True,False,False,False,2026-02-05T01:00Z,,,1,STD,1394.0,Toyota Center (Houston),Houston,TX,True,720,12:00,4,3,STATUS_FINAL,post,True,Final,Final,Final,4,10,s:40~l:46~t:10,Houston,Rockets,HOU,Houston Rockets,Rockets,ce1141,000000,True,1394.0,https://a.espncdn.com/i/teamlogos/nba/500/scoreboard/hou.png,93,False,2,s:40~l:46~t:2,Boston,Celtics,BOS,Boston Celtics,Celtics,True,114,True,401810583,2026,2,008348,ffffff,1824.0,https://a.espncdn.com/i/teamlogos/nba/500/scoreboard/bos.png,,True,https://raw.githubusercontent.com/sportsdataverse/hoopR-nba-raw/main/nba/json/final/401810583.json,2026-02-04 20:00:00,2026-02-04,True,BOS @ HOU
401810584,s:40~l:46~e:401810584~c:401810584,2026-02-05,14343,True,False,False,False,2026-02-05T01:00Z,,,1,STD,5777.0,Fiserv Forum,Milwaukee,WI,True,300,5:00,5,3,STATUS_FINAL,post,True,Final,Final/OT,Final/OT,4,15,s:40~l:46~t:15,Milwaukee,Bucks,MIL,Milwaukee Bucks,Bucks,00471b,eee1c6,True,2099.0,https://a.espncdn.com/i/teamlogos/nba/500/scoreboard/mil.png,141,True,3,s:40~l:46~t:3,New Orleans,Pelicans,NO,New Orleans Pelicans,Pelicans,True,137,False,401810584,2026,2,0a2240,b4975a,985.0,https://a.espncdn.com/i/teamlogos/nba/500/scoreboard/no.png,OT,True,https://raw.githubusercontent.com/sportsdataverse/hoopR-nba-raw/main/nba/json/final/401810584.json,2026-02-04 20:00:00,2026-02-04,True,NOP @ MIL
401810582,s:40~l:46~e:401810582~c:401810582,2026-02-05,18775,True,False,False,False,2026-02-05T00:30Z,,,1,STD,1838.0,Scotiabank Arena,Toronto,ON,True,720,12:00,4,3,STATUS_FINAL,post,True,Final,Final,Final,4,28,s:40~l:46~t:28,Toronto,Raptors,TOR,Toronto Raptors,Raptors,d91244,000000,True,1838.0,https://a.espncdn.com/i/teamlogos/nba/500/scoreboard/tor.png,126,False,16,s:40~l:46~t:16,Minnesota,Timberwolves,MIN,Minnesota Timberwolves,Timberwolves,True,128,True,401810582,2026,2,266092,79bc43,2029.0,https://a.espncdn.com/i/teamlogos/nba/500/scoreboard/min.png,,True,https://raw.githubusercontent.com/sportsdataverse/hoopR-nba-raw/main/nba/json/final/401810582.json,2026-02-04 19:30:00,2026-02-04,True,MIN @ TOR
401810581,s:40~l:46~e:401810581~c:401810581,2026-02-05,19812,True,False,False,False,2026-02-05T00:00Z,,,1,STD,1830.0,Madison Square Garden,New York,NY,True,300,5:00,6,3,STATUS_FINAL,post,True,Final,Final/2OT,Final/2OT,4,18,s:40~l:46~t:18,New York,Knicks,NY,New York Knicks,Knicks,1d428a,f58426,True,1830.0,https://a.espncdn.com/i/teamlogos/nba/500/scoreboard/ny.png,134,True,7,s:40~l:46~t:7,Denver,Nuggets,DEN,Denver Nuggets,Nuggets,True,127,False,401810581,2026,2,0e2240,fec524,892.0,https://a.espncdn.com/i/teamlogos/nba/500/scoreboard/den.png,2OT,True,https://raw.githubusercontent.com/sportsdataverse/hoopR-nba-raw/main/nba/json/final/401810581.json,2026-02-04 19:00:00,2026-02-04,True,DEN @ NYK
401810580,s:40~l:46~e:401810580~c:401810580,2026-02-04,16092,True,False,False,False,2026-02-04T04:00Z,,,1,STD,3423.0,Moda Center,Portland,OR,True,720,12:00,4,3,STATUS_FINAL,post,True,Final,Final,Final,4,22,s:40~l:46~t:22,Portland,Trail Blazers,POR,Portland Trail Blazers,Trail Blazers,e03a3e,000000,True,3423.0,https://a.espncdn.com/i/teamlogos/nba/500/scoreboard/por.png,125,False,21,s:40~l:46~t:21,Phoenix,Suns,PHX,Phoenix Suns,Suns,True,130,True,401810580,2026,2,29127a,e56020,1949.0,https://a.espncdn.com/i/teamlogos/nba/500/scoreboard/phx.png,,True,https://raw.githubusercontent.com/sportsdataverse/hoopR-nba-raw/main/nba/json/final/401810580.json,2026-02-03 23:00:00,2026-02-03,True,PHX @ POR
401810579,s:40~l:46~e:401810579~c:401810579,2026-02-04,18064,True,False,False,False,2026-02-04T03:00Z,,,1,STD,6270.0,Chase Center,San Francisco,CA,True,720,12:00,4,3,STATUS_FINAL,post,True,Final,Final,Final,4,9,s:40~l:46~t:9,Golden State,Warriors,GS,Golden State Warriors,Warriors,fdb927,1d428a,True,2465.0,https://a.espncdn.com/i/teamlogos/nba/500/scoreboard/gs.png,94,False,20,s:40~l:46~t:20,Philadelphia,76ers,PHI,Philadelphia 76ers,76ers,True,113,True,401810579,2026,2,1d428a,e01234,1845.0,https://a.espncdn.com/i/teamlogos/nba/500/scoreboard/phi.png,,True,https://raw.githubusercontent.com/sportsdataverse/hoopR-nba-raw/main/nba/json/final/401810579.json,2026-02-03 22:00:00,2026-02-03,True,PHI @ GSW
401810576,s:40~l:46~e:401810576~c:401810576,2026-02-04,19132,True,False,False,False,2026-02-04T01:00Z,,,1,STD,516.0,American Airlines Center,Dallas,TX,True,720,12:00,4,3,STATUS_FINAL,post,True,Final,Final,Final,4,6,s:40~l:46~t:6,Dallas,Mavericks,DAL,Dallas Mavericks,Mavericks,0064b1,bbc4ca,True,516.0,https://a.espncdn.com/i/teamlogos/nba/500/scoreboard/dal.png,100,False,2,s:40~l:46~t:2,Boston,Celtics,BOS,Boston Celtics,Celtics,True,110,True,401810576,2026,2,008348,ffffff,1824.0,https://a.espncdn.com/i/teamlogos/nba/500/scoreboard/bos.png,,True,https://raw.githubusercontent.com/sportsdataverse/hoopR-nba-raw/main/nba/json/final/401810576.json,2026-02-03 20:00:00,2026-02-03,True,BOS @ DAL
401810577,s:40~l:46~e:401810577~c:401810577,2026-02-04,17341,True,False,False,False,2026-02-04T01:00Z,,,1,STD,5777.0,Fiserv Forum,Milwaukee,WI,True,720,12:00,4,3,STATUS_FINAL,post,True,Final,Final,Final,4,15,s:40~l:46~t:15,Milwaukee,Bucks,MIL,Milwaukee Bucks,Bucks,00471b,eee1c6,True,2099.0,https://a.espncdn.com/i/teamlogos/nba/500/scoreboard/mil.png,131,True,4,s:40~l:46~t:4,Chicago,Bulls,CHI,Chicago Bulls,Bulls,True,115,False,401810577,2026,2,ce1141,000000,1847.0,https://a.espncdn.com/i/teamlogos/nba/500/scoreboard/chi.png,,True,https://raw.githubusercontent.com/sportsdataverse/hoopR-nba-raw/main/nba/json/final/401810577.json,2026-02-03 20:00:00,2026-02-03,True,CHI @ MIL
401810578,s:40~l:46~e:401810578~c:401810578,2026-02-04,18203,True,False,False,False,2026-02-04T01:00Z,,,1,STD,2559.0,Paycom Center,Oklahoma City,OK,True,720,12:00,4,3,STATUS_FINAL,post,True,Final,Final,Final,4,25,s:40~l:46~t:25,Oklahoma City,Thunder,OKC,Oklahoma City Thunder,Thunder,007ac1,ef3b24,True,2559.0,https://a.espncdn.com/i/teamlogos/nba/500/scoreboard/okc.png,128,True,19,s:40~l:46~t:19,Orlando,Magic,ORL,Orlando Magic,Magic,True,92,False,401810578,2026,2,0150b5,9ca0a3,3432.0,https://a.espncdn.com/i/teamlogos/nba/500/scoreboard/orl.png,,True,https://raw.githubusercontent.com/sportsdataverse/hoopR-nba-raw/main/nba/json/final/401810578.json,2026-02-03 20:00:00,2026-02-03,True,ORL @ OKC
401810574,s:40~l:46~e:401810574~c:401810574,2026-02-04,18248,True,False,False,False,2026-02-04T00:30Z,,,1,STD,3559.0,Barclays Center,Brooklyn,NY,True,720,12:00,4,3,STATUS_FINAL,post,True,Final,Final,Final,4,17,s:40~l:46~t:17,Brooklyn,Nets,BKN,Brooklyn Nets,Nets,000000,ffffff,True,1826.0,https://a.espncdn.com/i/teamlogos/nba/500/scoreboard/bkn.png,109,False,13,s:40~l:46~t:13,Los Angeles,Lakers,LAL,Los Angeles Lakers,Lakers,True,125,True,401810574,2026,2,552583,fdb927,1841.0,https://a.espncdn.com/i/teamlogos/nba/500/scoreboard/lal.png,,True,https://raw.githubusercontent.com/sportsdataverse/hoopR-nba-raw/main/nba/json/final/401810574.json,2026-02-03 19:30:00,2026-02-03,True,LAL @ BKN
401810575,s:40~l:46~e:401810575~c:401810575,2026-02-04,19700,True,False,False,False,2026-02-04T00:30Z,,,1,STD,3438.0,Kaseya Center,Miami,FL,True,720,12:00,4,3,STATUS_FINAL,post,True,Final,Final,Final,4,14,s:40~l:46~t:14,Miami,Heat,MIA,Miami Heat,Heat,98002e,000000,True,3438.0,https://a.espncdn.com/i/teamlogos/nba/500/scoreboard/mia.png,115,False,1,s:40~l:46~t:1,Atlanta,Hawks,ATL,Atlanta Hawks,Hawks,True,127,True,401810575,2026,2,c8102e,fdb927,1827.0,https://a.espncdn.com/i/teamlogos/nba/500/scoreboard/atl.png,,True,https://raw.githubusercontent.com/sportsdataverse/hoopR-nba-raw/main/nba/json/final/401810575.json,2026-02-03 19:30:00,2026-02-03,True,ATL @ MIA
401810571,s:40~l:46~e:401810571~c:401810571,2026-02-04,19976,True,False,False,False,2026-02-04T00:00Z,,,1,STD,5404.0,Little Caesars Arena,Detroit,MI,True,720,12:00,4,3,STATUS_FINAL,post,True,Final,Final,Final,4,8,s:40~l:46~t:8,Detroit,Pistons,DET,Detroit Pistons,Pistons,1d428a,c8102e,True,5311.0,https://a.espncdn.com/i/teamlogos/nba/500/scoreboard/det.png,124,True,7,s:40~l:46~t:7,Denver,Nuggets,DEN,Denver Nuggets,Nuggets,True,121,False,401810571,2026,2,0e2240,fec524,892.0,https://a.espncdn.com/i/teamlogos/nba/500/scoreboard/den.png,,True,https://raw.githubusercontent.com/sportsdataverse/hoopR-nba-raw/main/nba/json/final/401810571.json,2026-02-03 19:00:00,2026-02-03,True,DEN @ DET
401810572,s:40~l:46~e:401810572~c:401810572,2026-02-04,16678,True,False,False,False,2026-02-04T00:00Z,,,1,STD,2183.0,Gainbridge Fieldhouse,Indianapolis,IN,True,720,12:00,4,3,STATUS_FINAL,post,True,Final,Final,Final,4,11,s:40~l:46~t:11,Indiana,Pacers,IND,Indiana Pacers,Pacers,0c2340,ffd520,True,2183.0,https://a.espncdn.com/i/teamlogos/nba/500/scoreboard/ind.png,122,False,26,s:40~l:46~t:26,Utah,Jazz,UTAH,Utah Jazz,Jazz,True,131,True,401810572,2026,2,4e008e,79a3dc,3093.0,https://a.espncdn.com/i/teamlogos/nba/500/scoreboard/utah.png,,True,https://raw.githubusercontent.com/sportsdataverse/hoopR-nba-raw/main/nba/json/final/401810572.json,2026-02-03 19:00:00,2026-02-03,True,UTA @ IND
401810573,s:40~l:46~e:401810573~c:401810573,2026-02-04,17822,True,False,False,False,2026-02-04T00:00Z,,,1,STD,1823.0,Capital One Arena,Washington,DC,True,720,12:00,4,3,STATUS_FINAL,post,True,Final,Final,Final,4,27,s:40~l:46~t:27,Washington,Wizards,WSH,Washington Wizards,Wizards,e31837,002b5c,True,1823.0,https://a.espncdn.com/i/teamlogos/nba/500/scoreboard/wsh.png,101,False,18,s:40~l:46~t:18,New York,Knicks,NY,New York Knicks,Knicks,True,132,True,401810573,2026,2,1d428a,f58426,1830.0,https://a.espncdn.com/i/teamlogos/nba/500/scoreboard/ny.png,,True,https://raw.githubusercontent.com/sportsdataverse/hoopR-nba-raw/main/nba/json/final/401810573.json,2026-02-03 19:00:00,2026-02-03,True,NYK @ WAS
401810570,s:40~l:46~e:401810570~c:401810570,2026-02-03,17927,True,False,False,False,2026-02-03T03:00Z,,,1,STD,10642.0,Intuit Dome,Inglewood,CA,True,720,12:00,4,3,STATUS_FINAL,post,True,Final,Final,Final,4,12,s:40~l:46~t:12,LA,Clippers,LAC,LA Clippers,Clippers,12173f,c8102e,True,1841.0,https://a.espncdn.com/i/teamlogos/nba/500/scoreboard/lac.png,113,False,20,s:40~l:46~t:20,Philadelphia,76ers,PHI,Philadelphia 76ers,76ers,True,128,True,401810570,2026,2,1d428a,e01234,1845.0,https://a.espncdn.com/i/teamlogos/nba/500/scoreboard/phi.png,,True,https://raw.githubusercontent.com/sportsdataverse/hoopR-nba-raw/main/nba/json/final/401810570.json,2026-02-02 22:00:00,2026-02-02,True,PHI @ LAC
401810569,s:40~l:46~e:401810569~c:401810569,2026-02-03,14005,True,False,False,False,2026-02-03T00:30Z,,,1,STD,1392.0,FedExForum,Memphis,TN,True,720,12:00,4,3,STATUS_FINAL,post,True,Final,Final,Final,4,29,s:40~l:46~t:29,Memphis,Grizzlies,MEM,Memphis Grizzlies,Grizzlies,5d76a9,12173f,True,1392.0,https://a.espncdn.com/i/teamlogos/nba/500/scoreboard/mem.png,137,True,16,s:40~l:46~t:16,Minnesota,Timberwolves,MIN,Minnesota Timberwolves,Timberwolves,True,128,False,401810569,2026,2,266092,79bc43,2029.0,https://a.espncdn.com/i/teamlogos/nba/500/scoreboard/min.png,,True,https://raw.githubusercontent.com/sportsdataverse/hoopR-nba-raw/main/nba/json/final/401810569.json,2026-02-02 19:30:00,2026-02-02,True,MIN @ MEM
401810568,s:40~l:46~e:401810568~c:401810568,2026-02-03,16511,True,False,False,False,2026-02-03T00:00Z,,,1,STD,2183.0,Gainbridge Fieldhouse,Indianapolis,IN,True,720,12:00,4,3,STATUS_FINAL,post,True,Final,Final,Final,4,11,s:40~l:46~t:11,Indiana,Pacers,IND,Indiana Pacers,Pacers,0c2340,ffd520,True,2183.0,https://a.espncdn.com/i/teamlogos/nba/500/scoreboard/ind.png,114,False,10,s:40~l:46~t:10,Houston,Rockets,HOU,Houston Rockets,Rockets,True,118,True,401810568,2026,2,ce1141,000000,1394.0,https://a.espncdn.com/i/teamlogos/nba/500/scoreboard/hou.png,,True,https://raw.githubusercontent.com/sportsdataverse/hoopR-nba-raw/main/nba/json/final/401810568.json,2026-02-02 19:00:00,2026-02-02,True,HOU @ IND
401810567,s:40~l:46~e:401810567~c:401810567,2026-02-02,17263,True,False,False,False,2026-02-02T20:00Z,,,1,STD,1893.0,Spectrum Center,Charlotte,NC,True,720,12:00,4,3,STATUS_FINAL,post,True,Final,Final,Final,4,30,s:40~l:46~t:30,Charlotte,Hornets,CHA,Charlotte Hornets,Hornets,008ca8,1d1060,True,1893.0,https://a.espncdn.com/i/teamlogos/nba/500/scoreboard/cha.png,102,True,3,s:40~l:46~t:3,New Orleans,Pelicans,NO,New Orleans Pelicans,Pelicans,True,95,False,401810567,2026,2,0a2240,b4975a,985.0,https://a.espncdn.com/i/teamlogos/nba/500/scoreboard/no.png,,True,https://raw.githubusercontent.com/sportsdataverse/hoopR-nba-raw/main/nba/json/final/401810567.json,2026-02-02 15:00:00,2026-02-02,True,NOP @ CHA
401810566,s:40~l:46~e:401810566~c:401810566,2026-02-02,19900,True,False,False,False,2026-02-02T02:30Z,,,1,STD,892.0,Ball Arena,Denver,CO,True,0,0.0,4,3,STATUS_FINAL,post,True,Final,Final,Final,4,7,s:40~l:46~t:7,Denver,Nuggets,DEN,Denver Nuggets,Nuggets,0e2240,fec524,True,892.0,https://a.espncdn.com/i/teamlogos/nba/500/scoreboard/den.png,111,False,25,s:40~l:46~t:25,Oklahoma City,Thunder,OKC,Oklahoma City Thunder,Thunder,True,121,True,401810566,2026,2,007ac1,ef3b24,2559.0,https://a.espncdn.com/i/teamlogos/nba/500/scoreboard/okc.png,,True,https://raw.githubusercontent.com/sportsdataverse/hoopR-nba-raw/main/nba/json/final/401810566.json,2026-02-01 21:30:00,2026-02-01,True,OKC @ DEN
401810558,s:40~l:46~e:401810558~c:401810558,2026-02-02,18354,True,False,False,False,2026-02-02T02:00Z,,,1,STD,780.0,Frost Bank Center,San Antonio,TX,True,0,0.0,4,3,STATUS_FINAL,post,True,Final,Final,Final,4,24,s:40~l:46~t:24,San Antonio,Spurs,SA,San Antonio Spurs,Spurs,000000,c4ced4,True,780.0,https://a.espncdn.com/i/teamlogos/nba/500/scoreboard/sa.png,112,True,19,s:40~l:46~t:19,Orlando,Magic,ORL,Orlando Magic,Magic,True,103,False,401810558,2026,2,0150b5,9ca0a3,3432.0,https://a.espncdn.com/i/teamlogos/nba/500/scoreboard/orl.png,,True,https://raw.githubusercontent.com/sportsdataverse/hoopR-nba-raw/main/nba/json/final/401810558.json,2026-02-01 21:00:00,2026-02-01,True,ORL @ SAS
401810565,s:40~l:46~e:401810565~c:401810565,2026-02-02,17240,True,False,False,False,2026-02-02T02:00Z,,,1,STD,3423.0,Moda Center,Portland,OR,True,0,0.0,4,3,STATUS_FINAL,post,True,Final,Final,Final,4,22,s:40~l:46~t:22,Portland,Trail Blazers,POR,Portland Trail Blazers,Trail Blazers,e03a3e,000000,True,3423.0,https://a.espncdn.com/i/teamlogos/nba/500/scoreboard/por.png,111,False,5,s:40~l:46~t:5,Cleveland,Cavaliers,CLE,Cleveland Cavaliers,Cavaliers,True,130,True,401810565,2026,2,860038,bc945c,3417.0,https://a.espncdn.com/i/teamlogos/nba/500/scoreboard/cle.png,,True,https://raw.githubusercontent.com/sportsdataverse/hoopR-nba-raw/main/nba/json/final/401810565.json,2026-02-01 21:00:00,2026-02-01,True,CLE @ POR
401810564,s:40~l:46~e:401810564~c:401810564,2026-02-02,17071,True,False,False,False,2026-02-02T01:00Z,,,1,STD,1949.0,Mortgage Matchup Center,Phoenix,AZ,True,0,0.0,4,3,STATUS_FINAL,post,True,Final,Final,Final,4,21,s:40~l:46~t:21,Phoenix,Suns,PHX,Phoenix Suns,Suns,29127a,e56020,True,1949.0,https://a.espncdn.com/i/teamlogos/nba/500/scoreboard/phx.png,93,False,12,s:40~l:46~t:12,LA,Clippers,LAC,LA Clippers,Clippers,True,117,True,401810564,2026,2,12173f,c8102e,1841.0,https://a.espncdn.com/i/teamlogos/nba/500/scoreboard/lac.png,,True,https://raw.githubusercontent.com/sportsdataverse/hoopR-nba-raw/main/nba/json/final/401810564.json,2026-02-01 20:00:00,2026-02-01,True,LAC @ PHX
401810563,s:40~l:46~e:401810563~c:401810563,2026-02-02,19812,True,False,False,False,2026-02-02T00:00Z,,,1,STD,1830.0,Madison Square Garden,New York,NY,True,0,0.0,4,3,STATUS_FINAL,post,True,Final,Final,Final,4,18,s:40~l:46~t:18,New York,Knicks,NY,New York Knicks,Knicks,1d428a,f58426,True,1830.0,https://a.espncdn.com/i/teamlogos/nba/500/scoreboard/ny.png,112,True,13,s:40~l:46~t:13,Los Angeles,Lakers,LAL,Los Angeles Lakers,Lakers,True,100,False,401810563,2026,2,552583,fdb927,1841.0,https://a.espncdn.com/i/teamlogos/nba/500/scoreboard/lal.png,,True,https://raw.githubusercontent.com/sportsdataverse/hoopR-nba-raw/main/nba/json/final/401810563.json,2026-02-01 19:00:00,2026-02-01,True,LAL @ NYK
401810559,s:40~l:46~e:401810559~c:401810559,2026-02-01,19899,True,False,False,False,2026-02-01T23:00Z,,,1,STD,5404.0,Little Caesars Arena,Detroit,MI,True,0,0.0,4,3,STATUS_FINAL,post,True,Final,Final,Final,4,8,s:40~l:46~t:8,Detroit,Pistons,DET,Detroit Pistons,Pistons,1d428a,c8102e,True,5311.0,https://a.espncdn.com/i/teamlogos/nba/500/scoreboard/det.png,130,True,17,s:40~l:46~t:17,Brooklyn,Nets,BKN,Brooklyn Nets,Nets,True,77,False,401810559,2026,2,000000,ffffff,1826.0,https://a.espncdn.com/i/teamlogos/nba/500/scoreboard/bkn.png,,True,https://raw.githubusercontent.com/sportsdataverse/hoopR-nba-raw/main/nba/json/final/401810559.json,2026-02-01 18:00:00,2026-02-01,True,BKN @ DET
401810560,s:40~l:46~e:401810560~c:401810560,2026-02-01,19700,True,False,False,False,2026-02-01T23:00Z,,,1,STD,3438.0,Kaseya Center,Miami,FL,True,720,12:00,4,3,STATUS_FINAL,post,True,Final,Final,Final,4,14,s:40~l:46~t:14,Miami,Heat,MIA,Miami Heat,Heat,98002e,000000,True,3438.0,https://a.espncdn.com/i/teamlogos/nba/500/scoreboard/mia.png,134,True,4,s:40~l:46~t:4,Chicago,Bulls,CHI,Chicago Bulls,Bulls,True,91,False,401810560,2026,2,ce1141,000000,1847.0,https://a.espncdn.com/i/teamlogos/nba/500/scoreboard/chi.png,,True,https://raw.githubusercontent.com/sportsdataverse/hoopR-nba-raw/main/nba/json/final/401810560.json,2026-02-01 18:00:00,2026-02-01,True,CHI @ MIA
401810561,s:40~l:46~e:401810561~c:401810561,2026-02-01,18749,True,False,False,False,2026-02-01T23:00Z,,,1,STD,1838.0,Scotiabank Arena,Toronto,ON,True,0,0.0,4,3,STATUS_FINAL,post,True,Final,Final,Final,4,28,s:40~l:46~t:28,Toronto,Raptors,TOR,Toronto Raptors,Raptors,d91244,000000,True,1838.0,https://a.espncdn.com/i/teamlogos/nba/500/scoreboard/tor.png,107,True,26,s:40~l:46~t:26,Utah,Jazz,UTAH,Utah Jazz,Jazz,True,100,False,401810561,2026,2,4e008e,79a3dc,3093.0,https://a.espncdn.com/i/teamlogos/nba/500/scoreboard/utah.png,,True,https://raw.githubusercontent.com/sportsdataverse/hoopR-nba-raw/main/nba/json/final/401810561.json,2026-02-01 18:00:00,2026-02-01,True,UTA @ TOR
401810562,s:40~l:46~e:401810562~c:401810562,2026-02-01,13102,True,False,False,False,2026-02-01T23:00Z,,,1,STD,1823.0,Capital One Arena,Washington,DC,True,0,0.0,4,3,STATUS_FINAL,post,True,Final,Final,Final,4,27,s:40~l:46~t:27,Washington,Wizards,WSH,Washington Wizards,Wizards,e31837,002b5c,True,1823.0,https://a.espncdn.com/i/teamlogos/nba/500/scoreboard/wsh.png,116,True,23,s:40~l:46~t:23,Sacramento,Kings,SAC,Sacramento Kings,Kings,True,112,False,401810562,2026,2,5a2d81,6a7a82,2247.0,https://a.espncdn.com/i/teamlogos/nba/500/scoreboard/sac.png,,True,https://raw.githubusercontent.com/sportsdataverse/hoopR-nba-raw/main/nba/json/final/401810562.json,2026-02-01 18:00:00,2026-02-01,True,SAC @ WAS
401810557,s:40~l:46~e:401810557~c:401810557,2026-02-01,19156,True,False,False,False,2026-02-01T20:30Z,,,1,STD,1824.0,TD Garden,Boston,MA,True,720,12:00,4,3,STATUS_FINAL,post,True,Final,Final,Final,4,2,s:40~l:46~t:2,Boston,Celtics,BOS,Boston Celtics,Celtics,008348,ffffff,True,1824.0,https://a.espncdn.com/i/teamlogos/nba/500/scoreboard/bos.png,107,True,15,s:40~l:46~t:15,Milwaukee,Bucks,MIL,Milwaukee Bucks,Bucks,True,79,False,401810557,2026,2,00471b,eee1c6,2099.0,https://a.espncdn.com/i/teamlogos/nba/500/scoreboard/mil.png,,True,https://raw.githubusercontent.com/sportsdataverse/hoopR-nba-raw/main/nba/json/final/401810557.json,2026-02-01 15:30:00,2026-02-01,True,MIL @ BOS
401810556,s:40~l:46~e:401810556~c:401810556,2026-02-01,18055,True,False,False,False,2026-02-01T01:30Z,,,1,STD,1394.0,Toyota Center (Houston),Houston,TX,True,720,12:00,4,3,STATUS_FINAL,post,True,Final,Final,Final,4,10,s:40~l:46~t:10,Houston,Rockets,HOU,Houston Rockets,Rockets,ce1141,000000,True,1394.0,https://a.espncdn.com/i/teamlogos/nba/500/scoreboard/hou.png,111,True,6,s:40~l:46~t:6,Dallas,Mavericks,DAL,Dallas Mavericks,Mavericks,True,107,False,401810556,2026,2,0064b1,bbc4ca,516.0,https://a.espncdn.com/i/teamlogos/nba/500/scoreboard/dal.png,,True,https://raw.githubusercontent.com/sportsdataverse/hoopR-nba-raw/main/nba/json/final/401810556.json,2026-01-31 20:30:00,2026-01-31,True,DAL @ HOU
401810547,s:40~l:46~e:401810547~c:401810547,2026-02-01,19700,True,False,False,False,2026-02-01T01:00Z,,,1,STD,3438.0,Kaseya Center,Miami,FL,True,720,12:00,4,3,STATUS_FINAL,post,True,Final,Final,Final,4,14,s:40~l:46~t:14,Miami,Heat,MIA,Miami Heat,Heat,98002e,000000,True,3438.0,https://a.espncdn.com/i/teamlogos/nba/500/scoreboard/mia.png,118,False,4,s:40~l:46~t:4,Chicago,Bulls,CHI,Chicago Bulls,Bulls,True,125,True,401810547,2026,2,ce1141,000000,1847.0,https://a.espncdn.com/i/teamlogos/nba/500/scoreboard/chi.png,,True,https://raw.githubusercontent.com/sportsdataverse/hoopR-nba-raw/main/nba/json/final/401810547.json,2026-01-31 20:00:00,2026-01-31,True,CHI @ MIA
401810555,s:40~l:46~e:401810555~c:401810555,2026-02-01,15372,True,False,False,False,2026-02-01T01:00Z,,,1,STD,1392.0,FedExForum,Memphis,TN,True,720,12:00,4,3,STATUS_FINAL,post,True,Final,Final,Final,4,29,s:40~l:46~t:29,Memphis,Grizzlies,MEM,Memphis Grizzlies,Grizzlies,5d76a9,12173f,True,1392.0,https://a.espncdn.com/i/teamlogos/nba/500/scoreboard/mem.png,114,False,16,s:40~l:46~t:16,Minnesota,Timberwolves,MIN,Minnesota Timberwolves,Timberwolves,True,131,True,401810555,2026,2,266092,79bc43,2029.0,https://a.espncdn.com/i/teamlogos/nba/500/scoreboard/min.png,,True,https://raw.githubusercontent.com/sportsdataverse/hoopR-nba-raw/main/nba/json/final/401810555.json,2026-01-31 20:00:00,2026-01-31,True,MIN @ MEM
401810554,s:40~l:46~e:401810554~c:401810554,2026-02-01,20096,True,False,False,False,2026-02-01T00:30Z,,,1,STD,1845.0,Xfinity Mobile Arena,Philadelphia,PA,True,720,12:00,4,3,STATUS_FINAL,post,True,Final,Final,Final,4,20,s:40~l:46~t:20,Philadelphia,76ers,PHI,Philadelphia 76ers,76ers,1d428a,e01234,True,1845.0,https://a.espncdn.com/i/teamlogos/nba/500/scoreboard/phi.png,124,True,3,s:40~l:46~t:3,New Orleans,Pelicans,NO,New Orleans Pelicans,Pelicans,True,114,False,401810554,2026,2,0a2240,b4975a,985.0,https://a.espncdn.com/i/teamlogos/nba/500/scoreboard/no.png,,True,https://raw.githubusercontent.com/sportsdataverse/hoopR-nba-raw/main/nba/json/final/401810554.json,2026-01-31 19:30:00,2026-01-31,True,NOP @ PHI
401810553,s:40~l:46~e:401810553~c:401810553,2026-02-01,17010,True,False,False,False,2026-02-01T00:00Z,,,1,STD,2183.0,Gainbridge Fieldhouse,Indianapolis,IN,True,0,0.0,4,3,STATUS_FINAL,post,True,Final,Final,Final,4,11,s:40~l:46~t:11,Indiana,Pacers,IND,Indiana Pacers,Pacers,0c2340,ffd520,True,2183.0,https://a.espncdn.com/i/teamlogos/nba/500/scoreboard/ind.png,129,True,1,s:40~l:46~t:1,Atlanta,Hawks,ATL,Atlanta Hawks,Hawks,True,124,False,401810553,2026,2,c8102e,fdb927,1827.0,https://a.espncdn.com/i/teamlogos/nba/500/scoreboard/atl.png,,True,https://raw.githubusercontent.com/sportsdataverse/hoopR-nba-raw/main/nba/json/final/401810553.json,2026-01-31 19:00:00,2026-01-31,True,ATL @ IND
401810552,s:40~l:46~e:401810552~c:401810552,2026-01-31,19533,True,False,False,False,2026-01-31T17:00Z,,,1,STD,1893.0,Spectrum Center,Charlotte,NC,True,0,0.0,4,3,STATUS_FINAL,post,True,Final,Final,Final,4,30,s:40~l:46~t:30,Charlotte,Hornets,CHA,Charlotte Hornets,Hornets,008ca8,1d1060,True,1893.0,https://a.espncdn.com/i/teamlogos/nba/500/scoreboard/cha.png,111,True,24,s:40~l:46~t:24,San Antonio,Spurs,SA,San Antonio Spurs,Spurs,True,106,False,401810552,2026,2,000000,c4ced4,780.0,https://a.espncdn.com/i/teamlogos/nba/500/scoreboard/sa.png,,True,https://raw.githubusercontent.com/sportsdataverse/hoopR-nba-raw/main/nba/json/final/401810552.json,2026-01-31 12:00:00,2026-01-31,True,SAS @ CHA
401810551,s:40~l:46~e:401810551~c:401810551,2026-01-31,18064,True,False,False,False,2026-01-31T03:00Z,,,1,STD,6270.0,Chase Center,San Francisco,CA,True,0,0.0,4,3,STATUS_FINAL,post,True,Final,Final,Final,4,9,s:40~l:46~t:9,Golden State,Warriors,GS,Golden State Warriors,Warriors,fdb927,1d428a,True,2465.0,https://a.espncdn.com/i/teamlogos/nba/500/scoreboard/gs.png,124,False,8,s:40~l:46~t:8,Detroit,Pistons,DET,Detroit Pistons,Pistons,True,131,True,401810551,2026,2,1d428a,c8102e,5311.0,https://a.espncdn.com/i/teamlogos/nba/500/scoreboard/det.png,,True,https://raw.githubusercontent.com/sportsdataverse/hoopR-nba-raw/main/nba/json/final/401810551.json,2026-01-30 22:00:00,2026-01-30,True,DET @ GSW
401810549,s:40~l:46~e:401810549~c:401810549,2026-01-31,18186,True,False,False,False,2026-01-31T02:30Z,,,1,STD,3093.0,Delta Center,Salt Lake City,UT,True,0,0.0,4,3,STATUS_FINAL,post,True,Final,Final,Final,4,26,s:40~l:46~t:26,Utah,Jazz,UTAH,Utah Jazz,Jazz,4e008e,79a3dc,True,3093.0,https://a.espncdn.com/i/teamlogos/nba/500/scoreboard/utah.png,99,False,17,s:40~l:46~t:17,Brooklyn,Nets,BKN,Brooklyn Nets,Nets,True,109,True,401810549,2026,2,000000,ffffff,1826.0,https://a.espncdn.com/i/teamlogos/nba/500/scoreboard/bkn.png,,True,https://raw.githubusercontent.com/sportsdataverse/hoopR-nba-raw/main/nba/json/final/401810549.json,2026-01-30 21:30:00,2026-01-30,True,BKN @ UTA
401810548,s:40~l:46~e:401810548~c:401810548,2026-01-31,17071,True,False,False,False,2026-01-31T02:00Z,,,1,STD,1949.0,Mortgage Matchup Center,Phoenix,AZ,True,720,12:00,4,3,STATUS_FINAL,post,True,Final,Final,Final,4,21,s:40~l:46~t:21,Phoenix,Suns,PHX,Phoenix Suns,Suns,29127a,e56020,True,1949.0,https://a.espncdn.com/i/teamlogos/nba/500/scoreboard/phx.png,126,True,5,s:40~l:46~t:5,Cleveland,Cavaliers,CLE,Cleveland Cavaliers,Cavaliers,True,113,False,401810548,2026,2,860038,bc945c,3417.0,https://a.espncdn.com/i/teamlogos/nba/500/scoreboard/cle.png,,True,https://raw.githubusercontent.com/sportsdataverse/hoopR-nba-raw/main/nba/json/final/401810548.json,2026-01-30 21:00:00,2026-01-30,True,CLE @ PHX
401810550,s:40~l:46~e:401810550~c:401810550,2026-01-31,20016,True,False,False,False,2026-01-31T02:00Z,,,1,STD,892.0,Ball Arena,Denver,CO,True,0,0.0,4,3,STATUS_FINAL,post,True,Final,Final,Final,4,7,s:40~l:46~t:7,Denver,Nuggets,DEN,Denver Nuggets,Nuggets,0e2240,fec524,True,892.0,https://a.espncdn.com/i/teamlogos/nba/500/scoreboard/den.png,122,True,12,s:40~l:46~t:12,LA,Clippers,LAC,LA Clippers,Clippers,True,109,False,401810550,2026,2,12173f,c8102e,1841.0,https://a.espncdn.com/i/teamlogos/nba/500/scoreboard/lac.png,,True,https://raw.githubusercontent.com/sportsdataverse/hoopR-nba-raw/main/nba/json/final/401810550.json,2026-01-30 21:00:00,2026-01-30,True,LAC @ DEN
401810542,s:40~l:46~e:401810542~c:401810542,2026-01-31,19163,True,False,False,False,2026-01-31T00:30Z,,,1,STD,3432.0,Kia Center,Orlando,FL,True,0,0.0,4,3,STATUS_FINAL,post,True,Final,Final,Final,4,19,s:40~l:46~t:19,Orlando,Magic,ORL,Orlando Magic,Magic,0150b5,9ca0a3,True,3432.0,https://a.espncdn.com/i/teamlogos/nba/500/scoreboard/orl.png,130,True,28,s:40~l:46~t:28,Toronto,Raptors,TOR,Toronto Raptors,Raptors,True,120,False,401810542,2026,2,d91244,000000,1838.0,https://a.espncdn.com/i/teamlogos/nba/500/scoreboard/tor.png,,True,https://raw.githubusercontent.com/sportsdataverse/hoopR-nba-raw/main/nba/json/final/401810542.json,2026-01-30 19:30:00,2026-01-30,True,TOR @ ORL
401810544,s:40~l:46~e:401810544~c:401810544,2026-01-31,19156,True,False,False,False,2026-01-31T00:30Z,,,1,STD,1824.0,TD Garden,Boston,MA,True,0,0.0,4,3,STATUS_FINAL,post,True,Final,Final,Final,4,2,s:40~l:46~t:2,Boston,Celtics,BOS,Boston Celtics,Celtics,008348,ffffff,True,1824.0,https://a.espncdn.com/i/teamlogos/nba/500/scoreboard/bos.png,112,True,23,s:40~l:46~t:23,Sacramento,Kings,SAC,Sacramento Kings,Kings,True,93,False,401810544,2026,2,5a2d81,6a7a82,2247.0,https://a.espncdn.com/i/teamlogos/nba/500/scoreboard/sac.png,,True,https://raw.githubusercontent.com/sportsdataverse/hoopR-nba-raw/main/nba/json/final/401810544.json,2026-01-30 19:30:00,2026-01-30,True,SAC @ BOS
401810545,s:40~l:46~e:401810545~c:401810545,2026-01-31,19812,True,False,False,False,2026-01-31T00:30Z,,,1,STD,1830.0,Madison Square Garden,New York,NY,True,0,0.0,4,3,STATUS_FINAL,post,True,Final,Final,Final,4,18,s:40~l:46~t:18,New York,Knicks,NY,New York Knicks,Knicks,1d428a,f58426,True,1830.0,https://a.espncdn.com/i/teamlogos/nba/500/scoreboard/ny.png,127,True,22,s:40~l:46~t:22,Portland,Trail Blazers,POR,Portland Trail Blazers,Trail Blazers,True,97,False,401810545,2026,2,e03a3e,000000,3423.0,https://a.espncdn.com/i/teamlogos/nba/500/scoreboard/por.png,,True,https://raw.githubusercontent.com/sportsdataverse/hoopR-nba-raw/main/nba/json/final/401810545.json,2026-01-30 19:30:00,2026-01-30,True,POR @ NYK
401810546,s:40~l:46~e:401810546~c:401810546,2026-01-31,16446,True,False,False,False,2026-01-31T00:30Z,,,1,STD,985.0,Smoothie King Center,New Orleans,LA,True,0,0.0,4,3,STATUS_FINAL,post,True,Final,Final,Final,4,3,s:40~l:46~t:3,New Orleans,Pelicans,NO,New Orleans Pelicans,Pelicans,0a2240,b4975a,True,985.0,https://a.espncdn.com/i/teamlogos/nba/500/scoreboard/no.png,114,True,29,s:40~l:46~t:29,Memphis,Grizzlies,MEM,Memphis Grizzlies,Grizzlies,True,106,False,401810546,2026,2,5d76a9,12173f,1392.0,https://a.espncdn.com/i/teamlogos/nba/500/scoreboard/mem.png,,True,https://raw.githubusercontent.com/sportsdataverse/hoopR-nba-raw/main/nba/json/final/401810546.json,2026-01-30 19:30:00,2026-01-30,True,MEM @ NOP
401810543,s:40~l:46~e:401810543~c:401810543,2026-01-31,20028,True,False,False,False,2026-01-31T00:00Z,,,1,STD,1823.0,Capital One Arena,Washington,DC,True,0,0.0,4,3,STATUS_FINAL,post,True,Final,Final,Final,4,27,s:40~l:46~t:27,Washington,Wizards,WSH,Washington Wizards,Wizards,e31837,002b5c,True,1823.0,https://a.espncdn.com/i/teamlogos/nba/500/scoreboard/wsh.png,111,False,13,s:40~l:46~t:13,Los Angeles,Lakers,LAL,Los Angeles Lakers,Lakers,True,142,True,401810543,2026,2,552583,fdb927,1841.0,https://a.espncdn.com/i/teamlogos/nba/500/scoreboard/lal.png,,True,https://raw.githubusercontent.com/sportsdataverse/hoopR-nba-raw/main/nba/json/final/401810543.json,2026-01-30 19:00:00,2026-01-30,True,LAL @ WAS
401810541,s:40~l:46~e:401810541~c:401810541,2026-01-30,18012,True,False,False,False,2026-01-30T02:30Z,,,1,STD,2029.0,Target Center,Minneapolis,MN,True,720,12:00,4,3,STATUS_FINAL,post,True,Final,Final,Final,4,16,s:40~l:46~t:16,Minnesota,Timberwolves,MIN,Minnesota Timberwolves,Timberwolves,266092,79bc43,True,2029.0,https://a.espncdn.com/i/teamlogos/nba/500/scoreboard/min.png,123,True,25,s:40~l:46~t:25,Oklahoma City,Thunder,OKC,Oklahoma City Thunder,Thunder,True,111,False,401810541,2026,2,007ac1,ef3b24,2559.0,https://a.espncdn.com/i/teamlogos/nba/500/scoreboard/okc.png,,True,https://raw.githubusercontent.com/sportsdataverse/hoopR-nba-raw/main/nba/json/final/401810541.json,2026-01-29 21:30:00,2026-01-29,True,OKC @ MIN
401810539,s:40~l:46~e:401810539~c:401810539,2026-01-30,19630,True,False,False,False,2026-01-30T02:00Z,,,1,STD,892.0,Ball Arena,Denver,CO,True,720,12:00,4,3,STATUS_FINAL,post,True,Final,Final,Final,4,7,s:40~l:46~t:7,Denver,Nuggets,DEN,Denver Nuggets,Nuggets,0e2240,fec524,True,892.0,https://a.espncdn.com/i/teamlogos/nba/500/scoreboard/den.png,107,True,17,s:40~l:46~t:17,Brooklyn,Nets,BKN,Brooklyn Nets,Nets,True,103,False,401810539,2026,2,000000,ffffff,1826.0,https://a.espncdn.com/i/teamlogos/nba/500/scoreboard/bkn.png,,True,https://raw.githubusercontent.com/sportsdataverse/hoopR-nba-raw/main/nba/json/final/401810539.json,2026-01-29 21:00:00,2026-01-29,True,BKN @ DEN
401810540,s:40~l:46~e:401810540~c:401810540,2026-01-30,17071,True,False,False,False,2026-01-30T02:00Z,,,1,STD,1949.0,Mortgage Matchup Center,Phoenix,AZ,True,720,12:00,4,3,STATUS_FINAL,post,True,Final,Final,Final,4,21,s:40~l:46~t:21,Phoenix,Suns,PHX,Phoenix Suns,Suns,29127a,e56020,True,1949.0,https://a.espncdn.com/i/teamlogos/nba/500/scoreboard/phx.png,114,True,8,s:40~l:46~t:8,Detroit,Pistons,DET,Detroit Pistons,Pistons,True,96,False,401810540,2026,2,1d428a,c8102e,5311.0,https://a.espncdn.com/i/teamlogos/nba/500/scoreboard/det.png,,True,https://raw.githubusercontent.com/sportsdataverse/hoopR-nba-raw/main/nba/json/final/401810540.json,2026-01-29 21:00:00,2026-01-29,True,DET @ PHX
401810538,s:40~l:46~e:401810538~c:401810538,2026-01-30,19024,True,False,False,False,2026-01-30T01:30Z,,,1,STD,516.0,American Airlines Center,Dallas,TX,True,720,12:00,4,3,STATUS_FINAL,post,True,Final,Final,Final,4,6,s:40~l:46~t:6,Dallas,Mavericks,DAL,Dallas Mavericks,Mavericks,0064b1,bbc4ca,True,516.0,https://a.espncdn.com/i/teamlogos/nba/500/scoreboard/dal.png,121,False,30,s:40~l:46~t:30,Charlotte,Hornets,CHA,Charlotte Hornets,Hornets,True,123,True,401810538,2026,2,008ca8,1d1060,1893.0,https://a.espncdn.com/i/teamlogos/nba/500/scoreboard/cha.png,,True,https://raw.githubusercontent.com/sportsdataverse/hoopR-nba-raw/main/nba/json/final/401810538.json,2026-01-29 20:30:00,2026-01-29,True,CHA @ DAL
401810537,s:40~l:46~e:401810537~c:401810537,2026-01-30,16602,True,False,False,False,2026-01-30T01:00Z,,,1,STD,1827.0,State Farm Arena,Atlanta,GA,True,720,12:00,4,3,STATUS_FINAL,post,True,Final,Final,Final,4,1,s:40~l:46~t:1,Atlanta,Hawks,ATL,Atlanta Hawks,Hawks,c8102e,fdb927,True,1827.0,https://a.espncdn.com/i/teamlogos/nba/500/scoreboard/atl.png,86,False,10,s:40~l:46~t:10,Houston,Rockets,HOU,Houston Rockets,Rockets,True,104,True,401810537,2026,2,ce1141,000000,1394.0,https://a.espncdn.com/i/teamlogos/nba/500/scoreboard/hou.png,,True,https://raw.githubusercontent.com/sportsdataverse/hoopR-nba-raw/main/nba/json/final/401810537.json,2026-01-29 20:00:00,2026-01-29,True,HOU @ ATL
401850920,s:40~l:46~e:401850920~c:401850920,2026-01-30,20685,True,False,False,False,2026-01-30T01:00Z,event,Makeup from Jan 8,1,STD,1847.0,United Center,Chicago,IL,True,720,12:00,4,3,STATUS_FINAL,post,True,Final,Final,Final,4,4,s:40~l:46~t:4,Chicago,Bulls,CHI,Chicago Bulls,Bulls,ce1141,000000,True,1847.0,https://a.espncdn.com/i/teamlogos/nba/500/scoreboard/chi.png,113,False,14,s:40~l:46~t:14,Miami,Heat,MIA,Miami Heat,Heat,True,116,True,401850920,2026,2,98002e,000000,3438.0,https://a.espncdn.com/i/teamlogos/nba/500/scoreboard/mia.png,,True,https://raw.githubusercontent.com/sportsdataverse/hoopR-nba-raw/main/nba/json/final/401850920.json,2026-01-29 20:00:00,2026-01-29,True,MIA @ CHI
401810535,s:40~l:46~e:401810535~c:401810535,2026-01-30,18608,True,False,False,False,2026-01-30T00:00Z,,,1,STD,1845.0,Xfinity Mobile Arena,Philadelphia,PA,True,720,12:00,4,3,STATUS_FINAL,post,True,Final,Final,Final,4,20,s:40~l:46~t:20,Philadelphia,76ers,PHI,Philadelphia 76ers,76ers,1d428a,e01234,True,1845.0,https://a.espncdn.com/i/teamlogos/nba/500/scoreboard/phi.png,113,True,23,s:40~l:46~t:23,Sacramento,Kings,SAC,Sacramento Kings,Kings,True,111,False,401810535,2026,2,5a2d81,6a7a82,2247.0,https://a.espncdn.com/i/teamlogos/nba/500/scoreboard/sac.png,,True,https://raw.githubusercontent.com/sportsdataverse/hoopR-nba-raw/main/nba/json/final/401810535.json,2026-01-29 19:00:00,2026-01-29,True,SAC @ PHI
401810536,s:40~l:46~e:401810536~c:401810536,2026-01-30,16235,True,False,False,False,2026-01-30T00:00Z,,,1,STD,1823.0,Capital One Arena,Washington,DC,True,720,12:00,4,3,STATUS_FINAL,post,True,Final,Final,Final,4,27,s:40~l:46~t:27,Washington,Wizards,WSH,Washington Wizards,Wizards,e31837,002b5c,True,1823.0,https://a.espncdn.com/i/teamlogos/nba/500/scoreboard/wsh.png,109,True,15,s:40~l:46~t:15,Milwaukee,Bucks,MIL,Milwaukee Bucks,Bucks,True,99,False,401810536,2026,2,00471b,eee1c6,2099.0,https://a.espncdn.com/i/teamlogos/nba/500/scoreboard/mil.png,,True,https://raw.githubusercontent.com/sportsdataverse/hoopR-nba-raw/main/nba/json/final/401810536.json,2026-01-29 19:00:00,2026-01-29,True,MIL @ WAS
401810534,s:40~l:46~e:401810534~c:401810534,2026-01-29,18055,True,False,False,False,2026-01-29T02:42Z,,,1,STD,1394.0,Toyota Center (Houston),Houston,TX,True,0,0.0,4,3,STATUS_FINAL,post,True,Final,Final,Final,4,10,s:40~l:46~t:10,Houston,Rockets,HOU,Houston Rockets,Rockets,ce1141,000000,True,1394.0,https://a.espncdn.com/i/teamlogos/nba/500/scoreboard/hou.png,99,False,24,s:40~l:46~t:24,San Antonio,Spurs,SA,San Antonio Spurs,Spurs,True,111,True,401810534,2026,2,000000,c4ced4,780.0,https://a.espncdn.com/i/teamlogos/nba/500/scoreboard/sa.png,,True,https://raw.githubusercontent.com/sportsdataverse/hoopR-nba-raw/main/nba/json/final/401810534.json,2026-01-28 21:42:00,2026-01-28,True,SAS @ HOU
401810533,s:40~l:46~e:401810533~c:401810533,2026-01-29,18186,True,False,False,False,2026-01-29T02:00Z,,,1,STD,3093.0,Delta Center,Salt Lake City,UT,True,0,0.0,4,3,STATUS_FINAL,post,True,Final,Final,Final,4,26,s:40~l:46~t:26,Utah,Jazz,UTAH,Utah Jazz,Jazz,4e008e,79a3dc,True,3093.0,https://a.espncdn.com/i/teamlogos/nba/500/scoreboard/utah.png,124,False,9,s:40~l:46~t:9,Golden State,Warriors,GS,Golden State Warriors,Warriors,True,140,True,401810533,2026,2,fdb927,1d428a,2465.0,https://a.espncdn.com/i/teamlogos/nba/500/scoreboard/gs.png,,True,https://raw.githubusercontent.com/sportsdataverse/hoopR-nba-raw/main/nba/json/final/401810533.json,2026-01-28 21:00:00,2026-01-28,True,GSW @ UTA
401810532,s:40~l:46~e:401810532~c:401810532,2026-01-29,18680,True,False,False,False,2026-01-29T01:30Z,,,1,STD,516.0,American Airlines Center,Dallas,TX,True,0,0.0,4,3,STATUS_FINAL,post,True,Final,Final,Final,4,6,s:40~l:46~t:6,Dallas,Mavericks,DAL,Dallas Mavericks,Mavericks,0064b1,bbc4ca,True,516.0,https://a.espncdn.com/i/teamlogos/nba/500/scoreboard/dal.png,105,False,16,s:40~l:46~t:16,Minnesota,Timberwolves,MIN,Minnesota Timberwolves,Timberwolves,True,118,True,401810532,2026,2,266092,79bc43,2029.0,https://a.espncdn.com/i/teamlogos/nba/500/scoreboard/min.png,,True,https://raw.githubusercontent.com/sportsdataverse/hoopR-nba-raw/main/nba/json/final/401810532.json,2026-01-28 20:30:00,2026-01-28,True,MIN @ DAL
401810531,s:40~l:46~e:401810531~c:401810531,2026-01-29,13301,True,False,False,False,2026-01-29T01:00Z,,,1,STD,1392.0,FedExForum,Memphis,TN,True,0,0.0,4,3,STATUS_FINAL,post,True,Final,Final,Final,4,29,s:40~l:46~t:29,Memphis,Grizzlies,MEM,Memphis Grizzlies,Grizzlies,5d76a9,12173f,True,1392.0,https://a.espncdn.com/i/teamlogos/nba/500/scoreboard/mem.png,97,False,30,s:40~l:46~t:30,Charlotte,Hornets,CHA,Charlotte Hornets,Hornets,True,112,True,401810531,2026,2,008ca8,1d1060,1893.0,https://a.espncdn.com/i/teamlogos/nba/500/scoreboard/cha.png,,True,https://raw.githubusercontent.com/sportsdataverse/hoopR-nba-raw/main/nba/json/final/401810531.json,2026-01-28 20:00:00,2026-01-28,True,CHA @ MEM
401810528,s:40~l:46~e:401810528~c:401810528,2026-01-29,19156,True,False,False,False,2026-01-29T00:30Z,,,1,STD,1824.0,TD Garden,Boston,MA,True,0,0.0,4,3,STATUS_FINAL,post,True,Final,Final,Final,4,2,s:40~l:46~t:2,Boston,Celtics,BOS,Boston Celtics,Celtics,008348,ffffff,True,1824.0,https://a.espncdn.com/i/teamlogos/nba/500/scoreboard/bos.png,106,False,1,s:40~l:46~t:1,Atlanta,Hawks,ATL,Atlanta Hawks,Hawks,True,117,True,401810528,2026,2,c8102e,fdb927,1827.0,https://a.espncdn.com/i/teamlogos/nba/500/scoreboard/atl.png,,True,https://raw.githubusercontent.com/sportsdataverse/hoopR-nba-raw/main/nba/json/final/401810528.json,2026-01-28 19:30:00,2026-01-28,True,ATL @ BOS
401810529,s:40~l:46~e:401810529~c:401810529,2026-01-29,19700,True,False,False,False,2026-01-29T00:30Z,,,1,STD,3438.0,Kaseya Center,Miami,FL,True,0,0.0,4,3,STATUS_FINAL,post,True,Final,Final,Final,4,14,s:40~l:46~t:14,Miami,Heat,MIA,Miami Heat,Heat,98002e,000000,True,3438.0,https://a.espncdn.com/i/teamlogos/nba/500/scoreboard/mia.png,124,False,19,s:40~l:46~t:19,Orlando,Magic,ORL,Orlando Magic,Magic,True,133,True,401810529,2026,2,0150b5,9ca0a3,3432.0,https://a.espncdn.com/i/teamlogos/nba/500/scoreboard/orl.png,,True,https://raw.githubusercontent.com/sportsdataverse/hoopR-nba-raw/main/nba/json/final/401810529.json,2026-01-28 19:30:00,2026-01-28,True,ORL @ MIA
401810530,s:40~l:46~e:401810530~c:401810530,2026-01-29,19511,True,False,False,False,2026-01-29T00:30Z,,,1,STD,1838.0,Scotiabank Arena,Toronto,ON,True,0,0.0,4,3,STATUS_FINAL,post,True,Final,Final,Final,4,28,s:40~l:46~t:28,Toronto,Raptors,TOR,Toronto Raptors,Raptors,d91244,000000,True,1838.0,https://a.espncdn.com/i/teamlogos/nba/500/scoreboard/tor.png,92,False,18,s:40~l:46~t:18,New York,Knicks,NY,New York Knicks,Knicks,True,119,True,401810530,2026,2,1d428a,f58426,1830.0,https://a.espncdn.com/i/teamlogos/nba/500/scoreboard/ny.png,,True,https://raw.githubusercontent.com/sportsdataverse/hoopR-nba-raw/main/nba/json/final/401810530.json,2026-01-28 19:30:00,2026-01-28,True,NYK @ TOR
401810526,s:40~l:46~e:401810526~c:401810526,2026-01-29,19432,True,False,False,False,2026-01-29T00:00Z,,,1,STD,3417.0,Rocket Arena,Cleveland,OH,True,0,0.0,4,3,STATUS_FINAL,post,True,Final,Final,Final,4,5,s:40~l:46~t:5,Cleveland,Cavaliers,CLE,Cleveland Cavaliers,Cavaliers,860038,bc945c,True,3417.0,https://a.espncdn.com/i/teamlogos/nba/500/scoreboard/cle.png,129,True,13,s:40~l:46~t:13,Los Angeles,Lakers,LAL,Los Angeles Lakers,Lakers,True,99,False,401810526,2026,2,552583,fdb927,1841.0,https://a.espncdn.com/i/teamlogos/nba/500/scoreboard/lal.png,,True,https://raw.githubusercontent.com/sportsdataverse/hoopR-nba-raw/main/nba/json/final/401810526.json,2026-01-28 19:00:00,2026-01-28,True,LAL @ CLE
401810527,s:40~l:46~e:401810527~c:401810527,2026-01-29,16777,True,False,False,False,2026-01-29T00:00Z,,,1,STD,2183.0,Gainbridge Fieldhouse,Indianapolis,IN,True,0,0.0,4,3,STATUS_FINAL,post,True,Final,Final,Final,4,11,s:40~l:46~t:11,Indiana,Pacers,IND,Indiana Pacers,Pacers,0c2340,ffd520,True,2183.0,https://a.espncdn.com/i/teamlogos/nba/500/scoreboard/ind.png,113,True,4,s:40~l:46~t:4,Chicago,Bulls,CHI,Chicago Bulls,Bulls,True,110,False,401810527,2026,2,ce1141,000000,1847.0,https://a.espncdn.com/i/teamlogos/nba/500/scoreboard/chi.png,,True,https://raw.githubusercontent.com/sportsdataverse/hoopR-nba-raw/main/nba/json/final/401810527.json,2026-01-28 19:00:00,2026-01-28,True,CHI @ IND
401810525,s:40~l:46~e:401810525~c:401810525,2026-01-28,18186,True,False,False,False,2026-01-28T03:00Z,,,1,STD,3093.0,Delta Center,Salt Lake City,UT,True,0,0.0,4,3,STATUS_FINAL,post,True,Final,Final,Final,4,26,s:40~l:46~t:26,Utah,Jazz,UTAH,Utah Jazz,Jazz,4e008e,79a3dc,True,3093.0,https://a.espncdn.com/i/teamlogos/nba/500/scoreboard/utah.png,103,False,12,s:40~l:46~t:12,LA,Clippers,LAC,LA Clippers,Clippers,True,115,True,401810525,2026,2,12173f,c8102e,1841.0,https://a.espncdn.com/i/teamlogos/nba/500/scoreboard/lac.png,,True,https://raw.githubusercontent.com/sportsdataverse/hoopR-nba-raw/main/nba/json/final/401810525.json,2026-01-27 22:00:00,2026-01-27,True,LAC @ UTA
401810523,s:40~l:46~e:401810523~c:401810523,2026-01-28,19734,True,False,False,False,2026-01-28T02:00Z,,,1,STD,892.0,Ball Arena,Denver,CO,True,0,0.0,4,3,STATUS_FINAL,post,True,Final,Final,Final,4,7,s:40~l:46~t:7,Denver,Nuggets,DEN,Denver Nuggets,Nuggets,0e2240,fec524,True,892.0,https://a.espncdn.com/i/teamlogos/nba/500/scoreboard/den.png,107,False,8,s:40~l:46~t:8,Detroit,Pistons,DET,Detroit Pistons,Pistons,True,109,True,401810523,2026,2,1d428a,c8102e,5311.0,https://a.espncdn.com/i/teamlogos/nba/500/scoreboard/det.png,,True,https://raw.githubusercontent.com/sportsdataverse/hoopR-nba-raw/main/nba/json/final/401810523.json,2026-01-27 21:00:00,2026-01-27,True,DET @ DEN
401810524,s:40~l:46~e:401810524~c:401810524,2026-01-28,17071,True,False,False,False,2026-01-28T02:00Z,,,1,STD,1949.0,Mortgage Matchup Center,Phoenix,AZ,True,0,0.0,4,3,STATUS_FINAL,post,True,Final,Final,Final,4,21,s:40~l:46~t:21,Phoenix,Suns,PHX,Phoenix Suns,Suns,29127a,e56020,True,1949.0,https://a.espncdn.com/i/teamlogos/nba/500/scoreboard/phx.png,106,True,17,s:40~l:46~t:17,Brooklyn,Nets,BKN,Brooklyn Nets,Nets,True,102,False,401810524,2026,2,000000,ffffff,1826.0,https://a.espncdn.com/i/teamlogos/nba/500/scoreboard/bkn.png,,True,https://raw.githubusercontent.com/sportsdataverse/hoopR-nba-raw/main/nba/json/final/401810524.json,2026-01-27 21:00:00,2026-01-27,True,BKN @ PHX
401810521,s:40~l:46~e:401810521~c:401810521,2026-01-28,16917,True,False,False,False,2026-01-28T01:00Z,,,1,STD,1845.0,Xfinity Mobile Arena,Philadelphia,PA,True,0,0.0,4,3,STATUS_FINAL,post,True,Final,Final,Final,4,20,s:40~l:46~t:20,Philadelphia,76ers,PHI,Philadelphia 76ers,76ers,1d428a,e01234,True,1845.0,https://a.espncdn.com/i/teamlogos/nba/500/scoreboard/phi.png,139,True,15,s:40~l:46~t:15,Milwaukee,Bucks,MIL,Milwaukee Bucks,Bucks,True,122,False,401810521,2026,2,00471b,eee1c6,2099.0,https://a.espncdn.com/i/teamlogos/nba/500/scoreboard/mil.png,,True,https://raw.githubusercontent.com/sportsdataverse/hoopR-nba-raw/main/nba/json/final/401810521.json,2026-01-27 20:00:00,2026-01-27,True,MIL @ PHI
401810522,s:40~l:46~e:401810522~c:401810522,2026-01-28,18203,True,False,False,False,2026-01-28T01:00Z,,,1,STD,2559.0,Paycom Center,Oklahoma City,OK,True,0,0.0,4,3,STATUS_FINAL,post,True,Final,Final,Final,4,25,s:40~l:46~t:25,Oklahoma City,Thunder,OKC,Oklahoma City Thunder,Thunder,007ac1,ef3b24,True,2559.0,https://a.espncdn.com/i/teamlogos/nba/500/scoreboard/okc.png,104,True,3,s:40~l:46~t:3,New Orleans,Pelicans,NO,New Orleans Pelicans,Pelicans,True,95,False,401810522,2026,2,0a2240,b4975a,985.0,https://a.espncdn.com/i/teamlogos/nba/500/scoreboard/no.png,,True,https://raw.githubusercontent.com/sportsdataverse/hoopR-nba-raw/main/nba/json/final/401810522.json,2026-01-27 20:00:00,2026-01-27,True,NOP @ OKC
401810520,s:40~l:46~e:401810520~c:401810520,2026-01-28,19812,True,False,False,False,2026-01-28T00:30Z,,,1,STD,1830.0,Madison Square Garden,New York,NY,True,0,0.0,4,3,STATUS_FINAL,post,True,Final,Final,Final,4,18,s:40~l:46~t:18,New York,Knicks,NY,New York Knicks,Knicks,1d428a,f58426,True,1830.0,https://a.espncdn.com/i/teamlogos/nba/500/scoreboard/ny.png,103,True,23,s:40~l:46~t:23,Sacramento,Kings,SAC,Sacramento Kings,Kings,True,87,False,401810520,2026,2,5a2d81,6a7a82,2247.0,https://a.espncdn.com/i/teamlogos/nba/500/scoreboard/sac.png,,True,https://raw.githubusercontent.com/sportsdataverse/hoopR-nba-raw/main/nba/json/final/401810520.json,2026-01-27 19:30:00,2026-01-27,True,SAC @ NYK
401810519,s:40~l:46~e:401810519~c:401810519,2026-01-28,13852,True,False,False,False,2026-01-28T00:00Z,,,1,STD,1823.0,Capital One Arena,Washington,DC,True,0,0.0,4,3,STATUS_FINAL,post,True,Final,Final,Final,4,27,s:40~l:46~t:27,Washington,Wizards,WSH,Washington Wizards,Wizards,e31837,002b5c,True,1823.0,https://a.espncdn.com/i/teamlogos/nba/500/scoreboard/wsh.png,115,True,22,s:40~l:46~t:22,Portland,Trail Blazers,POR,Portland Trail Blazers,Trail Blazers,True,111,False,401810519,2026,2,e03a3e,000000,3423.0,https://a.espncdn.com/i/teamlogos/nba/500/scoreboard/por.png,,True,https://raw.githubusercontent.com/sportsdataverse/hoopR-nba-raw/main/nba/json/final/401810519.json,2026-01-27 19:00:00,2026-01-27,True,POR @ WAS
401810518,s:40~l:46~e:401810518~c:401810518,2026-01-27,0,True,False,False,False,2026-01-27T02:30Z,,,1,STD,2029.0,Target Center,Minneapolis,MN,True,720,12:00,4,3,STATUS_FINAL,post,True,Final,Final,Final,4,16,s:40~l:46~t:16,Minnesota,Timberwolves,MIN,Minnesota Timberwolves,Timberwolves,266092,79bc43,True,2029.0,https://a.espncdn.com/i/teamlogos/nba/500/scoreboard/min.png,108,True,9,s:40~l:46~t:9,Golden State,Warriors,GS,Golden State Warriors,Warriors,True,83,False,401810518,2026,2,fdb927,1d428a,2465.0,https://a.espncdn.com/i/teamlogos/nba/500/scoreboard/gs.png,,True,https://raw.githubusercontent.com/sportsdataverse/hoopR-nba-raw/main/nba/json/final/401810518.json,2026-01-26 21:30:00,2026-01-26,True,GSW @ MIN
401810515,s:40~l:46~e:401810515~c:401810515,2026-01-27,19156,True,False,False,False,2026-01-27T01:00Z,,,1,STD,1824.0,TD Garden,Boston,MA,True,720,12:00,4,3,STATUS_FINAL,post,True,Final,Final,Final,4,2,s:40~l:46~t:2,Boston,Celtics,BOS,Boston Celtics,Celtics,008348,ffffff,True,1824.0,https://a.espncdn.com/i/teamlogos/nba/500/scoreboard/bos.png,102,True,22,s:40~l:46~t:22,Portland,Trail Blazers,POR,Portland Trail Blazers,Trail Blazers,True,94,False,401810515,2026,2,e03a3e,000000,3423.0,https://a.espncdn.com/i/teamlogos/nba/500/scoreboard/por.png,,True,https://raw.githubusercontent.com/sportsdataverse/hoopR-nba-raw/main/nba/json/final/401810515.json,2026-01-26 20:00:00,2026-01-26,True,POR @ BOS
401810516,s:40~l:46~e:401810516~c:401810516,2026-01-27,21298,True,False,False,False,2026-01-27T01:00Z,,,1,STD,1847.0,United Center,Chicago,IL,True,0,0.0,4,3,STATUS_FINAL,post,True,Final,Final,Final,4,4,s:40~l:46~t:4,Chicago,Bulls,CHI,Chicago Bulls,Bulls,ce1141,000000,True,1847.0,https://a.espncdn.com/i/teamlogos/nba/500/scoreboard/chi.png,118,False,13,s:40~l:46~t:13,Los Angeles,Lakers,LAL,Los Angeles Lakers,Lakers,True,129,True,401810516,2026,2,552583,fdb927,1841.0,https://a.espncdn.com/i/teamlogos/nba/500/scoreboard/lal.png,,True,https://raw.githubusercontent.com/sportsdataverse/hoopR-nba-raw/main/nba/json/final/401810516.json,2026-01-26 20:00:00,2026-01-26,True,LAL @ CHI
401810517,s:40~l:46~e:401810517~c:401810517,2026-01-27,18055,True,False,False,False,2026-01-27T01:00Z,,,1,STD,1394.0,Toyota Center (Houston),Houston,TX,True,0,0.0,4,3,STATUS_FINAL,post,True,Final,Final,Final,4,10,s:40~l:46~t:10,Houston,Rockets,HOU,Houston Rockets,Rockets,ce1141,000000,True,1394.0,https://a.espncdn.com/i/teamlogos/nba/500/scoreboard/hou.png,108,True,29,s:40~l:46~t:29,Memphis,Grizzlies,MEM,Memphis Grizzlies,Grizzlies,True,99,False,401810517,2026,2,5d76a9,12173f,1392.0,https://a.espncdn.com/i/teamlogos/nba/500/scoreboard/mem.png,,True,https://raw.githubusercontent.com/sportsdataverse/hoopR-nba-raw/main/nba/json/final/401810517.json,2026-01-26 20:00:00,2026-01-26,True,MEM @ HOU
401810513,s:40~l:46~e:401810513~c:401810513,2026-01-27,19432,True,False,False,False,2026-01-27T00:00Z,,,1,STD,3417.0,Rocket Arena,Cleveland,OH,True,0,0.0,4,3,STATUS_FINAL,post,True,Final,Final,Final,4,5,s:40~l:46~t:5,Cleveland,Cavaliers,CLE,Cleveland Cavaliers,Cavaliers,860038,bc945c,True,3417.0,https://a.espncdn.com/i/teamlogos/nba/500/scoreboard/cle.png,114,True,19,s:40~l:46~t:19,Orlando,Magic,ORL,Orlando Magic,Magic,True,98,False,401810513,2026,2,0150b5,9ca0a3,3432.0,https://a.espncdn.com/i/teamlogos/nba/500/scoreboard/orl.png,,True,https://raw.githubusercontent.com/sportsdataverse/hoopR-nba-raw/main/nba/json/final/401810513.json,2026-01-26 19:00:00,2026-01-26,True,ORL @ CLE
401810512,s:40~l:46~e:401810512~c:401810512,2026-01-26,16361,True,False,False,False,2026-01-26T20:00Z,,,1,STD,1893.0,Spectrum Center,Charlotte,NC,True,720,12:00,4,3,STATUS_FINAL,post,True,Final,Final,Final,4,30,s:40~l:46~t:30,Charlotte,Hornets,CHA,Charlotte Hornets,Hornets,008ca8,1d1060,True,1893.0,https://a.espncdn.com/i/teamlogos/nba/500/scoreboard/cha.png,130,True,20,s:40~l:46~t:20,Philadelphia,76ers,PHI,Philadelphia 76ers,76ers,True,93,False,401810512,2026,2,1d428a,e01234,1845.0,https://a.espncdn.com/i/teamlogos/nba/500/scoreboard/phi.png,,True,https://raw.githubusercontent.com/sportsdataverse/hoopR-nba-raw/main/nba/json/final/401810512.json,2026-01-26 15:00:00,2026-01-26,True,PHI @ CHA
401810514,s:40~l:46~e:401810514~c:401810514,2026-01-26,12210,True,False,False,False,2026-01-26T18:30Z,,,1,STD,1827.0,State Farm Arena,Atlanta,GA,True,720,12:00,4,3,STATUS_FINAL,post,True,Final,Final,Final,4,1,s:40~l:46~t:1,Atlanta,Hawks,ATL,Atlanta Hawks,Hawks,c8102e,fdb927,True,1827.0,https://a.espncdn.com/i/teamlogos/nba/500/scoreboard/atl.png,132,True,11,s:40~l:46~t:11,Indiana,Pacers,IND,Indiana Pacers,Pacers,True,116,False,401810514,2026,2,0c2340,ffd520,2183.0,https://a.espncdn.com/i/teamlogos/nba/500/scoreboard/ind.png,,True,https://raw.githubusercontent.com/sportsdataverse/hoopR-nba-raw/main/nba/json/final/401810514.json,2026-01-26 13:30:00,2026-01-26,True,IND @ ATL
401810511,s:40~l:46~e:401810511~c:401810511,2026-01-26,17927,True,False,False,False,2026-01-26T02:00Z,,,1,STD,10642.0,Intuit Dome,Inglewood,CA,True,0,0.0,4,3,STATUS_FINAL,post,True,Final,Final,Final,4,12,s:40~l:46~t:12,LA,Clippers,LAC,LA Clippers,Clippers,12173f,c8102e,True,1841.0,https://a.espncdn.com/i/teamlogos/nba/500/scoreboard/lac.png,126,True,17,s:40~l:46~t:17,Brooklyn,Nets,BKN,Brooklyn Nets,Nets,True,89,False,401810511,2026,2,000000,ffffff,1826.0,https://a.espncdn.com/i/teamlogos/nba/500/scoreboard/bkn.png,,True,https://raw.githubusercontent.com/sportsdataverse/hoopR-nba-raw/main/nba/json/final/401810511.json,2026-01-25 21:00:00,2026-01-25,True,BKN @ LAC
401810510,s:40~l:46~e:401810510~c:401810510,2026-01-26,17071,True,False,False,False,2026-01-26T01:00Z,,,1,STD,1949.0,Mortgage Matchup Center,Phoenix,AZ,True,720,12:00,4,3,STATUS_FINAL,post,True,Final,Final,Final,4,21,s:40~l:46~t:21,Phoenix,Suns,PHX,Phoenix Suns,Suns,29127a,e56020,True,1949.0,https://a.espncdn.com/i/teamlogos/nba/500/scoreboard/phx.png,102,False,14,s:40~l:46~t:14,Miami,Heat,MIA,Miami Heat,Heat,True,111,True,401810510,2026,2,98002e,000000,3438.0,https://a.espncdn.com/i/teamlogos/nba/500/scoreboard/mia.png,,True,https://raw.githubusercontent.com/sportsdataverse/hoopR-nba-raw/main/nba/json/final/401810510.json,2026-01-25 20:00:00,2026-01-25,True,MIA @ PHX
401810507,s:40~l:46~e:401810507~c:401810507,2026-01-26,0,True,False,False,False,2026-01-26T00:00Z,event,Makeup date Mar 31,1,STD,5777.0,Fiserv Forum,Milwaukee,WI,True,0,0.0,0,6,STATUS_POSTPONED,post,False,Postponed,Postponed,Postponed,4,15,s:40~l:46~t:15,Milwaukee,Bucks,MIL,Milwaukee Bucks,Bucks,00471b,eee1c6,True,2099.0,https://a.espncdn.com/i/teamlogos/nba/500/scoreboard/mil.png,0,,6,s:40~l:46~t:6,Dallas,Mavericks,DAL,Dallas Mavericks,Mavericks,True,0,,401810507,2026,2,0064b1,bbc4ca,516.0,https://a.espncdn.com/i/teamlogos/nba/500/scoreboard/dal.png,,False,,2026-01-25 19:00:00,2026-01-25,False,DAL @ MIL
401810508,s:40~l:46~e:401810508~c:401810508,2026-01-26,18203,True,False,False,False,2026-01-26T00:00Z,,,1,STD,2559.0,Paycom Center,Oklahoma City,OK,True,0,0.0,4,3,STATUS_FINAL,post,True,Final,Final,Final,4,25,s:40~l:46~t:25,Oklahoma City,Thunder,OKC,Oklahoma City Thunder,Thunder,007ac1,ef3b24,True,2559.0,https://a.espncdn.com/i/teamlogos/nba/500/scoreboard/okc.png,101,False,28,s:40~l:46~t:28,Toronto,Raptors,TOR,Toronto Raptors,Raptors,True,103,True,401810508,2026,2,d91244,000000,1838.0,https://a.espncdn.com/i/teamlogos/nba/500/scoreboard/tor.png,,True,https://raw.githubusercontent.com/sportsdataverse/hoopR-nba-raw/main/nba/json/final/401810508.json,2026-01-25 19:00:00,2026-01-25,True,TOR @ OKC
401810509,s:40~l:46~e:401810509~c:401810509,2026-01-26,18363,True,False,False,False,2026-01-26T00:00Z,,,1,STD,780.0,Frost Bank Center,San Antonio,TX,True,720,12:00,4,3,STATUS_FINAL,post,True,Final,Final,Final,4,24,s:40~l:46~t:24,San Antonio,Spurs,SA,San Antonio Spurs,Spurs,000000,c4ced4,True,780.0,https://a.espncdn.com/i/teamlogos/nba/500/scoreboard/sa.png,95,False,3,s:40~l:46~t:3,New Orleans,Pelicans,NO,New Orleans Pelicans,Pelicans,True,104,True,401810509,2026,2,0a2240,b4975a,985.0,https://a.espncdn.com/i/teamlogos/nba/500/scoreboard/no.png,,True,https://raw.githubusercontent.com/sportsdataverse/hoopR-nba-raw/main/nba/json/final/401810509.json,2026-01-25 19:00:00,2026-01-25,True,NOP @ SAS
401857824,s:40~l:46~e:401857824~c:401857824,2026-01-25,18978,True,False,False,False,2026-01-25T22:30Z,event,Makeup from Jan 24,1,STD,2029.0,Target Center,Minneapolis,MN,True,0,0.0,4,3,STATUS_FINAL,post,True,Final,Final,Final,4,16,s:40~l:46~t:16,Minnesota,Timberwolves,MIN,Minnesota Timberwolves,Timberwolves,266092,79bc43,True,2029.0,https://a.espncdn.com/i/teamlogos/nba/500/scoreboard/min.png,85,False,9,s:40~l:46~t:9,Golden State,Warriors,GS,Golden State Warriors,Warriors,True,111,True,401857824,2026,2,fdb927,1d428a,2465.0,https://a.espncdn.com/i/teamlogos/nba/500/scoreboard/gs.png,,True,https://raw.githubusercontent.com/sportsdataverse/hoopR-nba-raw/main/nba/json/final/401857824.json,2026-01-25 17:30:00,2026-01-25,True,GSW @ MIN
401810506,s:40~l:46~e:401810506~c:401810506,2026-01-25,0,True,False,False,False,2026-01-25T20:30Z,event,Makeup date Mar 18,1,STD,1392.0,FedExForum,Memphis,TN,True,0,0.0,0,6,STATUS_POSTPONED,post,False,Postponed,Postponed,Postponed,4,29,s:40~l:46~t:29,Memphis,Grizzlies,MEM,Memphis Grizzlies,Grizzlies,5d76a9,12173f,True,1392.0,https://a.espncdn.com/i/teamlogos/nba/500/scoreboard/mem.png,0,,7,s:40~l:46~t:7,Denver,Nuggets,DEN,Denver Nuggets,Nuggets,True,0,,401810506,2026,2,0e2240,fec524,892.0,https://a.espncdn.com/i/teamlogos/nba/500/scoreboard/den.png,,False,,2026-01-25 15:30:00,2026-01-25,False,DEN @ MEM
401810505,s:40~l:46~e:401810505~c:401810505,2026-01-25,18299,True,False,False,False,2026-01-25T20:00Z,,,1,STD,5404.0,Little Caesars Arena,Detroit,MI,True,720,12:00,4,3,STATUS_FINAL,post,True,Final,Final,Final,4,8,s:40~l:46~t:8,Detroit,Pistons,DET,Detroit Pistons,Pistons,1d428a,c8102e,True,5311.0,https://a.espncdn.com/i/teamlogos/nba/500/scoreboard/det.png,139,True,23,s:40~l:46~t:23,Sacramento,Kings,SAC,Sacramento Kings,Kings,True,116,False,401810505,2026,2,5a2d81,6a7a82,2247.0,https://a.espncdn.com/i/teamlogos/nba/500/scoreboard/sac.png,,True,https://raw.githubusercontent.com/sportsdataverse/hoopR-nba-raw/main/nba/json/final/401810505.json,2026-01-25 15:00:00,2026-01-25,True,SAC @ DET
401810504,s:40~l:46~e:401810504~c:401810504,2026-01-25,18186,True,False,False,False,2026-01-25T02:30Z,,,1,STD,3093.0,Delta Center,Salt Lake City,UT,True,0,0.0,4,3,STATUS_FINAL,post,True,Final,Final,Final,4,26,s:40~l:46~t:26,Utah,Jazz,UTAH,Utah Jazz,Jazz,4e008e,79a3dc,True,3093.0,https://a.espncdn.com/i/teamlogos/nba/500/scoreboard/utah.png,116,False,14,s:40~l:46~t:14,Miami,Heat,MIA,Miami Heat,Heat,True,147,True,401810504,2026,2,98002e,000000,3438.0,https://a.espncdn.com/i/teamlogos/nba/500/scoreboard/mia.png,,True,https://raw.githubusercontent.com/sportsdataverse/hoopR-nba-raw/main/nba/json/final/401810504.json,2026-01-24 21:30:00,2026-01-24,True,MIA @ UTA
401810503,s:40~l:46~e:401810503~c:401810503,2026-01-25,19880,True,False,False,False,2026-01-25T01:30Z,,,1,STD,516.0,American Airlines Center,Dallas,TX,True,0,0.0,4,3,STATUS_FINAL,post,True,Final,Final,Final,4,6,s:40~l:46~t:6,Dallas,Mavericks,DAL,Dallas Mavericks,Mavericks,0064b1,bbc4ca,True,516.0,https://a.espncdn.com/i/teamlogos/nba/500/scoreboard/dal.png,110,False,13,s:40~l:46~t:13,Los Angeles,Lakers,LAL,Los Angeles Lakers,Lakers,True,116,True,401810503,2026,2,552583,fdb927,1841.0,https://a.espncdn.com/i/teamlogos/nba/500/scoreboard/lal.png,,True,https://raw.githubusercontent.com/sportsdataverse/hoopR-nba-raw/main/nba/json/final/401810503.json,2026-01-24 20:30:00,2026-01-24,True,LAL @ DAL
401810502,s:40~l:46~e:401810502~c:401810502,2026-01-25,22093,True,False,False,False,2026-01-25T01:00Z,,,1,STD,1847.0,United Center,Chicago,IL,True,0,0.0,4,3,STATUS_FINAL,post,True,Final,Final,Final,4,4,s:40~l:46~t:4,Chicago,Bulls,CHI,Chicago Bulls,Bulls,ce1141,000000,True,1847.0,https://a.espncdn.com/i/teamlogos/nba/500/scoreboard/chi.png,114,True,2,s:40~l:46~t:2,Boston,Celtics,BOS,Boston Celtics,Celtics,True,111,False,401810502,2026,2,008348,ffffff,1824.0,https://a.espncdn.com/i/teamlogos/nba/500/scoreboard/bos.png,,True,https://raw.githubusercontent.com/sportsdataverse/hoopR-nba-raw/main/nba/json/final/401810502.json,2026-01-24 20:00:00,2026-01-24,True,BOS @ CHI
401810501,s:40~l:46~e:401810501~c:401810501,2026-01-25,19351,True,False,False,False,2026-01-25T00:00Z,,,1,STD,3432.0,Kia Center,Orlando,FL,True,0,0.0,4,3,STATUS_FINAL,post,True,Final,Final,Final,4,19,s:40~l:46~t:19,Orlando,Magic,ORL,Orlando Magic,Magic,0150b5,9ca0a3,True,3432.0,https://a.espncdn.com/i/teamlogos/nba/500/scoreboard/orl.png,105,False,5,s:40~l:46~t:5,Cleveland,Cavaliers,CLE,Cleveland Cavaliers,Cavaliers,True,119,True,401810501,2026,2,860038,bc945c,3417.0,https://a.espncdn.com/i/teamlogos/nba/500/scoreboard/cle.png,,True,https://raw.githubusercontent.com/sportsdataverse/hoopR-nba-raw/main/nba/json/final/401810501.json,2026-01-24 19:00:00,2026-01-24,True,CLE @ ORL
401810499,s:40~l:46~e:401810499~c:401810499,2026-01-24,0,True,False,False,False,2026-01-24T22:30Z,event,Makeup date Jan 25,1,STD,2029.0,Target Center,Minneapolis,MN,True,0,0.0,0,6,STATUS_POSTPONED,post,False,Postponed,Postponed,Postponed,4,16,s:40~l:46~t:16,Minnesota,Timberwolves,MIN,Minnesota Timberwolves,Timberwolves,266092,79bc43,True,2029.0,https://a.espncdn.com/i/teamlogos/nba/500/scoreboard/min.png,0,,9,s:40~l:46~t:9,Golden State,Warriors,GS,Golden State Warriors,Warriors,True,0,,401810499,2026,2,fdb927,1d428a,2465.0,https://a.espncdn.com/i/teamlogos/nba/500/scoreboard/gs.png,,False,,2026-01-24 17:30:00,2026-01-24,False,GSW @ MIN
401810498,s:40~l:46~e:401810498~c:401810498,2026-01-24,19746,True,False,False,False,2026-01-24T20:00Z,,,1,STD,1845.0,Xfinity Mobile Arena,Philadelphia,PA,True,0,0.0,4,3,STATUS_FINAL,post,True,Final,Final,Final,4,20,s:40~l:46~t:20,Philadelphia,76ers,PHI,Philadelphia 76ers,76ers,1d428a,e01234,True,1845.0,https://a.espncdn.com/i/teamlogos/nba/500/scoreboard/phi.png,109,False,18,s:40~l:46~t:18,New York,Knicks,NY,New York Knicks,Knicks,True,112,True,401810498,2026,2,1d428a,f58426,1830.0,https://a.espncdn.com/i/teamlogos/nba/500/scoreboard/ny.png,,True,https://raw.githubusercontent.com/sportsdataverse/hoopR-nba-raw/main/nba/json/final/401810498.json,2026-01-24 15:00:00,2026-01-24,True,NYK @ PHI
401810500,s:40~l:46~e:401810500~c:401810500,2026-01-24,15698,True,False,False,False,2026-01-24T17:00Z,,,1,STD,1893.0,Spectrum Center,Charlotte,NC,True,0,0.0,4,3,STATUS_FINAL,post,True,Final,Final,Final,4,30,s:40~l:46~t:30,Charlotte,Hornets,CHA,Charlotte Hornets,Hornets,008ca8,1d1060,True,1893.0,https://a.espncdn.com/i/teamlogos/nba/500/scoreboard/cha.png,119,True,27,s:40~l:46~t:27,Washington,Wizards,WSH,Washington Wizards,Wizards,True,115,False,401810500,2026,2,e31837,002b5c,1823.0,https://a.espncdn.com/i/teamlogos/nba/500/scoreboard/wsh.png,,True,https://raw.githubusercontent.com/sportsdataverse/hoopR-nba-raw/main/nba/json/final/401810500.json,2026-01-24 12:00:00,2026-01-24,True,WAS @ CHA
401810497,s:40~l:46~e:401810497~c:401810497,2026-01-24,17438,True,False,False,False,2026-01-24T03:00Z,,,1,STD,3423.0,Moda Center,Portland,OR,True,720,12:00,4,3,STATUS_FINAL,post,True,Final,Final,Final,4,22,s:40~l:46~t:22,Portland,Trail Blazers,POR,Portland Trail Blazers,Trail Blazers,e03a3e,000000,True,3423.0,https://a.espncdn.com/i/teamlogos/nba/500/scoreboard/por.png,98,False,28,s:40~l:46~t:28,Toronto,Raptors,TOR,Toronto Raptors,Raptors,True,110,True,401810497,2026,2,d91244,000000,1838.0,https://a.espncdn.com/i/teamlogos/nba/500/scoreboard/tor.png,,True,https://raw.githubusercontent.com/sportsdataverse/hoopR-nba-raw/main/nba/json/final/401810497.json,2026-01-23 22:00:00,2026-01-23,True,TOR @ POR
401810495,s:40~l:46~e:401810495~c:401810495,2026-01-24,17341,True,False,False,False,2026-01-24T02:30Z,,,1,STD,5777.0,Fiserv Forum,Milwaukee,WI,True,0,0.0,4,3,STATUS_FINAL,post,True,Final,Final,Final,4,15,s:40~l:46~t:15,Milwaukee,Bucks,MIL,Milwaukee Bucks,Bucks,00471b,eee1c6,True,2099.0,https://a.espncdn.com/i/teamlogos/nba/500/scoreboard/mil.png,100,False,7,s:40~l:46~t:7,Denver,Nuggets,DEN,Denver Nuggets,Nuggets,True,102,True,401810495,2026,2,0e2240,fec524,892.0,https://a.espncdn.com/i/teamlogos/nba/500/scoreboard/den.png,,True,https://raw.githubusercontent.com/sportsdataverse/hoopR-nba-raw/main/nba/json/final/401810495.json,2026-01-23 21:30:00,2026-01-23,True,DEN @ MIL
401810494,s:40~l:46~e:401810494~c:401810494,2026-01-24,14174,True,False,False,False,2026-01-24T01:00Z,,,1,STD,1392.0,FedExForum,Memphis,TN,True,720,12:00,4,3,STATUS_FINAL,post,True,Final,Final,Final,4,29,s:40~l:46~t:29,Memphis,Grizzlies,MEM,Memphis Grizzlies,Grizzlies,5d76a9,12173f,True,1392.0,https://a.espncdn.com/i/teamlogos/nba/500/scoreboard/mem.png,127,False,3,s:40~l:46~t:3,New Orleans,Pelicans,NO,New Orleans Pelicans,Pelicans,True,133,True,401810494,2026,2,0a2240,b4975a,985.0,https://a.espncdn.com/i/teamlogos/nba/500/scoreboard/no.png,,True,https://raw.githubusercontent.com/sportsdataverse/hoopR-nba-raw/main/nba/json/final/401810494.json,2026-01-23 20:00:00,2026-01-23,True,NOP @ MEM
401810496,s:40~l:46~e:401810496~c:401810496,2026-01-24,18203,True,False,False,False,2026-01-24T01:00Z,,,1,STD,2559.0,Paycom Center,Oklahoma City,OK,True,720,12:00,4,3,STATUS_FINAL,post,True,Final,Final,Final,4,25,s:40~l:46~t:25,Oklahoma City,Thunder,OKC,Oklahoma City Thunder,Thunder,007ac1,ef3b24,True,2559.0,https://a.espncdn.com/i/teamlogos/nba/500/scoreboard/okc.png,114,False,11,s:40~l:46~t:11,Indiana,Pacers,IND,Indiana Pacers,Pacers,True,117,True,401810496,2026,2,0c2340,ffd520,2183.0,https://a.espncdn.com/i/teamlogos/nba/500/scoreboard/ind.png,,True,https://raw.githubusercontent.com/sportsdataverse/hoopR-nba-raw/main/nba/json/final/401810496.json,2026-01-23 20:00:00,2026-01-23,True,IND @ OKC
401810491,s:40~l:46~e:401810491~c:401810491,2026-01-24,15461,True,False,False,False,2026-01-24T00:30Z,,,1,STD,1827.0,State Farm Arena,Atlanta,GA,True,720,12:00,4,3,STATUS_FINAL,post,True,Final,Final,Final,4,1,s:40~l:46~t:1,Atlanta,Hawks,ATL,Atlanta Hawks,Hawks,c8102e,fdb927,True,1827.0,https://a.espncdn.com/i/teamlogos/nba/500/scoreboard/atl.png,110,True,21,s:40~l:46~t:21,Phoenix,Suns,PHX,Phoenix Suns,Suns,True,103,False,401810491,2026,2,29127a,e56020,1949.0,https://a.espncdn.com/i/teamlogos/nba/500/scoreboard/phx.png,,True,https://raw.githubusercontent.com/sportsdataverse/hoopR-nba-raw/main/nba/json/final/401810491.json,2026-01-23 19:30:00,2026-01-23,True,PHX @ ATL
401810492,s:40~l:46~e:401810492~c:401810492,2026-01-24,17727,True,False,False,False,2026-01-24T00:30Z,,,1,STD,3559.0,Barclays Center,Brooklyn,NY,True,300,5:00,6,3,STATUS_FINAL,post,True,Final,Final/2OT,Final/2OT,4,17,s:40~l:46~t:17,Brooklyn,Nets,BKN,Brooklyn Nets,Nets,000000,ffffff,True,1826.0,https://a.espncdn.com/i/teamlogos/nba/500/scoreboard/bkn.png,126,False,2,s:40~l:46~t:2,Boston,Celtics,BOS,Boston Celtics,Celtics,True,130,True,401810492,2026,2,008348,ffffff,1824.0,https://a.espncdn.com/i/teamlogos/nba/500/scoreboard/bos.png,2OT,True,https://raw.githubusercontent.com/sportsdataverse/hoopR-nba-raw/main/nba/json/final/401810492.json,2026-01-23 19:30:00,2026-01-23,True,BOS @ BKN
401810493,s:40~l:46~e:401810493~c:401810493,2026-01-24,19432,True,False,False,False,2026-01-24T00:30Z,,,1,STD,3417.0,Rocket Arena,Cleveland,OH,True,720,12:00,4,3,STATUS_FINAL,post,True,Final,Final,Final,4,5,s:40~l:46~t:5,Cleveland,Cavaliers,CLE,Cleveland Cavaliers,Cavaliers,860038,bc945c,True,3417.0,https://a.espncdn.com/i/teamlogos/nba/500/scoreboard/cle.png,123,True,23,s:40~l:46~t:23,Sacramento,Kings,SAC,Sacramento Kings,Kings,True,118,False,401810493,2026,2,5a2d81,6a7a82,2247.0,https://a.espncdn.com/i/teamlogos/nba/500/scoreboard/sac.png,,True,https://raw.githubusercontent.com/sportsdataverse/hoopR-nba-raw/main/nba/json/final/401810493.json,2026-01-23 19:30:00,2026-01-23,True,SAC @ CLE
401810490,s:40~l:46~e:401810490~c:401810490,2026-01-24,20062,True,False,False,False,2026-01-24T00:00Z,,,1,STD,5404.0,Little Caesars Arena,Detroit,MI,True,720,12:00,4,3,STATUS_FINAL,post,True,Final,Final,Final,4,8,s:40~l:46~t:8,Detroit,Pistons,DET,Detroit Pistons,Pistons,1d428a,c8102e,True,5311.0,https://a.espncdn.com/i/teamlogos/nba/500/scoreboard/det.png,104,False,10,s:40~l:46~t:10,Houston,Rockets,HOU,Houston Rockets,Rockets,True,111,True,401810490,2026,2,ce1141,000000,1394.0,https://a.espncdn.com/i/teamlogos/nba/500/scoreboard/hou.png,,True,https://raw.githubusercontent.com/sportsdataverse/hoopR-nba-raw/main/nba/json/final/401810490.json,2026-01-23 19:00:00,2026-01-23,True,HOU @ DET
401810488,s:40~l:46~e:401810488~c:401810488,2026-01-23,17927,True,False,False,False,2026-01-23T03:00Z,,,1,STD,10642.0,Intuit Dome,Inglewood,CA,True,0,0.0,4,3,STATUS_FINAL,post,True,Final,Final,Final,4,12,s:40~l:46~t:12,LA,Clippers,LAC,LA Clippers,Clippers,12173f,c8102e,True,1841.0,https://a.espncdn.com/i/teamlogos/nba/500/scoreboard/lac.png,112,True,13,s:40~l:46~t:13,Los Angeles,Lakers,LAL,Los Angeles Lakers,Lakers,True,104,False,401810488,2026,2,552583,fdb927,1841.0,https://a.espncdn.com/i/teamlogos/nba/500/scoreboard/lal.png,,True,https://raw.githubusercontent.com/sportsdataverse/hoopR-nba-raw/main/nba/json/final/401810488.json,2026-01-22 22:00:00,2026-01-22,True,LAL @ LAC
401810489,s:40~l:46~e:401810489~c:401810489,2026-01-23,16824,True,False,False,False,2026-01-23T03:00Z,,,1,STD,3423.0,Moda Center,Portland,OR,True,720,12:00,4,3,STATUS_FINAL,post,True,Final,Final,Final,4,22,s:40~l:46~t:22,Portland,Trail Blazers,POR,Portland Trail Blazers,Trail Blazers,e03a3e,000000,True,3423.0,https://a.espncdn.com/i/teamlogos/nba/500/scoreboard/por.png,127,True,14,s:40~l:46~t:14,Miami,Heat,MIA,Miami Heat,Heat,True,110,False,401810489,2026,2,98002e,000000,3438.0,https://a.espncdn.com/i/teamlogos/nba/500/scoreboard/mia.png,,True,https://raw.githubusercontent.com/sportsdataverse/hoopR-nba-raw/main/nba/json/final/401810489.json,2026-01-22 22:00:00,2026-01-22,True,MIA @ POR
401810487,s:40~l:46~e:401810487~c:401810487,2026-01-23,18186,True,False,False,False,2026-01-23T02:00Z,,,1,STD,3093.0,Delta Center,Salt Lake City,UT,True,720,12:00,4,3,STATUS_FINAL,post,True,Final,Final,Final,4,26,s:40~l:46~t:26,Utah,Jazz,UTAH,Utah Jazz,Jazz,4e008e,79a3dc,True,3093.0,https://a.espncdn.com/i/teamlogos/nba/500/scoreboard/utah.png,109,False,24,s:40~l:46~t:24,San Antonio,Spurs,SA,San Antonio Spurs,Spurs,True,126,True,401810487,2026,2,000000,c4ced4,780.0,https://a.espncdn.com/i/teamlogos/nba/500/scoreboard/sa.png,,True,https://raw.githubusercontent.com/sportsdataverse/hoopR-nba-raw/main/nba/json/final/401810487.json,2026-01-22 21:00:00,2026-01-22,True,SAS @ UTA
401810486,s:40~l:46~e:401810486~c:401810486,2026-01-23,17463,True,False,False,False,2026-01-23T01:00Z,,,1,STD,2029.0,Target Center,Minneapolis,MN,True,720,12:00,4,3,STATUS_FINAL,post,True,Final,Final,Final,4,16,s:40~l:46~t:16,Minnesota,Timberwolves,MIN,Minnesota Timberwolves,Timberwolves,266092,79bc43,True,2029.0,https://a.espncdn.com/i/teamlogos/nba/500/scoreboard/min.png,115,False,4,s:40~l:46~t:4,Chicago,Bulls,CHI,Chicago Bulls,Bulls,True,120,True,401810486,2026,2,ce1141,000000,1847.0,https://a.espncdn.com/i/teamlogos/nba/500/scoreboard/chi.png,,True,https://raw.githubusercontent.com/sportsdataverse/hoopR-nba-raw/main/nba/json/final/401810486.json,2026-01-22 20:00:00,2026-01-22,True,CHI @ MIN
401810485,s:40~l:46~e:401810485~c:401810485,2026-01-23,19432,True,False,False,False,2026-01-23T00:30Z,,,1,STD,516.0,American Airlines Center,Dallas,TX,True,720,12:00,4,3,STATUS_FINAL,post,True,Final,Final,Final,4,6,s:40~l:46~t:6,Dallas,Mavericks,DAL,Dallas Mavericks,Mavericks,0064b1,bbc4ca,True,516.0,https://a.espncdn.com/i/teamlogos/nba/500/scoreboard/dal.png,123,True,9,s:40~l:46~t:9,Golden State,Warriors,GS,Golden State Warriors,Warriors,True,115,False,401810485,2026,2,fdb927,1d428a,2465.0,https://a.espncdn.com/i/teamlogos/nba/500/scoreboard/gs.png,,True,https://raw.githubusercontent.com/sportsdataverse/hoopR-nba-raw/main/nba/json/final/401810485.json,2026-01-22 19:30:00,2026-01-22,True,GSW @ DAL
401810482,s:40~l:46~e:401810482~c:401810482,2026-01-23,19423,True,False,False,False,2026-01-23T00:00Z,,,1,STD,3432.0,Kia Center,Orlando,FL,True,720,12:00,4,3,STATUS_FINAL,post,True,Final,Final,Final,4,19,s:40~l:46~t:19,Orlando,Magic,ORL,Orlando Magic,Magic,0150b5,9ca0a3,True,3432.0,https://a.espncdn.com/i/teamlogos/nba/500/scoreboard/orl.png,97,False,30,s:40~l:46~t:30,Charlotte,Hornets,CHA,Charlotte Hornets,Hornets,True,124,True,401810482,2026,2,008ca8,1d1060,1893.0,https://a.espncdn.com/i/teamlogos/nba/500/scoreboard/cha.png,,True,https://raw.githubusercontent.com/sportsdataverse/hoopR-nba-raw/main/nba/json/final/401810482.json,2026-01-22 19:00:00,2026-01-22,True,CHA @ ORL
401810483,s:40~l:46~e:401810483~c:401810483,2026-01-23,19746,True,False,False,False,2026-01-23T00:00Z,,,1,STD,1845.0,Xfinity Mobile Arena,Philadelphia,PA,True,300,5:00,5,3,STATUS_FINAL,post,True,Final,Final/OT,Final/OT,4,20,s:40~l:46~t:20,Philadelphia,76ers,PHI,Philadelphia 76ers,76ers,1d428a,e01234,True,1845.0,https://a.espncdn.com/i/teamlogos/nba/500/scoreboard/phi.png,128,True,10,s:40~l:46~t:10,Houston,Rockets,HOU,Houston Rockets,Rockets,True,122,False,401810483,2026,2,ce1141,000000,1394.0,https://a.espncdn.com/i/teamlogos/nba/500/scoreboard/hou.png,OT,True,https://raw.githubusercontent.com/sportsdataverse/hoopR-nba-raw/main/nba/json/final/401810483.json,2026-01-22 19:00:00,2026-01-22,True,HOU @ PHI
401810484,s:40~l:46~e:401810484~c:401810484,2026-01-23,15040,True,False,False,False,2026-01-23T00:00Z,,,1,STD,1823.0,Capital One Arena,Washington,DC,True,720,12:00,4,3,STATUS_FINAL,post,True,Final,Final,Final,4,27,s:40~l:46~t:27,Washington,Wizards,WSH,Washington Wizards,Wizards,e31837,002b5c,True,1823.0,https://a.espncdn.com/i/teamlogos/nba/500/scoreboard/wsh.png,97,False,7,s:40~l:46~t:7,Denver,Nuggets,DEN,Denver Nuggets,Nuggets,True,107,True,401810484,2026,2,0e2240,fec524,892.0,https://a.espncdn.com/i/teamlogos/nba/500/scoreboard/den.png,,True,https://raw.githubusercontent.com/sportsdataverse/hoopR-nba-raw/main/nba/json/final/401810484.json,2026-01-22 19:00:00,2026-01-22,True,DEN @ WAS
401810481,s:40~l:46~e:401810481~c:401810481,2026-01-22,16182,True,False,False,False,2026-01-22T03:00Z,,,1,STD,5310.0,Golden 1 Center,Sacramento,CA,True,0,0.0,4,3,STATUS_FINAL,post,True,Final,Final,Final,4,23,s:40~l:46~t:23,Sacramento,Kings,SAC,Sacramento Kings,Kings,5a2d81,6a7a82,True,2247.0,https://a.espncdn.com/i/teamlogos/nba/500/scoreboard/sac.png,109,False,28,s:40~l:46~t:28,Toronto,Raptors,TOR,Toronto Raptors,Raptors,True,122,True,401810481,2026,2,d91244,000000,1838.0,https://a.espncdn.com/i/teamlogos/nba/500/scoreboard/tor.png,,True,https://raw.githubusercontent.com/sportsdataverse/hoopR-nba-raw/main/nba/json/final/401810481.json,2026-01-21 22:00:00,2026-01-21,True,TOR @ SAC
401810480,s:40~l:46~e:401810480~c:401810480,2026-01-22,16594,True,False,False,False,2026-01-22T02:30Z,,,1,STD,5777.0,Fiserv Forum,Milwaukee,WI,True,0,0.0,4,3,STATUS_FINAL,post,True,Final,Final,Final,4,15,s:40~l:46~t:15,Milwaukee,Bucks,MIL,Milwaukee Bucks,Bucks,00471b,eee1c6,True,2099.0,https://a.espncdn.com/i/teamlogos/nba/500/scoreboard/mil.png,102,False,25,s:40~l:46~t:25,Oklahoma City,Thunder,OKC,Oklahoma City Thunder,Thunder,True,122,True,401810480,2026,2,007ac1,ef3b24,2559.0,https://a.espncdn.com/i/teamlogos/nba/500/scoreboard/okc.png,,True,https://raw.githubusercontent.com/sportsdataverse/hoopR-nba-raw/main/nba/json/final/401810480.json,2026-01-21 21:30:00,2026-01-21,True,OKC @ MIL
401810478,s:40~l:46~e:401810478~c:401810478,2026-01-22,15054,True,False,False,False,2026-01-22T01:00Z,,,1,STD,1392.0,FedExForum,Memphis,TN,True,0,0.0,4,3,STATUS_FINAL,post,True,Final,Final,Final,4,29,s:40~l:46~t:29,Memphis,Grizzlies,MEM,Memphis Grizzlies,Grizzlies,5d76a9,12173f,True,1392.0,https://a.espncdn.com/i/teamlogos/nba/500/scoreboard/mem.png,122,False,1,s:40~l:46~t:1,Atlanta,Hawks,ATL,Atlanta Hawks,Hawks,True,124,True,401810478,2026,2,c8102e,fdb927,1827.0,https://a.espncdn.com/i/teamlogos/nba/500/scoreboard/atl.png,,True,https://raw.githubusercontent.com/sportsdataverse/hoopR-nba-raw/main/nba/json/final/401810478.json,2026-01-21 20:00:00,2026-01-21,True,ATL @ MEM
401810479,s:40~l:46~e:401810479~c:401810479,2026-01-22,15502,True,False,False,False,2026-01-22T01:00Z,,,1,STD,985.0,Smoothie King Center,New Orleans,LA,True,0,0.0,4,3,STATUS_FINAL,post,True,Final,Final,Final,4,3,s:40~l:46~t:3,New Orleans,Pelicans,NO,New Orleans Pelicans,Pelicans,0a2240,b4975a,True,985.0,https://a.espncdn.com/i/teamlogos/nba/500/scoreboard/no.png,104,False,8,s:40~l:46~t:8,Detroit,Pistons,DET,Detroit Pistons,Pistons,True,112,True,401810479,2026,2,1d428a,c8102e,5311.0,https://a.espncdn.com/i/teamlogos/nba/500/scoreboard/det.png,,True,https://raw.githubusercontent.com/sportsdataverse/hoopR-nba-raw/main/nba/json/final/401810479.json,2026-01-21 20:00:00,2026-01-21,True,DET @ NOP
401810476,s:40~l:46~e:401810476~c:401810476,2026-01-22,19156,True,False,False,False,2026-01-22T00:30Z,,,1,STD,1824.0,TD Garden,Boston,MA,True,720,12:00,4,3,STATUS_FINAL,post,True,Final,Final,Final,4,2,s:40~l:46~t:2,Boston,Celtics,BOS,Boston Celtics,Celtics,008348,ffffff,True,1824.0,https://a.espncdn.com/i/teamlogos/nba/500/scoreboard/bos.png,119,True,11,s:40~l:46~t:11,Indiana,Pacers,IND,Indiana Pacers,Pacers,True,104,False,401810476,2026,2,0c2340,ffd520,2183.0,https://a.espncdn.com/i/teamlogos/nba/500/scoreboard/ind.png,,True,https://raw.githubusercontent.com/sportsdataverse/hoopR-nba-raw/main/nba/json/final/401810476.json,2026-01-21 19:30:00,2026-01-21,True,IND @ BOS
401810477,s:40~l:46~e:401810477~c:401810477,2026-01-22,19812,True,False,False,False,2026-01-22T00:30Z,,,1,STD,1830.0,Madison Square Garden,New York,NY,True,720,12:00,4,3,STATUS_FINAL,post,True,Final,Final,Final,4,18,s:40~l:46~t:18,New York,Knicks,NY,New York Knicks,Knicks,1d428a,f58426,True,1830.0,https://a.espncdn.com/i/teamlogos/nba/500/scoreboard/ny.png,120,True,17,s:40~l:46~t:17,Brooklyn,Nets,BKN,Brooklyn Nets,Nets,True,66,False,401810477,2026,2,000000,ffffff,1826.0,https://a.espncdn.com/i/teamlogos/nba/500/scoreboard/bkn.png,,True,https://raw.githubusercontent.com/sportsdataverse/hoopR-nba-raw/main/nba/json/final/401810477.json,2026-01-21 19:30:00,2026-01-21,True,BKN @ NYK
401810475,s:40~l:46~e:401810475~c:401810475,2026-01-22,17619,True,False,False,False,2026-01-22T00:00Z,,,1,STD,1893.0,Spectrum Center,Charlotte,NC,True,720,12:00,4,3,STATUS_FINAL,post,True,Final,Final,Final,4,30,s:40~l:46~t:30,Charlotte,Hornets,CHA,Charlotte Hornets,Hornets,008ca8,1d1060,True,1893.0,https://a.espncdn.com/i/teamlogos/nba/500/scoreboard/cha.png,87,False,5,s:40~l:46~t:5,Cleveland,Cavaliers,CLE,Cleveland Cavaliers,Cavaliers,True,94,True,401810475,2026,2,860038,bc945c,3417.0,https://a.espncdn.com/i/teamlogos/nba/500/scoreboard/cle.png,,True,https://raw.githubusercontent.com/sportsdataverse/hoopR-nba-raw/main/nba/json/final/401810475.json,2026-01-21 19:00:00,2026-01-21,True,CLE @ CHA
401810472,s:40~l:46~e:401810472~c:401810472,2026-01-21,19974,True,False,False,False,2026-01-21T03:00Z,,,1,STD,892.0,Ball Arena,Denver,CO,True,720,12:00,4,3,STATUS_FINAL,post,True,Final,Final,Final,4,7,s:40~l:46~t:7,Denver,Nuggets,DEN,Denver Nuggets,Nuggets,0e2240,fec524,True,892.0,https://a.espncdn.com/i/teamlogos/nba/500/scoreboard/den.png,107,False,13,s:40~l:46~t:13,Los Angeles,Lakers,LAL,Los Angeles Lakers,Lakers,True,115,True,401810472,2026,2,552583,fdb927,1841.0,https://a.espncdn.com/i/teamlogos/nba/500/scoreboard/lal.png,,True,https://raw.githubusercontent.com/sportsdataverse/hoopR-nba-raw/main/nba/json/final/401810472.json,2026-01-20 22:00:00,2026-01-20,True,LAL @ DEN
401810473,s:40~l:46~e:401810473~c:401810473,2026-01-21,18064,True,False,False,False,2026-01-21T03:00Z,,,1,STD,6270.0,Chase Center,San Francisco,CA,True,720,12:00,4,3,STATUS_FINAL,post,True,Final,Final,Final,4,9,s:40~l:46~t:9,Golden State,Warriors,GS,Golden State Warriors,Warriors,fdb927,1d428a,True,2465.0,https://a.espncdn.com/i/teamlogos/nba/500/scoreboard/gs.png,127,False,28,s:40~l:46~t:28,Toronto,Raptors,TOR,Toronto Raptors,Raptors,True,145,True,401810473,2026,2,d91244,000000,1838.0,https://a.espncdn.com/i/teamlogos/nba/500/scoreboard/tor.png,,True,https://raw.githubusercontent.com/sportsdataverse/hoopR-nba-raw/main/nba/json/final/401810473.json,2026-01-20 22:00:00,2026-01-20,True,TOR @ GSW
401810474,s:40~l:46~e:401810474~c:401810474,2026-01-21,15295,True,False,False,False,2026-01-21T03:00Z,,,1,STD,5310.0,Golden 1 Center,Sacramento,CA,True,720,12:00,4,3,STATUS_FINAL,post,True,Final,Final,Final,4,23,s:40~l:46~t:23,Sacramento,Kings,SAC,Sacramento Kings,Kings,5a2d81,6a7a82,True,2247.0,https://a.espncdn.com/i/teamlogos/nba/500/scoreboard/sac.png,117,False,14,s:40~l:46~t:14,Miami,Heat,MIA,Miami Heat,Heat,True,130,True,401810474,2026,2,98002e,000000,3438.0,https://a.espncdn.com/i/teamlogos/nba/500/scoreboard/mia.png,,True,https://raw.githubusercontent.com/sportsdataverse/hoopR-nba-raw/main/nba/json/final/401810474.json,2026-01-20 22:00:00,2026-01-20,True,MIA @ SAC
401810471,s:40~l:46~e:401810471~c:401810471,2026-01-21,18186,True,False,False,False,2026-01-21T02:00Z,,,1,STD,3093.0,Delta Center,Salt Lake City,UT,True,720,12:00,4,3,STATUS_FINAL,post,True,Final,Final,Final,4,26,s:40~l:46~t:26,Utah,Jazz,UTAH,Utah Jazz,Jazz,4e008e,79a3dc,True,3093.0,https://a.espncdn.com/i/teamlogos/nba/500/scoreboard/utah.png,127,True,16,s:40~l:46~t:16,Minnesota,Timberwolves,MIN,Minnesota Timberwolves,Timberwolves,True,122,False,401810471,2026,2,266092,79bc43,2029.0,https://a.espncdn.com/i/teamlogos/nba/500/scoreboard/min.png,,True,https://raw.githubusercontent.com/sportsdataverse/hoopR-nba-raw/main/nba/json/final/401810471.json,2026-01-20 21:00:00,2026-01-20,True,MIN @ UTA
401810469,s:40~l:46~e:401810469~c:401810469,2026-01-21,18536,True,False,False,False,2026-01-21T01:00Z,,,1,STD,1847.0,United Center,Chicago,IL,True,0,0.0,4,3,STATUS_FINAL,post,True,Final,Final,Final,4,4,s:40~l:46~t:4,Chicago,Bulls,CHI,Chicago Bulls,Bulls,ce1141,000000,True,1847.0,https://a.espncdn.com/i/teamlogos/nba/500/scoreboard/chi.png,138,True,12,s:40~l:46~t:12,LA,Clippers,LAC,LA Clippers,Clippers,True,110,False,401810469,2026,2,12173f,c8102e,1841.0,https://a.espncdn.com/i/teamlogos/nba/500/scoreboard/lac.png,,True,https://raw.githubusercontent.com/sportsdataverse/hoopR-nba-raw/main/nba/json/final/401810469.json,2026-01-20 20:00:00,2026-01-20,True,LAC @ CHI
401810470,s:40~l:46~e:401810470~c:401810470,2026-01-21,18055,True,False,False,False,2026-01-21T01:00Z,,,1,STD,1394.0,Toyota Center (Houston),Houston,TX,True,0,0.0,4,3,STATUS_FINAL,post,True,Final,Final,Final,4,10,s:40~l:46~t:10,Houston,Rockets,HOU,Houston Rockets,Rockets,ce1141,000000,True,1394.0,https://a.espncdn.com/i/teamlogos/nba/500/scoreboard/hou.png,111,True,24,s:40~l:46~t:24,San Antonio,Spurs,SA,San Antonio Spurs,Spurs,True,106,False,401810470,2026,2,000000,c4ced4,780.0,https://a.espncdn.com/i/teamlogos/nba/500/scoreboard/sa.png,,True,https://raw.githubusercontent.com/sportsdataverse/hoopR-nba-raw/main/nba/json/final/401810470.json,2026-01-20 20:00:00,2026-01-20,True,SAS @ HOU
401810468,s:40~l:46~e:401810468~c:401810468,2026-01-21,17839,True,False,False,False,2026-01-21T00:00Z,,,1,STD,1845.0,Xfinity Mobile Arena,Philadelphia,PA,True,0,0.0,4,3,STATUS_FINAL,post,True,Final,Final,Final,4,20,s:40~l:46~t:20,Philadelphia,76ers,PHI,Philadelphia 76ers,76ers,1d428a,e01234,True,1845.0,https://a.espncdn.com/i/teamlogos/nba/500/scoreboard/phi.png,110,False,21,s:40~l:46~t:21,Phoenix,Suns,PHX,Phoenix Suns,Suns,True,116,True,401810468,2026,2,29127a,e56020,1949.0,https://a.espncdn.com/i/teamlogos/nba/500/scoreboard/phx.png,,True,https://raw.githubusercontent.com/sportsdataverse/hoopR-nba-raw/main/nba/json/final/401810468.json,2026-01-20 19:00:00,2026-01-20,True,PHX @ PHI
401810467,s:40~l:46~e:401810467~c:401810467,2026-01-20,18064,True,False,False,False,2026-01-20T03:00Z,,,1,STD,6270.0,Chase Center,San Francisco,CA,True,720,12:00,4,3,STATUS_FINAL,post,True,Final,Final,Final,4,9,s:40~l:46~t:9,Golden State,Warriors,GS,Golden State Warriors,Warriors,fdb927,1d428a,True,2465.0,https://a.espncdn.com/i/teamlogos/nba/500/scoreboard/gs.png,135,True,14,s:40~l:46~t:14,Miami,Heat,MIA,Miami Heat,Heat,True,112,False,401810467,2026,2,98002e,000000,3438.0,https://a.espncdn.com/i/teamlogos/nba/500/scoreboard/mia.png,,True,https://raw.githubusercontent.com/sportsdataverse/hoopR-nba-raw/main/nba/json/final/401810467.json,2026-01-19 22:00:00,2026-01-19,True,MIA @ GSW
401809250,s:40~l:46~e:401809250~c:401809250,2026-01-20,19996,True,False,False,False,2026-01-20T01:00Z,,,1,STD,5404.0,Little Caesars Arena,Detroit,MI,True,720,12:00,4,3,STATUS_FINAL,post,True,Final,Final,Final,4,8,s:40~l:46~t:8,Detroit,Pistons,DET,Detroit Pistons,Pistons,1d428a,c8102e,True,5311.0,https://a.espncdn.com/i/teamlogos/nba/500/scoreboard/det.png,104,True,2,s:40~l:46~t:2,Boston,Celtics,BOS,Boston Celtics,Celtics,True,103,False,401809250,2026,2,008348,ffffff,1824.0,https://a.espncdn.com/i/teamlogos/nba/500/scoreboard/bos.png,,True,https://raw.githubusercontent.com/sportsdataverse/hoopR-nba-raw/main/nba/json/final/401809250.json,2026-01-19 20:00:00,2026-01-19,True,BOS @ DET
401810465,s:40~l:46~e:401810465~c:401810465,2026-01-20,17344,True,False,False,False,2026-01-20T00:30Z,,,1,STD,3559.0,Barclays Center,Brooklyn,NY,True,0,0.0,4,3,STATUS_FINAL,post,True,Final,Final,Final,4,17,s:40~l:46~t:17,Brooklyn,Nets,BKN,Brooklyn Nets,Nets,000000,ffffff,True,1826.0,https://a.espncdn.com/i/teamlogos/nba/500/scoreboard/bkn.png,117,False,21,s:40~l:46~t:21,Phoenix,Suns,PHX,Phoenix Suns,Suns,True,126,True,401810465,2026,2,29127a,e56020,1949.0,https://a.espncdn.com/i/teamlogos/nba/500/scoreboard/phx.png,,True,https://raw.githubusercontent.com/sportsdataverse/hoopR-nba-raw/main/nba/json/final/401810465.json,2026-01-19 19:30:00,2026-01-19,True,PHX @ BKN
401810464,s:40~l:46~e:401810464~c:401810464,2026-01-20,18005,True,False,False,False,2026-01-20T00:00Z,,,1,STD,1845.0,Xfinity Mobile Arena,Philadelphia,PA,True,0,0.0,4,3,STATUS_FINAL,post,True,Final,Final,Final,4,20,s:40~l:46~t:20,Philadelphia,76ers,PHI,Philadelphia 76ers,76ers,1d428a,e01234,True,1845.0,https://a.espncdn.com/i/teamlogos/nba/500/scoreboard/phi.png,113,True,11,s:40~l:46~t:11,Indiana,Pacers,IND,Indiana Pacers,Pacers,True,104,False,401810464,2026,2,0c2340,ffd520,2183.0,https://a.espncdn.com/i/teamlogos/nba/500/scoreboard/ind.png,,True,https://raw.githubusercontent.com/sportsdataverse/hoopR-nba-raw/main/nba/json/final/401810464.json,2026-01-19 19:00:00,2026-01-19,True,IND @ PHI
401809249,s:40~l:46~e:401809249~c:401809249,2026-01-19,19812,True,False,False,False,2026-01-19T22:00Z,,,1,STD,1830.0,Madison Square Garden,New York,NY,True,0,0.0,4,3,STATUS_FINAL,post,True,Final,Final,Final,4,18,s:40~l:46~t:18,New York,Knicks,NY,New York Knicks,Knicks,1d428a,f58426,True,1830.0,https://a.espncdn.com/i/teamlogos/nba/500/scoreboard/ny.png,97,False,6,s:40~l:46~t:6,Dallas,Mavericks,DAL,Dallas Mavericks,Mavericks,True,114,True,401809249,2026,2,0064b1,bbc4ca,516.0,https://a.espncdn.com/i/teamlogos/nba/500/scoreboard/dal.png,,True,https://raw.githubusercontent.com/sportsdataverse/hoopR-nba-raw/main/nba/json/final/401809249.json,2026-01-19 17:00:00,2026-01-19,True,DAL @ NYK
401810466,s:40~l:46~e:401810466~c:401810466,2026-01-19,18354,True,False,False,False,2026-01-19T22:00Z,,,1,STD,780.0,Frost Bank Center,San Antonio,TX,True,0,0.0,4,3,STATUS_FINAL,post,True,Final,Final,Final,4,24,s:40~l:46~t:24,San Antonio,Spurs,SA,San Antonio Spurs,Spurs,000000,c4ced4,True,780.0,https://a.espncdn.com/i/teamlogos/nba/500/scoreboard/sa.png,123,True,26,s:40~l:46~t:26,Utah,Jazz,UTAH,Utah Jazz,Jazz,True,110,False,401810466,2026,2,4e008e,79a3dc,3093.0,https://a.espncdn.com/i/teamlogos/nba/500/scoreboard/utah.png,,True,https://raw.githubusercontent.com/sportsdataverse/hoopR-nba-raw/main/nba/json/final/401810466.json,2026-01-19 17:00:00,2026-01-19,True,UTA @ SAS
401810463,s:40~l:46~e:401810463~c:401810463,2026-01-19,16630,True,False,False,False,2026-01-19T20:00Z,,,1,STD,1823.0,Capital One Arena,Washington,DC,True,0,0.0,4,3,STATUS_FINAL,post,True,Final,Final,Final,4,27,s:40~l:46~t:27,Washington,Wizards,WSH,Washington Wizards,Wizards,e31837,002b5c,True,1823.0,https://a.espncdn.com/i/teamlogos/nba/500/scoreboard/wsh.png,106,False,12,s:40~l:46~t:12,LA,Clippers,LAC,LA Clippers,Clippers,True,110,True,401810463,2026,2,12173f,c8102e,1841.0,https://a.espncdn.com/i/teamlogos/nba/500/scoreboard/lac.png,,True,https://raw.githubusercontent.com/sportsdataverse/hoopR-nba-raw/main/nba/json/final/401810463.json,2026-01-19 15:00:00,2026-01-19,True,LAC @ WAS
401809248,s:40~l:46~e:401809248~c:401809248,2026-01-19,19432,True,False,False,False,2026-01-19T19:30Z,,,1,STD,3417.0,Rocket Arena,Cleveland,OH,True,0,0.0,4,3,STATUS_FINAL,post,True,Final,Final,Final,4,5,s:40~l:46~t:5,Cleveland,Cavaliers,CLE,Cleveland Cavaliers,Cavaliers,860038,bc945c,True,3417.0,https://a.espncdn.com/i/teamlogos/nba/500/scoreboard/cle.png,104,False,25,s:40~l:46~t:25,Oklahoma City,Thunder,OKC,Oklahoma City Thunder,Thunder,True,136,True,401809248,2026,2,007ac1,ef3b24,2559.0,https://a.espncdn.com/i/teamlogos/nba/500/scoreboard/okc.png,,True,https://raw.githubusercontent.com/sportsdataverse/hoopR-nba-raw/main/nba/json/final/401809248.json,2026-01-19 14:30:00,2026-01-19,True,OKC @ CLE
401809247,s:40~l:46~e:401809247~c:401809247,2026-01-19,16284,True,False,False,False,2026-01-19T18:00Z,,,1,STD,1827.0,State Farm Arena,Atlanta,GA,True,720,12:00,4,3,STATUS_FINAL,post,True,Final,Final,Final,4,1,s:40~l:46~t:1,Atlanta,Hawks,ATL,Atlanta Hawks,Hawks,c8102e,fdb927,True,1827.0,https://a.espncdn.com/i/teamlogos/nba/500/scoreboard/atl.png,110,False,15,s:40~l:46~t:15,Milwaukee,Bucks,MIL,Milwaukee Bucks,Bucks,True,112,True,401809247,2026,2,00471b,eee1c6,2099.0,https://a.espncdn.com/i/teamlogos/nba/500/scoreboard/mil.png,,True,https://raw.githubusercontent.com/sportsdataverse/hoopR-nba-raw/main/nba/json/final/401809247.json,2026-01-19 13:00:00,2026-01-19,True,MIL @ ATL
401810462,s:40~l:46~e:401810462~c:401810462,2026-01-19,18997,True,False,False,False,2026-01-19T02:30Z,,,1,STD,1841.0,crypto.com Arena,Los Angeles,CA,True,0,0.0,4,3,STATUS_FINAL,post,True,Final,Final,Final,4,13,s:40~l:46~t:13,Los Angeles,Lakers,LAL,Los Angeles Lakers,Lakers,552583,fdb927,True,1841.0,https://a.espncdn.com/i/teamlogos/nba/500/scoreboard/lal.png,110,True,28,s:40~l:46~t:28,Toronto,Raptors,TOR,Toronto Raptors,Raptors,True,93,False,401810462,2026,2,d91244,000000,1838.0,https://a.espncdn.com/i/teamlogos/nba/500/scoreboard/tor.png,,True,https://raw.githubusercontent.com/sportsdataverse/hoopR-nba-raw/main/nba/json/final/401810462.json,2026-01-18 21:30:00,2026-01-18,True,TOR @ LAL
401810461,s:40~l:46~e:401810461~c:401810461,2026-01-19,16241,True,False,False,False,2026-01-19T02:00Z,,,1,STD,5310.0,Golden 1 Center,Sacramento,CA,True,0,0.0,4,3,STATUS_FINAL,post,True,Final,Final,Final,4,23,s:40~l:46~t:23,Sacramento,Kings,SAC,Sacramento Kings,Kings,5a2d81,6a7a82,True,2247.0,https://a.espncdn.com/i/teamlogos/nba/500/scoreboard/sac.png,110,False,22,s:40~l:46~t:22,Portland,Trail Blazers,POR,Portland Trail Blazers,Trail Blazers,True,117,True,401810461,2026,2,e03a3e,000000,3423.0,https://a.espncdn.com/i/teamlogos/nba/500/scoreboard/por.png,,True,https://raw.githubusercontent.com/sportsdataverse/hoopR-nba-raw/main/nba/json/final/401810461.json,2026-01-18 21:00:00,2026-01-18,True,POR @ SAC
401810460,s:40~l:46~e:401810460~c:401810460,2026-01-19,19971,True,False,False,False,2026-01-19T01:00Z,,,1,STD,892.0,Ball Arena,Denver,CO,True,0,0.0,4,3,STATUS_FINAL,post,True,Final,Final,Final,4,7,s:40~l:46~t:7,Denver,Nuggets,DEN,Denver Nuggets,Nuggets,0e2240,fec524,True,892.0,https://a.espncdn.com/i/teamlogos/nba/500/scoreboard/den.png,87,False,30,s:40~l:46~t:30,Charlotte,Hornets,CHA,Charlotte Hornets,Hornets,True,110,True,401810460,2026,2,008ca8,1d1060,1893.0,https://a.espncdn.com/i/teamlogos/nba/500/scoreboard/cha.png,,True,https://raw.githubusercontent.com/sportsdataverse/hoopR-nba-raw/main/nba/json/final/401810460.json,2026-01-18 20:00:00,2026-01-18,True,CHA @ DEN
401810458,s:40~l:46~e:401810458~c:401810458,2026-01-19,19753,True,False,False,False,2026-01-19T00:00Z,,,1,STD,1847.0,United Center,Chicago,IL,True,720,12:00,4,3,STATUS_FINAL,post,True,Final,Final,Final,4,4,s:40~l:46~t:4,Chicago,Bulls,CHI,Chicago Bulls,Bulls,ce1141,000000,True,1847.0,https://a.espncdn.com/i/teamlogos/nba/500/scoreboard/chi.png,124,True,17,s:40~l:46~t:17,Brooklyn,Nets,BKN,Brooklyn Nets,Nets,True,102,False,401810458,2026,2,000000,ffffff,1826.0,https://a.espncdn.com/i/teamlogos/nba/500/scoreboard/bkn.png,,True,https://raw.githubusercontent.com/sportsdataverse/hoopR-nba-raw/main/nba/json/final/401810458.json,2026-01-18 19:00:00,2026-01-18,True,BKN @ CHI
401810459,s:40~l:46~e:401810459~c:401810459,2026-01-19,18055,True,False,False,False,2026-01-19T00:00Z,,,1,STD,1394.0,Toyota Center (Houston),Houston,TX,True,0,0.0,4,3,STATUS_FINAL,post,True,Final,Final,Final,4,10,s:40~l:46~t:10,Houston,Rockets,HOU,Houston Rockets,Rockets,ce1141,000000,True,1394.0,https://a.espncdn.com/i/teamlogos/nba/500/scoreboard/hou.png,119,True,3,s:40~l:46~t:3,New Orleans,Pelicans,NO,New Orleans Pelicans,Pelicans,True,110,False,401810459,2026,2,0a2240,b4975a,985.0,https://a.espncdn.com/i/teamlogos/nba/500/scoreboard/no.png,,True,https://raw.githubusercontent.com/sportsdataverse/hoopR-nba-raw/main/nba/json/final/401810459.json,2026-01-18 19:00:00,2026-01-18,True,NOP @ HOU
401810457,s:40~l:46~e:401810457~c:401810457,2026-01-18,18424,True,True,False,False,2026-01-18T17:00Z,event,NBA London Game 2026,1,STD,6272.0,The O2,London,,True,0,0.0,4,3,STATUS_FINAL,post,True,Final,Final,Final,4,29,s:40~l:46~t:29,Memphis,Grizzlies,MEM,Memphis Grizzlies,Grizzlies,5d76a9,12173f,True,1392.0,https://a.espncdn.com/i/teamlogos/nba/500/scoreboard/mem.png,126,True,19,s:40~l:46~t:19,Orlando,Magic,ORL,Orlando Magic,Magic,True,109,False,401810457,2026,2,0150b5,9ca0a3,3432.0,https://a.espncdn.com/i/teamlogos/nba/500/scoreboard/orl.png,,True,https://raw.githubusercontent.com/sportsdataverse/hoopR-nba-raw/main/nba/json/final/401810457.json,2026-01-18 12:00:00,2026-01-18,True,ORL @ MEM
401810456,s:40~l:46~e:401810456~c:401810456,2026-01-18,19335,True,False,False,False,2026-01-18T03:00Z,,,1,STD,3423.0,Moda Center,Portland,OR,True,0,0.0,4,3,STATUS_FINAL,post,True,Final,Final,Final,4,22,s:40~l:46~t:22,Portland,Trail Blazers,POR,Portland Trail Blazers,Trail Blazers,e03a3e,000000,True,3423.0,https://a.espncdn.com/i/teamlogos/nba/500/scoreboard/por.png,132,True,13,s:40~l:46~t:13,Los Angeles,Lakers,LAL,Los Angeles Lakers,Lakers,True,116,False,401810456,2026,2,552583,fdb927,1841.0,https://a.espncdn.com/i/teamlogos/nba/500/scoreboard/lal.png,,True,https://raw.githubusercontent.com/sportsdataverse/hoopR-nba-raw/main/nba/json/final/401810456.json,2026-01-17 22:00:00,2026-01-17,True,LAL @ POR
401810455,s:40~l:46~e:401810455~c:401810455,2026-01-18,19968,True,False,False,False,2026-01-18T02:00Z,,,1,STD,892.0,Ball Arena,Denver,CO,True,0,0.0,4,3,STATUS_FINAL,post,True,Final,Final,Final,4,7,s:40~l:46~t:7,Denver,Nuggets,DEN,Denver Nuggets,Nuggets,0e2240,fec524,True,892.0,https://a.espncdn.com/i/teamlogos/nba/500/scoreboard/den.png,121,True,27,s:40~l:46~t:27,Washington,Wizards,WSH,Washington Wizards,Wizards,True,115,False,401810455,2026,2,e31837,002b5c,1823.0,https://a.espncdn.com/i/teamlogos/nba/500/scoreboard/wsh.png,,True,https://raw.githubusercontent.com/sportsdataverse/hoopR-nba-raw/main/nba/json/final/401810455.json,2026-01-17 21:00:00,2026-01-17,True,WAS @ DEN
401810454,s:40~l:46~e:401810454~c:401810454,2026-01-18,18064,True,False,False,False,2026-01-18T01:30Z,,,1,STD,6270.0,Chase Center,San Francisco,CA,True,0,0.0,4,3,STATUS_FINAL,post,True,Final,Final,Final,4,9,s:40~l:46~t:9,Golden State,Warriors,GS,Golden State Warriors,Warriors,fdb927,1d428a,True,2465.0,https://a.espncdn.com/i/teamlogos/nba/500/scoreboard/gs.png,136,True,30,s:40~l:46~t:30,Charlotte,Hornets,CHA,Charlotte Hornets,Hornets,True,116,False,401810454,2026,2,008ca8,1d1060,1893.0,https://a.espncdn.com/i/teamlogos/nba/500/scoreboard/cha.png,,True,https://raw.githubusercontent.com/sportsdataverse/hoopR-nba-raw/main/nba/json/final/401810454.json,2026-01-17 20:30:00,2026-01-17,True,CHA @ GSW
401810452,s:40~l:46~e:401810452~c:401810452,2026-01-18,19704,True,False,False,False,2026-01-18T01:00Z,,,1,STD,3438.0,Kaseya Center,Miami,FL,True,0,0.0,4,3,STATUS_FINAL,post,True,Final,Final,Final,4,14,s:40~l:46~t:14,Miami,Heat,MIA,Miami Heat,Heat,98002e,000000,True,3438.0,https://a.espncdn.com/i/teamlogos/nba/500/scoreboard/mia.png,122,True,25,s:40~l:46~t:25,Oklahoma City,Thunder,OKC,Oklahoma City Thunder,Thunder,True,120,False,401810452,2026,2,007ac1,ef3b24,2559.0,https://a.espncdn.com/i/teamlogos/nba/500/scoreboard/okc.png,,True,https://raw.githubusercontent.com/sportsdataverse/hoopR-nba-raw/main/nba/json/final/401810452.json,2026-01-17 20:00:00,2026-01-17,True,OKC @ MIA
401810453,s:40~l:46~e:401810453~c:401810453,2026-01-18,18527,True,False,False,False,2026-01-18T01:00Z,,,1,STD,780.0,Frost Bank Center,San Antonio,TX,True,0,0.0,4,3,STATUS_FINAL,post,True,Final,Final,Final,4,24,s:40~l:46~t:24,San Antonio,Spurs,SA,San Antonio Spurs,Spurs,000000,c4ced4,True,780.0,https://a.espncdn.com/i/teamlogos/nba/500/scoreboard/sa.png,126,True,16,s:40~l:46~t:16,Minnesota,Timberwolves,MIN,Minnesota Timberwolves,Timberwolves,True,123,False,401810453,2026,2,266092,79bc43,2029.0,https://a.espncdn.com/i/teamlogos/nba/500/scoreboard/min.png,,True,https://raw.githubusercontent.com/sportsdataverse/hoopR-nba-raw/main/nba/json/final/401810453.json,2026-01-17 20:00:00,2026-01-17,True,MIN @ SAS
401810449,s:40~l:46~e:401810449~c:401810449,2026-01-18,17489,True,False,False,False,2026-01-18T00:30Z,,,1,STD,1827.0,State Farm Arena,Atlanta,GA,True,0,0.0,4,3,STATUS_FINAL,post,True,Final,Final,Final,4,1,s:40~l:46~t:1,Atlanta,Hawks,ATL,Atlanta Hawks,Hawks,c8102e,fdb927,True,1827.0,https://a.espncdn.com/i/teamlogos/nba/500/scoreboard/atl.png,106,False,2,s:40~l:46~t:2,Boston,Celtics,BOS,Boston Celtics,Celtics,True,132,True,401810449,2026,2,008348,ffffff,1824.0,https://a.espncdn.com/i/teamlogos/nba/500/scoreboard/bos.png,,True,https://raw.githubusercontent.com/sportsdataverse/hoopR-nba-raw/main/nba/json/final/401810449.json,2026-01-17 19:30:00,2026-01-17,True,BOS @ ATL
401810450,s:40~l:46~e:401810450~c:401810450,2026-01-18,20062,True,False,False,False,2026-01-18T00:30Z,,,1,STD,5404.0,Little Caesars Arena,Detroit,MI,True,0,0.0,4,3,STATUS_FINAL,post,True,Final,Final,Final,4,8,s:40~l:46~t:8,Detroit,Pistons,DET,Detroit Pistons,Pistons,1d428a,c8102e,True,5311.0,https://a.espncdn.com/i/teamlogos/nba/500/scoreboard/det.png,121,True,11,s:40~l:46~t:11,Indiana,Pacers,IND,Indiana Pacers,Pacers,True,78,False,401810450,2026,2,0c2340,ffd520,2183.0,https://a.espncdn.com/i/teamlogos/nba/500/scoreboard/ind.png,,True,https://raw.githubusercontent.com/sportsdataverse/hoopR-nba-raw/main/nba/json/final/401810450.json,2026-01-17 19:30:00,2026-01-17,True,IND @ DET
401810451,s:40~l:46~e:401810451~c:401810451,2026-01-18,19812,True,False,False,False,2026-01-18T00:30Z,,,1,STD,1830.0,Madison Square Garden,New York,NY,True,0,0.0,4,3,STATUS_FINAL,post,True,Final,Final,Final,4,18,s:40~l:46~t:18,New York,Knicks,NY,New York Knicks,Knicks,1d428a,f58426,True,1830.0,https://a.espncdn.com/i/teamlogos/nba/500/scoreboard/ny.png,99,False,21,s:40~l:46~t:21,Phoenix,Suns,PHX,Phoenix Suns,Suns,True,106,True,401810451,2026,2,29127a,e56020,1949.0,https://a.espncdn.com/i/teamlogos/nba/500/scoreboard/phx.png,,True,https://raw.githubusercontent.com/sportsdataverse/hoopR-nba-raw/main/nba/json/final/401810451.json,2026-01-17 19:30:00,2026-01-17,True,PHX @ NYK
401810448,s:40~l:46~e:401810448~c:401810448,2026-01-17,20031,True,False,False,False,2026-01-17T22:00Z,,,1,STD,516.0,American Airlines Center,Dallas,TX,True,720,12:00,4,3,STATUS_FINAL,post,True,Final,Final,Final,4,6,s:40~l:46~t:6,Dallas,Mavericks,DAL,Dallas Mavericks,Mavericks,0064b1,bbc4ca,True,516.0,https://a.espncdn.com/i/teamlogos/nba/500/scoreboard/dal.png,138,True,26,s:40~l:46~t:26,Utah,Jazz,UTAH,Utah Jazz,Jazz,True,120,False,401810448,2026,2,4e008e,79a3dc,3093.0,https://a.espncdn.com/i/teamlogos/nba/500/scoreboard/utah.png,,True,https://raw.githubusercontent.com/sportsdataverse/hoopR-nba-raw/main/nba/json/final/401810448.json,2026-01-17 17:00:00,2026-01-17,True,UTA @ DAL
401810447,s:40~l:46~e:401810447~c:401810447,2026-01-17,16339,True,False,False,False,2026-01-17T03:00Z,,,1,STD,5310.0,Golden 1 Center,Sacramento,CA,True,720,12:00,4,3,STATUS_FINAL,post,True,Final,Final,Final,4,23,s:40~l:46~t:23,Sacramento,Kings,SAC,Sacramento Kings,Kings,5a2d81,6a7a82,True,2247.0,https://a.espncdn.com/i/teamlogos/nba/500/scoreboard/sac.png,128,True,27,s:40~l:46~t:27,Washington,Wizards,WSH,Washington Wizards,Wizards,True,115,False,401810447,2026,2,e31837,002b5c,1823.0,https://a.espncdn.com/i/teamlogos/nba/500/scoreboard/wsh.png,,True,https://raw.githubusercontent.com/sportsdataverse/hoopR-nba-raw/main/nba/json/final/401810447.json,2026-01-16 22:00:00,2026-01-16,True,WAS @ SAC
401810446,s:40~l:46~e:401810446~c:401810446,2026-01-17,18055,True,False,False,False,2026-01-17T02:30Z,,,1,STD,1394.0,Toyota Center (Houston),Houston,TX,True,720,12:00,4,3,STATUS_FINAL,post,True,Final,Final,Final,4,10,s:40~l:46~t:10,Houston,Rockets,HOU,Houston Rockets,Rockets,ce1141,000000,True,1394.0,https://a.espncdn.com/i/teamlogos/nba/500/scoreboard/hou.png,110,True,16,s:40~l:46~t:16,Minnesota,Timberwolves,MIN,Minnesota Timberwolves,Timberwolves,True,105,False,401810446,2026,2,266092,79bc43,2029.0,https://a.espncdn.com/i/teamlogos/nba/500/scoreboard/min.png,,True,https://raw.githubusercontent.com/sportsdataverse/hoopR-nba-raw/main/nba/json/final/401810446.json,2026-01-16 21:30:00,2026-01-16,True,MIN @ HOU
401810442,s:40~l:46~e:401810442~c:401810442,2026-01-17,17548,True,False,False,False,2026-01-17T00:30Z,,,1,STD,3559.0,Barclays Center,Brooklyn,NY,True,720,12:00,4,3,STATUS_FINAL,post,True,Final,Final,Final,4,17,s:40~l:46~t:17,Brooklyn,Nets,BKN,Brooklyn Nets,Nets,000000,ffffff,True,1826.0,https://a.espncdn.com/i/teamlogos/nba/500/scoreboard/bkn.png,112,True,4,s:40~l:46~t:4,Chicago,Bulls,CHI,Chicago Bulls,Bulls,True,109,False,401810442,2026,2,ce1141,000000,1847.0,https://a.espncdn.com/i/teamlogos/nba/500/scoreboard/chi.png,,True,https://raw.githubusercontent.com/sportsdataverse/hoopR-nba-raw/main/nba/json/final/401810442.json,2026-01-16 19:30:00,2026-01-16,True,CHI @ BKN
401810445,s:40~l:46~e:401810445~c:401810445,2026-01-17,18934,True,False,False,False,2026-01-17T00:30Z,,,1,STD,1838.0,Scotiabank Arena,Toronto,ON,True,300,5:00,5,3,STATUS_FINAL,post,True,Final,Final/OT,Final/OT,4,28,s:40~l:46~t:28,Toronto,Raptors,TOR,Toronto Raptors,Raptors,d91244,000000,True,1838.0,https://a.espncdn.com/i/teamlogos/nba/500/scoreboard/tor.png,117,False,12,s:40~l:46~t:12,LA,Clippers,LAC,LA Clippers,Clippers,True,121,True,401810445,2026,2,12173f,c8102e,1841.0,https://a.espncdn.com/i/teamlogos/nba/500/scoreboard/lac.png,OT,True,https://raw.githubusercontent.com/sportsdataverse/hoopR-nba-raw/main/nba/json/final/401810445.json,2026-01-16 19:30:00,2026-01-16,True,LAC @ TOR
401810443,s:40~l:46~e:401810443~c:401810443,2026-01-17,16753,True,False,False,False,2026-01-17T00:00Z,,,1,STD,2183.0,Gainbridge Fieldhouse,Indianapolis,IN,True,720,12:00,4,3,STATUS_FINAL,post,True,Final,Final,Final,4,11,s:40~l:46~t:11,Indiana,Pacers,IND,Indiana Pacers,Pacers,0c2340,ffd520,True,2183.0,https://a.espncdn.com/i/teamlogos/nba/500/scoreboard/ind.png,127,True,3,s:40~l:46~t:3,New Orleans,Pelicans,NO,New Orleans Pelicans,Pelicans,True,119,False,401810443,2026,2,0a2240,b4975a,985.0,https://a.espncdn.com/i/teamlogos/nba/500/scoreboard/no.png,,True,https://raw.githubusercontent.com/sportsdataverse/hoopR-nba-raw/main/nba/json/final/401810443.json,2026-01-16 19:00:00,2026-01-16,True,NOP @ IND
401810444,s:40~l:46~e:401810444~c:401810444,2026-01-17,19746,True,False,False,False,2026-01-17T00:00Z,,,1,STD,1845.0,Xfinity Mobile Arena,Philadelphia,PA,True,720,12:00,4,3,STATUS_FINAL,post,True,Final,Final,Final,4,20,s:40~l:46~t:20,Philadelphia,76ers,PHI,Philadelphia 76ers,76ers,1d428a,e01234,True,1845.0,https://a.espncdn.com/i/teamlogos/nba/500/scoreboard/phi.png,115,False,5,s:40~l:46~t:5,Cleveland,Cavaliers,CLE,Cleveland Cavaliers,Cavaliers,True,117,True,401810444,2026,2,860038,bc945c,3417.0,https://a.espncdn.com/i/teamlogos/nba/500/scoreboard/cle.png,,True,https://raw.githubusercontent.com/sportsdataverse/hoopR-nba-raw/main/nba/json/final/401810444.json,2026-01-16 19:00:00,2026-01-16,True,CLE @ PHI
401810441,s:40~l:46~e:401810441~c:401810441,2026-01-16,18997,True,False,False,False,2026-01-16T03:30Z,,,1,STD,1841.0,crypto.com Arena,Los Angeles,CA,True,720,12:00,4,3,STATUS_FINAL,post,True,Final,Final,Final,4,13,s:40~l:46~t:13,Los Angeles,Lakers,LAL,Los Angeles Lakers,Lakers,552583,fdb927,True,1841.0,https://a.espncdn.com/i/teamlogos/nba/500/scoreboard/lal.png,117,False,30,s:40~l:46~t:30,Charlotte,Hornets,CHA,Charlotte Hornets,Hornets,True,135,True,401810441,2026,2,008ca8,1d1060,1893.0,https://a.espncdn.com/i/teamlogos/nba/500/scoreboard/cha.png,,True,https://raw.githubusercontent.com/sportsdataverse/hoopR-nba-raw/main/nba/json/final/401810441.json,2026-01-15 22:30:00,2026-01-15,True,CHA @ LAL
401810439,s:40~l:46~e:401810439~c:401810439,2026-01-16,18064,True,False,False,False,2026-01-16T03:00Z,,,1,STD,6270.0,Chase Center,San Francisco,CA,True,720,12:00,4,3,STATUS_FINAL,post,True,Final,Final,Final,4,9,s:40~l:46~t:9,Golden State,Warriors,GS,Golden State Warriors,Warriors,fdb927,1d428a,True,2465.0,https://a.espncdn.com/i/teamlogos/nba/500/scoreboard/gs.png,126,True,18,s:40~l:46~t:18,New York,Knicks,NY,New York Knicks,Knicks,True,113,False,401810439,2026,2,1d428a,f58426,1830.0,https://a.espncdn.com/i/teamlogos/nba/500/scoreboard/ny.png,,True,https://raw.githubusercontent.com/sportsdataverse/hoopR-nba-raw/main/nba/json/final/401810439.json,2026-01-15 22:00:00,2026-01-15,True,NYK @ GSW
401810440,s:40~l:46~e:401810440~c:401810440,2026-01-16,16196,True,False,False,False,2026-01-16T03:00Z,,,1,STD,3423.0,Moda Center,Portland,OR,True,720,12:00,4,3,STATUS_FINAL,post,True,Final,Final,Final,4,22,s:40~l:46~t:22,Portland,Trail Blazers,POR,Portland Trail Blazers,Trail Blazers,e03a3e,000000,True,3423.0,https://a.espncdn.com/i/teamlogos/nba/500/scoreboard/por.png,117,True,1,s:40~l:46~t:1,Atlanta,Hawks,ATL,Atlanta Hawks,Hawks,True,101,False,401810440,2026,2,c8102e,fdb927,1827.0,https://a.espncdn.com/i/teamlogos/nba/500/scoreboard/atl.png,,True,https://raw.githubusercontent.com/sportsdataverse/hoopR-nba-raw/main/nba/json/final/401810440.json,2026-01-15 22:00:00,2026-01-15,True,ATL @ POR
401810438,s:40~l:46~e:401810438~c:401810438,2026-01-16,18613,True,False,False,False,2026-01-16T01:30Z,,,1,STD,516.0,American Airlines Center,Dallas,TX,True,720,12:00,4,3,STATUS_FINAL,post,True,Final,Final,Final,4,6,s:40~l:46~t:6,Dallas,Mavericks,DAL,Dallas Mavericks,Mavericks,0064b1,bbc4ca,True,516.0,https://a.espncdn.com/i/teamlogos/nba/500/scoreboard/dal.png,144,True,26,s:40~l:46~t:26,Utah,Jazz,UTAH,Utah Jazz,Jazz,True,122,False,401810438,2026,2,4e008e,79a3dc,3093.0,https://a.espncdn.com/i/teamlogos/nba/500/scoreboard/utah.png,,True,https://raw.githubusercontent.com/sportsdataverse/hoopR-nba-raw/main/nba/json/final/401810438.json,2026-01-15 20:30:00,2026-01-15,True,UTA @ DAL
401810437,s:40~l:46~e:401810437~c:401810437,2026-01-16,18611,True,False,False,False,2026-01-16T01:00Z,,,1,STD,780.0,Frost Bank Center,San Antonio,TX,True,720,12:00,4,3,STATUS_FINAL,post,True,Final,Final,Final,4,24,s:40~l:46~t:24,San Antonio,Spurs,SA,San Antonio Spurs,Spurs,000000,c4ced4,True,780.0,https://a.espncdn.com/i/teamlogos/nba/500/scoreboard/sa.png,119,True,15,s:40~l:46~t:15,Milwaukee,Bucks,MIL,Milwaukee Bucks,Bucks,True,101,False,401810437,2026,2,00471b,eee1c6,2099.0,https://a.espncdn.com/i/teamlogos/nba/500/scoreboard/mil.png,,True,https://raw.githubusercontent.com/sportsdataverse/hoopR-nba-raw/main/nba/json/final/401810437.json,2026-01-15 20:00:00,2026-01-15,True,MIL @ SAS
401810435,s:40~l:46~e:401810435~c:401810435,2026-01-16,19700,True,False,False,False,2026-01-16T00:30Z,,,1,STD,3438.0,Kaseya Center,Miami,FL,True,720,12:00,4,3,STATUS_FINAL,post,True,Final,Final,Final,4,14,s:40~l:46~t:14,Miami,Heat,MIA,Miami Heat,Heat,98002e,000000,True,3438.0,https://a.espncdn.com/i/teamlogos/nba/500/scoreboard/mia.png,114,False,2,s:40~l:46~t:2,Boston,Celtics,BOS,Boston Celtics,Celtics,True,119,True,401810435,2026,2,008348,ffffff,1824.0,https://a.espncdn.com/i/teamlogos/nba/500/scoreboard/bos.png,,True,https://raw.githubusercontent.com/sportsdataverse/hoopR-nba-raw/main/nba/json/final/401810435.json,2026-01-15 19:30:00,2026-01-15,True,BOS @ MIA
401810436,s:40~l:46~e:401810436~c:401810436,2026-01-16,18055,True,False,False,False,2026-01-16T00:30Z,,,1,STD,1394.0,Toyota Center (Houston),Houston,TX,True,720,12:00,4,3,STATUS_FINAL,post,True,Final,Final,Final,4,10,s:40~l:46~t:10,Houston,Rockets,HOU,Houston Rockets,Rockets,ce1141,000000,True,1394.0,https://a.espncdn.com/i/teamlogos/nba/500/scoreboard/hou.png,91,False,25,s:40~l:46~t:25,Oklahoma City,Thunder,OKC,Oklahoma City Thunder,Thunder,True,111,True,401810436,2026,2,007ac1,ef3b24,2559.0,https://a.espncdn.com/i/teamlogos/nba/500/scoreboard/okc.png,,True,https://raw.githubusercontent.com/sportsdataverse/hoopR-nba-raw/main/nba/json/final/401810436.json,2026-01-15 19:30:00,2026-01-15,True,OKC @ HOU
401810434,s:40~l:46~e:401810434~c:401810434,2026-01-16,19199,True,False,False,False,2026-01-16T00:00Z,,,1,STD,5404.0,Little Caesars Arena,Detroit,MI,True,720,12:00,4,3,STATUS_FINAL,post,True,Final,Final,Final,4,8,s:40~l:46~t:8,Detroit,Pistons,DET,Detroit Pistons,Pistons,1d428a,c8102e,True,5311.0,https://a.espncdn.com/i/teamlogos/nba/500/scoreboard/det.png,108,True,21,s:40~l:46~t:21,Phoenix,Suns,PHX,Phoenix Suns,Suns,True,105,False,401810434,2026,2,29127a,e56020,1949.0,https://a.espncdn.com/i/teamlogos/nba/500/scoreboard/phx.png,,True,https://raw.githubusercontent.com/sportsdataverse/hoopR-nba-raw/main/nba/json/final/401810434.json,2026-01-15 19:00:00,2026-01-15,True,PHX @ DET
401810433,s:40~l:46~e:401810433~c:401810433,2026-01-15,13738,True,True,False,False,2026-01-15T19:00Z,event,NBA Berlin Game 2026,1,STD,11593.0,Uber Arena,Berlin,,True,720,12:00,4,3,STATUS_FINAL,post,True,Final,Final,Final,4,19,s:40~l:46~t:19,Orlando,Magic,ORL,Orlando Magic,Magic,0150b5,9ca0a3,True,3432.0,https://a.espncdn.com/i/teamlogos/nba/500/scoreboard/orl.png,118,True,29,s:40~l:46~t:29,Memphis,Grizzlies,MEM,Memphis Grizzlies,Grizzlies,True,111,False,401810433,2026,2,5d76a9,12173f,1392.0,https://a.espncdn.com/i/teamlogos/nba/500/scoreboard/mem.png,,True,https://raw.githubusercontent.com/sportsdataverse/hoopR-nba-raw/main/nba/json/final/401810433.json,2026-01-15 14:00:00,2026-01-15,True,MEM @ ORL
401810432,s:40~l:46~e:401810432~c:401810432,2026-01-15,15452,True,False,False,False,2026-01-15T03:30Z,,,1,STD,10642.0,Intuit Dome,Inglewood,CA,True,0,0.0,4,3,STATUS_FINAL,post,True,Final,Final,Final,4,12,s:40~l:46~t:12,LA,Clippers,LAC,LA Clippers,Clippers,12173f,c8102e,True,1841.0,https://a.espncdn.com/i/teamlogos/nba/500/scoreboard/lac.png,119,True,27,s:40~l:46~t:27,Washington,Wizards,WSH,Washington Wizards,Wizards,True,105,False,401810432,2026,2,e31837,002b5c,1823.0,https://a.espncdn.com/i/teamlogos/nba/500/scoreboard/wsh.png,,True,https://raw.githubusercontent.com/sportsdataverse/hoopR-nba-raw/main/nba/json/final/401810432.json,2026-01-14 22:30:00,2026-01-14,True,WAS @ LAC
401810431,s:40~l:46~e:401810431~c:401810431,2026-01-15,15095,True,False,False,False,2026-01-15T03:00Z,,,1,STD,5310.0,Golden 1 Center,Sacramento,CA,True,0,0.0,4,3,STATUS_FINAL,post,True,Final,Final,Final,4,23,s:40~l:46~t:23,Sacramento,Kings,SAC,Sacramento Kings,Kings,5a2d81,6a7a82,True,2247.0,https://a.espncdn.com/i/teamlogos/nba/500/scoreboard/sac.png,112,True,18,s:40~l:46~t:18,New York,Knicks,NY,New York Knicks,Knicks,True,101,False,401810431,2026,2,1d428a,f58426,1830.0,https://a.espncdn.com/i/teamlogos/nba/500/scoreboard/ny.png,,True,https://raw.githubusercontent.com/sportsdataverse/hoopR-nba-raw/main/nba/json/final/401810431.json,2026-01-14 22:00:00,2026-01-14,True,NYK @ SAC
401810430,s:40~l:46~e:401810430~c:401810430,2026-01-15,18888,True,False,False,False,2026-01-15T02:30Z,,,1,STD,516.0,American Airlines Center,Dallas,TX,True,0,0.0,4,3,STATUS_FINAL,post,True,Final,Final,Final,4,6,s:40~l:46~t:6,Dallas,Mavericks,DAL,Dallas Mavericks,Mavericks,0064b1,bbc4ca,True,516.0,https://a.espncdn.com/i/teamlogos/nba/500/scoreboard/dal.png,109,False,7,s:40~l:46~t:7,Denver,Nuggets,DEN,Denver Nuggets,Nuggets,True,118,True,401810430,2026,2,0e2240,fec524,892.0,https://a.espncdn.com/i/teamlogos/nba/500/scoreboard/den.png,,True,https://raw.githubusercontent.com/sportsdataverse/hoopR-nba-raw/main/nba/json/final/401810430.json,2026-01-14 21:30:00,2026-01-14,True,DEN @ DAL
401810428,s:40~l:46~e:401810428~c:401810428,2026-01-15,18859,True,False,False,False,2026-01-15T01:00Z,,,1,STD,1847.0,United Center,Chicago,IL,True,0,0.0,4,3,STATUS_FINAL,post,True,Final,Final,Final,4,4,s:40~l:46~t:4,Chicago,Bulls,CHI,Chicago Bulls,Bulls,ce1141,000000,True,1847.0,https://a.espncdn.com/i/teamlogos/nba/500/scoreboard/chi.png,128,True,26,s:40~l:46~t:26,Utah,Jazz,UTAH,Utah Jazz,Jazz,True,126,False,401810428,2026,2,4e008e,79a3dc,3093.0,https://a.espncdn.com/i/teamlogos/nba/500/scoreboard/utah.png,,True,https://raw.githubusercontent.com/sportsdataverse/hoopR-nba-raw/main/nba/json/final/401810428.json,2026-01-14 20:00:00,2026-01-14,True,UTA @ CHI
401810429,s:40~l:46~e:401810429~c:401810429,2026-01-15,16201,True,False,False,False,2026-01-15T01:00Z,,,1,STD,985.0,Smoothie King Center,New Orleans,LA,True,0,0.0,4,3,STATUS_FINAL,post,True,Final,Final,Final,4,3,s:40~l:46~t:3,New Orleans,Pelicans,NO,New Orleans Pelicans,Pelicans,0a2240,b4975a,True,985.0,https://a.espncdn.com/i/teamlogos/nba/500/scoreboard/no.png,116,True,17,s:40~l:46~t:17,Brooklyn,Nets,BKN,Brooklyn Nets,Nets,True,113,False,401810429,2026,2,000000,ffffff,1826.0,https://a.espncdn.com/i/teamlogos/nba/500/scoreboard/bkn.png,,True,https://raw.githubusercontent.com/sportsdataverse/hoopR-nba-raw/main/nba/json/final/401810429.json,2026-01-14 20:00:00,2026-01-14,True,BKN @ NOP
401810426,s:40~l:46~e:401810426~c:401810426,2026-01-15,15789,True,False,False,False,2026-01-15T00:00Z,,,1,STD,2183.0,Gainbridge Fieldhouse,Indianapolis,IN,True,720,12:00,4,3,STATUS_FINAL,post,True,Final,Final,Final,4,11,s:40~l:46~t:11,Indiana,Pacers,IND,Indiana Pacers,Pacers,0c2340,ffd520,True,2183.0,https://a.espncdn.com/i/teamlogos/nba/500/scoreboard/ind.png,101,False,28,s:40~l:46~t:28,Toronto,Raptors,TOR,Toronto Raptors,Raptors,True,115,True,401810426,2026,2,d91244,000000,1838.0,https://a.espncdn.com/i/teamlogos/nba/500/scoreboard/tor.png,,True,https://raw.githubusercontent.com/sportsdataverse/hoopR-nba-raw/main/nba/json/final/401810426.json,2026-01-14 19:00:00,2026-01-14,True,TOR @ IND
401810427,s:40~l:46~e:401810427~c:401810427,2026-01-15,19746,True,False,False,False,2026-01-15T00:00Z,,,1,STD,1845.0,Xfinity Mobile Arena,Philadelphia,PA,True,720,12:00,4,3,STATUS_FINAL,post,True,Final,Final,Final,4,20,s:40~l:46~t:20,Philadelphia,76ers,PHI,Philadelphia 76ers,76ers,1d428a,e01234,True,1845.0,https://a.espncdn.com/i/teamlogos/nba/500/scoreboard/phi.png,107,False,5,s:40~l:46~t:5,Cleveland,Cavaliers,CLE,Cleveland Cavaliers,Cavaliers,True,133,True,401810427,2026,2,860038,bc945c,3417.0,https://a.espncdn.com/i/teamlogos/nba/500/scoreboard/cle.png,,True,https://raw.githubusercontent.com/sportsdataverse/hoopR-nba-raw/main/nba/json/final/401810427.json,2026-01-14 19:00:00,2026-01-14,True,CLE @ PHI
401810425,s:40~l:46~e:401810425~c:401810425,2026-01-14,18064,True,False,False,False,2026-01-14T04:00Z,,,1,STD,6270.0,Chase Center,San Francisco,CA,True,720,12:00,4,3,STATUS_FINAL,post,True,Final,Final,Final,4,9,s:40~l:46~t:9,Golden State,Warriors,GS,Golden State Warriors,Warriors,fdb927,1d428a,True,2465.0,https://a.espncdn.com/i/teamlogos/nba/500/scoreboard/gs.png,119,True,22,s:40~l:46~t:22,Portland,Trail Blazers,POR,Portland Trail Blazers,Trail Blazers,True,97,False,401810425,2026,2,e03a3e,000000,3423.0,https://a.espncdn.com/i/teamlogos/nba/500/scoreboard/por.png,,True,https://raw.githubusercontent.com/sportsdataverse/hoopR-nba-raw/main/nba/json/final/401810425.json,2026-01-13 23:00:00,2026-01-13,True,POR @ GSW
401810424,s:40~l:46~e:401810424~c:401810424,2026-01-14,18757,True,False,False,False,2026-01-14T03:30Z,,,1,STD,1841.0,crypto.com Arena,Los Angeles,CA,True,0,0.0,4,3,STATUS_FINAL,post,True,Final,Final,Final,4,13,s:40~l:46~t:13,Los Angeles,Lakers,LAL,Los Angeles Lakers,Lakers,552583,fdb927,True,1841.0,https://a.espncdn.com/i/teamlogos/nba/500/scoreboard/lal.png,141,True,1,s:40~l:46~t:1,Atlanta,Hawks,ATL,Atlanta Hawks,Hawks,True,116,False,401810424,2026,2,c8102e,fdb927,1827.0,https://a.espncdn.com/i/teamlogos/nba/500/scoreboard/atl.png,,True,https://raw.githubusercontent.com/sportsdataverse/hoopR-nba-raw/main/nba/json/final/401810424.json,2026-01-13 22:30:00,2026-01-13,True,ATL @ LAL
401810420,s:40~l:46~e:401810420~c:401810420,2026-01-14,18055,True,False,False,False,2026-01-14T01:00Z,,,1,STD,1394.0,Toyota Center (Houston),Houston,TX,True,720,12:00,4,3,STATUS_FINAL,post,True,Final,Final,Final,4,10,s:40~l:46~t:10,Houston,Rockets,HOU,Houston Rockets,Rockets,ce1141,000000,True,1394.0,https://a.espncdn.com/i/teamlogos/nba/500/scoreboard/hou.png,119,True,4,s:40~l:46~t:4,Chicago,Bulls,CHI,Chicago Bulls,Bulls,True,113,False,401810420,2026,2,ce1141,000000,1847.0,https://a.espncdn.com/i/teamlogos/nba/500/scoreboard/chi.png,,True,https://raw.githubusercontent.com/sportsdataverse/hoopR-nba-raw/main/nba/json/final/401810420.json,2026-01-13 20:00:00,2026-01-13,True,CHI @ HOU
401810421,s:40~l:46~e:401810421~c:401810421,2026-01-14,17341,True,False,False,False,2026-01-14T01:00Z,,,1,STD,5777.0,Fiserv Forum,Milwaukee,WI,True,720,12:00,4,3,STATUS_FINAL,post,True,Final,Final,Final,4,15,s:40~l:46~t:15,Milwaukee,Bucks,MIL,Milwaukee Bucks,Bucks,00471b,eee1c6,True,2099.0,https://a.espncdn.com/i/teamlogos/nba/500/scoreboard/mil.png,106,False,16,s:40~l:46~t:16,Minnesota,Timberwolves,MIN,Minnesota Timberwolves,Timberwolves,True,139,True,401810421,2026,2,266092,79bc43,2029.0,https://a.espncdn.com/i/teamlogos/nba/500/scoreboard/min.png,,True,https://raw.githubusercontent.com/sportsdataverse/hoopR-nba-raw/main/nba/json/final/401810421.json,2026-01-13 20:00:00,2026-01-13,True,MIN @ MIL
401810422,s:40~l:46~e:401810422~c:401810422,2026-01-14,17309,True,False,False,False,2026-01-14T01:00Z,,,1,STD,985.0,Smoothie King Center,New Orleans,LA,True,720,12:00,4,3,STATUS_FINAL,post,True,Final,Final,Final,4,3,s:40~l:46~t:3,New Orleans,Pelicans,NO,New Orleans Pelicans,Pelicans,0a2240,b4975a,True,985.0,https://a.espncdn.com/i/teamlogos/nba/500/scoreboard/no.png,116,False,7,s:40~l:46~t:7,Denver,Nuggets,DEN,Denver Nuggets,Nuggets,True,122,True,401810422,2026,2,0e2240,fec524,892.0,https://a.espncdn.com/i/teamlogos/nba/500/scoreboard/den.png,,True,https://raw.githubusercontent.com/sportsdataverse/hoopR-nba-raw/main/nba/json/final/401810422.json,2026-01-13 20:00:00,2026-01-13,True,DEN @ NOP
401810423,s:40~l:46~e:401810423~c:401810423,2026-01-14,18203,True,False,False,False,2026-01-14T01:00Z,,,1,STD,2559.0,Paycom Center,Oklahoma City,OK,True,720,12:00,4,3,STATUS_FINAL,post,True,Final,Final,Final,4,25,s:40~l:46~t:25,Oklahoma City,Thunder,OKC,Oklahoma City Thunder,Thunder,007ac1,ef3b24,True,2559.0,https://a.espncdn.com/i/teamlogos/nba/500/scoreboard/okc.png,119,True,24,s:40~l:46~t:24,San Antonio,Spurs,SA,San Antonio Spurs,Spurs,True,98,False,401810423,2026,2,000000,c4ced4,780.0,https://a.espncdn.com/i/teamlogos/nba/500/scoreboard/sa.png,,True,https://raw.githubusercontent.com/sportsdataverse/hoopR-nba-raw/main/nba/json/final/401810423.json,2026-01-13 20:00:00,2026-01-13,True,SAS @ OKC
401810419,s:40~l:46~e:401810419~c:401810419,2026-01-14,19700,True,False,False,False,2026-01-14T00:30Z,,,1,STD,3438.0,Kaseya Center,Miami,FL,True,720,12:00,4,3,STATUS_FINAL,post,True,Final,Final,Final,4,14,s:40~l:46~t:14,Miami,Heat,MIA,Miami Heat,Heat,98002e,000000,True,3438.0,https://a.espncdn.com/i/teamlogos/nba/500/scoreboard/mia.png,127,True,21,s:40~l:46~t:21,Phoenix,Suns,PHX,Phoenix Suns,Suns,True,121,False,401810419,2026,2,29127a,e56020,1949.0,https://a.espncdn.com/i/teamlogos/nba/500/scoreboard/phx.png,,True,https://raw.githubusercontent.com/sportsdataverse/hoopR-nba-raw/main/nba/json/final/401810419.json,2026-01-13 19:30:00,2026-01-13,True,PHX @ MIA
401810418,s:40~l:46~e:401810418~c:401810418,2026-01-13,17927,True,False,False,False,2026-01-13T03:30Z,,,1,STD,10642.0,Intuit Dome,Inglewood,CA,True,720,12:00,4,3,STATUS_FINAL,post,True,Final,Final,Final,4,12,s:40~l:46~t:12,LA,Clippers,LAC,LA Clippers,Clippers,12173f,c8102e,True,1841.0,https://a.espncdn.com/i/teamlogos/nba/500/scoreboard/lac.png,117,True,30,s:40~l:46~t:30,Charlotte,Hornets,CHA,Charlotte Hornets,Hornets,True,109,False,401810418,2026,2,008ca8,1d1060,1893.0,https://a.espncdn.com/i/teamlogos/nba/500/scoreboard/cha.png,,True,https://raw.githubusercontent.com/sportsdataverse/hoopR-nba-raw/main/nba/json/final/401810418.json,2026-01-12 22:30:00,2026-01-12,True,CHA @ LAC
401810417,s:40~l:46~e:401810417~c:401810417,2026-01-13,17832,True,False,False,False,2026-01-13T03:00Z,,,1,STD,5310.0,Golden 1 Center,Sacramento,CA,True,720,12:00,4,3,STATUS_FINAL,post,True,Final,Final,Final,4,23,s:40~l:46~t:23,Sacramento,Kings,SAC,Sacramento Kings,Kings,5a2d81,6a7a82,True,2247.0,https://a.espncdn.com/i/teamlogos/nba/500/scoreboard/sac.png,124,True,13,s:40~l:46~t:13,Los Angeles,Lakers,LAL,Los Angeles Lakers,Lakers,True,112,False,401810417,2026,2,552583,fdb927,1841.0,https://a.espncdn.com/i/teamlogos/nba/500/scoreboard/lal.png,,True,https://raw.githubusercontent.com/sportsdataverse/hoopR-nba-raw/main/nba/json/final/401810417.json,2026-01-12 22:00:00,2026-01-12,True,LAL @ SAC
401810416,s:40~l:46~e:401810416~c:401810416,2026-01-13,18632,True,False,False,False,2026-01-13T01:30Z,,,1,STD,516.0,American Airlines Center,Dallas,TX,True,0,0.0,4,3,STATUS_FINAL,post,True,Final,Final,Final,4,6,s:40~l:46~t:6,Dallas,Mavericks,DAL,Dallas Mavericks,Mavericks,0064b1,bbc4ca,True,516.0,https://a.espncdn.com/i/teamlogos/nba/500/scoreboard/dal.png,113,True,17,s:40~l:46~t:17,Brooklyn,Nets,BKN,Brooklyn Nets,Nets,True,105,False,401810416,2026,2,000000,ffffff,1826.0,https://a.espncdn.com/i/teamlogos/nba/500/scoreboard/bkn.png,,True,https://raw.githubusercontent.com/sportsdataverse/hoopR-nba-raw/main/nba/json/final/401810416.json,2026-01-12 20:30:00,2026-01-12,True,BKN @ DAL
401810414,s:40~l:46~e:401810414~c:401810414,2026-01-13,15650,True,False,False,False,2026-01-13T00:30Z,,,1,STD,2183.0,Gainbridge Fieldhouse,Indianapolis,IN,True,720,12:00,4,3,STATUS_FINAL,post,True,Final,Final,Final,4,11,s:40~l:46~t:11,Indiana,Pacers,IND,Indiana Pacers,Pacers,0c2340,ffd520,True,2183.0,https://a.espncdn.com/i/teamlogos/nba/500/scoreboard/ind.png,98,True,2,s:40~l:46~t:2,Boston,Celtics,BOS,Boston Celtics,Celtics,True,96,False,401810414,2026,2,008348,ffffff,1824.0,https://a.espncdn.com/i/teamlogos/nba/500/scoreboard/bos.png,,True,https://raw.githubusercontent.com/sportsdataverse/hoopR-nba-raw/main/nba/json/final/401810414.json,2026-01-12 19:30:00,2026-01-12,True,BOS @ IND
401810415,s:40~l:46~e:401810415~c:401810415,2026-01-13,18127,True,False,False,False,2026-01-13T00:30Z,,,1,STD,1838.0,Scotiabank Arena,Toronto,ON,True,720,12:00,4,3,STATUS_FINAL,post,True,Final,Final,Final,4,28,s:40~l:46~t:28,Toronto,Raptors,TOR,Toronto Raptors,Raptors,d91244,000000,True,1838.0,https://a.espncdn.com/i/teamlogos/nba/500/scoreboard/tor.png,102,False,20,s:40~l:46~t:20,Philadelphia,76ers,PHI,Philadelphia 76ers,76ers,True,115,True,401810415,2026,2,1d428a,e01234,1845.0,https://a.espncdn.com/i/teamlogos/nba/500/scoreboard/phi.png,,True,https://raw.githubusercontent.com/sportsdataverse/hoopR-nba-raw/main/nba/json/final/401810415.json,2026-01-12 19:30:00,2026-01-12,True,PHI @ TOR
401810413,s:40~l:46~e:401810413~c:401810413,2026-01-13,19432,True,False,False,False,2026-01-13T00:00Z,,,1,STD,3417.0,Rocket Arena,Cleveland,OH,True,720,12:00,4,3,STATUS_FINAL,post,True,Final,Final,Final,4,5,s:40~l:46~t:5,Cleveland,Cavaliers,CLE,Cleveland Cavaliers,Cavaliers,860038,bc945c,True,3417.0,https://a.espncdn.com/i/teamlogos/nba/500/scoreboard/cle.png,112,False,26,s:40~l:46~t:26,Utah,Jazz,UTAH,Utah Jazz,Jazz,True,123,True,401810413,2026,2,4e008e,79a3dc,3093.0,https://a.espncdn.com/i/teamlogos/nba/500/scoreboard/utah.png,,True,https://raw.githubusercontent.com/sportsdataverse/hoopR-nba-raw/main/nba/json/final/401810413.json,2026-01-12 19:00:00,2026-01-12,True,UTA @ CLE
401810412,s:40~l:46~e:401810412~c:401810412,2026-01-12,15268,True,False,False,False,2026-01-12T02:00Z,,,1,STD,5310.0,Golden 1 Center,Sacramento,CA,True,0,0.0,4,3,STATUS_FINAL,post,True,Final,Final,Final,4,23,s:40~l:46~t:23,Sacramento,Kings,SAC,Sacramento Kings,Kings,5a2d81,6a7a82,True,2247.0,https://a.espncdn.com/i/teamlogos/nba/500/scoreboard/sac.png,111,True,10,s:40~l:46~t:10,Houston,Rockets,HOU,Houston Rockets,Rockets,True,98,False,401810412,2026,2,ce1141,000000,1394.0,https://a.espncdn.com/i/teamlogos/nba/500/scoreboard/hou.png,,True,https://raw.githubusercontent.com/sportsdataverse/hoopR-nba-raw/main/nba/json/final/401810412.json,2026-01-11 21:00:00,2026-01-11,True,HOU @ SAC
401810411,s:40~l:46~e:401810411~c:401810411,2026-01-12,18064,True,False,False,False,2026-01-12T01:30Z,,,1,STD,6270.0,Chase Center,San Francisco,CA,True,720,12:00,4,3,STATUS_FINAL,post,True,Final,Final,Final,4,9,s:40~l:46~t:9,Golden State,Warriors,GS,Golden State Warriors,Warriors,fdb927,1d428a,True,2465.0,https://a.espncdn.com/i/teamlogos/nba/500/scoreboard/gs.png,111,False,1,s:40~l:46~t:1,Atlanta,Hawks,ATL,Atlanta Hawks,Hawks,True,124,True,401810411,2026,2,c8102e,fdb927,1827.0,https://a.espncdn.com/i/teamlogos/nba/500/scoreboard/atl.png,,True,https://raw.githubusercontent.com/sportsdataverse/hoopR-nba-raw/main/nba/json/final/401810411.json,2026-01-11 20:30:00,2026-01-11,True,ATL @ GSW
401810409,s:40~l:46~e:401810409~c:401810409,2026-01-12,19645,True,False,False,False,2026-01-12T01:00Z,,,1,STD,892.0,Ball Arena,Denver,CO,True,0,0.0,4,3,STATUS_FINAL,post,True,Final,Final,Final,4,7,s:40~l:46~t:7,Denver,Nuggets,DEN,Denver Nuggets,Nuggets,0e2240,fec524,True,892.0,https://a.espncdn.com/i/teamlogos/nba/500/scoreboard/den.png,108,True,15,s:40~l:46~t:15,Milwaukee,Bucks,MIL,Milwaukee Bucks,Bucks,True,104,False,401810409,2026,2,00471b,eee1c6,2099.0,https://a.espncdn.com/i/teamlogos/nba/500/scoreboard/mil.png,,True,https://raw.githubusercontent.com/sportsdataverse/hoopR-nba-raw/main/nba/json/final/401810409.json,2026-01-11 20:00:00,2026-01-11,True,MIL @ DEN
401810410,s:40~l:46~e:401810410~c:401810410,2026-01-12,17071,True,False,False,False,2026-01-12T01:00Z,,,1,STD,1949.0,Mortgage Matchup Center,Phoenix,AZ,True,0,0.0,4,3,STATUS_FINAL,post,True,Final,Final,Final,4,21,s:40~l:46~t:21,Phoenix,Suns,PHX,Phoenix Suns,Suns,29127a,e56020,True,1949.0,https://a.espncdn.com/i/teamlogos/nba/500/scoreboard/phx.png,112,True,27,s:40~l:46~t:27,Washington,Wizards,WSH,Washington Wizards,Wizards,True,93,False,401810410,2026,2,e31837,002b5c,1823.0,https://a.espncdn.com/i/teamlogos/nba/500/scoreboard/wsh.png,,True,https://raw.githubusercontent.com/sportsdataverse/hoopR-nba-raw/main/nba/json/final/401810410.json,2026-01-11 20:00:00,2026-01-11,True,WAS @ PHX
401810407,s:40~l:46~e:401810407~c:401810407,2026-01-12,18978,True,False,False,False,2026-01-12T00:00Z,,,1,STD,2029.0,Target Center,Minneapolis,MN,True,0,0.0,4,3,STATUS_FINAL,post,True,Final,Final,Final,4,16,s:40~l:46~t:16,Minnesota,Timberwolves,MIN,Minnesota Timberwolves,Timberwolves,266092,79bc43,True,2029.0,https://a.espncdn.com/i/teamlogos/nba/500/scoreboard/min.png,104,True,24,s:40~l:46~t:24,San Antonio,Spurs,SA,San Antonio Spurs,Spurs,True,103,False,401810407,2026,2,000000,c4ced4,780.0,https://a.espncdn.com/i/teamlogos/nba/500/scoreboard/sa.png,,True,https://raw.githubusercontent.com/sportsdataverse/hoopR-nba-raw/main/nba/json/final/401810407.json,2026-01-11 19:00:00,2026-01-11,True,SAS @ MIN
401810408,s:40~l:46~e:401810408~c:401810408,2026-01-12,18203,True,False,False,False,2026-01-12T00:00Z,,,1,STD,2559.0,Paycom Center,Oklahoma City,OK,True,0,0.0,4,3,STATUS_FINAL,post,True,Final,Final,Final,4,25,s:40~l:46~t:25,Oklahoma City,Thunder,OKC,Oklahoma City Thunder,Thunder,007ac1,ef3b24,True,2559.0,https://a.espncdn.com/i/teamlogos/nba/500/scoreboard/okc.png,124,True,14,s:40~l:46~t:14,Miami,Heat,MIA,Miami Heat,Heat,True,112,False,401810408,2026,2,98002e,000000,3438.0,https://a.espncdn.com/i/teamlogos/nba/500/scoreboard/mia.png,,True,https://raw.githubusercontent.com/sportsdataverse/hoopR-nba-raw/main/nba/json/final/401810408.json,2026-01-11 19:00:00,2026-01-11,True,MIA @ OKC
401810405,s:40~l:46~e:401810405~c:401810405,2026-01-11,18130,True,False,False,False,2026-01-11T23:00Z,,,1,STD,1838.0,Scotiabank Arena,Toronto,ON,True,0,0.0,5,3,STATUS_FINAL,post,True,Final,Final/OT,Final/OT,4,28,s:40~l:46~t:28,Toronto,Raptors,TOR,Toronto Raptors,Raptors,d91244,000000,True,1838.0,https://a.espncdn.com/i/teamlogos/nba/500/scoreboard/tor.png,116,True,20,s:40~l:46~t:20,Philadelphia,76ers,PHI,Philadelphia 76ers,76ers,True,115,False,401810405,2026,2,1d428a,e01234,1845.0,https://a.espncdn.com/i/teamlogos/nba/500/scoreboard/phi.png,OT,True,https://raw.githubusercontent.com/sportsdataverse/hoopR-nba-raw/main/nba/json/final/401810405.json,2026-01-11 18:00:00,2026-01-11,True,PHI @ TOR
401810406,s:40~l:46~e:401810406~c:401810406,2026-01-11,0,True,False,False,False,2026-01-11T23:00Z,,,1,STD,3423.0,Moda Center,Portland,OR,True,0,0.0,4,3,STATUS_FINAL,post,True,Final,Final,Final,4,22,s:40~l:46~t:22,Portland,Trail Blazers,POR,Portland Trail Blazers,Trail Blazers,e03a3e,000000,True,3423.0,https://a.espncdn.com/i/teamlogos/nba/500/scoreboard/por.png,114,False,18,s:40~l:46~t:18,New York,Knicks,NY,New York Knicks,Knicks,True,123,True,401810406,2026,2,1d428a,f58426,1830.0,https://a.espncdn.com/i/teamlogos/nba/500/scoreboard/ny.png,,True,https://raw.githubusercontent.com/sportsdataverse/hoopR-nba-raw/main/nba/json/final/401810406.json,2026-01-11 18:00:00,2026-01-11,True,NYK @ POR
401810404,s:40~l:46~e:401810404~c:401810404,2026-01-11,15578,True,False,False,False,2026-01-11T20:30Z,,,1,STD,1392.0,FedExForum,Memphis,TN,True,720,12:00,4,3,STATUS_FINAL,post,True,Final,Final,Final,4,29,s:40~l:46~t:29,Memphis,Grizzlies,MEM,Memphis Grizzlies,Grizzlies,5d76a9,12173f,True,1392.0,https://a.espncdn.com/i/teamlogos/nba/500/scoreboard/mem.png,103,True,17,s:40~l:46~t:17,Brooklyn,Nets,BKN,Brooklyn Nets,Nets,True,98,False,401810404,2026,2,000000,ffffff,1826.0,https://a.espncdn.com/i/teamlogos/nba/500/scoreboard/bkn.png,,True,https://raw.githubusercontent.com/sportsdataverse/hoopR-nba-raw/main/nba/json/final/401810404.json,2026-01-11 15:30:00,2026-01-11,True,BKN @ MEM
401810403,s:40~l:46~e:401810403~c:401810403,2026-01-11,19059,True,False,False,False,2026-01-11T20:00Z,,,1,STD,3432.0,Kia Center,Orlando,FL,True,720,12:00,4,3,STATUS_FINAL,post,True,Final,Final,Final,4,19,s:40~l:46~t:19,Orlando,Magic,ORL,Orlando Magic,Magic,0150b5,9ca0a3,True,3432.0,https://a.espncdn.com/i/teamlogos/nba/500/scoreboard/orl.png,128,True,3,s:40~l:46~t:3,New Orleans,Pelicans,NO,New Orleans Pelicans,Pelicans,True,118,False,401810403,2026,2,0a2240,b4975a,985.0,https://a.espncdn.com/i/teamlogos/nba/500/scoreboard/no.png,,True,https://raw.githubusercontent.com/sportsdataverse/hoopR-nba-raw/main/nba/json/final/401810403.json,2026-01-11 15:00:00,2026-01-11,True,NOP @ ORL
401810402,s:40~l:46~e:401810402~c:401810402,2026-01-11,18186,True,False,False,False,2026-01-11T02:30Z,,,1,STD,3093.0,Delta Center,Salt Lake City,UT,True,0,0.0,4,3,STATUS_FINAL,post,True,Final,Final,Final,4,26,s:40~l:46~t:26,Utah,Jazz,UTAH,Utah Jazz,Jazz,4e008e,79a3dc,True,3093.0,https://a.espncdn.com/i/teamlogos/nba/500/scoreboard/utah.png,95,False,30,s:40~l:46~t:30,Charlotte,Hornets,CHA,Charlotte Hornets,Hornets,True,150,True,401810402,2026,2,008ca8,1d1060,1893.0,https://a.espncdn.com/i/teamlogos/nba/500/scoreboard/cha.png,,True,https://raw.githubusercontent.com/sportsdataverse/hoopR-nba-raw/main/nba/json/final/401810402.json,2026-01-10 21:30:00,2026-01-10,True,CHA @ UTA
401810400,s:40~l:46~e:401810400~c:401810400,2026-01-11,19156,True,False,False,False,2026-01-11T01:00Z,,,1,STD,1824.0,TD Garden,Boston,MA,True,720,12:00,4,3,STATUS_FINAL,post,True,Final,Final,Final,4,2,s:40~l:46~t:2,Boston,Celtics,BOS,Boston Celtics,Celtics,008348,ffffff,True,1824.0,https://a.espncdn.com/i/teamlogos/nba/500/scoreboard/bos.png,95,False,24,s:40~l:46~t:24,San Antonio,Spurs,SA,San Antonio Spurs,Spurs,True,100,True,401810400,2026,2,000000,c4ced4,780.0,https://a.espncdn.com/i/teamlogos/nba/500/scoreboard/sa.png,,True,https://raw.githubusercontent.com/sportsdataverse/hoopR-nba-raw/main/nba/json/final/401810400.json,2026-01-10 20:00:00,2026-01-10,True,SAS @ BOS
401810401,s:40~l:46~e:401810401~c:401810401,2026-01-11,19753,True,False,False,False,2026-01-11T01:00Z,,,1,STD,1847.0,United Center,Chicago,IL,True,720,12:00,4,3,STATUS_FINAL,post,True,Final,Final,Final,4,4,s:40~l:46~t:4,Chicago,Bulls,CHI,Chicago Bulls,Bulls,ce1141,000000,True,1847.0,https://a.espncdn.com/i/teamlogos/nba/500/scoreboard/chi.png,125,True,6,s:40~l:46~t:6,Dallas,Mavericks,DAL,Dallas Mavericks,Mavericks,True,107,False,401810401,2026,2,0064b1,bbc4ca,516.0,https://a.espncdn.com/i/teamlogos/nba/500/scoreboard/dal.png,,True,https://raw.githubusercontent.com/sportsdataverse/hoopR-nba-raw/main/nba/json/final/401810401.json,2026-01-10 20:00:00,2026-01-10,True,DAL @ CHI
401810399,s:40~l:46~e:401810399~c:401810399,2026-01-11,20062,True,False,False,False,2026-01-11T00:30Z,,,1,STD,5404.0,Little Caesars Arena,Detroit,MI,True,720,12:00,4,3,STATUS_FINAL,post,True,Final,Final,Final,4,8,s:40~l:46~t:8,Detroit,Pistons,DET,Detroit Pistons,Pistons,1d428a,c8102e,True,5311.0,https://a.espncdn.com/i/teamlogos/nba/500/scoreboard/det.png,92,False,12,s:40~l:46~t:12,LA,Clippers,LAC,LA Clippers,Clippers,True,98,True,401810399,2026,2,12173f,c8102e,1841.0,https://a.espncdn.com/i/teamlogos/nba/500/scoreboard/lac.png,,True,https://raw.githubusercontent.com/sportsdataverse/hoopR-nba-raw/main/nba/json/final/401810399.json,2026-01-10 19:30:00,2026-01-10,True,LAC @ DET
401810398,s:40~l:46~e:401810398~c:401810398,2026-01-11,17274,True,False,False,False,2026-01-11T00:00Z,,,1,STD,2183.0,Gainbridge Fieldhouse,Indianapolis,IN,True,720,12:00,4,3,STATUS_FINAL,post,True,Final,Final,Final,4,11,s:40~l:46~t:11,Indiana,Pacers,IND,Indiana Pacers,Pacers,0c2340,ffd520,True,2183.0,https://a.espncdn.com/i/teamlogos/nba/500/scoreboard/ind.png,123,True,14,s:40~l:46~t:14,Miami,Heat,MIA,Miami Heat,Heat,True,99,False,401810398,2026,2,98002e,000000,3438.0,https://a.espncdn.com/i/teamlogos/nba/500/scoreboard/mia.png,,True,https://raw.githubusercontent.com/sportsdataverse/hoopR-nba-raw/main/nba/json/final/401810398.json,2026-01-10 19:00:00,2026-01-10,True,MIA @ IND
401810397,s:40~l:46~e:401810397~c:401810397,2026-01-10,19432,True,False,False,False,2026-01-10T18:00Z,,,1,STD,3417.0,Rocket Arena,Cleveland,OH,True,720,12:00,4,3,STATUS_FINAL,post,True,Final,Final,Final,4,5,s:40~l:46~t:5,Cleveland,Cavaliers,CLE,Cleveland Cavaliers,Cavaliers,860038,bc945c,True,3417.0,https://a.espncdn.com/i/teamlogos/nba/500/scoreboard/cle.png,146,True,16,s:40~l:46~t:16,Minnesota,Timberwolves,MIN,Minnesota Timberwolves,Timberwolves,True,134,False,401810397,2026,2,266092,79bc43,2029.0,https://a.espncdn.com/i/teamlogos/nba/500/scoreboard/min.png,,True,https://raw.githubusercontent.com/sportsdataverse/hoopR-nba-raw/main/nba/json/final/401810397.json,2026-01-10 13:00:00,2026-01-10,True,MIN @ CLE
401810396,s:40~l:46~e:401810396~c:401810396,2026-01-10,18997,True,False,False,False,2026-01-10T03:30Z,,,1,STD,1841.0,crypto.com Arena,Los Angeles,CA,True,720,12:00,4,3,STATUS_FINAL,post,True,Final,Final,Final,4,13,s:40~l:46~t:13,Los Angeles,Lakers,LAL,Los Angeles Lakers,Lakers,552583,fdb927,True,1841.0,https://a.espncdn.com/i/teamlogos/nba/500/scoreboard/lal.png,101,False,15,s:40~l:46~t:15,Milwaukee,Bucks,MIL,Milwaukee Bucks,Bucks,True,105,True,401810396,2026,2,00471b,eee1c6,2099.0,https://a.espncdn.com/i/teamlogos/nba/500/scoreboard/mil.png,,True,https://raw.githubusercontent.com/sportsdataverse/hoopR-nba-raw/main/nba/json/final/401810396.json,2026-01-09 22:30:00,2026-01-09,True,MIL @ LAL
401810394,s:40~l:46~e:401810394~c:401810394,2026-01-10,18064,True,False,False,False,2026-01-10T03:00Z,,,1,STD,6270.0,Chase Center,San Francisco,CA,True,0,0.0,4,3,STATUS_FINAL,post,True,Final,Final,Final,4,9,s:40~l:46~t:9,Golden State,Warriors,GS,Golden State Warriors,Warriors,fdb927,1d428a,True,2465.0,https://a.espncdn.com/i/teamlogos/nba/500/scoreboard/gs.png,137,True,23,s:40~l:46~t:23,Sacramento,Kings,SAC,Sacramento Kings,Kings,True,103,False,401810394,2026,2,5a2d81,6a7a82,2247.0,https://a.espncdn.com/i/teamlogos/nba/500/scoreboard/sac.png,,True,https://raw.githubusercontent.com/sportsdataverse/hoopR-nba-raw/main/nba/json/final/401810394.json,2026-01-09 22:00:00,2026-01-09,True,SAC @ GSW
401810395,s:40~l:46~e:401810395~c:401810395,2026-01-10,17012,True,False,False,False,2026-01-10T03:00Z,,,1,STD,3423.0,Moda Center,Portland,OR,True,720,12:00,4,3,STATUS_FINAL,post,True,Final,Final,Final,4,22,s:40~l:46~t:22,Portland,Trail Blazers,POR,Portland Trail Blazers,Trail Blazers,e03a3e,000000,True,3423.0,https://a.espncdn.com/i/teamlogos/nba/500/scoreboard/por.png,111,True,10,s:40~l:46~t:10,Houston,Rockets,HOU,Houston Rockets,Rockets,True,105,False,401810395,2026,2,ce1141,000000,1394.0,https://a.espncdn.com/i/teamlogos/nba/500/scoreboard/hou.png,,True,https://raw.githubusercontent.com/sportsdataverse/hoopR-nba-raw/main/nba/json/final/401810395.json,2026-01-09 22:00:00,2026-01-09,True,HOU @ POR
401810392,s:40~l:46~e:401810392~c:401810392,2026-01-10,19650,True,False,False,False,2026-01-10T02:00Z,,,1,STD,892.0,Ball Arena,Denver,CO,True,0,0.0,4,3,STATUS_FINAL,post,True,Final,Final,Final,4,7,s:40~l:46~t:7,Denver,Nuggets,DEN,Denver Nuggets,Nuggets,0e2240,fec524,True,892.0,https://a.espncdn.com/i/teamlogos/nba/500/scoreboard/den.png,87,False,1,s:40~l:46~t:1,Atlanta,Hawks,ATL,Atlanta Hawks,Hawks,True,110,True,401810392,2026,2,c8102e,fdb927,1827.0,https://a.espncdn.com/i/teamlogos/nba/500/scoreboard/atl.png,,True,https://raw.githubusercontent.com/sportsdataverse/hoopR-nba-raw/main/nba/json/final/401810392.json,2026-01-09 21:00:00,2026-01-09,True,ATL @ DEN
401810393,s:40~l:46~e:401810393~c:401810393,2026-01-10,17071,True,False,False,False,2026-01-10T02:00Z,,,1,STD,1949.0,Mortgage Matchup Center,Phoenix,AZ,True,0,0.0,4,3,STATUS_FINAL,post,True,Final,Final,Final,4,21,s:40~l:46~t:21,Phoenix,Suns,PHX,Phoenix Suns,Suns,29127a,e56020,True,1949.0,https://a.espncdn.com/i/teamlogos/nba/500/scoreboard/phx.png,112,True,18,s:40~l:46~t:18,New York,Knicks,NY,New York Knicks,Knicks,True,107,False,401810393,2026,2,1d428a,f58426,1830.0,https://a.espncdn.com/i/teamlogos/nba/500/scoreboard/ny.png,,True,https://raw.githubusercontent.com/sportsdataverse/hoopR-nba-raw/main/nba/json/final/401810393.json,2026-01-09 21:00:00,2026-01-09,True,NYK @ PHX
401810391,s:40~l:46~e:401810391~c:401810391,2026-01-10,15717,True,False,False,False,2026-01-10T01:00Z,,,1,STD,1392.0,FedExForum,Memphis,TN,True,720,12:00,4,3,STATUS_FINAL,post,True,Final,Final,Final,4,29,s:40~l:46~t:29,Memphis,Grizzlies,MEM,Memphis Grizzlies,Grizzlies,5d76a9,12173f,True,1392.0,https://a.espncdn.com/i/teamlogos/nba/500/scoreboard/mem.png,116,False,25,s:40~l:46~t:25,Oklahoma City,Thunder,OKC,Oklahoma City Thunder,Thunder,True,117,True,401810391,2026,2,007ac1,ef3b24,2559.0,https://a.espncdn.com/i/teamlogos/nba/500/scoreboard/okc.png,,True,https://raw.githubusercontent.com/sportsdataverse/hoopR-nba-raw/main/nba/json/final/401810391.json,2026-01-09 20:00:00,2026-01-09,True,OKC @ MEM
401810390,s:40~l:46~e:401810390~c:401810390,2026-01-10,17548,True,False,False,False,2026-01-10T00:30Z,,,1,STD,3559.0,Barclays Center,Brooklyn,NY,True,0,0.0,4,3,STATUS_FINAL,post,True,Final,Final,Final,4,17,s:40~l:46~t:17,Brooklyn,Nets,BKN,Brooklyn Nets,Nets,000000,ffffff,True,1826.0,https://a.espncdn.com/i/teamlogos/nba/500/scoreboard/bkn.png,105,False,12,s:40~l:46~t:12,LA,Clippers,LAC,LA Clippers,Clippers,True,121,True,401810390,2026,2,12173f,c8102e,1841.0,https://a.espncdn.com/i/teamlogos/nba/500/scoreboard/lac.png,,True,https://raw.githubusercontent.com/sportsdataverse/hoopR-nba-raw/main/nba/json/final/401810390.json,2026-01-09 19:30:00,2026-01-09,True,LAC @ BKN
401810387,s:40~l:46~e:401810387~c:401810387,2026-01-10,19156,True,False,False,False,2026-01-10T00:00Z,,,1,STD,1824.0,TD Garden,Boston,MA,True,720,12:00,4,3,STATUS_FINAL,post,True,Final,Final,Final,4,2,s:40~l:46~t:2,Boston,Celtics,BOS,Boston Celtics,Celtics,008348,ffffff,True,1824.0,https://a.espncdn.com/i/teamlogos/nba/500/scoreboard/bos.png,125,True,28,s:40~l:46~t:28,Toronto,Raptors,TOR,Toronto Raptors,Raptors,True,117,False,401810387,2026,2,d91244,000000,1838.0,https://a.espncdn.com/i/teamlogos/nba/500/scoreboard/tor.png,,True,https://raw.githubusercontent.com/sportsdataverse/hoopR-nba-raw/main/nba/json/final/401810387.json,2026-01-09 19:00:00,2026-01-09,True,TOR @ BOS
401810388,s:40~l:46~e:401810388~c:401810388,2026-01-10,19271,True,False,False,False,2026-01-10T00:00Z,,,1,STD,3432.0,Kia Center,Orlando,FL,True,0,0.0,4,3,STATUS_FINAL,post,True,Final,Final,Final,4,19,s:40~l:46~t:19,Orlando,Magic,ORL,Orlando Magic,Magic,0150b5,9ca0a3,True,3432.0,https://a.espncdn.com/i/teamlogos/nba/500/scoreboard/orl.png,91,False,20,s:40~l:46~t:20,Philadelphia,76ers,PHI,Philadelphia 76ers,76ers,True,103,True,401810388,2026,2,1d428a,e01234,1845.0,https://a.espncdn.com/i/teamlogos/nba/500/scoreboard/phi.png,,True,https://raw.githubusercontent.com/sportsdataverse/hoopR-nba-raw/main/nba/json/final/401810388.json,2026-01-09 19:00:00,2026-01-09,True,PHI @ ORL
401810389,s:40~l:46~e:401810389~c:401810389,2026-01-10,16563,True,False,False,False,2026-01-10T00:00Z,,,1,STD,1823.0,Capital One Arena,Washington,DC,True,720,12:00,4,3,STATUS_FINAL,post,True,Final,Final,Final,4,27,s:40~l:46~t:27,Washington,Wizards,WSH,Washington Wizards,Wizards,e31837,002b5c,True,1823.0,https://a.espncdn.com/i/teamlogos/nba/500/scoreboard/wsh.png,107,False,3,s:40~l:46~t:3,New Orleans,Pelicans,NO,New Orleans Pelicans,Pelicans,True,128,True,401810389,2026,2,0a2240,b4975a,985.0,https://a.espncdn.com/i/teamlogos/nba/500/scoreboard/no.png,,True,https://raw.githubusercontent.com/sportsdataverse/hoopR-nba-raw/main/nba/json/final/401810389.json,2026-01-09 19:00:00,2026-01-09,True,NOP @ WAS
401810386,s:40~l:46~e:401810386~c:401810386,2026-01-09,18186,True,False,False,False,2026-01-09T02:00Z,,,1,STD,3093.0,Delta Center,Salt Lake City,UT,True,720,12:00,4,3,STATUS_FINAL,post,True,Final,Final,Final,4,26,s:40~l:46~t:26,Utah,Jazz,UTAH,Utah Jazz,Jazz,4e008e,79a3dc,True,3093.0,https://a.espncdn.com/i/teamlogos/nba/500/scoreboard/utah.png,116,True,6,s:40~l:46~t:6,Dallas,Mavericks,DAL,Dallas Mavericks,Mavericks,True,114,False,401810386,2026,2,0064b1,bbc4ca,516.0,https://a.espncdn.com/i/teamlogos/nba/500/scoreboard/dal.png,,True,https://raw.githubusercontent.com/sportsdataverse/hoopR-nba-raw/main/nba/json/final/401810386.json,2026-01-08 21:00:00,2026-01-08,True,DAL @ UTA
401810384,s:40~l:46~e:401810384~c:401810384,2026-01-09,0,True,False,False,False,2026-01-09T01:00Z,event,Postponed due to court condensation. Makeup date Jan 29,1,STD,1847.0,United Center,Chicago,IL,True,0,0.0,0,6,STATUS_POSTPONED,post,False,Postponed,Postponed,Postponed,4,4,s:40~l:46~t:4,Chicago,Bulls,CHI,Chicago Bulls,Bulls,ce1141,000000,True,1847.0,https://a.espncdn.com/i/teamlogos/nba/500/scoreboard/chi.png,0,,14,s:40~l:46~t:14,Miami,Heat,MIA,Miami Heat,Heat,True,0,,401810384,2026,2,98002e,000000,3438.0,https://a.espncdn.com/i/teamlogos/nba/500/scoreboard/mia.png,,False,,2026-01-08 20:00:00,2026-01-08,False,MIA @ CHI
401810385,s:40~l:46~e:401810385~c:401810385,2026-01-09,17274,True,False,False,False,2026-01-09T01:00Z,,,1,STD,2029.0,Target Center,Minneapolis,MN,True,720,12:00,4,3,STATUS_FINAL,post,True,Final,Final,Final,4,16,s:40~l:46~t:16,Minnesota,Timberwolves,MIN,Minnesota Timberwolves,Timberwolves,266092,79bc43,True,2029.0,https://a.espncdn.com/i/teamlogos/nba/500/scoreboard/min.png,131,True,5,s:40~l:46~t:5,Cleveland,Cavaliers,CLE,Cleveland Cavaliers,Cavaliers,True,122,False,401810385,2026,2,860038,bc945c,3417.0,https://a.espncdn.com/i/teamlogos/nba/500/scoreboard/cle.png,,True,https://raw.githubusercontent.com/sportsdataverse/hoopR-nba-raw/main/nba/json/final/401810385.json,2026-01-08 20:00:00,2026-01-08,True,CLE @ MIN
401810383,s:40~l:46~e:401810383~c:401810383,2026-01-09,17342,True,False,False,False,2026-01-09T00:00Z,,,1,STD,1893.0,Spectrum Center,Charlotte,NC,True,720,12:00,4,3,STATUS_FINAL,post,True,Final,Final,Final,4,30,s:40~l:46~t:30,Charlotte,Hornets,CHA,Charlotte Hornets,Hornets,008ca8,1d1060,True,1893.0,https://a.espncdn.com/i/teamlogos/nba/500/scoreboard/cha.png,112,False,11,s:40~l:46~t:11,Indiana,Pacers,IND,Indiana Pacers,Pacers,True,114,True,401810383,2026,2,0c2340,ffd520,2183.0,https://a.espncdn.com/i/teamlogos/nba/500/scoreboard/ind.png,,True,https://raw.githubusercontent.com/sportsdataverse/hoopR-nba-raw/main/nba/json/final/401810383.json,2026-01-08 19:00:00,2026-01-08,True,IND @ CHA
401810381,s:40~l:46~e:401810381~c:401810381,2026-01-08,18064,True,False,False,False,2026-01-08T03:00Z,,,1,STD,6270.0,Chase Center,San Francisco,CA,True,720,12:00,4,3,STATUS_FINAL,post,True,Final,Final,Final,4,9,s:40~l:46~t:9,Golden State,Warriors,GS,Golden State Warriors,Warriors,fdb927,1d428a,True,2465.0,https://a.espncdn.com/i/teamlogos/nba/500/scoreboard/gs.png,120,True,15,s:40~l:46~t:15,Milwaukee,Bucks,MIL,Milwaukee Bucks,Bucks,True,113,False,401810381,2026,2,00471b,eee1c6,2099.0,https://a.espncdn.com/i/teamlogos/nba/500/scoreboard/mil.png,,True,https://raw.githubusercontent.com/sportsdataverse/hoopR-nba-raw/main/nba/json/final/401810381.json,2026-01-07 22:00:00,2026-01-07,True,MIL @ GSW
401810382,s:40~l:46~e:401810382~c:401810382,2026-01-08,16144,True,False,False,False,2026-01-08T03:00Z,,,1,STD,3423.0,Moda Center,Portland,OR,True,0,0.0,4,3,STATUS_FINAL,post,True,Final,Final,Final,4,22,s:40~l:46~t:22,Portland,Trail Blazers,POR,Portland Trail Blazers,Trail Blazers,e03a3e,000000,True,3423.0,https://a.espncdn.com/i/teamlogos/nba/500/scoreboard/por.png,103,True,10,s:40~l:46~t:10,Houston,Rockets,HOU,Houston Rockets,Rockets,True,102,False,401810382,2026,2,ce1141,000000,1394.0,https://a.espncdn.com/i/teamlogos/nba/500/scoreboard/hou.png,,True,https://raw.githubusercontent.com/sportsdataverse/hoopR-nba-raw/main/nba/json/final/401810382.json,2026-01-07 22:00:00,2026-01-07,True,HOU @ POR
401810378,s:40~l:46~e:401810378~c:401810378,2026-01-08,19329,True,False,False,False,2026-01-08T02:30Z,,,1,STD,780.0,Frost Bank Center,San Antonio,TX,True,720,12:00,4,3,STATUS_FINAL,post,True,Final,Final,Final,4,24,s:40~l:46~t:24,San Antonio,Spurs,SA,San Antonio Spurs,Spurs,000000,c4ced4,True,780.0,https://a.espncdn.com/i/teamlogos/nba/500/scoreboard/sa.png,107,True,13,s:40~l:46~t:13,Los Angeles,Lakers,LAL,Los Angeles Lakers,Lakers,True,91,False,401810378,2026,2,552583,fdb927,1841.0,https://a.espncdn.com/i/teamlogos/nba/500/scoreboard/lal.png,,True,https://raw.githubusercontent.com/sportsdataverse/hoopR-nba-raw/main/nba/json/final/401810378.json,2026-01-07 21:30:00,2026-01-07,True,LAL @ SAS
401810379,s:40~l:46~e:401810379~c:401810379,2026-01-08,14268,True,False,False,False,2026-01-08T01:00Z,,,1,STD,1392.0,FedExForum,Memphis,TN,True,720,12:00,4,3,STATUS_FINAL,post,True,Final,Final,Final,4,29,s:40~l:46~t:29,Memphis,Grizzlies,MEM,Memphis Grizzlies,Grizzlies,5d76a9,12173f,True,1392.0,https://a.espncdn.com/i/teamlogos/nba/500/scoreboard/mem.png,98,False,21,s:40~l:46~t:21,Phoenix,Suns,PHX,Phoenix Suns,Suns,True,117,True,401810379,2026,2,29127a,e56020,1949.0,https://a.espncdn.com/i/teamlogos/nba/500/scoreboard/phx.png,,True,https://raw.githubusercontent.com/sportsdataverse/hoopR-nba-raw/main/nba/json/final/401810379.json,2026-01-07 20:00:00,2026-01-07,True,PHX @ MEM
401810380,s:40~l:46~e:401810380~c:401810380,2026-01-08,18203,True,False,False,False,2026-01-08T01:00Z,,,1,STD,2559.0,Paycom Center,Oklahoma City,OK,True,300,5:00,5,3,STATUS_FINAL,post,True,Final,Final/OT,Final/OT,4,25,s:40~l:46~t:25,Oklahoma City,Thunder,OKC,Oklahoma City Thunder,Thunder,007ac1,ef3b24,True,2559.0,https://a.espncdn.com/i/teamlogos/nba/500/scoreboard/okc.png,129,True,26,s:40~l:46~t:26,Utah,Jazz,UTAH,Utah Jazz,Jazz,True,125,False,401810380,2026,2,4e008e,79a3dc,3093.0,https://a.espncdn.com/i/teamlogos/nba/500/scoreboard/utah.png,OT,True,https://raw.githubusercontent.com/sportsdataverse/hoopR-nba-raw/main/nba/json/final/401810380.json,2026-01-07 20:00:00,2026-01-07,True,UTA @ OKC
401810374,s:40~l:46~e:401810374~c:401810374,2026-01-08,15993,True,False,False,False,2026-01-08T00:30Z,,,1,STD,1827.0,State Farm Arena,Atlanta,GA,True,720,12:00,4,3,STATUS_FINAL,post,True,Final,Final,Final,4,1,s:40~l:46~t:1,Atlanta,Hawks,ATL,Atlanta Hawks,Hawks,c8102e,fdb927,True,1827.0,https://a.espncdn.com/i/teamlogos/nba/500/scoreboard/atl.png,117,True,3,s:40~l:46~t:3,New Orleans,Pelicans,NO,New Orleans Pelicans,Pelicans,True,100,False,401810374,2026,2,0a2240,b4975a,985.0,https://a.espncdn.com/i/teamlogos/nba/500/scoreboard/no.png,,True,https://raw.githubusercontent.com/sportsdataverse/hoopR-nba-raw/main/nba/json/final/401810374.json,2026-01-07 19:30:00,2026-01-07,True,NOP @ ATL
401810376,s:40~l:46~e:401810376~c:401810376,2026-01-08,16916,True,False,False,False,2026-01-08T00:30Z,,,1,STD,3559.0,Barclays Center,Brooklyn,NY,True,300,5:00,5,3,STATUS_FINAL,post,True,Final,Final/OT,Final/OT,4,17,s:40~l:46~t:17,Brooklyn,Nets,BKN,Brooklyn Nets,Nets,000000,ffffff,True,1826.0,https://a.espncdn.com/i/teamlogos/nba/500/scoreboard/bkn.png,103,False,19,s:40~l:46~t:19,Orlando,Magic,ORL,Orlando Magic,Magic,True,104,True,401810376,2026,2,0150b5,9ca0a3,3432.0,https://a.espncdn.com/i/teamlogos/nba/500/scoreboard/orl.png,OT,True,https://raw.githubusercontent.com/sportsdataverse/hoopR-nba-raw/main/nba/json/final/401810376.json,2026-01-07 19:30:00,2026-01-07,True,ORL @ BKN
401810377,s:40~l:46~e:401810377~c:401810377,2026-01-08,19812,True,False,False,False,2026-01-08T00:30Z,,,1,STD,1830.0,Madison Square Garden,New York,NY,True,720,12:00,4,3,STATUS_FINAL,post,True,Final,Final,Final,4,18,s:40~l:46~t:18,New York,Knicks,NY,New York Knicks,Knicks,1d428a,f58426,True,1830.0,https://a.espncdn.com/i/teamlogos/nba/500/scoreboard/ny.png,123,True,12,s:40~l:46~t:12,LA,Clippers,LAC,LA Clippers,Clippers,True,111,False,401810377,2026,2,12173f,c8102e,1841.0,https://a.espncdn.com/i/teamlogos/nba/500/scoreboard/lac.png,,True,https://raw.githubusercontent.com/sportsdataverse/hoopR-nba-raw/main/nba/json/final/401810377.json,2026-01-07 19:30:00,2026-01-07,True,LAC @ NYK
401810371,s:40~l:46~e:401810371~c:401810371,2026-01-08,17337,True,False,False,False,2026-01-08T00:00Z,,,1,STD,1893.0,Spectrum Center,Charlotte,NC,True,720,12:00,4,3,STATUS_FINAL,post,True,Final,Final,Final,4,30,s:40~l:46~t:30,Charlotte,Hornets,CHA,Charlotte Hornets,Hornets,008ca8,1d1060,True,1893.0,https://a.espncdn.com/i/teamlogos/nba/500/scoreboard/cha.png,96,False,28,s:40~l:46~t:28,Toronto,Raptors,TOR,Toronto Raptors,Raptors,True,97,True,401810371,2026,2,d91244,000000,1838.0,https://a.espncdn.com/i/teamlogos/nba/500/scoreboard/tor.png,,True,https://raw.githubusercontent.com/sportsdataverse/hoopR-nba-raw/main/nba/json/final/401810371.json,2026-01-07 19:00:00,2026-01-07,True,TOR @ CHA
401810372,s:40~l:46~e:401810372~c:401810372,2026-01-08,19501,True,False,False,False,2026-01-08T00:00Z,,,1,STD,5404.0,Little Caesars Arena,Detroit,MI,True,720,12:00,4,3,STATUS_FINAL,post,True,Final,Final,Final,4,8,s:40~l:46~t:8,Detroit,Pistons,DET,Detroit Pistons,Pistons,1d428a,c8102e,True,5311.0,https://a.espncdn.com/i/teamlogos/nba/500/scoreboard/det.png,108,True,4,s:40~l:46~t:4,Chicago,Bulls,CHI,Chicago Bulls,Bulls,True,93,False,401810372,2026,2,ce1141,000000,1847.0,https://a.espncdn.com/i/teamlogos/nba/500/scoreboard/chi.png,,True,https://raw.githubusercontent.com/sportsdataverse/hoopR-nba-raw/main/nba/json/final/401810372.json,2026-01-07 19:00:00,2026-01-07,True,CHI @ DET
401810373,s:40~l:46~e:401810373~c:401810373,2026-01-08,19746,True,False,False,False,2026-01-08T00:00Z,,,1,STD,1845.0,Xfinity Mobile Arena,Philadelphia,PA,True,720,12:00,4,3,STATUS_FINAL,post,True,Final,Final,Final,4,20,s:40~l:46~t:20,Philadelphia,76ers,PHI,Philadelphia 76ers,76ers,1d428a,e01234,True,1845.0,https://a.espncdn.com/i/teamlogos/nba/500/scoreboard/phi.png,131,True,27,s:40~l:46~t:27,Washington,Wizards,WSH,Washington Wizards,Wizards,True,110,False,401810373,2026,2,e31837,002b5c,1823.0,https://a.espncdn.com/i/teamlogos/nba/500/scoreboard/wsh.png,,True,https://raw.githubusercontent.com/sportsdataverse/hoopR-nba-raw/main/nba/json/final/401810373.json,2026-01-07 19:00:00,2026-01-07,True,WAS @ PHI
401810375,s:40~l:46~e:401810375~c:401810375,2026-01-08,19156,True,False,False,False,2026-01-08T00:00Z,,,1,STD,1824.0,TD Garden,Boston,MA,True,720,12:00,4,3,STATUS_FINAL,post,True,Final,Final,Final,4,2,s:40~l:46~t:2,Boston,Celtics,BOS,Boston Celtics,Celtics,008348,ffffff,True,1824.0,https://a.espncdn.com/i/teamlogos/nba/500/scoreboard/bos.png,110,False,7,s:40~l:46~t:7,Denver,Nuggets,DEN,Denver Nuggets,Nuggets,True,114,True,401810375,2026,2,0e2240,fec524,892.0,https://a.espncdn.com/i/teamlogos/nba/500/scoreboard/den.png,,True,https://raw.githubusercontent.com/sportsdataverse/hoopR-nba-raw/main/nba/json/final/401810375.json,2026-01-07 19:00:00,2026-01-07,True,DEN @ BOS
401810370,s:40~l:46~e:401810370~c:401810370,2026-01-07,15058,True,False,False,False,2026-01-07T04:00Z,,,1,STD,5310.0,Golden 1 Center,Sacramento,CA,True,720,12:00,4,3,STATUS_FINAL,post,True,Final,Final,Final,4,23,s:40~l:46~t:23,Sacramento,Kings,SAC,Sacramento Kings,Kings,5a2d81,6a7a82,True,2247.0,https://a.espncdn.com/i/teamlogos/nba/500/scoreboard/sac.png,98,False,6,s:40~l:46~t:6,Dallas,Mavericks,DAL,Dallas Mavericks,Mavericks,True,100,True,401810370,2026,2,0064b1,bbc4ca,516.0,https://a.espncdn.com/i/teamlogos/nba/500/scoreboard/dal.png,,True,https://raw.githubusercontent.com/sportsdataverse/hoopR-nba-raw/main/nba/json/final/401810370.json,2026-01-06 23:00:00,2026-01-06,True,DAL @ SAC
401810367,s:40~l:46~e:401810367~c:401810367,2026-01-07,14551,True,False,False,False,2026-01-07T01:00Z,,,1,STD,1392.0,FedExForum,Memphis,TN,True,720,12:00,4,3,STATUS_FINAL,post,True,Final,Final,Final,4,29,s:40~l:46~t:29,Memphis,Grizzlies,MEM,Memphis Grizzlies,Grizzlies,5d76a9,12173f,True,1392.0,https://a.espncdn.com/i/teamlogos/nba/500/scoreboard/mem.png,106,True,24,s:40~l:46~t:24,San Antonio,Spurs,SA,San Antonio Spurs,Spurs,True,105,False,401810367,2026,2,000000,c4ced4,780.0,https://a.espncdn.com/i/teamlogos/nba/500/scoreboard/sa.png,,True,https://raw.githubusercontent.com/sportsdataverse/hoopR-nba-raw/main/nba/json/final/401810367.json,2026-01-06 20:00:00,2026-01-06,True,SAS @ MEM
401810368,s:40~l:46~e:401810368~c:401810368,2026-01-07,17023,True,False,False,False,2026-01-07T01:00Z,,,1,STD,2029.0,Target Center,Minneapolis,MN,True,0,0.0,4,3,STATUS_FINAL,post,True,Final,Final,Final,4,16,s:40~l:46~t:16,Minnesota,Timberwolves,MIN,Minnesota Timberwolves,Timberwolves,266092,79bc43,True,2029.0,https://a.espncdn.com/i/teamlogos/nba/500/scoreboard/min.png,122,True,14,s:40~l:46~t:14,Miami,Heat,MIA,Miami Heat,Heat,True,94,False,401810368,2026,2,98002e,000000,3438.0,https://a.espncdn.com/i/teamlogos/nba/500/scoreboard/mia.png,,True,https://raw.githubusercontent.com/sportsdataverse/hoopR-nba-raw/main/nba/json/final/401810368.json,2026-01-06 20:00:00,2026-01-06,True,MIA @ MIN
401810369,s:40~l:46~e:401810369~c:401810369,2026-01-07,18227,True,False,False,False,2026-01-07T01:00Z,,,1,STD,985.0,Smoothie King Center,New Orleans,LA,True,0,0.0,4,3,STATUS_FINAL,post,True,Final,Final,Final,4,3,s:40~l:46~t:3,New Orleans,Pelicans,NO,New Orleans Pelicans,Pelicans,0a2240,b4975a,True,985.0,https://a.espncdn.com/i/teamlogos/nba/500/scoreboard/no.png,103,False,13,s:40~l:46~t:13,Los Angeles,Lakers,LAL,Los Angeles Lakers,Lakers,True,111,True,401810369,2026,2,552583,fdb927,1841.0,https://a.espncdn.com/i/teamlogos/nba/500/scoreboard/lal.png,,True,https://raw.githubusercontent.com/sportsdataverse/hoopR-nba-raw/main/nba/json/final/401810369.json,2026-01-06 20:00:00,2026-01-06,True,LAL @ NOP
401810365,s:40~l:46~e:401810365~c:401810365,2026-01-07,16007,True,False,False,False,2026-01-07T00:00Z,,,1,STD,2183.0,Gainbridge Fieldhouse,Indianapolis,IN,True,720,12:00,4,3,STATUS_FINAL,post,True,Final,Final,Final,4,11,s:40~l:46~t:11,Indiana,Pacers,IND,Indiana Pacers,Pacers,0c2340,ffd520,True,2183.0,https://a.espncdn.com/i/teamlogos/nba/500/scoreboard/ind.png,116,False,5,s:40~l:46~t:5,Cleveland,Cavaliers,CLE,Cleveland Cavaliers,Cavaliers,True,120,True,401810365,2026,2,860038,bc945c,3417.0,https://a.espncdn.com/i/teamlogos/nba/500/scoreboard/cle.png,,True,https://raw.githubusercontent.com/sportsdataverse/hoopR-nba-raw/main/nba/json/final/401810365.json,2026-01-06 19:00:00,2026-01-06,True,CLE @ IND
401810366,s:40~l:46~e:401810366~c:401810366,2026-01-07,13724,True,False,False,False,2026-01-07T00:00Z,,,1,STD,1823.0,Capital One Arena,Washington,DC,True,0,0.0,4,3,STATUS_FINAL,post,True,Final,Final,Final,4,27,s:40~l:46~t:27,Washington,Wizards,WSH,Washington Wizards,Wizards,e31837,002b5c,True,1823.0,https://a.espncdn.com/i/teamlogos/nba/500/scoreboard/wsh.png,120,True,19,s:40~l:46~t:19,Orlando,Magic,ORL,Orlando Magic,Magic,True,112,False,401810366,2026,2,0150b5,9ca0a3,3432.0,https://a.espncdn.com/i/teamlogos/nba/500/scoreboard/orl.png,,True,https://raw.githubusercontent.com/sportsdataverse/hoopR-nba-raw/main/nba/json/final/401810366.json,2026-01-06 19:00:00,2026-01-06,True,ORL @ WAS
401810363,s:40~l:46~e:401810363~c:401810363,2026-01-06,17927,True,False,False,False,2026-01-06T03:00Z,,,1,STD,10642.0,Intuit Dome,Inglewood,CA,True,720,12:00,4,3,STATUS_FINAL,post,True,Final,Final,Final,4,12,s:40~l:46~t:12,LA,Clippers,LAC,LA Clippers,Clippers,12173f,c8102e,True,1841.0,https://a.espncdn.com/i/teamlogos/nba/500/scoreboard/lac.png,103,True,9,s:40~l:46~t:9,Golden State,Warriors,GS,Golden State Warriors,Warriors,True,102,False,401810363,2026,2,fdb927,1d428a,2465.0,https://a.espncdn.com/i/teamlogos/nba/500/scoreboard/gs.png,,True,https://raw.githubusercontent.com/sportsdataverse/hoopR-nba-raw/main/nba/json/final/401810363.json,2026-01-05 22:00:00,2026-01-05,True,GSW @ LAC
401810364,s:40~l:46~e:401810364~c:401810364,2026-01-06,16785,True,False,False,False,2026-01-06T03:00Z,,,1,STD,3423.0,Moda Center,Portland,OR,True,0,0.0,4,3,STATUS_FINAL,post,True,Final,Final,Final,4,22,s:40~l:46~t:22,Portland,Trail Blazers,POR,Portland Trail Blazers,Trail Blazers,e03a3e,000000,True,3423.0,https://a.espncdn.com/i/teamlogos/nba/500/scoreboard/por.png,137,True,26,s:40~l:46~t:26,Utah,Jazz,UTAH,Utah Jazz,Jazz,True,117,False,401810364,2026,2,4e008e,79a3dc,3093.0,https://a.espncdn.com/i/teamlogos/nba/500/scoreboard/utah.png,,True,https://raw.githubusercontent.com/sportsdataverse/hoopR-nba-raw/main/nba/json/final/401810364.json,2026-01-05 22:00:00,2026-01-05,True,UTA @ POR
401810362,s:40~l:46~e:401810362~c:401810362,2026-01-06,18521,True,False,False,False,2026-01-06T01:30Z,,,1,STD,1845.0,Xfinity Mobile Arena,Philadelphia,PA,True,300,5:00,5,3,STATUS_FINAL,post,True,Final,Final/OT,Final/OT,4,20,s:40~l:46~t:20,Philadelphia,76ers,PHI,Philadelphia 76ers,76ers,1d428a,e01234,True,1845.0,https://a.espncdn.com/i/teamlogos/nba/500/scoreboard/phi.png,124,False,7,s:40~l:46~t:7,Denver,Nuggets,DEN,Denver Nuggets,Nuggets,True,125,True,401810362,2026,2,0e2240,fec524,892.0,https://a.espncdn.com/i/teamlogos/nba/500/scoreboard/den.png,OT,True,https://raw.githubusercontent.com/sportsdataverse/hoopR-nba-raw/main/nba/json/final/401810362.json,2026-01-05 20:30:00,2026-01-05,True,DEN @ PHI
401810360,s:40~l:46~e:401810360~c:401810360,2026-01-06,18055,True,False,False,False,2026-01-06T01:00Z,,,1,STD,1394.0,Toyota Center (Houston),Houston,TX,True,720,12:00,4,3,STATUS_FINAL,post,True,Final,Final,Final,4,10,s:40~l:46~t:10,Houston,Rockets,HOU,Houston Rockets,Rockets,ce1141,000000,True,1394.0,https://a.espncdn.com/i/teamlogos/nba/500/scoreboard/hou.png,100,True,21,s:40~l:46~t:21,Phoenix,Suns,PHX,Phoenix Suns,Suns,True,97,False,401810360,2026,2,29127a,e56020,1949.0,https://a.espncdn.com/i/teamlogos/nba/500/scoreboard/phx.png,,True,https://raw.githubusercontent.com/sportsdataverse/hoopR-nba-raw/main/nba/json/final/401810360.json,2026-01-05 20:00:00,2026-01-05,True,PHX @ HOU
401810361,s:40~l:46~e:401810361~c:401810361,2026-01-06,18203,True,False,False,False,2026-01-06T01:00Z,,,1,STD,2559.0,Paycom Center,Oklahoma City,OK,True,720,12:00,4,3,STATUS_FINAL,post,True,Final,Final,Final,4,25,s:40~l:46~t:25,Oklahoma City,Thunder,OKC,Oklahoma City Thunder,Thunder,007ac1,ef3b24,True,2559.0,https://a.espncdn.com/i/teamlogos/nba/500/scoreboard/okc.png,97,False,30,s:40~l:46~t:30,Charlotte,Hornets,CHA,Charlotte Hornets,Hornets,True,124,True,401810361,2026,2,008ca8,1d1060,1893.0,https://a.espncdn.com/i/teamlogos/nba/500/scoreboard/cha.png,,True,https://raw.githubusercontent.com/sportsdataverse/hoopR-nba-raw/main/nba/json/final/401810361.json,2026-01-05 20:00:00,2026-01-05,True,CHA @ OKC
401810358,s:40~l:46~e:401810358~c:401810358,2026-01-06,19156,True,False,False,False,2026-01-06T00:30Z,,,1,STD,1824.0,TD Garden,Boston,MA,True,720,12:00,4,3,STATUS_FINAL,post,True,Final,Final,Final,4,2,s:40~l:46~t:2,Boston,Celtics,BOS,Boston Celtics,Celtics,008348,ffffff,True,1824.0,https://a.espncdn.com/i/teamlogos/nba/500/scoreboard/bos.png,115,True,4,s:40~l:46~t:4,Chicago,Bulls,CHI,Chicago Bulls,Bulls,True,101,False,401810358,2026,2,ce1141,000000,1847.0,https://a.espncdn.com/i/teamlogos/nba/500/scoreboard/chi.png,,True,https://raw.githubusercontent.com/sportsdataverse/hoopR-nba-raw/main/nba/json/final/401810358.json,2026-01-05 19:30:00,2026-01-05,True,CHI @ BOS
401810359,s:40~l:46~e:401810359~c:401810359,2026-01-06,17194,True,False,False,False,2026-01-06T00:30Z,,,1,STD,1838.0,Scotiabank Arena,Toronto,ON,True,720,12:00,4,3,STATUS_FINAL,post,True,Final,Final,Final,4,28,s:40~l:46~t:28,Toronto,Raptors,TOR,Toronto Raptors,Raptors,d91244,000000,True,1838.0,https://a.espncdn.com/i/teamlogos/nba/500/scoreboard/tor.png,118,True,1,s:40~l:46~t:1,Atlanta,Hawks,ATL,Atlanta Hawks,Hawks,True,100,False,401810359,2026,2,c8102e,fdb927,1827.0,https://a.espncdn.com/i/teamlogos/nba/500/scoreboard/atl.png,,True,https://raw.githubusercontent.com/sportsdataverse/hoopR-nba-raw/main/nba/json/final/401810359.json,2026-01-05 19:30:00,2026-01-05,True,ATL @ TOR
401810357,s:40~l:46~e:401810357~c:401810357,2026-01-06,20032,True,False,False,False,2026-01-06T00:00Z,,,1,STD,5404.0,Little Caesars Arena,Detroit,MI,True,720,12:00,4,3,STATUS_FINAL,post,True,Final,Final,Final,4,8,s:40~l:46~t:8,Detroit,Pistons,DET,Detroit Pistons,Pistons,1d428a,c8102e,True,5311.0,https://a.espncdn.com/i/teamlogos/nba/500/scoreboard/det.png,121,True,18,s:40~l:46~t:18,New York,Knicks,NY,New York Knicks,Knicks,True,90,False,401810357,2026,2,1d428a,f58426,1830.0,https://a.espncdn.com/i/teamlogos/nba/500/scoreboard/ny.png,,True,https://raw.githubusercontent.com/sportsdataverse/hoopR-nba-raw/main/nba/json/final/401810357.json,2026-01-05 19:00:00,2026-01-05,True,NYK @ DET
401810356,s:40~l:46~e:401810356~c:401810356,2026-01-05,18997,True,False,False,False,2026-01-05T02:30Z,,,1,STD,1841.0,crypto.com Arena,Los Angeles,CA,True,0,0.0,4,3,STATUS_FINAL,post,True,Final,Final,Final,4,13,s:40~l:46~t:13,Los Angeles,Lakers,LAL,Los Angeles Lakers,Lakers,552583,fdb927,True,1841.0,https://a.espncdn.com/i/teamlogos/nba/500/scoreboard/lal.png,120,True,29,s:40~l:46~t:29,Memphis,Grizzlies,MEM,Memphis Grizzlies,Grizzlies,True,114,False,401810356,2026,2,5d76a9,12173f,1392.0,https://a.espncdn.com/i/teamlogos/nba/500/scoreboard/mem.png,,True,https://raw.githubusercontent.com/sportsdataverse/hoopR-nba-raw/main/nba/json/final/401810356.json,2026-01-04 21:30:00,2026-01-04,True,MEM @ LAL
401810355,s:40~l:46~e:401810355~c:401810355,2026-01-05,15892,True,False,False,False,2026-01-05T02:00Z,,,1,STD,5310.0,Golden 1 Center,Sacramento,CA,True,720,12:00,4,3,STATUS_FINAL,post,True,Final,Final,Final,4,23,s:40~l:46~t:23,Sacramento,Kings,SAC,Sacramento Kings,Kings,5a2d81,6a7a82,True,2247.0,https://a.espncdn.com/i/teamlogos/nba/500/scoreboard/sac.png,98,False,15,s:40~l:46~t:15,Milwaukee,Bucks,MIL,Milwaukee Bucks,Bucks,True,115,True,401810355,2026,2,00471b,eee1c6,2099.0,https://a.espncdn.com/i/teamlogos/nba/500/scoreboard/mil.png,,True,https://raw.githubusercontent.com/sportsdataverse/hoopR-nba-raw/main/nba/json/final/401810355.json,2026-01-04 21:00:00,2026-01-04,True,MIL @ SAC
401810354,s:40~l:46~e:401810354~c:401810354,2026-01-05,17071,True,False,False,False,2026-01-05T01:00Z,,,1,STD,1949.0,Mortgage Matchup Center,Phoenix,AZ,True,720,12:00,4,3,STATUS_FINAL,post,True,Final,Final,Final,4,21,s:40~l:46~t:21,Phoenix,Suns,PHX,Phoenix Suns,Suns,29127a,e56020,True,1949.0,https://a.espncdn.com/i/teamlogos/nba/500/scoreboard/phx.png,108,True,25,s:40~l:46~t:25,Oklahoma City,Thunder,OKC,Oklahoma City Thunder,Thunder,True,105,False,401810354,2026,2,007ac1,ef3b24,2559.0,https://a.espncdn.com/i/teamlogos/nba/500/scoreboard/okc.png,,True,https://raw.githubusercontent.com/sportsdataverse/hoopR-nba-raw/main/nba/json/final/401810354.json,2026-01-04 20:00:00,2026-01-04,True,OKC @ PHX
401810352,s:40~l:46~e:401810352~c:401810352,2026-01-04,19600,True,False,False,False,2026-01-04T23:00Z,,,1,STD,3438.0,Kaseya Center,Miami,FL,True,0,0.0,4,3,STATUS_FINAL,post,True,Final,Final,Final,4,14,s:40~l:46~t:14,Miami,Heat,MIA,Miami Heat,Heat,98002e,000000,True,3438.0,https://a.espncdn.com/i/teamlogos/nba/500/scoreboard/mia.png,125,True,3,s:40~l:46~t:3,New Orleans,Pelicans,NO,New Orleans Pelicans,Pelicans,True,106,False,401810352,2026,2,0a2240,b4975a,985.0,https://a.espncdn.com/i/teamlogos/nba/500/scoreboard/no.png,,True,https://raw.githubusercontent.com/sportsdataverse/hoopR-nba-raw/main/nba/json/final/401810352.json,2026-01-04 18:00:00,2026-01-04,True,NOP @ MIA
401810353,s:40~l:46~e:401810353~c:401810353,2026-01-04,16728,True,False,False,False,2026-01-04T23:00Z,,,1,STD,1823.0,Capital One Arena,Washington,DC,True,0,0.0,4,3,STATUS_FINAL,post,True,Final,Final,Final,4,27,s:40~l:46~t:27,Washington,Wizards,WSH,Washington Wizards,Wizards,e31837,002b5c,True,1823.0,https://a.espncdn.com/i/teamlogos/nba/500/scoreboard/wsh.png,115,False,16,s:40~l:46~t:16,Minnesota,Timberwolves,MIN,Minnesota Timberwolves,Timberwolves,True,141,True,401810353,2026,2,266092,79bc43,2029.0,https://a.espncdn.com/i/teamlogos/nba/500/scoreboard/min.png,,True,https://raw.githubusercontent.com/sportsdataverse/hoopR-nba-raw/main/nba/json/final/401810353.json,2026-01-04 18:00:00,2026-01-04,True,MIN @ WAS
401810351,s:40~l:46~e:401810351~c:401810351,2026-01-04,17548,True,False,False,False,2026-01-04T20:30Z,,,1,STD,3559.0,Barclays Center,Brooklyn,NY,True,720,12:00,4,3,STATUS_FINAL,post,True,Final,Final,Final,4,17,s:40~l:46~t:17,Brooklyn,Nets,BKN,Brooklyn Nets,Nets,000000,ffffff,True,1826.0,https://a.espncdn.com/i/teamlogos/nba/500/scoreboard/bkn.png,127,True,7,s:40~l:46~t:7,Denver,Nuggets,DEN,Denver Nuggets,Nuggets,True,115,False,401810351,2026,2,0e2240,fec524,892.0,https://a.espncdn.com/i/teamlogos/nba/500/scoreboard/den.png,,True,https://raw.githubusercontent.com/sportsdataverse/hoopR-nba-raw/main/nba/json/final/401810351.json,2026-01-04 15:30:00,2026-01-04,True,DEN @ BKN
401810350,s:40~l:46~e:401810350~c:401810350,2026-01-04,19382,True,False,False,False,2026-01-04T20:00Z,,,1,STD,3432.0,Kia Center,Orlando,FL,True,0,0.0,4,3,STATUS_FINAL,post,True,Final,Final,Final,4,19,s:40~l:46~t:19,Orlando,Magic,ORL,Orlando Magic,Magic,0150b5,9ca0a3,True,3432.0,https://a.espncdn.com/i/teamlogos/nba/500/scoreboard/orl.png,135,True,11,s:40~l:46~t:11,Indiana,Pacers,IND,Indiana Pacers,Pacers,True,127,False,401810350,2026,2,0c2340,ffd520,2183.0,https://a.espncdn.com/i/teamlogos/nba/500/scoreboard/ind.png,,True,https://raw.githubusercontent.com/sportsdataverse/hoopR-nba-raw/main/nba/json/final/401810350.json,2026-01-04 15:00:00,2026-01-04,True,IND @ ORL
401810349,s:40~l:46~e:401810349~c:401810349,2026-01-04,19432,True,False,False,False,2026-01-04T19:00Z,,,1,STD,3417.0,Rocket Arena,Cleveland,OH,True,720,12:00,4,3,STATUS_FINAL,post,True,Final,Final,Final,4,5,s:40~l:46~t:5,Cleveland,Cavaliers,CLE,Cleveland Cavaliers,Cavaliers,860038,bc945c,True,3417.0,https://a.espncdn.com/i/teamlogos/nba/500/scoreboard/cle.png,110,False,8,s:40~l:46~t:8,Detroit,Pistons,DET,Detroit Pistons,Pistons,True,114,True,401810349,2026,2,1d428a,c8102e,5311.0,https://a.espncdn.com/i/teamlogos/nba/500/scoreboard/det.png,,True,https://raw.githubusercontent.com/sportsdataverse/hoopR-nba-raw/main/nba/json/final/401810349.json,2026-01-04 14:00:00,2026-01-04,True,DET @ CLE
401810348,s:40~l:46~e:401810348~c:401810348,2026-01-04,17927,True,False,False,False,2026-01-04T03:30Z,,,1,STD,10642.0,Intuit Dome,Inglewood,CA,True,720,12:00,4,3,STATUS_FINAL,post,True,Final,Final,Final,4,12,s:40~l:46~t:12,LA,Clippers,LAC,LA Clippers,Clippers,12173f,c8102e,True,1841.0,https://a.espncdn.com/i/teamlogos/nba/500/scoreboard/lac.png,115,False,2,s:40~l:46~t:2,Boston,Celtics,BOS,Boston Celtics,Celtics,True,146,True,401810348,2026,2,008348,ffffff,1824.0,https://a.espncdn.com/i/teamlogos/nba/500/scoreboard/bos.png,,True,https://raw.githubusercontent.com/sportsdataverse/hoopR-nba-raw/main/nba/json/final/401810348.json,2026-01-03 22:30:00,2026-01-03,True,BOS @ LAC
401810347,s:40~l:46~e:401810347~c:401810347,2026-01-04,18064,True,False,False,False,2026-01-04T03:00Z,,,1,STD,6270.0,Chase Center,San Francisco,CA,True,720,12:00,4,3,STATUS_FINAL,post,True,Final,Final,Final,4,9,s:40~l:46~t:9,Golden State,Warriors,GS,Golden State Warriors,Warriors,fdb927,1d428a,True,2465.0,https://a.espncdn.com/i/teamlogos/nba/500/scoreboard/gs.png,123,True,26,s:40~l:46~t:26,Utah,Jazz,UTAH,Utah Jazz,Jazz,True,114,False,401810347,2026,2,4e008e,79a3dc,3093.0,https://a.espncdn.com/i/teamlogos/nba/500/scoreboard/utah.png,,True,https://raw.githubusercontent.com/sportsdataverse/hoopR-nba-raw/main/nba/json/final/401810347.json,2026-01-03 22:00:00,2026-01-03,True,UTA @ GSW
401810346,s:40~l:46~e:401810346~c:401810346,2026-01-04,19703,True,False,False,False,2026-01-04T01:30Z,,,1,STD,516.0,American Airlines Center,Dallas,TX,True,720,12:00,4,3,STATUS_FINAL,post,True,Final,Final,Final,4,6,s:40~l:46~t:6,Dallas,Mavericks,DAL,Dallas Mavericks,Mavericks,0064b1,bbc4ca,True,516.0,https://a.espncdn.com/i/teamlogos/nba/500/scoreboard/dal.png,110,True,10,s:40~l:46~t:10,Houston,Rockets,HOU,Houston Rockets,Rockets,True,104,False,401810346,2026,2,ce1141,000000,1394.0,https://a.espncdn.com/i/teamlogos/nba/500/scoreboard/hou.png,,True,https://raw.githubusercontent.com/sportsdataverse/hoopR-nba-raw/main/nba/json/final/401810346.json,2026-01-03 20:30:00,2026-01-03,True,HOU @ DAL
401810344,s:40~l:46~e:401810344~c:401810344,2026-01-04,21315,True,False,False,False,2026-01-04T01:00Z,,,1,STD,1847.0,United Center,Chicago,IL,True,0,0.0,4,3,STATUS_FINAL,post,True,Final,Final,Final,4,4,s:40~l:46~t:4,Chicago,Bulls,CHI,Chicago Bulls,Bulls,ce1141,000000,True,1847.0,https://a.espncdn.com/i/teamlogos/nba/500/scoreboard/chi.png,99,False,30,s:40~l:46~t:30,Charlotte,Hornets,CHA,Charlotte Hornets,Hornets,True,112,True,401810344,2026,2,008ca8,1d1060,1893.0,https://a.espncdn.com/i/teamlogos/nba/500/scoreboard/cha.png,,True,https://raw.githubusercontent.com/sportsdataverse/hoopR-nba-raw/main/nba/json/final/401810344.json,2026-01-03 20:00:00,2026-01-03,True,CHA @ CHI
401810345,s:40~l:46~e:401810345~c:401810345,2026-01-04,18652,True,False,False,False,2026-01-04T01:00Z,,,1,STD,780.0,Frost Bank Center,San Antonio,TX,True,0,0.0,4,3,STATUS_FINAL,post,True,Final,Final,Final,4,24,s:40~l:46~t:24,San Antonio,Spurs,SA,San Antonio Spurs,Spurs,000000,c4ced4,True,780.0,https://a.espncdn.com/i/teamlogos/nba/500/scoreboard/sa.png,110,False,22,s:40~l:46~t:22,Portland,Trail Blazers,POR,Portland Trail Blazers,Trail Blazers,True,115,True,401810345,2026,2,e03a3e,000000,3423.0,https://a.espncdn.com/i/teamlogos/nba/500/scoreboard/por.png,,True,https://raw.githubusercontent.com/sportsdataverse/hoopR-nba-raw/main/nba/json/final/401810345.json,2026-01-03 20:00:00,2026-01-03,True,POR @ SAS
401810342,s:40~l:46~e:401810342~c:401810342,2026-01-04,19390,True,False,False,False,2026-01-04T00:30Z,,,1,STD,1830.0,Madison Square Garden,New York,NY,True,0,0.0,4,3,STATUS_FINAL,post,True,Final,Final,Final,4,18,s:40~l:46~t:18,New York,Knicks,NY,New York Knicks,Knicks,1d428a,f58426,True,1830.0,https://a.espncdn.com/i/teamlogos/nba/500/scoreboard/ny.png,119,False,20,s:40~l:46~t:20,Philadelphia,76ers,PHI,Philadelphia 76ers,76ers,True,130,True,401810342,2026,2,1d428a,e01234,1845.0,https://a.espncdn.com/i/teamlogos/nba/500/scoreboard/phi.png,,True,https://raw.githubusercontent.com/sportsdataverse/hoopR-nba-raw/main/nba/json/final/401810342.json,2026-01-03 19:30:00,2026-01-03,True,PHI @ NYK
401810343,s:40~l:46~e:401810343~c:401810343,2026-01-04,19028,True,False,False,False,2026-01-04T00:30Z,,,1,STD,1838.0,Scotiabank Arena,Toronto,ON,True,0,0.0,4,3,STATUS_FINAL,post,True,Final,Final,Final,4,28,s:40~l:46~t:28,Toronto,Raptors,TOR,Toronto Raptors,Raptors,d91244,000000,True,1838.0,https://a.espncdn.com/i/teamlogos/nba/500/scoreboard/tor.png,134,True,1,s:40~l:46~t:1,Atlanta,Hawks,ATL,Atlanta Hawks,Hawks,True,117,False,401810343,2026,2,c8102e,fdb927,1827.0,https://a.espncdn.com/i/teamlogos/nba/500/scoreboard/atl.png,,True,https://raw.githubusercontent.com/sportsdataverse/hoopR-nba-raw/main/nba/json/final/401810343.json,2026-01-03 19:30:00,2026-01-03,True,ATL @ TOR
401810341,s:40~l:46~e:401810341~c:401810341,2026-01-03,19893,True,False,False,False,2026-01-03T22:00Z,,,1,STD,3438.0,Kaseya Center,Miami,FL,True,720,12:00,4,3,STATUS_FINAL,post,True,Final,Final,Final,4,14,s:40~l:46~t:14,Miami,Heat,MIA,Miami Heat,Heat,98002e,000000,True,3438.0,https://a.espncdn.com/i/teamlogos/nba/500/scoreboard/mia.png,115,False,16,s:40~l:46~t:16,Minnesota,Timberwolves,MIN,Minnesota Timberwolves,Timberwolves,True,125,True,401810341,2026,2,266092,79bc43,2029.0,https://a.espncdn.com/i/teamlogos/nba/500/scoreboard/min.png,,True,https://raw.githubusercontent.com/sportsdataverse/hoopR-nba-raw/main/nba/json/final/401810341.json,2026-01-03 17:00:00,2026-01-03,True,MIN @ MIA
401810340,s:40~l:46~e:401810340~c:401810340,2026-01-03,18997,True,False,False,False,2026-01-03T03:30Z,,,1,STD,1841.0,crypto.com Arena,Los Angeles,CA,True,0,0.0,4,3,STATUS_FINAL,post,True,Final,Final,Final,4,13,s:40~l:46~t:13,Los Angeles,Lakers,LAL,Los Angeles Lakers,Lakers,552583,fdb927,True,1841.0,https://a.espncdn.com/i/teamlogos/nba/500/scoreboard/lal.png,128,True,29,s:40~l:46~t:29,Memphis,Grizzlies,MEM,Memphis Grizzlies,Grizzlies,True,121,False,401810340,2026,2,5d76a9,12173f,1392.0,https://a.espncdn.com/i/teamlogos/nba/500/scoreboard/mem.png,,True,https://raw.githubusercontent.com/sportsdataverse/hoopR-nba-raw/main/nba/json/final/401810340.json,2026-01-02 22:30:00,2026-01-02,True,MEM @ LAL
401810339,s:40~l:46~e:401810339~c:401810339,2026-01-03,18064,True,False,False,False,2026-01-03T03:00Z,,,1,STD,6270.0,Chase Center,San Francisco,CA,True,720,12:00,4,3,STATUS_FINAL,post,True,Final,Final,Final,4,9,s:40~l:46~t:9,Golden State,Warriors,GS,Golden State Warriors,Warriors,fdb927,1d428a,True,2465.0,https://a.espncdn.com/i/teamlogos/nba/500/scoreboard/gs.png,94,False,25,s:40~l:46~t:25,Oklahoma City,Thunder,OKC,Oklahoma City Thunder,Thunder,True,131,True,401810339,2026,2,007ac1,ef3b24,2559.0,https://a.espncdn.com/i/teamlogos/nba/500/scoreboard/okc.png,,True,https://raw.githubusercontent.com/sportsdataverse/hoopR-nba-raw/main/nba/json/final/401810339.json,2026-01-02 22:00:00,2026-01-02,True,OKC @ GSW
401810338,s:40~l:46~e:401810338~c:401810338,2026-01-03,17071,True,False,False,False,2026-01-03T02:00Z,,,1,STD,1949.0,Mortgage Matchup Center,Phoenix,AZ,True,720,12:00,4,3,STATUS_FINAL,post,True,Final,Final,Final,4,21,s:40~l:46~t:21,Phoenix,Suns,PHX,Phoenix Suns,Suns,29127a,e56020,True,1949.0,https://a.espncdn.com/i/teamlogos/nba/500/scoreboard/phx.png,129,True,23,s:40~l:46~t:23,Sacramento,Kings,SAC,Sacramento Kings,Kings,True,102,False,401810338,2026,2,5a2d81,6a7a82,2247.0,https://a.espncdn.com/i/teamlogos/nba/500/scoreboard/sac.png,,True,https://raw.githubusercontent.com/sportsdataverse/hoopR-nba-raw/main/nba/json/final/401810338.json,2026-01-02 21:00:00,2026-01-02,True,SAC @ PHX
401810335,s:40~l:46~e:401810335~c:401810335,2026-01-03,21245,True,False,False,False,2026-01-03T01:00Z,,,1,STD,1847.0,United Center,Chicago,IL,True,0,0.0,4,3,STATUS_FINAL,post,True,Final,Final,Final,4,4,s:40~l:46~t:4,Chicago,Bulls,CHI,Chicago Bulls,Bulls,ce1141,000000,True,1847.0,https://a.espncdn.com/i/teamlogos/nba/500/scoreboard/chi.png,121,True,19,s:40~l:46~t:19,Orlando,Magic,ORL,Orlando Magic,Magic,True,114,False,401810335,2026,2,0150b5,9ca0a3,3432.0,https://a.espncdn.com/i/teamlogos/nba/500/scoreboard/orl.png,,True,https://raw.githubusercontent.com/sportsdataverse/hoopR-nba-raw/main/nba/json/final/401810335.json,2026-01-02 20:00:00,2026-01-02,True,ORL @ CHI
401810336,s:40~l:46~e:401810336~c:401810336,2026-01-03,17673,True,False,False,False,2026-01-03T01:00Z,,,1,STD,5777.0,Fiserv Forum,Milwaukee,WI,True,0,0.0,4,3,STATUS_FINAL,post,True,Final,Final,Final,4,15,s:40~l:46~t:15,Milwaukee,Bucks,MIL,Milwaukee Bucks,Bucks,00471b,eee1c6,True,2099.0,https://a.espncdn.com/i/teamlogos/nba/500/scoreboard/mil.png,122,True,30,s:40~l:46~t:30,Charlotte,Hornets,CHA,Charlotte Hornets,Hornets,True,121,False,401810336,2026,2,008ca8,1d1060,1893.0,https://a.espncdn.com/i/teamlogos/nba/500/scoreboard/cha.png,,True,https://raw.githubusercontent.com/sportsdataverse/hoopR-nba-raw/main/nba/json/final/401810336.json,2026-01-02 20:00:00,2026-01-02,True,CHA @ MIL
401810337,s:40~l:46~e:401810337~c:401810337,2026-01-03,16812,True,False,False,False,2026-01-03T01:00Z,,,1,STD,985.0,Smoothie King Center,New Orleans,LA,True,0,0.0,4,3,STATUS_FINAL,post,True,Final,Final,Final,4,3,s:40~l:46~t:3,New Orleans,Pelicans,NO,New Orleans Pelicans,Pelicans,0a2240,b4975a,True,985.0,https://a.espncdn.com/i/teamlogos/nba/500/scoreboard/no.png,109,False,22,s:40~l:46~t:22,Portland,Trail Blazers,POR,Portland Trail Blazers,Trail Blazers,True,122,True,401810337,2026,2,e03a3e,000000,3423.0,https://a.espncdn.com/i/teamlogos/nba/500/scoreboard/por.png,,True,https://raw.githubusercontent.com/sportsdataverse/hoopR-nba-raw/main/nba/json/final/401810337.json,2026-01-02 20:00:00,2026-01-02,True,POR @ NOP
401810333,s:40~l:46~e:401810333~c:401810333,2026-01-03,19432,True,False,False,False,2026-01-03T00:30Z,,,1,STD,3417.0,Rocket Arena,Cleveland,OH,True,0,0.0,4,3,STATUS_FINAL,post,True,Final,Final,Final,4,5,s:40~l:46~t:5,Cleveland,Cavaliers,CLE,Cleveland Cavaliers,Cavaliers,860038,bc945c,True,3417.0,https://a.espncdn.com/i/teamlogos/nba/500/scoreboard/cle.png,113,True,7,s:40~l:46~t:7,Denver,Nuggets,DEN,Denver Nuggets,Nuggets,True,108,False,401810333,2026,2,0e2240,fec524,892.0,https://a.espncdn.com/i/teamlogos/nba/500/scoreboard/den.png,,True,https://raw.githubusercontent.com/sportsdataverse/hoopR-nba-raw/main/nba/json/final/401810333.json,2026-01-02 19:30:00,2026-01-02,True,DEN @ CLE
401810334,s:40~l:46~e:401810334~c:401810334,2026-01-03,19812,True,False,False,False,2026-01-03T00:30Z,,,1,STD,1830.0,Madison Square Garden,New York,NY,True,0,0.0,4,3,STATUS_FINAL,post,True,Final,Final,Final,4,18,s:40~l:46~t:18,New York,Knicks,NY,New York Knicks,Knicks,1d428a,f58426,True,1830.0,https://a.espncdn.com/i/teamlogos/nba/500/scoreboard/ny.png,99,False,1,s:40~l:46~t:1,Atlanta,Hawks,ATL,Atlanta Hawks,Hawks,True,111,True,401810334,2026,2,c8102e,fdb927,1827.0,https://a.espncdn.com/i/teamlogos/nba/500/scoreboard/atl.png,,True,https://raw.githubusercontent.com/sportsdataverse/hoopR-nba-raw/main/nba/json/final/401810334.json,2026-01-02 19:30:00,2026-01-02,True,ATL @ NYK
401810331,s:40~l:46~e:401810331~c:401810331,2026-01-03,17013,True,False,False,False,2026-01-03T00:00Z,,,1,STD,2183.0,Gainbridge Fieldhouse,Indianapolis,IN,True,0,0.0,4,3,STATUS_FINAL,post,True,Final,Final,Final,4,11,s:40~l:46~t:11,Indiana,Pacers,IND,Indiana Pacers,Pacers,0c2340,ffd520,True,2183.0,https://a.espncdn.com/i/teamlogos/nba/500/scoreboard/ind.png,113,False,24,s:40~l:46~t:24,San Antonio,Spurs,SA,San Antonio Spurs,Spurs,True,123,True,401810331,2026,2,000000,c4ced4,780.0,https://a.espncdn.com/i/teamlogos/nba/500/scoreboard/sa.png,,True,https://raw.githubusercontent.com/sportsdataverse/hoopR-nba-raw/main/nba/json/final/401810331.json,2026-01-02 19:00:00,2026-01-02,True,SAS @ IND
401810332,s:40~l:46~e:401810332~c:401810332,2026-01-03,16486,True,False,False,False,2026-01-03T00:00Z,,,1,STD,1823.0,Capital One Arena,Washington,DC,True,0,0.0,4,3,STATUS_FINAL,post,True,Final,Final,Final,4,27,s:40~l:46~t:27,Washington,Wizards,WSH,Washington Wizards,Wizards,e31837,002b5c,True,1823.0,https://a.espncdn.com/i/teamlogos/nba/500/scoreboard/wsh.png,119,True,17,s:40~l:46~t:17,Brooklyn,Nets,BKN,Brooklyn Nets,Nets,True,99,False,401810332,2026,2,000000,ffffff,1826.0,https://a.espncdn.com/i/teamlogos/nba/500/scoreboard/bkn.png,,True,https://raw.githubusercontent.com/sportsdataverse/hoopR-nba-raw/main/nba/json/final/401810332.json,2026-01-02 19:00:00,2026-01-02,True,BKN @ WAS
401810330,s:40~l:46~e:401810330~c:401810330,2026-01-02,17927,True,False,False,False,2026-01-02T03:30Z,,,1,STD,10642.0,Intuit Dome,Inglewood,CA,True,720,12:00,4,3,STATUS_FINAL,post,True,Final,Final,Final,4,12,s:40~l:46~t:12,LA,Clippers,LAC,LA Clippers,Clippers,12173f,c8102e,True,1841.0,https://a.espncdn.com/i/teamlogos/nba/500/scoreboard/lac.png,118,True,26,s:40~l:46~t:26,Utah,Jazz,UTAH,Utah Jazz,Jazz,True,101,False,401810330,2026,2,4e008e,79a3dc,3093.0,https://a.espncdn.com/i/teamlogos/nba/500/scoreboard/utah.png,,True,https://raw.githubusercontent.com/sportsdataverse/hoopR-nba-raw/main/nba/json/final/401810330.json,2026-01-01 22:30:00,2026-01-01,True,UTA @ LAC
401810329,s:40~l:46~e:401810329~c:401810329,2026-01-02,17832,True,False,False,False,2026-01-02T03:00Z,,,1,STD,5310.0,Golden 1 Center,Sacramento,CA,True,720,12:00,4,3,STATUS_FINAL,post,True,Final,Final,Final,4,23,s:40~l:46~t:23,Sacramento,Kings,SAC,Sacramento Kings,Kings,5a2d81,6a7a82,True,2247.0,https://a.espncdn.com/i/teamlogos/nba/500/scoreboard/sac.png,106,False,2,s:40~l:46~t:2,Boston,Celtics,BOS,Boston Celtics,Celtics,True,120,True,401810329,2026,2,008348,ffffff,1824.0,https://a.espncdn.com/i/teamlogos/nba/500/scoreboard/bos.png,,True,https://raw.githubusercontent.com/sportsdataverse/hoopR-nba-raw/main/nba/json/final/401810329.json,2026-01-01 22:00:00,2026-01-01,True,BOS @ SAC
401810328,s:40~l:46~e:401810328~c:401810328,2026-01-02,19832,True,False,False,False,2026-01-02T01:30Z,,,1,STD,516.0,American Airlines Center,Dallas,TX,True,720,12:00,4,3,STATUS_FINAL,post,True,Final,Final,Final,4,6,s:40~l:46~t:6,Dallas,Mavericks,DAL,Dallas Mavericks,Mavericks,0064b1,bbc4ca,True,516.0,https://a.espncdn.com/i/teamlogos/nba/500/scoreboard/dal.png,108,False,20,s:40~l:46~t:20,Philadelphia,76ers,PHI,Philadelphia 76ers,76ers,True,123,True,401810328,2026,2,1d428a,e01234,1845.0,https://a.espncdn.com/i/teamlogos/nba/500/scoreboard/phi.png,,True,https://raw.githubusercontent.com/sportsdataverse/hoopR-nba-raw/main/nba/json/final/401810328.json,2026-01-01 20:30:00,2026-01-01,True,PHI @ DAL
401810327,s:40~l:46~e:401810327~c:401810327,2026-01-02,20062,True,False,False,False,2026-01-02T00:00Z,,,1,STD,5404.0,Little Caesars Arena,Detroit,MI,True,720,12:00,4,3,STATUS_FINAL,post,True,Final,Final,Final,4,8,s:40~l:46~t:8,Detroit,Pistons,DET,Detroit Pistons,Pistons,1d428a,c8102e,True,5311.0,https://a.espncdn.com/i/teamlogos/nba/500/scoreboard/det.png,112,False,14,s:40~l:46~t:14,Miami,Heat,MIA,Miami Heat,Heat,True,118,True,401810327,2026,2,98002e,000000,3438.0,https://a.espncdn.com/i/teamlogos/nba/500/scoreboard/mia.png,,True,https://raw.githubusercontent.com/sportsdataverse/hoopR-nba-raw/main/nba/json/final/401810327.json,2026-01-01 19:00:00,2026-01-01,True,MIA @ DET
401810326,s:40~l:46~e:401810326~c:401810326,2026-01-01,18003,True,False,False,False,2026-01-01T23:00Z,,,1,STD,3559.0,Barclays Center,Brooklyn,NY,True,720,12:00,4,3,STATUS_FINAL,post,True,Final,Final,Final,4,17,s:40~l:46~t:17,Brooklyn,Nets,BKN,Brooklyn Nets,Nets,000000,ffffff,True,1826.0,https://a.espncdn.com/i/teamlogos/nba/500/scoreboard/bkn.png,96,False,10,s:40~l:46~t:10,Houston,Rockets,HOU,Houston Rockets,Rockets,True,120,True,401810326,2026,2,ce1141,000000,1394.0,https://a.espncdn.com/i/teamlogos/nba/500/scoreboard/hou.png,,True,https://raw.githubusercontent.com/sportsdataverse/hoopR-nba-raw/main/nba/json/final/401810326.json,2026-01-01 18:00:00,2026-01-01,True,HOU @ BKN
401810324,s:40~l:46~e:401810324~c:401810324,2026-01-01,17341,True,False,False,False,2026-01-01T01:00Z,,,1,STD,5777.0,Fiserv Forum,Milwaukee,WI,True,0,0.0,4,3,STATUS_FINAL,post,True,Final,Final,Final,4,15,s:40~l:46~t:15,Milwaukee,Bucks,MIL,Milwaukee Bucks,Bucks,00471b,eee1c6,True,2099.0,https://a.espncdn.com/i/teamlogos/nba/500/scoreboard/mil.png,113,False,27,s:40~l:46~t:27,Washington,Wizards,WSH,Washington Wizards,Wizards,True,114,True,401810324,2026,2,e31837,002b5c,1823.0,https://a.espncdn.com/i/teamlogos/nba/500/scoreboard/wsh.png,,True,https://raw.githubusercontent.com/sportsdataverse/hoopR-nba-raw/main/nba/json/final/401810324.json,2025-12-31 20:00:00,2025-12-31,True,WAS @ MIL
401810325,s:40~l:46~e:401810325~c:401810325,2026-01-01,18203,True,False,False,False,2026-01-01T01:00Z,,,1,STD,2559.0,Paycom Center,Oklahoma City,OK,True,0,0.0,4,3,STATUS_FINAL,post,True,Final,Final,Final,4,25,s:40~l:46~t:25,Oklahoma City,Thunder,OKC,Oklahoma City Thunder,Thunder,007ac1,ef3b24,True,2559.0,https://a.espncdn.com/i/teamlogos/nba/500/scoreboard/okc.png,124,True,22,s:40~l:46~t:22,Portland,Trail Blazers,POR,Portland Trail Blazers,Trail Blazers,True,95,False,401810325,2026,2,e03a3e,000000,3423.0,https://a.espncdn.com/i/teamlogos/nba/500/scoreboard/por.png,,True,https://raw.githubusercontent.com/sportsdataverse/hoopR-nba-raw/main/nba/json/final/401810325.json,2025-12-31 20:00:00,2025-12-31,True,POR @ OKC
401810323,s:40~l:46~e:401810323~c:401810323,2026-01-01,19181,True,False,False,False,2026-01-01T00:30Z,,,1,STD,1838.0,Scotiabank Arena,Toronto,ON,True,0,0.0,4,3,STATUS_FINAL,post,True,Final,Final,Final,4,28,s:40~l:46~t:28,Toronto,Raptors,TOR,Toronto Raptors,Raptors,d91244,000000,True,1838.0,https://a.espncdn.com/i/teamlogos/nba/500/scoreboard/tor.png,103,False,7,s:40~l:46~t:7,Denver,Nuggets,DEN,Denver Nuggets,Nuggets,True,106,True,401810323,2026,2,0e2240,fec524,892.0,https://a.espncdn.com/i/teamlogos/nba/500/scoreboard/den.png,,True,https://raw.githubusercontent.com/sportsdataverse/hoopR-nba-raw/main/nba/json/final/401810323.json,2025-12-31 19:30:00,2025-12-31,True,DEN @ TOR
401810321,s:40~l:46~e:401810321~c:401810321,2026-01-01,20527,True,False,False,False,2026-01-01T00:00Z,,,1,STD,1847.0,United Center,Chicago,IL,True,0,0.0,4,3,STATUS_FINAL,post,True,Final,Final,Final,4,4,s:40~l:46~t:4,Chicago,Bulls,CHI,Chicago Bulls,Bulls,ce1141,000000,True,1847.0,https://a.espncdn.com/i/teamlogos/nba/500/scoreboard/chi.png,134,True,3,s:40~l:46~t:3,New Orleans,Pelicans,NO,New Orleans Pelicans,Pelicans,True,118,False,401810321,2026,2,0a2240,b4975a,985.0,https://a.espncdn.com/i/teamlogos/nba/500/scoreboard/no.png,,True,https://raw.githubusercontent.com/sportsdataverse/hoopR-nba-raw/main/nba/json/final/401810321.json,2025-12-31 19:00:00,2025-12-31,True,NOP @ CHI
401810322,s:40~l:46~e:401810322~c:401810322,2026-01-01,18602,True,False,False,False,2026-01-01T00:00Z,,,1,STD,780.0,Frost Bank Center,San Antonio,TX,True,0,0.0,4,3,STATUS_FINAL,post,True,Final,Final,Final,4,24,s:40~l:46~t:24,San Antonio,Spurs,SA,San Antonio Spurs,Spurs,000000,c4ced4,True,780.0,https://a.espncdn.com/i/teamlogos/nba/500/scoreboard/sa.png,134,True,18,s:40~l:46~t:18,New York,Knicks,NY,New York Knicks,Knicks,True,132,False,401810322,2026,2,1d428a,f58426,1830.0,https://a.espncdn.com/i/teamlogos/nba/500/scoreboard/ny.png,,True,https://raw.githubusercontent.com/sportsdataverse/hoopR-nba-raw/main/nba/json/final/401810322.json,2025-12-31 19:00:00,2025-12-31,True,NYK @ SAS
401810320,s:40~l:46~e:401810320~c:401810320,2025-12-31,19432,True,False,False,False,2025-12-31T20:30Z,,,1,STD,3417.0,Rocket Arena,Cleveland,OH,True,720,12:00,4,3,STATUS_FINAL,post,True,Final,Final,Final,4,5,s:40~l:46~t:5,Cleveland,Cavaliers,CLE,Cleveland Cavaliers,Cavaliers,860038,bc945c,True,3417.0,https://a.espncdn.com/i/teamlogos/nba/500/scoreboard/cle.png,129,True,21,s:40~l:46~t:21,Phoenix,Suns,PHX,Phoenix Suns,Suns,True,113,False,401810320,2026,2,29127a,e56020,1949.0,https://a.espncdn.com/i/teamlogos/nba/500/scoreboard/phx.png,,True,https://raw.githubusercontent.com/sportsdataverse/hoopR-nba-raw/main/nba/json/final/401810320.json,2025-12-31 15:30:00,2025-12-31,True,PHX @ CLE
401810318,s:40~l:46~e:401810318~c:401810318,2025-12-31,16345,True,False,False,False,2025-12-31T20:00Z,,,1,STD,1827.0,State Farm Arena,Atlanta,GA,True,720,12:00,4,3,STATUS_FINAL,post,True,Final,Final,Final,4,1,s:40~l:46~t:1,Atlanta,Hawks,ATL,Atlanta Hawks,Hawks,c8102e,fdb927,True,1827.0,https://a.espncdn.com/i/teamlogos/nba/500/scoreboard/atl.png,126,True,16,s:40~l:46~t:16,Minnesota,Timberwolves,MIN,Minnesota Timberwolves,Timberwolves,True,102,False,401810318,2026,2,266092,79bc43,2029.0,https://a.espncdn.com/i/teamlogos/nba/500/scoreboard/min.png,,True,https://raw.githubusercontent.com/sportsdataverse/hoopR-nba-raw/main/nba/json/final/401810318.json,2025-12-31 15:00:00,2025-12-31,True,MIN @ ATL
401810319,s:40~l:46~e:401810319~c:401810319,2025-12-31,16504,True,False,False,False,2025-12-31T20:00Z,,,1,STD,2183.0,Gainbridge Fieldhouse,Indianapolis,IN,True,720,12:00,4,3,STATUS_FINAL,post,True,Final,Final,Final,4,11,s:40~l:46~t:11,Indiana,Pacers,IND,Indiana Pacers,Pacers,0c2340,ffd520,True,2183.0,https://a.espncdn.com/i/teamlogos/nba/500/scoreboard/ind.png,110,False,19,s:40~l:46~t:19,Orlando,Magic,ORL,Orlando Magic,Magic,True,112,True,401810319,2026,2,0150b5,9ca0a3,3432.0,https://a.espncdn.com/i/teamlogos/nba/500/scoreboard/orl.png,,True,https://raw.githubusercontent.com/sportsdataverse/hoopR-nba-raw/main/nba/json/final/401810319.json,2025-12-31 15:00:00,2025-12-31,True,ORL @ IND
401810317,s:40~l:46~e:401810317~c:401810317,2025-12-31,19685,True,False,False,False,2025-12-31T18:00Z,,,1,STD,1893.0,Spectrum Center,Charlotte,NC,True,720,12:00,4,3,STATUS_FINAL,post,True,Final,Final,Final,4,30,s:40~l:46~t:30,Charlotte,Hornets,CHA,Charlotte Hornets,Hornets,008ca8,1d1060,True,1893.0,https://a.espncdn.com/i/teamlogos/nba/500/scoreboard/cha.png,125,False,9,s:40~l:46~t:9,Golden State,Warriors,GS,Golden State Warriors,Warriors,True,132,True,401810317,2026,2,fdb927,1d428a,2465.0,https://a.espncdn.com/i/teamlogos/nba/500/scoreboard/gs.png,,True,https://raw.githubusercontent.com/sportsdataverse/hoopR-nba-raw/main/nba/json/final/401810317.json,2025-12-31 13:00:00,2025-12-31,True,GSW @ CHA
401810316,s:40~l:46~e:401810316~c:401810316,2025-12-31,17927,True,False,False,False,2025-12-31T04:00Z,,,1,STD,10642.0,Intuit Dome,Inglewood,CA,True,720,12:00,4,3,STATUS_FINAL,post,True,Final,Final,Final,4,12,s:40~l:46~t:12,LA,Clippers,LAC,LA Clippers,Clippers,12173f,c8102e,True,1841.0,https://a.espncdn.com/i/teamlogos/nba/500/scoreboard/lac.png,131,True,23,s:40~l:46~t:23,Sacramento,Kings,SAC,Sacramento Kings,Kings,True,90,False,401810316,2026,2,5a2d81,6a7a82,2247.0,https://a.espncdn.com/i/teamlogos/nba/500/scoreboard/sac.png,,True,https://raw.githubusercontent.com/sportsdataverse/hoopR-nba-raw/main/nba/json/final/401810316.json,2025-12-30 23:00:00,2025-12-30,True,SAC @ LAC
401810315,s:40~l:46~e:401810315~c:401810315,2025-12-31,18997,True,False,False,False,2025-12-31T03:30Z,,,1,STD,1841.0,crypto.com Arena,Los Angeles,CA,True,0,0.0,4,3,STATUS_FINAL,post,True,Final,Final,Final,4,13,s:40~l:46~t:13,Los Angeles,Lakers,LAL,Los Angeles Lakers,Lakers,552583,fdb927,True,1841.0,https://a.espncdn.com/i/teamlogos/nba/500/scoreboard/lal.png,106,False,8,s:40~l:46~t:8,Detroit,Pistons,DET,Detroit Pistons,Pistons,True,128,True,401810315,2026,2,1d428a,c8102e,5311.0,https://a.espncdn.com/i/teamlogos/nba/500/scoreboard/det.png,,True,https://raw.githubusercontent.com/sportsdataverse/hoopR-nba-raw/main/nba/json/final/401810315.json,2025-12-30 22:30:00,2025-12-30,True,DET @ LAL
401810314,s:40~l:46~e:401810314~c:401810314,2025-12-31,18186,True,False,False,False,2025-12-31T02:00Z,,,1,STD,3093.0,Delta Center,Salt Lake City,UT,True,0,0.0,4,3,STATUS_FINAL,post,True,Final,Final,Final,4,26,s:40~l:46~t:26,Utah,Jazz,UTAH,Utah Jazz,Jazz,4e008e,79a3dc,True,3093.0,https://a.espncdn.com/i/teamlogos/nba/500/scoreboard/utah.png,119,False,2,s:40~l:46~t:2,Boston,Celtics,BOS,Boston Celtics,Celtics,True,129,True,401810314,2026,2,008348,ffffff,1824.0,https://a.espncdn.com/i/teamlogos/nba/500/scoreboard/bos.png,,True,https://raw.githubusercontent.com/sportsdataverse/hoopR-nba-raw/main/nba/json/final/401810314.json,2025-12-30 21:00:00,2025-12-30,True,BOS @ UTA
401810313,s:40~l:46~e:401810313~c:401810313,2025-12-31,15668,True,False,False,False,2025-12-31T01:00Z,,,1,STD,1392.0,FedExForum,Memphis,TN,True,0,0.0,5,3,STATUS_FINAL,post,True,Final,Final/OT,Final/OT,4,29,s:40~l:46~t:29,Memphis,Grizzlies,MEM,Memphis Grizzlies,Grizzlies,5d76a9,12173f,True,1392.0,https://a.espncdn.com/i/teamlogos/nba/500/scoreboard/mem.png,136,False,20,s:40~l:46~t:20,Philadelphia,76ers,PHI,Philadelphia 76ers,76ers,True,139,True,401810313,2026,2,1d428a,e01234,1845.0,https://a.espncdn.com/i/teamlogos/nba/500/scoreboard/phi.png,OT,True,https://raw.githubusercontent.com/sportsdataverse/hoopR-nba-raw/main/nba/json/final/401810313.json,2025-12-30 20:00:00,2025-12-30,True,PHI @ MEM
401810312,s:40~l:46~e:401810312~c:401810312,2025-12-30,18067,True,False,False,False,2025-12-30T03:30Z,,,1,STD,3423.0,Moda Center,Portland,OR,True,0,0.0,4,3,STATUS_FINAL,post,True,Final,Final,Final,4,22,s:40~l:46~t:22,Portland,Trail Blazers,POR,Portland Trail Blazers,Trail Blazers,e03a3e,000000,True,3423.0,https://a.espncdn.com/i/teamlogos/nba/500/scoreboard/por.png,125,True,6,s:40~l:46~t:6,Dallas,Mavericks,DAL,Dallas Mavericks,Mavericks,True,122,False,401810312,2026,2,0064b1,bbc4ca,516.0,https://a.espncdn.com/i/teamlogos/nba/500/scoreboard/dal.png,,True,https://raw.githubusercontent.com/sportsdataverse/hoopR-nba-raw/main/nba/json/final/401810312.json,2025-12-29 22:30:00,2025-12-29,True,DAL @ POR
401810307,s:40~l:46~e:401810307~c:401810307,2025-12-30,21429,True,False,False,False,2025-12-30T01:00Z,,,1,STD,1847.0,United Center,Chicago,IL,True,720,12:00,4,3,STATUS_FINAL,post,True,Final,Final,Final,4,4,s:40~l:46~t:4,Chicago,Bulls,CHI,Chicago Bulls,Bulls,ce1141,000000,True,1847.0,https://a.espncdn.com/i/teamlogos/nba/500/scoreboard/chi.png,101,False,16,s:40~l:46~t:16,Minnesota,Timberwolves,MIN,Minnesota Timberwolves,Timberwolves,True,136,True,401810307,2026,2,266092,79bc43,2029.0,https://a.espncdn.com/i/teamlogos/nba/500/scoreboard/min.png,,True,https://raw.githubusercontent.com/sportsdataverse/hoopR-nba-raw/main/nba/json/final/401810307.json,2025-12-29 20:00:00,2025-12-29,True,MIN @ CHI
401810308,s:40~l:46~e:401810308~c:401810308,2025-12-30,18055,True,False,False,False,2025-12-30T01:00Z,,,1,STD,1394.0,Toyota Center (Houston),Houston,TX,True,720,12:00,4,3,STATUS_FINAL,post,True,Final,Final,Final,4,10,s:40~l:46~t:10,Houston,Rockets,HOU,Houston Rockets,Rockets,ce1141,000000,True,1394.0,https://a.espncdn.com/i/teamlogos/nba/500/scoreboard/hou.png,126,True,11,s:40~l:46~t:11,Indiana,Pacers,IND,Indiana Pacers,Pacers,True,119,False,401810308,2026,2,0c2340,ffd520,2183.0,https://a.espncdn.com/i/teamlogos/nba/500/scoreboard/ind.png,,True,https://raw.githubusercontent.com/sportsdataverse/hoopR-nba-raw/main/nba/json/final/401810308.json,2025-12-29 20:00:00,2025-12-29,True,IND @ HOU
401810309,s:40~l:46~e:401810309~c:401810309,2025-12-30,17041,True,False,False,False,2025-12-30T01:00Z,,,1,STD,985.0,Smoothie King Center,New Orleans,LA,True,720,12:00,4,3,STATUS_FINAL,post,True,Final,Final,Final,4,3,s:40~l:46~t:3,New Orleans,Pelicans,NO,New Orleans Pelicans,Pelicans,0a2240,b4975a,True,985.0,https://a.espncdn.com/i/teamlogos/nba/500/scoreboard/no.png,125,False,18,s:40~l:46~t:18,New York,Knicks,NY,New York Knicks,Knicks,True,130,True,401810309,2026,2,1d428a,f58426,1830.0,https://a.espncdn.com/i/teamlogos/nba/500/scoreboard/ny.png,,True,https://raw.githubusercontent.com/sportsdataverse/hoopR-nba-raw/main/nba/json/final/401810309.json,2025-12-29 20:00:00,2025-12-29,True,NYK @ NOP
401810310,s:40~l:46~e:401810310~c:401810310,2025-12-30,18203,True,False,False,False,2025-12-30T01:00Z,,,1,STD,2559.0,Paycom Center,Oklahoma City,OK,True,0,0.0,4,3,STATUS_FINAL,post,True,Final,Final,Final,4,25,s:40~l:46~t:25,Oklahoma City,Thunder,OKC,Oklahoma City Thunder,Thunder,007ac1,ef3b24,True,2559.0,https://a.espncdn.com/i/teamlogos/nba/500/scoreboard/okc.png,140,True,1,s:40~l:46~t:1,Atlanta,Hawks,ATL,Atlanta Hawks,Hawks,True,129,False,401810310,2026,2,c8102e,fdb927,1827.0,https://a.espncdn.com/i/teamlogos/nba/500/scoreboard/atl.png,,True,https://raw.githubusercontent.com/sportsdataverse/hoopR-nba-raw/main/nba/json/final/401810310.json,2025-12-29 20:00:00,2025-12-29,True,ATL @ OKC
401810311,s:40~l:46~e:401810311~c:401810311,2025-12-30,19010,True,False,False,False,2025-12-30T01:00Z,,,1,STD,780.0,Frost Bank Center,San Antonio,TX,True,720,12:00,4,3,STATUS_FINAL,post,True,Final,Final,Final,4,24,s:40~l:46~t:24,San Antonio,Spurs,SA,San Antonio Spurs,Spurs,000000,c4ced4,True,780.0,https://a.espncdn.com/i/teamlogos/nba/500/scoreboard/sa.png,101,False,5,s:40~l:46~t:5,Cleveland,Cavaliers,CLE,Cleveland Cavaliers,Cavaliers,True,113,True,401810311,2026,2,860038,bc945c,3417.0,https://a.espncdn.com/i/teamlogos/nba/500/scoreboard/cle.png,,True,https://raw.githubusercontent.com/sportsdataverse/hoopR-nba-raw/main/nba/json/final/401810311.json,2025-12-29 20:00:00,2025-12-29,True,CLE @ SAS
401810304,s:40~l:46~e:401810304~c:401810304,2025-12-30,18163,True,False,False,False,2025-12-30T00:30Z,,,1,STD,3559.0,Barclays Center,Brooklyn,NY,True,720,12:00,4,3,STATUS_FINAL,post,True,Final,Final,Final,4,17,s:40~l:46~t:17,Brooklyn,Nets,BKN,Brooklyn Nets,Nets,000000,ffffff,True,1826.0,https://a.espncdn.com/i/teamlogos/nba/500/scoreboard/bkn.png,107,False,9,s:40~l:46~t:9,Golden State,Warriors,GS,Golden State Warriors,Warriors,True,120,True,401810304,2026,2,fdb927,1d428a,2465.0,https://a.espncdn.com/i/teamlogos/nba/500/scoreboard/gs.png,,True,https://raw.githubusercontent.com/sportsdataverse/hoopR-nba-raw/main/nba/json/final/401810304.json,2025-12-29 19:30:00,2025-12-29,True,GSW @ BKN
401810305,s:40~l:46~e:401810305~c:401810305,2025-12-30,20047,True,False,False,False,2025-12-30T00:30Z,,,1,STD,3438.0,Kaseya Center,Miami,FL,True,720,12:00,4,3,STATUS_FINAL,post,True,Final,Final,Final,4,14,s:40~l:46~t:14,Miami,Heat,MIA,Miami Heat,Heat,98002e,000000,True,3438.0,https://a.espncdn.com/i/teamlogos/nba/500/scoreboard/mia.png,147,True,7,s:40~l:46~t:7,Denver,Nuggets,DEN,Denver Nuggets,Nuggets,True,123,False,401810305,2026,2,0e2240,fec524,892.0,https://a.espncdn.com/i/teamlogos/nba/500/scoreboard/den.png,,True,https://raw.githubusercontent.com/sportsdataverse/hoopR-nba-raw/main/nba/json/final/401810305.json,2025-12-29 19:30:00,2025-12-29,True,DEN @ MIA
401810306,s:40~l:46~e:401810306~c:401810306,2025-12-30,19800,True,False,False,False,2025-12-30T00:30Z,,,1,STD,1838.0,Scotiabank Arena,Toronto,ON,True,720,12:00,4,3,STATUS_FINAL,post,True,Final,Final,Final,4,28,s:40~l:46~t:28,Toronto,Raptors,TOR,Toronto Raptors,Raptors,d91244,000000,True,1838.0,https://a.espncdn.com/i/teamlogos/nba/500/scoreboard/tor.png,107,True,19,s:40~l:46~t:19,Orlando,Magic,ORL,Orlando Magic,Magic,True,106,False,401810306,2026,2,0150b5,9ca0a3,3432.0,https://a.espncdn.com/i/teamlogos/nba/500/scoreboard/orl.png,,True,https://raw.githubusercontent.com/sportsdataverse/hoopR-nba-raw/main/nba/json/final/401810306.json,2025-12-29 19:30:00,2025-12-29,True,ORL @ TOR
401810302,s:40~l:46~e:401810302~c:401810302,2025-12-30,19562,True,False,False,False,2025-12-30T00:00Z,,,1,STD,1893.0,Spectrum Center,Charlotte,NC,True,720,12:00,4,3,STATUS_FINAL,post,True,Final,Final,Final,4,30,s:40~l:46~t:30,Charlotte,Hornets,CHA,Charlotte Hornets,Hornets,008ca8,1d1060,True,1893.0,https://a.espncdn.com/i/teamlogos/nba/500/scoreboard/cha.png,113,False,15,s:40~l:46~t:15,Milwaukee,Bucks,MIL,Milwaukee Bucks,Bucks,True,123,True,401810302,2026,2,00471b,eee1c6,2099.0,https://a.espncdn.com/i/teamlogos/nba/500/scoreboard/mil.png,,True,https://raw.githubusercontent.com/sportsdataverse/hoopR-nba-raw/main/nba/json/final/401810302.json,2025-12-29 19:00:00,2025-12-29,True,MIL @ CHA
401810303,s:40~l:46~e:401810303~c:401810303,2025-12-30,16982,True,False,False,False,2025-12-30T00:00Z,,,1,STD,1823.0,Capital One Arena,Washington,DC,True,720,12:00,4,3,STATUS_FINAL,post,True,Final,Final,Final,4,27,s:40~l:46~t:27,Washington,Wizards,WSH,Washington Wizards,Wizards,e31837,002b5c,True,1823.0,https://a.espncdn.com/i/teamlogos/nba/500/scoreboard/wsh.png,101,False,21,s:40~l:46~t:21,Phoenix,Suns,PHX,Phoenix Suns,Suns,True,115,True,401810303,2026,2,29127a,e56020,1949.0,https://a.espncdn.com/i/teamlogos/nba/500/scoreboard/phx.png,,True,https://raw.githubusercontent.com/sportsdataverse/hoopR-nba-raw/main/nba/json/final/401810303.json,2025-12-29 19:00:00,2025-12-29,True,PHX @ WAS
401810301,s:40~l:46~e:401810301~c:401810301,2025-12-29,18997,True,False,False,False,2025-12-29T02:30Z,,,1,STD,1841.0,crypto.com Arena,Los Angeles,CA,True,0,0.0,4,3,STATUS_FINAL,post,True,Final,Final,Final,4,13,s:40~l:46~t:13,Los Angeles,Lakers,LAL,Los Angeles Lakers,Lakers,552583,fdb927,True,1841.0,https://a.espncdn.com/i/teamlogos/nba/500/scoreboard/lal.png,125,True,23,s:40~l:46~t:23,Sacramento,Kings,SAC,Sacramento Kings,Kings,True,101,False,401810301,2026,2,5a2d81,6a7a82,2247.0,https://a.espncdn.com/i/teamlogos/nba/500/scoreboard/sac.png,,True,https://raw.githubusercontent.com/sportsdataverse/hoopR-nba-raw/main/nba/json/final/401810301.json,2025-12-28 21:30:00,2025-12-28,True,SAC @ LAL
401810300,s:40~l:46~e:401810300~c:401810300,2025-12-29,17927,True,False,False,False,2025-12-29T02:00Z,,,1,STD,10642.0,Intuit Dome,Inglewood,CA,True,720,12:00,4,3,STATUS_FINAL,post,True,Final,Final,Final,4,12,s:40~l:46~t:12,LA,Clippers,LAC,LA Clippers,Clippers,12173f,c8102e,True,1841.0,https://a.espncdn.com/i/teamlogos/nba/500/scoreboard/lac.png,112,True,8,s:40~l:46~t:8,Detroit,Pistons,DET,Detroit Pistons,Pistons,True,99,False,401810300,2026,2,1d428a,c8102e,5311.0,https://a.espncdn.com/i/teamlogos/nba/500/scoreboard/det.png,,True,https://raw.githubusercontent.com/sportsdataverse/hoopR-nba-raw/main/nba/json/final/401810300.json,2025-12-28 21:00:00,2025-12-28,True,DET @ LAC
401810298,s:40~l:46~e:401810298~c:401810298,2025-12-28,16681,True,False,False,False,2025-12-28T23:00Z,,,1,STD,1823.0,Capital One Arena,Washington,DC,True,720,12:00,4,3,STATUS_FINAL,post,True,Final,Final,Final,4,27,s:40~l:46~t:27,Washington,Wizards,WSH,Washington Wizards,Wizards,e31837,002b5c,True,1823.0,https://a.espncdn.com/i/teamlogos/nba/500/scoreboard/wsh.png,116,True,29,s:40~l:46~t:29,Memphis,Grizzlies,MEM,Memphis Grizzlies,Grizzlies,True,112,False,401810298,2026,2,5d76a9,12173f,1392.0,https://a.espncdn.com/i/teamlogos/nba/500/scoreboard/mem.png,,True,https://raw.githubusercontent.com/sportsdataverse/hoopR-nba-raw/main/nba/json/final/401810298.json,2025-12-28 18:00:00,2025-12-28,True,MEM @ WAS
401810299,s:40~l:46~e:401810299~c:401810299,2025-12-28,17949,True,False,False,False,2025-12-28T23:00Z,,,1,STD,3423.0,Moda Center,Portland,OR,True,720,12:00,4,3,STATUS_FINAL,post,True,Final,Final,Final,4,22,s:40~l:46~t:22,Portland,Trail Blazers,POR,Portland Trail Blazers,Trail Blazers,e03a3e,000000,True,3423.0,https://a.espncdn.com/i/teamlogos/nba/500/scoreboard/por.png,114,True,2,s:40~l:46~t:2,Boston,Celtics,BOS,Boston Celtics,Celtics,True,108,False,401810299,2026,2,008348,ffffff,1824.0,https://a.espncdn.com/i/teamlogos/nba/500/scoreboard/bos.png,,True,https://raw.githubusercontent.com/sportsdataverse/hoopR-nba-raw/main/nba/json/final/401810299.json,2025-12-28 18:00:00,2025-12-28,True,BOS @ POR
401810296,s:40~l:46~e:401810296~c:401810296,2025-12-28,19800,True,False,False,False,2025-12-28T20:30Z,,,1,STD,1838.0,Scotiabank Arena,Toronto,ON,True,300,5:00,5,3,STATUS_FINAL,post,True,Final,Final/OT,Final/OT,4,28,s:40~l:46~t:28,Toronto,Raptors,TOR,Toronto Raptors,Raptors,d91244,000000,True,1838.0,https://a.espncdn.com/i/teamlogos/nba/500/scoreboard/tor.png,141,True,9,s:40~l:46~t:9,Golden State,Warriors,GS,Golden State Warriors,Warriors,True,127,False,401810296,2026,2,fdb927,1d428a,2465.0,https://a.espncdn.com/i/teamlogos/nba/500/scoreboard/gs.png,OT,True,https://raw.githubusercontent.com/sportsdataverse/hoopR-nba-raw/main/nba/json/final/401810296.json,2025-12-28 15:30:00,2025-12-28,True,GSW @ TOR
401810297,s:40~l:46~e:401810297~c:401810297,2025-12-28,18203,True,False,False,False,2025-12-28T20:30Z,,,1,STD,2559.0,Paycom Center,Oklahoma City,OK,True,720,12:00,4,3,STATUS_FINAL,post,True,Final,Final,Final,4,25,s:40~l:46~t:25,Oklahoma City,Thunder,OKC,Oklahoma City Thunder,Thunder,007ac1,ef3b24,True,2559.0,https://a.espncdn.com/i/teamlogos/nba/500/scoreboard/okc.png,129,True,20,s:40~l:46~t:20,Philadelphia,76ers,PHI,Philadelphia 76ers,76ers,True,104,False,401810297,2026,2,1d428a,e01234,1845.0,https://a.espncdn.com/i/teamlogos/nba/500/scoreboard/phi.png,,True,https://raw.githubusercontent.com/sportsdataverse/hoopR-nba-raw/main/nba/json/final/401810297.json,2025-12-28 15:30:00,2025-12-28,True,PHI @ OKC
401810290,s:40~l:46~e:401810290~c:401810290,2025-12-28,17809,True,False,False,False,2025-12-28T01:00Z,,,1,STD,1827.0,State Farm Arena,Atlanta,GA,True,0,0.0,4,3,STATUS_FINAL,post,True,Final,Final,Final,4,1,s:40~l:46~t:1,Atlanta,Hawks,ATL,Atlanta Hawks,Hawks,c8102e,fdb927,True,1827.0,https://a.espncdn.com/i/teamlogos/nba/500/scoreboard/atl.png,125,False,18,s:40~l:46~t:18,New York,Knicks,NY,New York Knicks,Knicks,True,128,True,401810290,2026,2,1d428a,f58426,1830.0,https://a.espncdn.com/i/teamlogos/nba/500/scoreboard/ny.png,,True,https://raw.githubusercontent.com/sportsdataverse/hoopR-nba-raw/main/nba/json/final/401810290.json,2025-12-27 20:00:00,2025-12-27,True,NYK @ ATL
401810291,s:40~l:46~e:401810291~c:401810291,2025-12-28,19715,True,False,False,False,2025-12-28T01:00Z,,,1,STD,3438.0,Kaseya Center,Miami,FL,True,0,0.0,4,3,STATUS_FINAL,post,True,Final,Final,Final,4,14,s:40~l:46~t:14,Miami,Heat,MIA,Miami Heat,Heat,98002e,000000,True,3438.0,https://a.espncdn.com/i/teamlogos/nba/500/scoreboard/mia.png,142,True,11,s:40~l:46~t:11,Indiana,Pacers,IND,Indiana Pacers,Pacers,True,116,False,401810291,2026,2,0c2340,ffd520,2183.0,https://a.espncdn.com/i/teamlogos/nba/500/scoreboard/ind.png,,True,https://raw.githubusercontent.com/sportsdataverse/hoopR-nba-raw/main/nba/json/final/401810291.json,2025-12-27 20:00:00,2025-12-27,True,IND @ MIA
401810292,s:40~l:46~e:401810292~c:401810292,2025-12-28,20934,True,False,False,False,2025-12-28T01:00Z,,,1,STD,1847.0,United Center,Chicago,IL,True,0,0.0,4,3,STATUS_FINAL,post,True,Final,Final,Final,4,4,s:40~l:46~t:4,Chicago,Bulls,CHI,Chicago Bulls,Bulls,ce1141,000000,True,1847.0,https://a.espncdn.com/i/teamlogos/nba/500/scoreboard/chi.png,103,False,15,s:40~l:46~t:15,Milwaukee,Bucks,MIL,Milwaukee Bucks,Bucks,True,112,True,401810292,2026,2,00471b,eee1c6,2099.0,https://a.espncdn.com/i/teamlogos/nba/500/scoreboard/mil.png,,True,https://raw.githubusercontent.com/sportsdataverse/hoopR-nba-raw/main/nba/json/final/401810292.json,2025-12-27 20:00:00,2025-12-27,True,MIL @ CHI
401810293,s:40~l:46~e:401810293~c:401810293,2025-12-28,18067,True,False,False,False,2025-12-28T01:00Z,,,1,STD,1394.0,Toyota Center (Houston),Houston,TX,True,720,12:00,4,3,STATUS_FINAL,post,True,Final,Final,Final,4,10,s:40~l:46~t:10,Houston,Rockets,HOU,Houston Rockets,Rockets,ce1141,000000,True,1394.0,https://a.espncdn.com/i/teamlogos/nba/500/scoreboard/hou.png,117,True,5,s:40~l:46~t:5,Cleveland,Cavaliers,CLE,Cleveland Cavaliers,Cavaliers,True,100,False,401810293,2026,2,860038,bc945c,3417.0,https://a.espncdn.com/i/teamlogos/nba/500/scoreboard/cle.png,,True,https://raw.githubusercontent.com/sportsdataverse/hoopR-nba-raw/main/nba/json/final/401810293.json,2025-12-27 20:00:00,2025-12-27,True,CLE @ HOU
401810294,s:40~l:46~e:401810294~c:401810294,2025-12-28,18978,True,False,False,False,2025-12-28T01:00Z,,,1,STD,2029.0,Target Center,Minneapolis,MN,True,720,12:00,4,3,STATUS_FINAL,post,True,Final,Final,Final,4,16,s:40~l:46~t:16,Minnesota,Timberwolves,MIN,Minnesota Timberwolves,Timberwolves,266092,79bc43,True,2029.0,https://a.espncdn.com/i/teamlogos/nba/500/scoreboard/min.png,107,False,17,s:40~l:46~t:17,Brooklyn,Nets,BKN,Brooklyn Nets,Nets,True,123,True,401810294,2026,2,000000,ffffff,1826.0,https://a.espncdn.com/i/teamlogos/nba/500/scoreboard/bkn.png,,True,https://raw.githubusercontent.com/sportsdataverse/hoopR-nba-raw/main/nba/json/final/401810294.json,2025-12-27 20:00:00,2025-12-27,True,BKN @ MIN
401810295,s:40~l:46~e:401810295~c:401810295,2025-12-28,19060,True,False,False,False,2025-12-28T01:00Z,,,1,STD,780.0,Frost Bank Center,San Antonio,TX,True,720,12:00,4,3,STATUS_FINAL,post,True,Final,Final,Final,4,24,s:40~l:46~t:24,San Antonio,Spurs,SA,San Antonio Spurs,Spurs,000000,c4ced4,True,780.0,https://a.espncdn.com/i/teamlogos/nba/500/scoreboard/sa.png,114,False,26,s:40~l:46~t:26,Utah,Jazz,UTAH,Utah Jazz,Jazz,True,127,True,401810295,2026,2,4e008e,79a3dc,3093.0,https://a.espncdn.com/i/teamlogos/nba/500/scoreboard/utah.png,,True,https://raw.githubusercontent.com/sportsdataverse/hoopR-nba-raw/main/nba/json/final/401810295.json,2025-12-27 20:00:00,2025-12-27,True,UTA @ SAS
401810288,s:40~l:46~e:401810288~c:401810288,2025-12-28,19151,True,False,False,False,2025-12-28T00:00Z,,,1,STD,3432.0,Kia Center,Orlando,FL,True,720,12:00,4,3,STATUS_FINAL,post,True,Final,Final,Final,4,19,s:40~l:46~t:19,Orlando,Magic,ORL,Orlando Magic,Magic,0150b5,9ca0a3,True,3432.0,https://a.espncdn.com/i/teamlogos/nba/500/scoreboard/orl.png,127,True,7,s:40~l:46~t:7,Denver,Nuggets,DEN,Denver Nuggets,Nuggets,True,126,False,401810288,2026,2,0e2240,fec524,892.0,https://a.espncdn.com/i/teamlogos/nba/500/scoreboard/den.png,,True,https://raw.githubusercontent.com/sportsdataverse/hoopR-nba-raw/main/nba/json/final/401810288.json,2025-12-27 19:00:00,2025-12-27,True,DEN @ ORL
401810289,s:40~l:46~e:401810289~c:401810289,2025-12-28,16914,True,False,False,False,2025-12-28T00:00Z,,,1,STD,985.0,Smoothie King Center,New Orleans,LA,True,720,12:00,4,3,STATUS_FINAL,post,True,Final,Final,Final,4,3,s:40~l:46~t:3,New Orleans,Pelicans,NO,New Orleans Pelicans,Pelicans,0a2240,b4975a,True,985.0,https://a.espncdn.com/i/teamlogos/nba/500/scoreboard/no.png,114,False,21,s:40~l:46~t:21,Phoenix,Suns,PHX,Phoenix Suns,Suns,True,123,True,401810289,2026,2,29127a,e56020,1949.0,https://a.espncdn.com/i/teamlogos/nba/500/scoreboard/phx.png,,True,https://raw.githubusercontent.com/sportsdataverse/hoopR-nba-raw/main/nba/json/final/401810289.json,2025-12-27 19:00:00,2025-12-27,True,PHX @ NOP
401810287,s:40~l:46~e:401810287~c:401810287,2025-12-27,17832,True,False,False,False,2025-12-27T22:00Z,,,1,STD,5310.0,Golden 1 Center,Sacramento,CA,True,720,12:00,4,3,STATUS_FINAL,post,True,Final,Final,Final,4,23,s:40~l:46~t:23,Sacramento,Kings,SAC,Sacramento Kings,Kings,5a2d81,6a7a82,True,2247.0,https://a.espncdn.com/i/teamlogos/nba/500/scoreboard/sac.png,113,True,6,s:40~l:46~t:6,Dallas,Mavericks,DAL,Dallas Mavericks,Mavericks,True,107,False,401810287,2026,2,0064b1,bbc4ca,516.0,https://a.espncdn.com/i/teamlogos/nba/500/scoreboard/dal.png,,True,https://raw.githubusercontent.com/sportsdataverse/hoopR-nba-raw/main/nba/json/final/401810287.json,2025-12-27 17:00:00,2025-12-27,True,DAL @ SAC
401810286,s:40~l:46~e:401810286~c:401810286,2025-12-27,17839,True,False,False,False,2025-12-27T03:00Z,,,1,STD,3423.0,Moda Center,Portland,OR,True,0,0.0,4,3,STATUS_FINAL,post,True,Final,Final,Final,4,22,s:40~l:46~t:22,Portland,Trail Blazers,POR,Portland Trail Blazers,Trail Blazers,e03a3e,000000,True,3423.0,https://a.espncdn.com/i/teamlogos/nba/500/scoreboard/por.png,103,False,12,s:40~l:46~t:12,LA,Clippers,LAC,LA Clippers,Clippers,True,119,True,401810286,2026,2,12173f,c8102e,1841.0,https://a.espncdn.com/i/teamlogos/nba/500/scoreboard/lac.png,,True,https://raw.githubusercontent.com/sportsdataverse/hoopR-nba-raw/main/nba/json/final/401810286.json,2025-12-26 22:00:00,2025-12-26,True,LAC @ POR
401810285,s:40~l:46~e:401810285~c:401810285,2025-12-27,18186,True,False,False,False,2025-12-27T02:30Z,,,1,STD,3093.0,Delta Center,Salt Lake City,UT,True,0,0.0,4,3,STATUS_FINAL,post,True,Final,Final,Final,4,26,s:40~l:46~t:26,Utah,Jazz,UTAH,Utah Jazz,Jazz,4e008e,79a3dc,True,3093.0,https://a.espncdn.com/i/teamlogos/nba/500/scoreboard/utah.png,131,True,8,s:40~l:46~t:8,Detroit,Pistons,DET,Detroit Pistons,Pistons,True,129,False,401810285,2026,2,1d428a,c8102e,5311.0,https://a.espncdn.com/i/teamlogos/nba/500/scoreboard/det.png,,True,https://raw.githubusercontent.com/sportsdataverse/hoopR-nba-raw/main/nba/json/final/401810285.json,2025-12-26 21:30:00,2025-12-26,True,DET @ UTA
401810283,s:40~l:46~e:401810283~c:401810283,2025-12-27,16617,True,False,False,False,2025-12-27T01:00Z,,,1,STD,1392.0,FedExForum,Memphis,TN,True,0,0.0,4,3,STATUS_FINAL,post,True,Final,Final,Final,4,29,s:40~l:46~t:29,Memphis,Grizzlies,MEM,Memphis Grizzlies,Grizzlies,5d76a9,12173f,True,1392.0,https://a.espncdn.com/i/teamlogos/nba/500/scoreboard/mem.png,125,True,15,s:40~l:46~t:15,Milwaukee,Bucks,MIL,Milwaukee Bucks,Bucks,True,104,False,401810283,2026,2,00471b,eee1c6,2099.0,https://a.espncdn.com/i/teamlogos/nba/500/scoreboard/mil.png,,True,https://raw.githubusercontent.com/sportsdataverse/hoopR-nba-raw/main/nba/json/final/401810283.json,2025-12-26 20:00:00,2025-12-26,True,MIL @ MEM
401810284,s:40~l:46~e:401810284~c:401810284,2025-12-27,16643,True,False,False,False,2025-12-27T01:00Z,,,1,STD,985.0,Smoothie King Center,New Orleans,LA,True,720,12:00,4,3,STATUS_FINAL,post,True,Final,Final,Final,4,3,s:40~l:46~t:3,New Orleans,Pelicans,NO,New Orleans Pelicans,Pelicans,0a2240,b4975a,True,985.0,https://a.espncdn.com/i/teamlogos/nba/500/scoreboard/no.png,108,False,21,s:40~l:46~t:21,Phoenix,Suns,PHX,Phoenix Suns,Suns,True,115,True,401810284,2026,2,29127a,e56020,1949.0,https://a.espncdn.com/i/teamlogos/nba/500/scoreboard/phx.png,,True,https://raw.githubusercontent.com/sportsdataverse/hoopR-nba-raw/main/nba/json/final/401810284.json,2025-12-26 20:00:00,2025-12-26,True,PHX @ NOP
401810282,s:40~l:46~e:401810282~c:401810282,2025-12-27,20952,True,False,False,False,2025-12-27T00:30Z,,,1,STD,1847.0,United Center,Chicago,IL,True,0,0.0,4,3,STATUS_FINAL,post,True,Final,Final,Final,4,4,s:40~l:46~t:4,Chicago,Bulls,CHI,Chicago Bulls,Bulls,ce1141,000000,True,1847.0,https://a.espncdn.com/i/teamlogos/nba/500/scoreboard/chi.png,109,True,20,s:40~l:46~t:20,Philadelphia,76ers,PHI,Philadelphia 76ers,76ers,True,102,False,401810282,2026,2,1d428a,e01234,1845.0,https://a.espncdn.com/i/teamlogos/nba/500/scoreboard/phi.png,,True,https://raw.githubusercontent.com/sportsdataverse/hoopR-nba-raw/main/nba/json/final/401810282.json,2025-12-26 19:30:00,2025-12-26,True,PHI @ CHI
401810278,s:40~l:46~e:401810278~c:401810278,2025-12-27,15664,True,False,False,False,2025-12-27T00:00Z,,,1,STD,1827.0,State Farm Arena,Atlanta,GA,True,0,0.0,4,3,STATUS_FINAL,post,True,Final,Final,Final,4,1,s:40~l:46~t:1,Atlanta,Hawks,ATL,Atlanta Hawks,Hawks,c8102e,fdb927,True,1827.0,https://a.espncdn.com/i/teamlogos/nba/500/scoreboard/atl.png,111,False,14,s:40~l:46~t:14,Miami,Heat,MIA,Miami Heat,Heat,True,126,True,401810278,2026,2,98002e,000000,3438.0,https://a.espncdn.com/i/teamlogos/nba/500/scoreboard/mia.png,,True,https://raw.githubusercontent.com/sportsdataverse/hoopR-nba-raw/main/nba/json/final/401810278.json,2025-12-26 19:00:00,2025-12-26,True,MIA @ ATL
401810279,s:40~l:46~e:401810279~c:401810279,2025-12-27,19397,True,False,False,False,2025-12-27T00:00Z,,,1,STD,3432.0,Kia Center,Orlando,FL,True,720,12:00,4,3,STATUS_FINAL,post,True,Final,Final,Final,4,19,s:40~l:46~t:19,Orlando,Magic,ORL,Orlando Magic,Magic,0150b5,9ca0a3,True,3432.0,https://a.espncdn.com/i/teamlogos/nba/500/scoreboard/orl.png,105,False,30,s:40~l:46~t:30,Charlotte,Hornets,CHA,Charlotte Hornets,Hornets,True,120,True,401810279,2026,2,008ca8,1d1060,1893.0,https://a.espncdn.com/i/teamlogos/nba/500/scoreboard/cha.png,,True,https://raw.githubusercontent.com/sportsdataverse/hoopR-nba-raw/main/nba/json/final/401810279.json,2025-12-26 19:00:00,2025-12-26,True,CHA @ ORL
401810280,s:40~l:46~e:401810280~c:401810280,2025-12-27,15575,True,False,False,False,2025-12-27T00:00Z,,,1,STD,1823.0,Capital One Arena,Washington,DC,True,720,12:00,4,3,STATUS_FINAL,post,True,Final,Final,Final,4,27,s:40~l:46~t:27,Washington,Wizards,WSH,Washington Wizards,Wizards,e31837,002b5c,True,1823.0,https://a.espncdn.com/i/teamlogos/nba/500/scoreboard/wsh.png,138,True,28,s:40~l:46~t:28,Toronto,Raptors,TOR,Toronto Raptors,Raptors,True,117,False,401810280,2026,2,d91244,000000,1838.0,https://a.espncdn.com/i/teamlogos/nba/500/scoreboard/tor.png,,True,https://raw.githubusercontent.com/sportsdataverse/hoopR-nba-raw/main/nba/json/final/401810280.json,2025-12-26 19:00:00,2025-12-26,True,TOR @ WAS
401810281,s:40~l:46~e:401810281~c:401810281,2025-12-27,17004,True,False,False,False,2025-12-27T00:00Z,,,1,STD,2183.0,Gainbridge Fieldhouse,Indianapolis,IN,True,0,0.0,4,3,STATUS_FINAL,post,True,Final,Final,Final,4,11,s:40~l:46~t:11,Indiana,Pacers,IND,Indiana Pacers,Pacers,0c2340,ffd520,True,2183.0,https://a.espncdn.com/i/teamlogos/nba/500/scoreboard/ind.png,122,False,2,s:40~l:46~t:2,Boston,Celtics,BOS,Boston Celtics,Celtics,True,140,True,401810281,2026,2,008348,ffffff,1824.0,https://a.espncdn.com/i/teamlogos/nba/500/scoreboard/bos.png,,True,https://raw.githubusercontent.com/sportsdataverse/hoopR-nba-raw/main/nba/json/final/401810281.json,2025-12-26 19:00:00,2025-12-26,True,BOS @ IND
401809242,s:40~l:46~e:401809242~c:401809242,2025-12-26,20046,True,False,False,False,2025-12-26T03:30Z,,,1,STD,892.0,Ball Arena,Denver,CO,True,0,0.0,5,3,STATUS_FINAL,post,True,Final,Final/OT,Final/OT,4,7,s:40~l:46~t:7,Denver,Nuggets,DEN,Denver Nuggets,Nuggets,0e2240,fec524,True,892.0,https://a.espncdn.com/i/teamlogos/nba/500/scoreboard/den.png,142,True,16,s:40~l:46~t:16,Minnesota,Timberwolves,MIN,Minnesota Timberwolves,Timberwolves,True,138,False,401809242,2026,2,266092,79bc43,2029.0,https://a.espncdn.com/i/teamlogos/nba/500/scoreboard/min.png,OT,True,https://raw.githubusercontent.com/sportsdataverse/hoopR-nba-raw/main/nba/json/final/401809242.json,2025-12-25 22:30:00,2025-12-25,True,MIN @ DEN
401809241,s:40~l:46~e:401809241~c:401809241,2025-12-26,18997,True,False,False,False,2025-12-26T01:00Z,,,1,STD,1841.0,crypto.com Arena,Los Angeles,CA,True,720,12:00,4,3,STATUS_FINAL,post,True,Final,Final,Final,4,13,s:40~l:46~t:13,Los Angeles,Lakers,LAL,Los Angeles Lakers,Lakers,552583,fdb927,True,1841.0,https://a.espncdn.com/i/teamlogos/nba/500/scoreboard/lal.png,96,False,10,s:40~l:46~t:10,Houston,Rockets,HOU,Houston Rockets,Rockets,True,119,True,401809241,2026,2,ce1141,000000,1394.0,https://a.espncdn.com/i/teamlogos/nba/500/scoreboard/hou.png,,True,https://raw.githubusercontent.com/sportsdataverse/hoopR-nba-raw/main/nba/json/final/401809241.json,2025-12-25 20:00:00,2025-12-25,True,HOU @ LAL
401809240,s:40~l:46~e:401809240~c:401809240,2025-12-25,18064,True,False,False,False,2025-12-25T22:17Z,,,1,STD,6270.0,Chase Center,San Francisco,CA,True,720,12:00,4,3,STATUS_FINAL,post,True,Final,Final,Final,4,9,s:40~l:46~t:9,Golden State,Warriors,GS,Golden State Warriors,Warriors,fdb927,1d428a,True,2465.0,https://a.espncdn.com/i/teamlogos/nba/500/scoreboard/gs.png,126,True,6,s:40~l:46~t:6,Dallas,Mavericks,DAL,Dallas Mavericks,Mavericks,True,116,False,401809240,2026,2,0064b1,bbc4ca,516.0,https://a.espncdn.com/i/teamlogos/nba/500/scoreboard/dal.png,,True,https://raw.githubusercontent.com/sportsdataverse/hoopR-nba-raw/main/nba/json/final/401809240.json,2025-12-25 17:17:00,2025-12-25,True,DAL @ GSW
401809239,s:40~l:46~e:401809239~c:401809239,2025-12-25,18203,True,False,False,False,2025-12-25T19:30Z,,,1,STD,2559.0,Paycom Center,Oklahoma City,OK,True,720,12:00,4,3,STATUS_FINAL,post,True,Final,Final,Final,4,25,s:40~l:46~t:25,Oklahoma City,Thunder,OKC,Oklahoma City Thunder,Thunder,007ac1,ef3b24,True,2559.0,https://a.espncdn.com/i/teamlogos/nba/500/scoreboard/okc.png,102,False,24,s:40~l:46~t:24,San Antonio,Spurs,SA,San Antonio Spurs,Spurs,True,117,True,401809239,2026,2,000000,c4ced4,780.0,https://a.espncdn.com/i/teamlogos/nba/500/scoreboard/sa.png,,True,https://raw.githubusercontent.com/sportsdataverse/hoopR-nba-raw/main/nba/json/final/401809239.json,2025-12-25 14:30:00,2025-12-25,True,SAS @ OKC
401809238,s:40~l:46~e:401809238~c:401809238,2025-12-25,19812,True,False,False,False,2025-12-25T17:00Z,,,1,STD,1830.0,Madison Square Garden,New York,NY,True,720,12:00,4,3,STATUS_FINAL,post,True,Final,Final,Final,4,18,s:40~l:46~t:18,New York,Knicks,NY,New York Knicks,Knicks,1d428a,f58426,True,1830.0,https://a.espncdn.com/i/teamlogos/nba/500/scoreboard/ny.png,126,True,5,s:40~l:46~t:5,Cleveland,Cavaliers,CLE,Cleveland Cavaliers,Cavaliers,True,124,False,401809238,2026,2,860038,bc945c,3417.0,https://a.espncdn.com/i/teamlogos/nba/500/scoreboard/cle.png,,True,https://raw.githubusercontent.com/sportsdataverse/hoopR-nba-raw/main/nba/json/final/401809238.json,2025-12-25 12:00:00,2025-12-25,True,CLE @ NYK
401810277,s:40~l:46~e:401810277~c:401810277,2025-12-24,17927,True,False,False,False,2025-12-24T03:30Z,,,1,STD,10642.0,Intuit Dome,Inglewood,CA,True,720,12:00,4,3,STATUS_FINAL,post,True,Final,Final,Final,4,12,s:40~l:46~t:12,LA,Clippers,LAC,LA Clippers,Clippers,12173f,c8102e,True,1841.0,https://a.espncdn.com/i/teamlogos/nba/500/scoreboard/lac.png,128,True,10,s:40~l:46~t:10,Houston,Rockets,HOU,Houston Rockets,Rockets,True,108,False,401810277,2026,2,ce1141,000000,1394.0,https://a.espncdn.com/i/teamlogos/nba/500/scoreboard/hou.png,,True,https://raw.githubusercontent.com/sportsdataverse/hoopR-nba-raw/main/nba/json/final/401810277.json,2025-12-23 22:30:00,2025-12-23,True,HOU @ LAC
401810275,s:40~l:46~e:401810275~c:401810275,2025-12-24,17073,True,False,False,False,2025-12-24T03:00Z,,,1,STD,3423.0,Moda Center,Portland,OR,True,720,12:00,4,3,STATUS_FINAL,post,True,Final,Final,Final,4,22,s:40~l:46~t:22,Portland,Trail Blazers,POR,Portland Trail Blazers,Trail Blazers,e03a3e,000000,True,3423.0,https://a.espncdn.com/i/teamlogos/nba/500/scoreboard/por.png,106,False,19,s:40~l:46~t:19,Orlando,Magic,ORL,Orlando Magic,Magic,True,110,True,401810275,2026,2,0150b5,9ca0a3,3432.0,https://a.espncdn.com/i/teamlogos/nba/500/scoreboard/orl.png,,True,https://raw.githubusercontent.com/sportsdataverse/hoopR-nba-raw/main/nba/json/final/401810275.json,2025-12-23 22:00:00,2025-12-23,True,ORL @ POR
401810276,s:40~l:46~e:401810276~c:401810276,2025-12-24,17832,True,False,False,False,2025-12-24T03:00Z,,,1,STD,5310.0,Golden 1 Center,Sacramento,CA,True,0,0.0,4,3,STATUS_FINAL,post,True,Final,Final,Final,4,23,s:40~l:46~t:23,Sacramento,Kings,SAC,Sacramento Kings,Kings,5a2d81,6a7a82,True,2247.0,https://a.espncdn.com/i/teamlogos/nba/500/scoreboard/sac.png,127,False,8,s:40~l:46~t:8,Detroit,Pistons,DET,Detroit Pistons,Pistons,True,136,True,401810276,2026,2,1d428a,c8102e,5311.0,https://a.espncdn.com/i/teamlogos/nba/500/scoreboard/det.png,,True,https://raw.githubusercontent.com/sportsdataverse/hoopR-nba-raw/main/nba/json/final/401810276.json,2025-12-23 22:00:00,2025-12-23,True,DET @ SAC
401810273,s:40~l:46~e:401810273~c:401810273,2025-12-24,17071,True,False,False,False,2025-12-24T02:00Z,,,1,STD,1949.0,Mortgage Matchup Center,Phoenix,AZ,True,720,12:00,4,3,STATUS_FINAL,post,True,Final,Final,Final,4,21,s:40~l:46~t:21,Phoenix,Suns,PHX,Phoenix Suns,Suns,29127a,e56020,True,1949.0,https://a.espncdn.com/i/teamlogos/nba/500/scoreboard/phx.png,132,True,13,s:40~l:46~t:13,Los Angeles,Lakers,LAL,Los Angeles Lakers,Lakers,True,108,False,401810273,2026,2,552583,fdb927,1841.0,https://a.espncdn.com/i/teamlogos/nba/500/scoreboard/lal.png,,True,https://raw.githubusercontent.com/sportsdataverse/hoopR-nba-raw/main/nba/json/final/401810273.json,2025-12-23 21:00:00,2025-12-23,True,LAL @ PHX
401810274,s:40~l:46~e:401810274~c:401810274,2025-12-24,18186,True,False,False,False,2025-12-24T02:00Z,,,1,STD,3093.0,Delta Center,Salt Lake City,UT,True,720,12:00,4,3,STATUS_FINAL,post,True,Final,Final,Final,4,26,s:40~l:46~t:26,Utah,Jazz,UTAH,Utah Jazz,Jazz,4e008e,79a3dc,True,3093.0,https://a.espncdn.com/i/teamlogos/nba/500/scoreboard/utah.png,128,False,29,s:40~l:46~t:29,Memphis,Grizzlies,MEM,Memphis Grizzlies,Grizzlies,True,137,True,401810274,2026,2,5d76a9,12173f,1392.0,https://a.espncdn.com/i/teamlogos/nba/500/scoreboard/mem.png,,True,https://raw.githubusercontent.com/sportsdataverse/hoopR-nba-raw/main/nba/json/final/401810274.json,2025-12-23 21:00:00,2025-12-23,True,MEM @ UTA
401810272,s:40~l:46~e:401810272~c:401810272,2025-12-24,19133,True,False,False,False,2025-12-24T01:30Z,,,1,STD,780.0,Frost Bank Center,San Antonio,TX,True,0,0.0,4,3,STATUS_FINAL,post,True,Final,Final,Final,4,24,s:40~l:46~t:24,San Antonio,Spurs,SA,San Antonio Spurs,Spurs,000000,c4ced4,True,780.0,https://a.espncdn.com/i/teamlogos/nba/500/scoreboard/sa.png,130,True,25,s:40~l:46~t:25,Oklahoma City,Thunder,OKC,Oklahoma City Thunder,Thunder,True,110,False,401810272,2026,2,007ac1,ef3b24,2559.0,https://a.espncdn.com/i/teamlogos/nba/500/scoreboard/okc.png,,True,https://raw.githubusercontent.com/sportsdataverse/hoopR-nba-raw/main/nba/json/final/401810272.json,2025-12-23 20:30:00,2025-12-23,True,OKC @ SAS
401810270,s:40~l:46~e:401810270~c:401810270,2025-12-24,19432,True,False,False,False,2025-12-24T01:00Z,,,1,STD,516.0,American Airlines Center,Dallas,TX,True,720,12:00,4,3,STATUS_FINAL,post,True,Final,Final,Final,4,6,s:40~l:46~t:6,Dallas,Mavericks,DAL,Dallas Mavericks,Mavericks,0064b1,bbc4ca,True,516.0,https://a.espncdn.com/i/teamlogos/nba/500/scoreboard/dal.png,131,True,7,s:40~l:46~t:7,Denver,Nuggets,DEN,Denver Nuggets,Nuggets,True,130,False,401810270,2026,2,0e2240,fec524,892.0,https://a.espncdn.com/i/teamlogos/nba/500/scoreboard/den.png,,True,https://raw.githubusercontent.com/sportsdataverse/hoopR-nba-raw/main/nba/json/final/401810270.json,2025-12-23 20:00:00,2025-12-23,True,DEN @ DAL
401810271,s:40~l:46~e:401810271~c:401810271,2025-12-24,18978,True,False,False,False,2025-12-24T01:00Z,,,1,STD,2029.0,Target Center,Minneapolis,MN,True,720,12:00,4,3,STATUS_FINAL,post,True,Final,Final,Final,4,16,s:40~l:46~t:16,Minnesota,Timberwolves,MIN,Minnesota Timberwolves,Timberwolves,266092,79bc43,True,2029.0,https://a.espncdn.com/i/teamlogos/nba/500/scoreboard/min.png,115,True,18,s:40~l:46~t:18,New York,Knicks,NY,New York Knicks,Knicks,True,104,False,401810271,2026,2,1d428a,f58426,1830.0,https://a.espncdn.com/i/teamlogos/nba/500/scoreboard/ny.png,,True,https://raw.githubusercontent.com/sportsdataverse/hoopR-nba-raw/main/nba/json/final/401810271.json,2025-12-23 20:00:00,2025-12-23,True,NYK @ MIN
401810266,s:40~l:46~e:401810266~c:401810266,2025-12-24,15367,True,False,False,False,2025-12-24T00:30Z,,,1,STD,1827.0,State Farm Arena,Atlanta,GA,True,720,12:00,4,3,STATUS_FINAL,post,True,Final,Final,Final,4,1,s:40~l:46~t:1,Atlanta,Hawks,ATL,Atlanta Hawks,Hawks,c8102e,fdb927,True,1827.0,https://a.espncdn.com/i/teamlogos/nba/500/scoreboard/atl.png,123,False,4,s:40~l:46~t:4,Chicago,Bulls,CHI,Chicago Bulls,Bulls,True,126,True,401810266,2026,2,ce1141,000000,1847.0,https://a.espncdn.com/i/teamlogos/nba/500/scoreboard/chi.png,,True,https://raw.githubusercontent.com/sportsdataverse/hoopR-nba-raw/main/nba/json/final/401810266.json,2025-12-23 19:30:00,2025-12-23,True,CHI @ ATL
401810267,s:40~l:46~e:401810267~c:401810267,2025-12-24,19432,True,False,False,False,2025-12-24T00:30Z,,,1,STD,3417.0,Rocket Arena,Cleveland,OH,True,720,12:00,4,3,STATUS_FINAL,post,True,Final,Final,Final,4,5,s:40~l:46~t:5,Cleveland,Cavaliers,CLE,Cleveland Cavaliers,Cavaliers,860038,bc945c,True,3417.0,https://a.espncdn.com/i/teamlogos/nba/500/scoreboard/cle.png,141,True,3,s:40~l:46~t:3,New Orleans,Pelicans,NO,New Orleans Pelicans,Pelicans,True,118,False,401810267,2026,2,0a2240,b4975a,985.0,https://a.espncdn.com/i/teamlogos/nba/500/scoreboard/no.png,,True,https://raw.githubusercontent.com/sportsdataverse/hoopR-nba-raw/main/nba/json/final/401810267.json,2025-12-23 19:30:00,2025-12-23,True,NOP @ CLE
401810268,s:40~l:46~e:401810268~c:401810268,2025-12-24,16509,True,False,False,False,2025-12-24T00:30Z,,,1,STD,2183.0,Gainbridge Fieldhouse,Indianapolis,IN,True,720,12:00,4,3,STATUS_FINAL,post,True,Final,Final,Final,4,11,s:40~l:46~t:11,Indiana,Pacers,IND,Indiana Pacers,Pacers,0c2340,ffd520,True,2183.0,https://a.espncdn.com/i/teamlogos/nba/500/scoreboard/ind.png,94,False,15,s:40~l:46~t:15,Milwaukee,Bucks,MIL,Milwaukee Bucks,Bucks,True,111,True,401810268,2026,2,00471b,eee1c6,2099.0,https://a.espncdn.com/i/teamlogos/nba/500/scoreboard/mil.png,,True,https://raw.githubusercontent.com/sportsdataverse/hoopR-nba-raw/main/nba/json/final/401810268.json,2025-12-23 19:30:00,2025-12-23,True,MIL @ IND
401810269,s:40~l:46~e:401810269~c:401810269,2025-12-24,19801,True,False,False,False,2025-12-24T00:30Z,,,1,STD,3438.0,Kaseya Center,Miami,FL,True,720,12:00,4,3,STATUS_FINAL,post,True,Final,Final,Final,4,14,s:40~l:46~t:14,Miami,Heat,MIA,Miami Heat,Heat,98002e,000000,True,3438.0,https://a.espncdn.com/i/teamlogos/nba/500/scoreboard/mia.png,91,False,28,s:40~l:46~t:28,Toronto,Raptors,TOR,Toronto Raptors,Raptors,True,112,True,401810269,2026,2,d91244,000000,1838.0,https://a.espncdn.com/i/teamlogos/nba/500/scoreboard/tor.png,,True,https://raw.githubusercontent.com/sportsdataverse/hoopR-nba-raw/main/nba/json/final/401810269.json,2025-12-23 19:30:00,2025-12-23,True,TOR @ MIA
401810264,s:40~l:46~e:401810264~c:401810264,2025-12-24,18679,True,False,False,False,2025-12-24T00:00Z,,,1,STD,1893.0,Spectrum Center,Charlotte,NC,True,0,0.0,4,3,STATUS_FINAL,post,True,Final,Final,Final,4,30,s:40~l:46~t:30,Charlotte,Hornets,CHA,Charlotte Hornets,Hornets,008ca8,1d1060,True,1893.0,https://a.espncdn.com/i/teamlogos/nba/500/scoreboard/cha.png,126,True,27,s:40~l:46~t:27,Washington,Wizards,WSH,Washington Wizards,Wizards,True,109,False,401810264,2026,2,e31837,002b5c,1823.0,https://a.espncdn.com/i/teamlogos/nba/500/scoreboard/wsh.png,,True,https://raw.githubusercontent.com/sportsdataverse/hoopR-nba-raw/main/nba/json/final/401810264.json,2025-12-23 19:00:00,2025-12-23,True,WAS @ CHA
401810265,s:40~l:46~e:401810265~c:401810265,2025-12-24,19746,True,False,False,False,2025-12-24T00:00Z,,,1,STD,1845.0,Xfinity Mobile Arena,Philadelphia,PA,True,0,0.0,4,3,STATUS_FINAL,post,True,Final,Final,Final,4,20,s:40~l:46~t:20,Philadelphia,76ers,PHI,Philadelphia 76ers,76ers,1d428a,e01234,True,1845.0,https://a.espncdn.com/i/teamlogos/nba/500/scoreboard/phi.png,106,False,17,s:40~l:46~t:17,Brooklyn,Nets,BKN,Brooklyn Nets,Nets,True,114,True,401810265,2026,2,000000,ffffff,1826.0,https://a.espncdn.com/i/teamlogos/nba/500/scoreboard/bkn.png,,True,https://raw.githubusercontent.com/sportsdataverse/hoopR-nba-raw/main/nba/json/final/401810265.json,2025-12-23 19:00:00,2025-12-23,True,BKN @ PHI
401810262,s:40~l:46~e:401810262~c:401810262,2025-12-23,18064,True,False,False,False,2025-12-23T03:00Z,,,1,STD,6270.0,Chase Center,San Francisco,CA,True,720,12:00,4,3,STATUS_FINAL,post,True,Final,Final,Final,4,9,s:40~l:46~t:9,Golden State,Warriors,GS,Golden State Warriors,Warriors,fdb927,1d428a,True,2465.0,https://a.espncdn.com/i/teamlogos/nba/500/scoreboard/gs.png,120,True,19,s:40~l:46~t:19,Orlando,Magic,ORL,Orlando Magic,Magic,True,97,False,401810262,2026,2,0150b5,9ca0a3,3432.0,https://a.espncdn.com/i/teamlogos/nba/500/scoreboard/orl.png,,True,https://raw.githubusercontent.com/sportsdataverse/hoopR-nba-raw/main/nba/json/final/401810262.json,2025-12-22 22:00:00,2025-12-22,True,ORL @ GSW
401810263,s:40~l:46~e:401810263~c:401810263,2025-12-23,19335,True,False,False,False,2025-12-23T03:00Z,,,1,STD,3423.0,Moda Center,Portland,OR,True,720,12:00,4,3,STATUS_FINAL,post,True,Final,Final,Final,4,22,s:40~l:46~t:22,Portland,Trail Blazers,POR,Portland Trail Blazers,Trail Blazers,e03a3e,000000,True,3423.0,https://a.espncdn.com/i/teamlogos/nba/500/scoreboard/por.png,102,False,8,s:40~l:46~t:8,Detroit,Pistons,DET,Detroit Pistons,Pistons,True,110,True,401810263,2026,2,1d428a,c8102e,5311.0,https://a.espncdn.com/i/teamlogos/nba/500/scoreboard/det.png,,True,https://raw.githubusercontent.com/sportsdataverse/hoopR-nba-raw/main/nba/json/final/401810263.json,2025-12-22 22:00:00,2025-12-22,True,DET @ POR
401810261,s:40~l:46~e:401810261~c:401810261,2025-12-23,18203,True,False,False,False,2025-12-23T02:30Z,,,1,STD,2559.0,Paycom Center,Oklahoma City,OK,True,720,12:00,4,3,STATUS_FINAL,post,True,Final,Final,Final,4,25,s:40~l:46~t:25,Oklahoma City,Thunder,OKC,Oklahoma City Thunder,Thunder,007ac1,ef3b24,True,2559.0,https://a.espncdn.com/i/teamlogos/nba/500/scoreboard/okc.png,119,True,29,s:40~l:46~t:29,Memphis,Grizzlies,MEM,Memphis Grizzlies,Grizzlies,True,103,False,401810261,2026,2,5d76a9,12173f,1392.0,https://a.espncdn.com/i/teamlogos/nba/500/scoreboard/mem.png,,True,https://raw.githubusercontent.com/sportsdataverse/hoopR-nba-raw/main/nba/json/final/401810261.json,2025-12-22 21:30:00,2025-12-22,True,MEM @ OKC
401810260,s:40~l:46~e:401810260~c:401810260,2025-12-23,19887,True,False,False,False,2025-12-23T02:00Z,,,1,STD,892.0,Ball Arena,Denver,CO,True,720,12:00,4,3,STATUS_FINAL,post,True,Final,Final,Final,4,7,s:40~l:46~t:7,Denver,Nuggets,DEN,Denver Nuggets,Nuggets,0e2240,fec524,True,892.0,https://a.espncdn.com/i/teamlogos/nba/500/scoreboard/den.png,135,True,26,s:40~l:46~t:26,Utah,Jazz,UTAH,Utah Jazz,Jazz,True,112,False,401810260,2026,2,4e008e,79a3dc,3093.0,https://a.espncdn.com/i/teamlogos/nba/500/scoreboard/utah.png,,True,https://raw.githubusercontent.com/sportsdataverse/hoopR-nba-raw/main/nba/json/final/401810260.json,2025-12-22 21:00:00,2025-12-22,True,UTA @ DEN
401810259,s:40~l:46~e:401810259~c:401810259,2025-12-23,16978,True,False,False,False,2025-12-23T01:00Z,,,1,STD,985.0,Smoothie King Center,New Orleans,LA,True,720,12:00,4,3,STATUS_FINAL,post,True,Final,Final,Final,4,3,s:40~l:46~t:3,New Orleans,Pelicans,NO,New Orleans Pelicans,Pelicans,0a2240,b4975a,True,985.0,https://a.espncdn.com/i/teamlogos/nba/500/scoreboard/no.png,119,True,6,s:40~l:46~t:6,Dallas,Mavericks,DAL,Dallas Mavericks,Mavericks,True,113,False,401810259,2026,2,0064b1,bbc4ca,516.0,https://a.espncdn.com/i/teamlogos/nba/500/scoreboard/dal.png,,True,https://raw.githubusercontent.com/sportsdataverse/hoopR-nba-raw/main/nba/json/final/401810259.json,2025-12-22 20:00:00,2025-12-22,True,DAL @ NOP
401810258,s:40~l:46~e:401810258~c:401810258,2025-12-23,19156,True,False,False,False,2025-12-23T00:30Z,,,1,STD,1824.0,TD Garden,Boston,MA,True,720,12:00,4,3,STATUS_FINAL,post,True,Final,Final,Final,4,2,s:40~l:46~t:2,Boston,Celtics,BOS,Boston Celtics,Celtics,008348,ffffff,True,1824.0,https://a.espncdn.com/i/teamlogos/nba/500/scoreboard/bos.png,103,True,11,s:40~l:46~t:11,Indiana,Pacers,IND,Indiana Pacers,Pacers,True,95,False,401810258,2026,2,0c2340,ffd520,2183.0,https://a.espncdn.com/i/teamlogos/nba/500/scoreboard/ind.png,,True,https://raw.githubusercontent.com/sportsdataverse/hoopR-nba-raw/main/nba/json/final/401810258.json,2025-12-22 19:30:00,2025-12-22,True,IND @ BOS
401810257,s:40~l:46~e:401810257~c:401810257,2025-12-23,19432,True,False,False,False,2025-12-23T00:00Z,,,1,STD,3417.0,Rocket Arena,Cleveland,OH,True,720,12:00,4,3,STATUS_FINAL,post,True,Final,Final,Final,4,5,s:40~l:46~t:5,Cleveland,Cavaliers,CLE,Cleveland Cavaliers,Cavaliers,860038,bc945c,True,3417.0,https://a.espncdn.com/i/teamlogos/nba/500/scoreboard/cle.png,139,True,30,s:40~l:46~t:30,Charlotte,Hornets,CHA,Charlotte Hornets,Hornets,True,132,False,401810257,2026,2,008ca8,1d1060,1893.0,https://a.espncdn.com/i/teamlogos/nba/500/scoreboard/cha.png,,True,https://raw.githubusercontent.com/sportsdataverse/hoopR-nba-raw/main/nba/json/final/401810257.json,2025-12-22 19:00:00,2025-12-22,True,CHA @ CLE
401810256,s:40~l:46~e:401810256~c:401810256,2025-12-22,15796,True,False,False,False,2025-12-22T03:00Z,,,1,STD,5310.0,Golden 1 Center,Sacramento,CA,True,300,5:00,5,3,STATUS_FINAL,post,True,Final,Final/OT,Final/OT,4,23,s:40~l:46~t:23,Sacramento,Kings,SAC,Sacramento Kings,Kings,5a2d81,6a7a82,True,2247.0,https://a.espncdn.com/i/teamlogos/nba/500/scoreboard/sac.png,125,True,10,s:40~l:46~t:10,Houston,Rockets,HOU,Houston Rockets,Rockets,True,124,False,401810256,2026,2,ce1141,000000,1394.0,https://a.espncdn.com/i/teamlogos/nba/500/scoreboard/hou.png,OT,True,https://raw.githubusercontent.com/sportsdataverse/hoopR-nba-raw/main/nba/json/final/401810256.json,2025-12-21 22:00:00,2025-12-21,True,HOU @ SAC
401810254,s:40~l:46~e:401810254~c:401810254,2025-12-22,20028,True,False,False,False,2025-12-22T00:00Z,,,1,STD,1823.0,Capital One Arena,Washington,DC,True,720,12:00,4,3,STATUS_FINAL,post,True,Final,Final,Final,4,27,s:40~l:46~t:27,Washington,Wizards,WSH,Washington Wizards,Wizards,e31837,002b5c,True,1823.0,https://a.espncdn.com/i/teamlogos/nba/500/scoreboard/wsh.png,113,False,24,s:40~l:46~t:24,San Antonio,Spurs,SA,San Antonio Spurs,Spurs,True,124,True,401810254,2026,2,000000,c4ced4,780.0,https://a.espncdn.com/i/teamlogos/nba/500/scoreboard/sa.png,,True,https://raw.githubusercontent.com/sportsdataverse/hoopR-nba-raw/main/nba/json/final/401810254.json,2025-12-21 19:00:00,2025-12-21,True,SAS @ WAS
401810255,s:40~l:46~e:401810255~c:401810255,2025-12-22,18978,True,False,False,False,2025-12-22T00:00Z,,,1,STD,2029.0,Target Center,Minneapolis,MN,True,720,12:00,4,3,STATUS_FINAL,post,True,Final,Final,Final,4,16,s:40~l:46~t:16,Minnesota,Timberwolves,MIN,Minnesota Timberwolves,Timberwolves,266092,79bc43,True,2029.0,https://a.espncdn.com/i/teamlogos/nba/500/scoreboard/min.png,103,True,15,s:40~l:46~t:15,Milwaukee,Bucks,MIL,Milwaukee Bucks,Bucks,True,100,False,401810255,2026,2,00471b,eee1c6,2099.0,https://a.espncdn.com/i/teamlogos/nba/500/scoreboard/mil.png,,True,https://raw.githubusercontent.com/sportsdataverse/hoopR-nba-raw/main/nba/json/final/401810255.json,2025-12-21 19:00:00,2025-12-21,True,MIL @ MIN
401810252,s:40~l:46~e:401810252~c:401810252,2025-12-21,17548,True,False,False,False,2025-12-21T23:00Z,,,1,STD,3559.0,Barclays Center,Brooklyn,NY,True,720,12:00,4,3,STATUS_FINAL,post,True,Final,Final,Final,4,17,s:40~l:46~t:17,Brooklyn,Nets,BKN,Brooklyn Nets,Nets,000000,ffffff,True,1826.0,https://a.espncdn.com/i/teamlogos/nba/500/scoreboard/bkn.png,96,True,28,s:40~l:46~t:28,Toronto,Raptors,TOR,Toronto Raptors,Raptors,True,81,False,401810252,2026,2,d91244,000000,1838.0,https://a.espncdn.com/i/teamlogos/nba/500/scoreboard/tor.png,,True,https://raw.githubusercontent.com/sportsdataverse/hoopR-nba-raw/main/nba/json/final/401810252.json,2025-12-21 18:00:00,2025-12-21,True,TOR @ BKN
401810253,s:40~l:46~e:401810253~c:401810253,2025-12-21,19812,True,False,False,False,2025-12-21T23:00Z,,,1,STD,1830.0,Madison Square Garden,New York,NY,True,720,12:00,4,3,STATUS_FINAL,post,True,Final,Final,Final,4,18,s:40~l:46~t:18,New York,Knicks,NY,New York Knicks,Knicks,1d428a,f58426,True,1830.0,https://a.espncdn.com/i/teamlogos/nba/500/scoreboard/ny.png,132,True,14,s:40~l:46~t:14,Miami,Heat,MIA,Miami Heat,Heat,True,125,False,401810253,2026,2,98002e,000000,3438.0,https://a.espncdn.com/i/teamlogos/nba/500/scoreboard/mia.png,,True,https://raw.githubusercontent.com/sportsdataverse/hoopR-nba-raw/main/nba/json/final/401810253.json,2025-12-21 18:00:00,2025-12-21,True,MIA @ NYK
401810251,s:40~l:46~e:401810251~c:401810251,2025-12-21,15110,True,False,False,False,2025-12-21T20:30Z,,,1,STD,1827.0,State Farm Arena,Atlanta,GA,True,720,12:00,4,3,STATUS_FINAL,post,True,Final,Final,Final,4,1,s:40~l:46~t:1,Atlanta,Hawks,ATL,Atlanta Hawks,Hawks,c8102e,fdb927,True,1827.0,https://a.espncdn.com/i/teamlogos/nba/500/scoreboard/atl.png,150,False,4,s:40~l:46~t:4,Chicago,Bulls,CHI,Chicago Bulls,Bulls,True,152,True,401810251,2026,2,ce1141,000000,1847.0,https://a.espncdn.com/i/teamlogos/nba/500/scoreboard/chi.png,,True,https://raw.githubusercontent.com/sportsdataverse/hoopR-nba-raw/main/nba/json/final/401810251.json,2025-12-21 15:30:00,2025-12-21,True,CHI @ ATL
401810250,s:40~l:46~e:401810250~c:401810250,2025-12-21,17927,True,False,False,False,2025-12-21T03:30Z,,,1,STD,10642.0,Intuit Dome,Inglewood,CA,True,720,12:00,4,3,STATUS_FINAL,post,True,Final,Final,Final,4,12,s:40~l:46~t:12,LA,Clippers,LAC,LA Clippers,Clippers,12173f,c8102e,True,1841.0,https://a.espncdn.com/i/teamlogos/nba/500/scoreboard/lac.png,103,True,13,s:40~l:46~t:13,Los Angeles,Lakers,LAL,Los Angeles Lakers,Lakers,True,88,False,401810250,2026,2,552583,fdb927,1841.0,https://a.espncdn.com/i/teamlogos/nba/500/scoreboard/lal.png,,True,https://raw.githubusercontent.com/sportsdataverse/hoopR-nba-raw/main/nba/json/final/401810250.json,2025-12-20 22:30:00,2025-12-20,True,LAL @ LAC
401810249,s:40~l:46~e:401810249~c:401810249,2025-12-21,15963,True,False,False,False,2025-12-21T03:00Z,,,1,STD,5310.0,Golden 1 Center,Sacramento,CA,True,0,0.0,4,3,STATUS_FINAL,post,True,Final,Final,Final,4,23,s:40~l:46~t:23,Sacramento,Kings,SAC,Sacramento Kings,Kings,5a2d81,6a7a82,True,2247.0,https://a.espncdn.com/i/teamlogos/nba/500/scoreboard/sac.png,93,False,22,s:40~l:46~t:22,Portland,Trail Blazers,POR,Portland Trail Blazers,Trail Blazers,True,98,True,401810249,2026,2,e03a3e,000000,3423.0,https://a.espncdn.com/i/teamlogos/nba/500/scoreboard/por.png,,True,https://raw.githubusercontent.com/sportsdataverse/hoopR-nba-raw/main/nba/json/final/401810249.json,2025-12-20 22:00:00,2025-12-20,True,POR @ SAC
401810248,s:40~l:46~e:401810248~c:401810248,2025-12-21,18186,True,False,False,False,2025-12-21T02:30Z,,,1,STD,3093.0,Delta Center,Salt Lake City,UT,True,300,5:00,5,3,STATUS_FINAL,post,True,Final,Final/OT,Final/OT,4,26,s:40~l:46~t:26,Utah,Jazz,UTAH,Utah Jazz,Jazz,4e008e,79a3dc,True,3093.0,https://a.espncdn.com/i/teamlogos/nba/500/scoreboard/utah.png,127,False,19,s:40~l:46~t:19,Orlando,Magic,ORL,Orlando Magic,Magic,True,128,True,401810248,2026,2,0150b5,9ca0a3,3432.0,https://a.espncdn.com/i/teamlogos/nba/500/scoreboard/orl.png,OT,True,https://raw.githubusercontent.com/sportsdataverse/hoopR-nba-raw/main/nba/json/final/401810248.json,2025-12-20 21:30:00,2025-12-20,True,ORL @ UTA
401810247,s:40~l:46~e:401810247~c:401810247,2025-12-21,18064,True,False,False,False,2025-12-21T01:30Z,,,1,STD,6270.0,Chase Center,San Francisco,CA,True,0,0.0,4,3,STATUS_FINAL,post,True,Final,Final,Final,4,9,s:40~l:46~t:9,Golden State,Warriors,GS,Golden State Warriors,Warriors,fdb927,1d428a,True,2465.0,https://a.espncdn.com/i/teamlogos/nba/500/scoreboard/gs.png,119,True,21,s:40~l:46~t:21,Phoenix,Suns,PHX,Phoenix Suns,Suns,True,116,False,401810247,2026,2,29127a,e56020,1949.0,https://a.espncdn.com/i/teamlogos/nba/500/scoreboard/phx.png,,True,https://raw.githubusercontent.com/sportsdataverse/hoopR-nba-raw/main/nba/json/final/401810247.json,2025-12-20 20:30:00,2025-12-20,True,PHX @ GSW
401810246,s:40~l:46~e:401810246~c:401810246,2025-12-21,15780,True,False,False,False,2025-12-21T01:00Z,,,1,STD,1392.0,FedExForum,Memphis,TN,True,0,0.0,4,3,STATUS_FINAL,post,True,Final,Final,Final,4,29,s:40~l:46~t:29,Memphis,Grizzlies,MEM,Memphis Grizzlies,Grizzlies,5d76a9,12173f,True,1392.0,https://a.espncdn.com/i/teamlogos/nba/500/scoreboard/mem.png,122,False,27,s:40~l:46~t:27,Washington,Wizards,WSH,Washington Wizards,Wizards,True,130,True,401810246,2026,2,e31837,002b5c,1823.0,https://a.espncdn.com/i/teamlogos/nba/500/scoreboard/wsh.png,,True,https://raw.githubusercontent.com/sportsdataverse/hoopR-nba-raw/main/nba/json/final/401810246.json,2025-12-20 20:00:00,2025-12-20,True,WAS @ MEM
401810245,s:40~l:46~e:401810245~c:401810245,2025-12-21,20062,True,False,False,False,2025-12-21T00:30Z,,,1,STD,5404.0,Little Caesars Arena,Detroit,MI,True,720,12:00,4,3,STATUS_FINAL,post,True,Final,Final,Final,4,8,s:40~l:46~t:8,Detroit,Pistons,DET,Detroit Pistons,Pistons,1d428a,c8102e,True,5311.0,https://a.espncdn.com/i/teamlogos/nba/500/scoreboard/det.png,112,True,30,s:40~l:46~t:30,Charlotte,Hornets,CHA,Charlotte Hornets,Hornets,True,86,False,401810245,2026,2,008ca8,1d1060,1893.0,https://a.espncdn.com/i/teamlogos/nba/500/scoreboard/cha.png,,True,https://raw.githubusercontent.com/sportsdataverse/hoopR-nba-raw/main/nba/json/final/401810245.json,2025-12-20 19:30:00,2025-12-20,True,CHA @ DET
401810242,s:40~l:46~e:401810242~c:401810242,2025-12-21,19056,True,False,False,False,2025-12-21T00:00Z,,,1,STD,1845.0,Xfinity Mobile Arena,Philadelphia,PA,True,0,0.0,4,3,STATUS_FINAL,post,True,Final,Final,Final,4,20,s:40~l:46~t:20,Philadelphia,76ers,PHI,Philadelphia 76ers,76ers,1d428a,e01234,True,1845.0,https://a.espncdn.com/i/teamlogos/nba/500/scoreboard/phi.png,121,True,6,s:40~l:46~t:6,Dallas,Mavericks,DAL,Dallas Mavericks,Mavericks,True,114,False,401810242,2026,2,0064b1,bbc4ca,516.0,https://a.espncdn.com/i/teamlogos/nba/500/scoreboard/dal.png,,True,https://raw.githubusercontent.com/sportsdataverse/hoopR-nba-raw/main/nba/json/final/401810242.json,2025-12-20 19:00:00,2025-12-20,True,DAL @ PHI
401810243,s:40~l:46~e:401810243~c:401810243,2025-12-21,19533,True,False,False,False,2025-12-21T00:00Z,,,1,STD,1838.0,Scotiabank Arena,Toronto,ON,True,0,0.0,4,3,STATUS_FINAL,post,True,Final,Final,Final,4,28,s:40~l:46~t:28,Toronto,Raptors,TOR,Toronto Raptors,Raptors,d91244,000000,True,1838.0,https://a.espncdn.com/i/teamlogos/nba/500/scoreboard/tor.png,96,False,2,s:40~l:46~t:2,Boston,Celtics,BOS,Boston Celtics,Celtics,True,112,True,401810243,2026,2,008348,ffffff,1824.0,https://a.espncdn.com/i/teamlogos/nba/500/scoreboard/bos.png,,True,https://raw.githubusercontent.com/sportsdataverse/hoopR-nba-raw/main/nba/json/final/401810243.json,2025-12-20 19:00:00,2025-12-20,True,BOS @ TOR
401810244,s:40~l:46~e:401810244~c:401810244,2025-12-21,16434,True,False,False,False,2025-12-21T00:00Z,,,1,STD,985.0,Smoothie King Center,New Orleans,LA,True,0,0.0,4,3,STATUS_FINAL,post,True,Final,Final,Final,4,3,s:40~l:46~t:3,New Orleans,Pelicans,NO,New Orleans Pelicans,Pelicans,0a2240,b4975a,True,985.0,https://a.espncdn.com/i/teamlogos/nba/500/scoreboard/no.png,128,True,11,s:40~l:46~t:11,Indiana,Pacers,IND,Indiana Pacers,Pacers,True,109,False,401810244,2026,2,0c2340,ffd520,2183.0,https://a.espncdn.com/i/teamlogos/nba/500/scoreboard/ind.png,,True,https://raw.githubusercontent.com/sportsdataverse/hoopR-nba-raw/main/nba/json/final/401810244.json,2025-12-20 19:00:00,2025-12-20,True,IND @ NOP
401810241,s:40~l:46~e:401810241~c:401810241,2025-12-20,19955,True,False,False,False,2025-12-20T22:00Z,,,1,STD,892.0,Ball Arena,Denver,CO,True,0,0.0,4,3,STATUS_FINAL,post,True,Final,Final,Final,4,7,s:40~l:46~t:7,Denver,Nuggets,DEN,Denver Nuggets,Nuggets,0e2240,fec524,True,892.0,https://a.espncdn.com/i/teamlogos/nba/500/scoreboard/den.png,101,False,10,s:40~l:46~t:10,Houston,Rockets,HOU,Houston Rockets,Rockets,True,115,True,401810241,2026,2,ce1141,000000,1394.0,https://a.espncdn.com/i/teamlogos/nba/500/scoreboard/hou.png,,True,https://raw.githubusercontent.com/sportsdataverse/hoopR-nba-raw/main/nba/json/final/401810241.json,2025-12-20 17:00:00,2025-12-20,True,HOU @ DEN
401810240,s:40~l:46~e:401810240~c:401810240,2025-12-20,18978,True,False,False,False,2025-12-20T02:30Z,,,1,STD,2029.0,Target Center,Minneapolis,MN,True,720,12:00,4,3,STATUS_FINAL,post,True,Final,Final,Final,4,16,s:40~l:46~t:16,Minnesota,Timberwolves,MIN,Minnesota Timberwolves,Timberwolves,266092,79bc43,True,2029.0,https://a.espncdn.com/i/teamlogos/nba/500/scoreboard/min.png,112,True,25,s:40~l:46~t:25,Oklahoma City,Thunder,OKC,Oklahoma City Thunder,Thunder,True,107,False,401810240,2026,2,007ac1,ef3b24,2559.0,https://a.espncdn.com/i/teamlogos/nba/500/scoreboard/okc.png,,True,https://raw.githubusercontent.com/sportsdataverse/hoopR-nba-raw/main/nba/json/final/401810240.json,2025-12-19 21:30:00,2025-12-19,True,OKC @ MIN
401810238,s:40~l:46~e:401810238~c:401810238,2025-12-20,15505,True,False,False,False,2025-12-20T00:30Z,,,1,STD,1827.0,State Farm Arena,Atlanta,GA,True,720,12:00,4,3,STATUS_FINAL,post,True,Final,Final,Final,4,1,s:40~l:46~t:1,Atlanta,Hawks,ATL,Atlanta Hawks,Hawks,c8102e,fdb927,True,1827.0,https://a.espncdn.com/i/teamlogos/nba/500/scoreboard/atl.png,98,False,24,s:40~l:46~t:24,San Antonio,Spurs,SA,San Antonio Spurs,Spurs,True,126,True,401810238,2026,2,000000,c4ced4,780.0,https://a.espncdn.com/i/teamlogos/nba/500/scoreboard/sa.png,,True,https://raw.githubusercontent.com/sportsdataverse/hoopR-nba-raw/main/nba/json/final/401810238.json,2025-12-19 19:30:00,2025-12-19,True,SAS @ ATL
401810239,s:40~l:46~e:401810239~c:401810239,2025-12-20,19432,True,False,False,False,2025-12-20T00:30Z,,,1,STD,3417.0,Rocket Arena,Cleveland,OH,True,0,0.0,4,3,STATUS_FINAL,post,True,Final,Final,Final,4,5,s:40~l:46~t:5,Cleveland,Cavaliers,CLE,Cleveland Cavaliers,Cavaliers,860038,bc945c,True,3417.0,https://a.espncdn.com/i/teamlogos/nba/500/scoreboard/cle.png,125,False,4,s:40~l:46~t:4,Chicago,Bulls,CHI,Chicago Bulls,Bulls,True,136,True,401810239,2026,2,ce1141,000000,1847.0,https://a.espncdn.com/i/teamlogos/nba/500/scoreboard/chi.png,,True,https://raw.githubusercontent.com/sportsdataverse/hoopR-nba-raw/main/nba/json/final/401810239.json,2025-12-19 19:30:00,2025-12-19,True,CHI @ CLE
401810236,s:40~l:46~e:401810236~c:401810236,2025-12-20,19156,True,False,False,False,2025-12-20T00:00Z,,,1,STD,1824.0,TD Garden,Boston,MA,True,720,12:00,4,3,STATUS_FINAL,post,True,Final,Final,Final,4,2,s:40~l:46~t:2,Boston,Celtics,BOS,Boston Celtics,Celtics,008348,ffffff,True,1824.0,https://a.espncdn.com/i/teamlogos/nba/500/scoreboard/bos.png,129,True,14,s:40~l:46~t:14,Miami,Heat,MIA,Miami Heat,Heat,True,116,False,401810236,2026,2,98002e,000000,3438.0,https://a.espncdn.com/i/teamlogos/nba/500/scoreboard/mia.png,,True,https://raw.githubusercontent.com/sportsdataverse/hoopR-nba-raw/main/nba/json/final/401810236.json,2025-12-19 19:00:00,2025-12-19,True,MIA @ BOS
401810237,s:40~l:46~e:401810237~c:401810237,2025-12-20,19812,True,False,False,False,2025-12-20T00:00Z,,,1,STD,1830.0,Madison Square Garden,New York,NY,True,720,12:00,4,3,STATUS_FINAL,post,True,Final,Final,Final,4,18,s:40~l:46~t:18,New York,Knicks,NY,New York Knicks,Knicks,1d428a,f58426,True,1830.0,https://a.espncdn.com/i/teamlogos/nba/500/scoreboard/ny.png,107,False,20,s:40~l:46~t:20,Philadelphia,76ers,PHI,Philadelphia 76ers,76ers,True,116,True,401810237,2026,2,1d428a,e01234,1845.0,https://a.espncdn.com/i/teamlogos/nba/500/scoreboard/phi.png,,True,https://raw.githubusercontent.com/sportsdataverse/hoopR-nba-raw/main/nba/json/final/401810237.json,2025-12-19 19:00:00,2025-12-19,True,PHI @ NYK
401810235,s:40~l:46~e:401810235~c:401810235,2025-12-19,16382,True,False,False,False,2025-12-19T03:00Z,,,1,STD,3423.0,Moda Center,Portland,OR,True,0,0.0,5,3,STATUS_FINAL,post,True,Final,Final/OT,Final/OT,4,22,s:40~l:46~t:22,Portland,Trail Blazers,POR,Portland Trail Blazers,Trail Blazers,e03a3e,000000,True,3423.0,https://a.espncdn.com/i/teamlogos/nba/500/scoreboard/por.png,134,True,23,s:40~l:46~t:23,Sacramento,Kings,SAC,Sacramento Kings,Kings,True,133,False,401810235,2026,2,5a2d81,6a7a82,2247.0,https://a.espncdn.com/i/teamlogos/nba/500/scoreboard/sac.png,OT,True,https://raw.githubusercontent.com/sportsdataverse/hoopR-nba-raw/main/nba/json/final/401810235.json,2025-12-18 22:00:00,2025-12-18,True,SAC @ POR
401810232,s:40~l:46~e:401810232~c:401810232,2025-12-19,19731,True,False,False,False,2025-12-19T02:00Z,,,1,STD,892.0,Ball Arena,Denver,CO,True,720,12:00,4,3,STATUS_FINAL,post,True,Final,Final,Final,4,7,s:40~l:46~t:7,Denver,Nuggets,DEN,Denver Nuggets,Nuggets,0e2240,fec524,True,892.0,https://a.espncdn.com/i/teamlogos/nba/500/scoreboard/den.png,126,True,19,s:40~l:46~t:19,Orlando,Magic,ORL,Orlando Magic,Magic,True,115,False,401810232,2026,2,0150b5,9ca0a3,3432.0,https://a.espncdn.com/i/teamlogos/nba/500/scoreboard/orl.png,,True,https://raw.githubusercontent.com/sportsdataverse/hoopR-nba-raw/main/nba/json/final/401810232.json,2025-12-18 21:00:00,2025-12-18,True,ORL @ DEN
401810233,s:40~l:46~e:401810233~c:401810233,2025-12-19,17071,True,False,False,False,2025-12-19T02:00Z,,,1,STD,1949.0,Mortgage Matchup Center,Phoenix,AZ,True,720,12:00,4,3,STATUS_FINAL,post,True,Final,Final,Final,4,21,s:40~l:46~t:21,Phoenix,Suns,PHX,Phoenix Suns,Suns,29127a,e56020,True,1949.0,https://a.espncdn.com/i/teamlogos/nba/500/scoreboard/phx.png,99,True,9,s:40~l:46~t:9,Golden State,Warriors,GS,Golden State Warriors,Warriors,True,98,False,401810233,2026,2,fdb927,1d428a,2465.0,https://a.espncdn.com/i/teamlogos/nba/500/scoreboard/gs.png,,True,https://raw.githubusercontent.com/sportsdataverse/hoopR-nba-raw/main/nba/json/final/401810233.json,2025-12-18 21:00:00,2025-12-18,True,GSW @ PHX
401810234,s:40~l:46~e:401810234~c:401810234,2025-12-19,18186,True,False,False,False,2025-12-19T02:00Z,,,1,STD,3093.0,Delta Center,Salt Lake City,UT,True,720,12:00,4,3,STATUS_FINAL,post,True,Final,Final,Final,4,26,s:40~l:46~t:26,Utah,Jazz,UTAH,Utah Jazz,Jazz,4e008e,79a3dc,True,3093.0,https://a.espncdn.com/i/teamlogos/nba/500/scoreboard/utah.png,135,False,13,s:40~l:46~t:13,Los Angeles,Lakers,LAL,Los Angeles Lakers,Lakers,True,143,True,401810234,2026,2,552583,fdb927,1841.0,https://a.espncdn.com/i/teamlogos/nba/500/scoreboard/lal.png,,True,https://raw.githubusercontent.com/sportsdataverse/hoopR-nba-raw/main/nba/json/final/401810234.json,2025-12-18 21:00:00,2025-12-18,True,LAL @ UTA
401810231,s:40~l:46~e:401810231~c:401810231,2025-12-19,19600,True,False,False,False,2025-12-19T01:30Z,,,1,STD,516.0,American Airlines Center,Dallas,TX,True,300,5:00,5,3,STATUS_FINAL,post,True,Final,Final/OT,Final/OT,4,6,s:40~l:46~t:6,Dallas,Mavericks,DAL,Dallas Mavericks,Mavericks,0064b1,bbc4ca,True,516.0,https://a.espncdn.com/i/teamlogos/nba/500/scoreboard/dal.png,116,True,8,s:40~l:46~t:8,Detroit,Pistons,DET,Detroit Pistons,Pistons,True,114,False,401810231,2026,2,1d428a,c8102e,5311.0,https://a.espncdn.com/i/teamlogos/nba/500/scoreboard/det.png,OT,True,https://raw.githubusercontent.com/sportsdataverse/hoopR-nba-raw/main/nba/json/final/401810231.json,2025-12-18 20:30:00,2025-12-18,True,DET @ DAL
401810224,s:40~l:46~e:401810224~c:401810224,2025-12-19,18203,True,False,False,False,2025-12-19T01:00Z,,,1,STD,2559.0,Paycom Center,Oklahoma City,OK,True,720,12:00,4,3,STATUS_FINAL,post,True,Final,Final,Final,4,25,s:40~l:46~t:25,Oklahoma City,Thunder,OKC,Oklahoma City Thunder,Thunder,007ac1,ef3b24,True,2559.0,https://a.espncdn.com/i/teamlogos/nba/500/scoreboard/okc.png,122,True,12,s:40~l:46~t:12,LA,Clippers,LAC,LA Clippers,Clippers,True,101,False,401810224,2026,2,12173f,c8102e,1841.0,https://a.espncdn.com/i/teamlogos/nba/500/scoreboard/lac.png,,True,https://raw.githubusercontent.com/sportsdataverse/hoopR-nba-raw/main/nba/json/final/401810224.json,2025-12-18 20:00:00,2025-12-18,True,LAC @ OKC
401810225,s:40~l:46~e:401810225~c:401810225,2025-12-19,18754,True,False,False,False,2025-12-19T01:00Z,,,1,STD,780.0,Frost Bank Center,San Antonio,TX,True,720,12:00,4,3,STATUS_FINAL,post,True,Final,Final,Final,4,24,s:40~l:46~t:24,San Antonio,Spurs,SA,San Antonio Spurs,Spurs,000000,c4ced4,True,780.0,https://a.espncdn.com/i/teamlogos/nba/500/scoreboard/sa.png,119,True,27,s:40~l:46~t:27,Washington,Wizards,WSH,Washington Wizards,Wizards,True,94,False,401810225,2026,2,e31837,002b5c,1823.0,https://a.espncdn.com/i/teamlogos/nba/500/scoreboard/wsh.png,,True,https://raw.githubusercontent.com/sportsdataverse/hoopR-nba-raw/main/nba/json/final/401810225.json,2025-12-18 20:00:00,2025-12-18,True,WAS @ SAS
401810229,s:40~l:46~e:401810229~c:401810229,2025-12-19,17341,True,False,False,False,2025-12-19T01:00Z,,,1,STD,5777.0,Fiserv Forum,Milwaukee,WI,True,720,12:00,4,3,STATUS_FINAL,post,True,Final,Final,Final,4,15,s:40~l:46~t:15,Milwaukee,Bucks,MIL,Milwaukee Bucks,Bucks,00471b,eee1c6,True,2099.0,https://a.espncdn.com/i/teamlogos/nba/500/scoreboard/mil.png,105,False,28,s:40~l:46~t:28,Toronto,Raptors,TOR,Toronto Raptors,Raptors,True,111,True,401810229,2026,2,d91244,000000,1838.0,https://a.espncdn.com/i/teamlogos/nba/500/scoreboard/tor.png,,True,https://raw.githubusercontent.com/sportsdataverse/hoopR-nba-raw/main/nba/json/final/401810229.json,2025-12-18 20:00:00,2025-12-18,True,TOR @ MIL
401810230,s:40~l:46~e:401810230~c:401810230,2025-12-19,16766,True,False,False,False,2025-12-19T01:00Z,,,1,STD,985.0,Smoothie King Center,New Orleans,LA,True,300,5:00,5,3,STATUS_FINAL,post,True,Final,Final/OT,Final/OT,4,3,s:40~l:46~t:3,New Orleans,Pelicans,NO,New Orleans Pelicans,Pelicans,0a2240,b4975a,True,985.0,https://a.espncdn.com/i/teamlogos/nba/500/scoreboard/no.png,133,True,10,s:40~l:46~t:10,Houston,Rockets,HOU,Houston Rockets,Rockets,True,128,False,401810230,2026,2,ce1141,000000,1394.0,https://a.espncdn.com/i/teamlogos/nba/500/scoreboard/hou.png,OT,True,https://raw.githubusercontent.com/sportsdataverse/hoopR-nba-raw/main/nba/json/final/401810230.json,2025-12-18 20:00:00,2025-12-18,True,HOU @ NOP
401810228,s:40~l:46~e:401810228~c:401810228,2025-12-19,17548,True,False,False,False,2025-12-19T00:30Z,,,1,STD,3559.0,Barclays Center,Brooklyn,NY,True,720,12:00,4,3,STATUS_FINAL,post,True,Final,Final,Final,4,17,s:40~l:46~t:17,Brooklyn,Nets,BKN,Brooklyn Nets,Nets,000000,ffffff,True,1826.0,https://a.espncdn.com/i/teamlogos/nba/500/scoreboard/bkn.png,95,False,14,s:40~l:46~t:14,Miami,Heat,MIA,Miami Heat,Heat,True,106,True,401810228,2026,2,98002e,000000,3438.0,https://a.espncdn.com/i/teamlogos/nba/500/scoreboard/mia.png,,True,https://raw.githubusercontent.com/sportsdataverse/hoopR-nba-raw/main/nba/json/final/401810228.json,2025-12-18 19:30:00,2025-12-18,True,MIA @ BKN
401810226,s:40~l:46~e:401810226~c:401810226,2025-12-19,16124,True,False,False,False,2025-12-19T00:00Z,,,1,STD,1893.0,Spectrum Center,Charlotte,NC,True,720,12:00,4,3,STATUS_FINAL,post,True,Final,Final,Final,4,30,s:40~l:46~t:30,Charlotte,Hornets,CHA,Charlotte Hornets,Hornets,008ca8,1d1060,True,1893.0,https://a.espncdn.com/i/teamlogos/nba/500/scoreboard/cha.png,133,True,1,s:40~l:46~t:1,Atlanta,Hawks,ATL,Atlanta Hawks,Hawks,True,126,False,401810226,2026,2,c8102e,fdb927,1827.0,https://a.espncdn.com/i/teamlogos/nba/500/scoreboard/atl.png,,True,https://raw.githubusercontent.com/sportsdataverse/hoopR-nba-raw/main/nba/json/final/401810226.json,2025-12-18 19:00:00,2025-12-18,True,ATL @ CHA
401810227,s:40~l:46~e:401810227~c:401810227,2025-12-19,15660,True,False,False,False,2025-12-19T00:00Z,,,1,STD,2183.0,Gainbridge Fieldhouse,Indianapolis,IN,True,720,12:00,4,3,STATUS_FINAL,post,True,Final,Final,Final,4,11,s:40~l:46~t:11,Indiana,Pacers,IND,Indiana Pacers,Pacers,0c2340,ffd520,True,2183.0,https://a.espncdn.com/i/teamlogos/nba/500/scoreboard/ind.png,113,False,18,s:40~l:46~t:18,New York,Knicks,NY,New York Knicks,Knicks,True,114,True,401810227,2026,2,1d428a,f58426,1830.0,https://a.espncdn.com/i/teamlogos/nba/500/scoreboard/ny.png,,True,https://raw.githubusercontent.com/sportsdataverse/hoopR-nba-raw/main/nba/json/final/401810227.json,2025-12-18 19:00:00,2025-12-18,True,NYK @ IND
401810222,s:40~l:46~e:401810222~c:401810222,2025-12-18,18872,True,False,False,False,2025-12-18T01:00Z,,,1,STD,1847.0,United Center,Chicago,IL,True,720,12:00,4,3,STATUS_FINAL,post,True,Final,Final,Final,4,4,s:40~l:46~t:4,Chicago,Bulls,CHI,Chicago Bulls,Bulls,ce1141,000000,True,1847.0,https://a.espncdn.com/i/teamlogos/nba/500/scoreboard/chi.png,127,True,5,s:40~l:46~t:5,Cleveland,Cavaliers,CLE,Cleveland Cavaliers,Cavaliers,True,111,False,401810222,2026,2,860038,bc945c,3417.0,https://a.espncdn.com/i/teamlogos/nba/500/scoreboard/cle.png,,True,https://raw.githubusercontent.com/sportsdataverse/hoopR-nba-raw/main/nba/json/final/401810222.json,2025-12-17 20:00:00,2025-12-17,True,CLE @ CHI
401810223,s:40~l:46~e:401810223~c:401810223,2025-12-18,16287,True,False,False,False,2025-12-18T01:00Z,,,1,STD,2029.0,Target Center,Minneapolis,MN,True,720,12:00,4,3,STATUS_FINAL,post,True,Final,Final,Final,4,16,s:40~l:46~t:16,Minnesota,Timberwolves,MIN,Minnesota Timberwolves,Timberwolves,266092,79bc43,True,2029.0,https://a.espncdn.com/i/teamlogos/nba/500/scoreboard/min.png,110,False,29,s:40~l:46~t:29,Memphis,Grizzlies,MEM,Memphis Grizzlies,Grizzlies,True,116,True,401810223,2026,2,5d76a9,12173f,1392.0,https://a.espncdn.com/i/teamlogos/nba/500/scoreboard/mem.png,,True,https://raw.githubusercontent.com/sportsdataverse/hoopR-nba-raw/main/nba/json/final/401810223.json,2025-12-17 20:00:00,2025-12-17,True,MEM @ MIN
401809839,s:40~l:46~e:401809839~c:401809839,2025-12-17,18609,True,True,False,False,2025-12-17T01:30Z,event,NBA Cup Championship,39,CC,5060.0,T-Mobile Arena,Las Vegas,NV,True,720,12:00,4,3,STATUS_FINAL,post,True,Final,Final,Final,4,18,s:40~l:46~t:18,New York,Knicks,NY,New York Knicks,Knicks,1d428a,f58426,True,1830.0,https://a.espncdn.com/i/teamlogos/nba/500/scoreboard/ny.png,124,True,24,s:40~l:46~t:24,San Antonio,Spurs,SA,San Antonio Spurs,Spurs,True,113,False,401809839,2026,2,000000,c4ced4,780.0,https://a.espncdn.com/i/teamlogos/nba/500/scoreboard/sa.png,,True,https://raw.githubusercontent.com/sportsdataverse/hoopR-nba-raw/main/nba/json/final/401809839.json,2025-12-16 20:30:00,2025-12-16,True,SAS @ NYK
401836807,s:40~l:46~e:401836807~c:401836807,2025-12-16,17927,True,False,False,False,2025-12-16T03:30Z,,,1,STD,10642.0,Intuit Dome,Inglewood,CA,True,0,0.0,4,3,STATUS_FINAL,post,True,Final,Final,Final,4,12,s:40~l:46~t:12,LA,Clippers,LAC,LA Clippers,Clippers,12173f,c8102e,True,1841.0,https://a.espncdn.com/i/teamlogos/nba/500/scoreboard/lac.png,103,False,29,s:40~l:46~t:29,Memphis,Grizzlies,MEM,Memphis Grizzlies,Grizzlies,True,121,True,401836807,2026,2,5d76a9,12173f,1392.0,https://a.espncdn.com/i/teamlogos/nba/500/scoreboard/mem.png,,True,https://raw.githubusercontent.com/sportsdataverse/hoopR-nba-raw/main/nba/json/final/401836807.json,2025-12-15 22:30:00,2025-12-15,True,MEM @ LAC
401836806,s:40~l:46~e:401836806~c:401836806,2025-12-16,19596,True,False,False,False,2025-12-16T02:30Z,,,1,STD,892.0,Ball Arena,Denver,CO,True,300,5:00,5,3,STATUS_FINAL,post,True,Final,Final/OT,Final/OT,4,7,s:40~l:46~t:7,Denver,Nuggets,DEN,Denver Nuggets,Nuggets,0e2240,fec524,True,892.0,https://a.espncdn.com/i/teamlogos/nba/500/scoreboard/den.png,128,True,10,s:40~l:46~t:10,Houston,Rockets,HOU,Houston Rockets,Rockets,True,125,False,401836806,2026,2,ce1141,000000,1394.0,https://a.espncdn.com/i/teamlogos/nba/500/scoreboard/hou.png,OT,True,https://raw.githubusercontent.com/sportsdataverse/hoopR-nba-raw/main/nba/json/final/401836806.json,2025-12-15 21:30:00,2025-12-15,True,HOU @ DEN
401836805,s:40~l:46~e:401836805~c:401836805,2025-12-16,18186,True,False,False,False,2025-12-16T02:00Z,,,1,STD,3093.0,Delta Center,Salt Lake City,UT,True,300,5:00,5,3,STATUS_FINAL,post,True,Final,Final/OT,Final/OT,4,26,s:40~l:46~t:26,Utah,Jazz,UTAH,Utah Jazz,Jazz,4e008e,79a3dc,True,3093.0,https://a.espncdn.com/i/teamlogos/nba/500/scoreboard/utah.png,140,True,6,s:40~l:46~t:6,Dallas,Mavericks,DAL,Dallas Mavericks,Mavericks,True,133,False,401836805,2026,2,0064b1,bbc4ca,516.0,https://a.espncdn.com/i/teamlogos/nba/500/scoreboard/dal.png,OT,True,https://raw.githubusercontent.com/sportsdataverse/hoopR-nba-raw/main/nba/json/final/401836805.json,2025-12-15 21:00:00,2025-12-15,True,DAL @ UTA
401839023,s:40~l:46~e:401839023~c:401839023,2025-12-16,19600,True,False,False,False,2025-12-16T00:30Z,,,1,STD,3438.0,Kaseya Center,Miami,FL,True,720,12:00,4,3,STATUS_FINAL,post,True,Final,Final,Final,4,14,s:40~l:46~t:14,Miami,Heat,MIA,Miami Heat,Heat,98002e,000000,True,3438.0,https://a.espncdn.com/i/teamlogos/nba/500/scoreboard/mia.png,96,False,28,s:40~l:46~t:28,Toronto,Raptors,TOR,Toronto Raptors,Raptors,True,106,True,401839023,2026,2,d91244,000000,1838.0,https://a.espncdn.com/i/teamlogos/nba/500/scoreboard/tor.png,,True,https://raw.githubusercontent.com/sportsdataverse/hoopR-nba-raw/main/nba/json/final/401839023.json,2025-12-15 19:30:00,2025-12-15,True,TOR @ MIA
401836803,s:40~l:46~e:401836803~c:401836803,2025-12-16,19156,True,False,False,False,2025-12-16T00:00Z,,,1,STD,1824.0,TD Garden,Boston,MA,True,720,12:00,4,3,STATUS_FINAL,post,True,Final,Final,Final,4,2,s:40~l:46~t:2,Boston,Celtics,BOS,Boston Celtics,Celtics,008348,ffffff,True,1824.0,https://a.espncdn.com/i/teamlogos/nba/500/scoreboard/bos.png,105,False,8,s:40~l:46~t:8,Detroit,Pistons,DET,Detroit Pistons,Pistons,True,112,True,401836803,2026,2,1d428a,c8102e,5311.0,https://a.espncdn.com/i/teamlogos/nba/500/scoreboard/det.png,,True,https://raw.githubusercontent.com/sportsdataverse/hoopR-nba-raw/main/nba/json/final/401836803.json,2025-12-15 19:00:00,2025-12-15,True,DET @ BOS
401836802,s:40~l:46~e:401836802~c:401836802,2025-12-15,19064,True,False,False,False,2025-12-15T02:00Z,,,1,STD,3423.0,Moda Center,Portland,OR,True,720,12:00,4,3,STATUS_FINAL,post,True,Final,Final,Final,4,22,s:40~l:46~t:22,Portland,Trail Blazers,POR,Portland Trail Blazers,Trail Blazers,e03a3e,000000,True,3423.0,https://a.espncdn.com/i/teamlogos/nba/500/scoreboard/por.png,136,True,9,s:40~l:46~t:9,Golden State,Warriors,GS,Golden State Warriors,Warriors,True,131,False,401836802,2026,2,fdb927,1d428a,2465.0,https://a.espncdn.com/i/teamlogos/nba/500/scoreboard/gs.png,,True,https://raw.githubusercontent.com/sportsdataverse/hoopR-nba-raw/main/nba/json/final/401836802.json,2025-12-14 21:00:00,2025-12-14,True,GSW @ POR
401839699,s:40~l:46~e:401839699~c:401839699,2025-12-15,17071,True,False,False,False,2025-12-15T01:00Z,,,1,STD,1949.0,Mortgage Matchup Center,Phoenix,AZ,True,0,0.0,4,3,STATUS_FINAL,post,True,Final,Final,Final,4,21,s:40~l:46~t:21,Phoenix,Suns,PHX,Phoenix Suns,Suns,29127a,e56020,True,1949.0,https://a.espncdn.com/i/teamlogos/nba/500/scoreboard/phx.png,114,False,13,s:40~l:46~t:13,Los Angeles,Lakers,LAL,Los Angeles Lakers,Lakers,True,116,True,401839699,2026,2,552583,fdb927,1841.0,https://a.espncdn.com/i/teamlogos/nba/500/scoreboard/lal.png,,True,https://raw.githubusercontent.com/sportsdataverse/hoopR-nba-raw/main/nba/json/final/401839699.json,2025-12-14 20:00:00,2025-12-14,True,LAL @ PHX
401836801,s:40~l:46~e:401836801~c:401836801,2025-12-15,15466,True,False,False,False,2025-12-15T00:00Z,,,1,STD,2029.0,Target Center,Minneapolis,MN,True,720,12:00,4,3,STATUS_FINAL,post,True,Final,Final,Final,4,16,s:40~l:46~t:16,Minnesota,Timberwolves,MIN,Minnesota Timberwolves,Timberwolves,266092,79bc43,True,2029.0,https://a.espncdn.com/i/teamlogos/nba/500/scoreboard/min.png,117,True,23,s:40~l:46~t:23,Sacramento,Kings,SAC,Sacramento Kings,Kings,True,103,False,401836801,2026,2,5a2d81,6a7a82,2247.0,https://a.espncdn.com/i/teamlogos/nba/500/scoreboard/sac.png,,True,https://raw.githubusercontent.com/sportsdataverse/hoopR-nba-raw/main/nba/json/final/401836801.json,2025-12-14 19:00:00,2025-12-14,True,SAC @ MIN
401836804,s:40~l:46~e:401836804~c:401836804,2025-12-15,18372,True,False,False,False,2025-12-15T00:00Z,,,1,STD,1847.0,United Center,Chicago,IL,True,720,12:00,4,3,STATUS_FINAL,post,True,Final,Final,Final,4,4,s:40~l:46~t:4,Chicago,Bulls,CHI,Chicago Bulls,Bulls,ce1141,000000,True,1847.0,https://a.espncdn.com/i/teamlogos/nba/500/scoreboard/chi.png,104,False,3,s:40~l:46~t:3,New Orleans,Pelicans,NO,New Orleans Pelicans,Pelicans,True,114,True,401836804,2026,2,0a2240,b4975a,985.0,https://a.espncdn.com/i/teamlogos/nba/500/scoreboard/no.png,,True,https://raw.githubusercontent.com/sportsdataverse/hoopR-nba-raw/main/nba/json/final/401836804.json,2025-12-14 19:00:00,2025-12-14,True,NOP @ CHI
401836798,s:40~l:46~e:401836798~c:401836798,2025-12-14,16250,True,False,False,False,2025-12-14T23:00Z,,,1,STD,1827.0,State Farm Arena,Atlanta,GA,True,720,12:00,4,3,STATUS_FINAL,post,True,Final,Final,Final,4,1,s:40~l:46~t:1,Atlanta,Hawks,ATL,Atlanta Hawks,Hawks,c8102e,fdb927,True,1827.0,https://a.espncdn.com/i/teamlogos/nba/500/scoreboard/atl.png,120,True,20,s:40~l:46~t:20,Philadelphia,76ers,PHI,Philadelphia 76ers,76ers,True,117,False,401836798,2026,2,1d428a,e01234,1845.0,https://a.espncdn.com/i/teamlogos/nba/500/scoreboard/phi.png,,True,https://raw.githubusercontent.com/sportsdataverse/hoopR-nba-raw/main/nba/json/final/401836798.json,2025-12-14 18:00:00,2025-12-14,True,PHI @ ATL
401836800,s:40~l:46~e:401836800~c:401836800,2025-12-14,16439,True,False,False,False,2025-12-14T23:00Z,,,1,STD,3559.0,Barclays Center,Brooklyn,NY,True,720,12:00,4,3,STATUS_FINAL,post,True,Final,Final,Final,4,17,s:40~l:46~t:17,Brooklyn,Nets,BKN,Brooklyn Nets,Nets,000000,ffffff,True,1826.0,https://a.espncdn.com/i/teamlogos/nba/500/scoreboard/bkn.png,127,True,15,s:40~l:46~t:15,Milwaukee,Bucks,MIL,Milwaukee Bucks,Bucks,True,82,False,401836800,2026,2,00471b,eee1c6,2099.0,https://a.espncdn.com/i/teamlogos/nba/500/scoreboard/mil.png,,True,https://raw.githubusercontent.com/sportsdataverse/hoopR-nba-raw/main/nba/json/final/401836800.json,2025-12-14 18:00:00,2025-12-14,True,MIL @ BKN
401836799,s:40~l:46~e:401836799~c:401836799,2025-12-14,19432,True,False,False,False,2025-12-14T20:30Z,,,1,STD,3417.0,Rocket Arena,Cleveland,OH,True,300,5:00,5,3,STATUS_FINAL,post,True,Final,Final/OT,Final/OT,4,5,s:40~l:46~t:5,Cleveland,Cavaliers,CLE,Cleveland Cavaliers,Cavaliers,860038,bc945c,True,3417.0,https://a.espncdn.com/i/teamlogos/nba/500/scoreboard/cle.png,111,False,30,s:40~l:46~t:30,Charlotte,Hornets,CHA,Charlotte Hornets,Hornets,True,119,True,401836799,2026,2,008ca8,1d1060,1893.0,https://a.espncdn.com/i/teamlogos/nba/500/scoreboard/cha.png,OT,True,https://raw.githubusercontent.com/sportsdataverse/hoopR-nba-raw/main/nba/json/final/401836799.json,2025-12-14 15:30:00,2025-12-14,True,CHA @ CLE
401836797,s:40~l:46~e:401836797~c:401836797,2025-12-14,16001,True,False,False,False,2025-12-14T20:00Z,,,1,STD,2183.0,Gainbridge Fieldhouse,Indianapolis,IN,True,0,0.0,4,3,STATUS_FINAL,post,True,Final,Final,Final,4,11,s:40~l:46~t:11,Indiana,Pacers,IND,Indiana Pacers,Pacers,0c2340,ffd520,True,2183.0,https://a.espncdn.com/i/teamlogos/nba/500/scoreboard/ind.png,89,False,27,s:40~l:46~t:27,Washington,Wizards,WSH,Washington Wizards,Wizards,True,108,True,401836797,2026,2,e31837,002b5c,1823.0,https://a.espncdn.com/i/teamlogos/nba/500/scoreboard/wsh.png,,True,https://raw.githubusercontent.com/sportsdataverse/hoopR-nba-raw/main/nba/json/final/401836797.json,2025-12-14 15:00:00,2025-12-14,True,WAS @ IND
401809838,s:40~l:46~e:401809838~c:401809838,2025-12-14,18519,True,True,False,False,2025-12-14T02:00Z,event,NBA Cup - Semifinals,1,STD,5060.0,T-Mobile Arena,Las Vegas,NV,True,720,12:00,4,3,STATUS_FINAL,post,True,Final,Final,Final,4,25,s:40~l:46~t:25,Oklahoma City,Thunder,OKC,Oklahoma City Thunder,Thunder,007ac1,ef3b24,True,2559.0,https://a.espncdn.com/i/teamlogos/nba/500/scoreboard/okc.png,109,False,24,s:40~l:46~t:24,San Antonio,Spurs,SA,San Antonio Spurs,Spurs,True,111,True,401809838,2026,2,000000,c4ced4,780.0,https://a.espncdn.com/i/teamlogos/nba/500/scoreboard/sa.png,,True,https://raw.githubusercontent.com/sportsdataverse/hoopR-nba-raw/main/nba/json/final/401809838.json,2025-12-13 21:00:00,2025-12-13,True,SAS @ OKC
401809837,s:40~l:46~e:401809837~c:401809837,2025-12-13,16697,True,True,False,False,2025-12-13T22:30Z,event,NBA Cup - Semifinals,1,STD,5060.0,T-Mobile Arena,Las Vegas,NV,True,0,0.0,4,3,STATUS_FINAL,post,True,Final,Final,Final,4,19,s:40~l:46~t:19,Orlando,Magic,ORL,Orlando Magic,Magic,0150b5,9ca0a3,True,3432.0,https://a.espncdn.com/i/teamlogos/nba/500/scoreboard/orl.png,120,False,18,s:40~l:46~t:18,New York,Knicks,NY,New York Knicks,Knicks,True,132,True,401809837,2026,2,1d428a,f58426,1830.0,https://a.espncdn.com/i/teamlogos/nba/500/scoreboard/ny.png,,True,https://raw.githubusercontent.com/sportsdataverse/hoopR-nba-raw/main/nba/json/final/401809837.json,2025-12-13 17:30:00,2025-12-13,True,NYK @ ORL
401836796,s:40~l:46~e:401836796~c:401836796,2025-12-13,18064,True,False,False,False,2025-12-13T03:00Z,,,1,STD,6270.0,Chase Center,San Francisco,CA,True,0,0.0,4,3,STATUS_FINAL,post,True,Final,Final,Final,4,9,s:40~l:46~t:9,Golden State,Warriors,GS,Golden State Warriors,Warriors,fdb927,1d428a,True,2465.0,https://a.espncdn.com/i/teamlogos/nba/500/scoreboard/gs.png,120,False,16,s:40~l:46~t:16,Minnesota,Timberwolves,MIN,Minnesota Timberwolves,Timberwolves,True,127,True,401836796,2026,2,266092,79bc43,2029.0,https://a.espncdn.com/i/teamlogos/nba/500/scoreboard/min.png,,True,https://raw.githubusercontent.com/sportsdataverse/hoopR-nba-raw/main/nba/json/final/401836796.json,2025-12-12 22:00:00,2025-12-12,True,MIN @ GSW
401836795,s:40~l:46~e:401836795~c:401836795,2025-12-13,19032,True,False,False,False,2025-12-13T01:30Z,,,1,STD,516.0,American Airlines Center,Dallas,TX,True,720,12:00,4,3,STATUS_FINAL,post,True,Final,Final,Final,4,6,s:40~l:46~t:6,Dallas,Mavericks,DAL,Dallas Mavericks,Mavericks,0064b1,bbc4ca,True,516.0,https://a.espncdn.com/i/teamlogos/nba/500/scoreboard/dal.png,119,True,17,s:40~l:46~t:17,Brooklyn,Nets,BKN,Brooklyn Nets,Nets,True,111,False,401836795,2026,2,000000,ffffff,1826.0,https://a.espncdn.com/i/teamlogos/nba/500/scoreboard/bkn.png,,True,https://raw.githubusercontent.com/sportsdataverse/hoopR-nba-raw/main/nba/json/final/401836795.json,2025-12-12 20:30:00,2025-12-12,True,BKN @ DAL
401836754,s:40~l:46~e:401836754~c:401836754,2025-12-13,15502,True,False,False,False,2025-12-13T01:00Z,,,1,STD,1392.0,FedExForum,Memphis,TN,True,720,12:00,4,3,STATUS_FINAL,post,True,Final,Final,Final,4,29,s:40~l:46~t:29,Memphis,Grizzlies,MEM,Memphis Grizzlies,Grizzlies,5d76a9,12173f,True,1392.0,https://a.espncdn.com/i/teamlogos/nba/500/scoreboard/mem.png,126,False,26,s:40~l:46~t:26,Utah,Jazz,UTAH,Utah Jazz,Jazz,True,130,True,401836754,2026,2,4e008e,79a3dc,3093.0,https://a.espncdn.com/i/teamlogos/nba/500/scoreboard/utah.png,,True,https://raw.githubusercontent.com/sportsdataverse/hoopR-nba-raw/main/nba/json/final/401836754.json,2025-12-12 20:00:00,2025-12-12,True,UTA @ MEM
401836750,s:40~l:46~e:401836750~c:401836750,2025-12-13,16205,True,False,False,False,2025-12-13T00:00Z,,,1,STD,1893.0,Spectrum Center,Charlotte,NC,True,720,12:00,4,3,STATUS_FINAL,post,True,Final,Final,Final,4,30,s:40~l:46~t:30,Charlotte,Hornets,CHA,Charlotte Hornets,Hornets,008ca8,1d1060,True,1893.0,https://a.espncdn.com/i/teamlogos/nba/500/scoreboard/cha.png,126,False,4,s:40~l:46~t:4,Chicago,Bulls,CHI,Chicago Bulls,Bulls,True,129,True,401836750,2026,2,ce1141,000000,1847.0,https://a.espncdn.com/i/teamlogos/nba/500/scoreboard/chi.png,,True,https://raw.githubusercontent.com/sportsdataverse/hoopR-nba-raw/main/nba/json/final/401836750.json,2025-12-12 19:00:00,2025-12-12,True,CHI @ CHA
401836751,s:40~l:46~e:401836751~c:401836751,2025-12-13,18989,True,False,False,False,2025-12-13T00:00Z,,,1,STD,5404.0,Little Caesars Arena,Detroit,MI,True,720,12:00,4,3,STATUS_FINAL,post,True,Final,Final,Final,4,8,s:40~l:46~t:8,Detroit,Pistons,DET,Detroit Pistons,Pistons,1d428a,c8102e,True,5311.0,https://a.espncdn.com/i/teamlogos/nba/500/scoreboard/det.png,142,True,1,s:40~l:46~t:1,Atlanta,Hawks,ATL,Atlanta Hawks,Hawks,True,115,False,401836751,2026,2,c8102e,fdb927,1827.0,https://a.espncdn.com/i/teamlogos/nba/500/scoreboard/atl.png,,True,https://raw.githubusercontent.com/sportsdataverse/hoopR-nba-raw/main/nba/json/final/401836751.json,2025-12-12 19:00:00,2025-12-12,True,ATL @ DET
401836752,s:40~l:46~e:401836752~c:401836752,2025-12-13,19746,True,False,False,False,2025-12-13T00:00Z,,,1,STD,1845.0,Xfinity Mobile Arena,Philadelphia,PA,True,720,12:00,4,3,STATUS_FINAL,post,True,Final,Final,Final,4,20,s:40~l:46~t:20,Philadelphia,76ers,PHI,Philadelphia 76ers,76ers,1d428a,e01234,True,1845.0,https://a.espncdn.com/i/teamlogos/nba/500/scoreboard/phi.png,115,True,11,s:40~l:46~t:11,Indiana,Pacers,IND,Indiana Pacers,Pacers,True,105,False,401836752,2026,2,0c2340,ffd520,2183.0,https://a.espncdn.com/i/teamlogos/nba/500/scoreboard/ind.png,,True,https://raw.githubusercontent.com/sportsdataverse/hoopR-nba-raw/main/nba/json/final/401836752.json,2025-12-12 19:00:00,2025-12-12,True,IND @ PHI
401836753,s:40~l:46~e:401836753~c:401836753,2025-12-13,15465,True,False,False,False,2025-12-13T00:00Z,,,1,STD,1823.0,Capital One Arena,Washington,DC,True,720,12:00,4,3,STATUS_FINAL,post,True,Final,Final,Final,4,27,s:40~l:46~t:27,Washington,Wizards,WSH,Washington Wizards,Wizards,e31837,002b5c,True,1823.0,https://a.espncdn.com/i/teamlogos/nba/500/scoreboard/wsh.png,126,False,5,s:40~l:46~t:5,Cleveland,Cavaliers,CLE,Cleveland Cavaliers,Cavaliers,True,130,True,401836753,2026,2,860038,bc945c,3417.0,https://a.espncdn.com/i/teamlogos/nba/500/scoreboard/cle.png,,True,https://raw.githubusercontent.com/sportsdataverse/hoopR-nba-raw/main/nba/json/final/401836753.json,2025-12-12 19:00:00,2025-12-12,True,CLE @ WAS
401836749,s:40~l:46~e:401836749~c:401836749,2025-12-12,16307,True,False,False,False,2025-12-12T03:00Z,,,1,STD,5310.0,Golden 1 Center,Sacramento,CA,True,720,12:00,4,3,STATUS_FINAL,post,True,Final,Final,Final,4,23,s:40~l:46~t:23,Sacramento,Kings,SAC,Sacramento Kings,Kings,5a2d81,6a7a82,True,2247.0,https://a.espncdn.com/i/teamlogos/nba/500/scoreboard/sac.png,105,False,7,s:40~l:46~t:7,Denver,Nuggets,DEN,Denver Nuggets,Nuggets,True,136,True,401836749,2026,2,0e2240,fec524,892.0,https://a.espncdn.com/i/teamlogos/nba/500/scoreboard/den.png,,True,https://raw.githubusercontent.com/sportsdataverse/hoopR-nba-raw/main/nba/json/final/401836749.json,2025-12-11 22:00:00,2025-12-11,True,DEN @ SAC
401836746,s:40~l:46~e:401836746~c:401836746,2025-12-12,18055,True,False,False,False,2025-12-12T01:00Z,,,1,STD,1394.0,Toyota Center (Houston),Houston,TX,True,720,12:00,4,3,STATUS_FINAL,post,True,Final,Final,Final,4,10,s:40~l:46~t:10,Houston,Rockets,HOU,Houston Rockets,Rockets,ce1141,000000,True,1394.0,https://a.espncdn.com/i/teamlogos/nba/500/scoreboard/hou.png,115,True,12,s:40~l:46~t:12,LA,Clippers,LAC,LA Clippers,Clippers,True,113,False,401836746,2026,2,12173f,c8102e,1841.0,https://a.espncdn.com/i/teamlogos/nba/500/scoreboard/lac.png,,True,https://raw.githubusercontent.com/sportsdataverse/hoopR-nba-raw/main/nba/json/final/401836746.json,2025-12-11 20:00:00,2025-12-11,True,LAC @ HOU
401836747,s:40~l:46~e:401836747~c:401836747,2025-12-12,15458,True,False,False,False,2025-12-12T01:00Z,,,1,STD,5777.0,Fiserv Forum,Milwaukee,WI,True,720,12:00,4,3,STATUS_FINAL,post,True,Final,Final,Final,4,15,s:40~l:46~t:15,Milwaukee,Bucks,MIL,Milwaukee Bucks,Bucks,00471b,eee1c6,True,2099.0,https://a.espncdn.com/i/teamlogos/nba/500/scoreboard/mil.png,116,True,2,s:40~l:46~t:2,Boston,Celtics,BOS,Boston Celtics,Celtics,True,101,False,401836747,2026,2,008348,ffffff,1824.0,https://a.espncdn.com/i/teamlogos/nba/500/scoreboard/bos.png,,True,https://raw.githubusercontent.com/sportsdataverse/hoopR-nba-raw/main/nba/json/final/401836747.json,2025-12-11 20:00:00,2025-12-11,True,BOS @ MIL
401836748,s:40~l:46~e:401836748~c:401836748,2025-12-12,13448,True,False,False,False,2025-12-12T01:00Z,,,1,STD,985.0,Smoothie King Center,New Orleans,LA,True,720,12:00,4,3,STATUS_FINAL,post,True,Final,Final,Final,4,3,s:40~l:46~t:3,New Orleans,Pelicans,NO,New Orleans Pelicans,Pelicans,0a2240,b4975a,True,985.0,https://a.espncdn.com/i/teamlogos/nba/500/scoreboard/no.png,143,True,22,s:40~l:46~t:22,Portland,Trail Blazers,POR,Portland Trail Blazers,Trail Blazers,True,120,False,401836748,2026,2,e03a3e,000000,3423.0,https://a.espncdn.com/i/teamlogos/nba/500/scoreboard/por.png,,True,https://raw.githubusercontent.com/sportsdataverse/hoopR-nba-raw/main/nba/json/final/401836748.json,2025-12-11 20:00:00,2025-12-11,True,POR @ NOP
401809836,s:40~l:46~e:401809836~c:401809836,2025-12-11,18684,True,False,False,False,2025-12-11T03:00Z,event,NBA Cup - Quarterfinals,1,STD,1841.0,crypto.com Arena,Los Angeles,CA,True,0,0.0,4,3,STATUS_FINAL,post,True,Final,Final,Final,4,13,s:40~l:46~t:13,Los Angeles,Lakers,LAL,Los Angeles Lakers,Lakers,552583,fdb927,True,1841.0,https://a.espncdn.com/i/teamlogos/nba/500/scoreboard/lal.png,119,False,24,s:40~l:46~t:24,San Antonio,Spurs,SA,San Antonio Spurs,Spurs,True,132,True,401809836,2026,2,000000,c4ced4,780.0,https://a.espncdn.com/i/teamlogos/nba/500/scoreboard/sa.png,,True,https://raw.githubusercontent.com/sportsdataverse/hoopR-nba-raw/main/nba/json/final/401809836.json,2025-12-10 22:00:00,2025-12-10,True,SAS @ LAL
401809835,s:40~l:46~e:401809835~c:401809835,2025-12-11,18203,True,False,False,False,2025-12-11T00:30Z,event,NBA Cup - Quarterfinals,1,STD,2559.0,Paycom Center,Oklahoma City,OK,True,720,12:00,4,3,STATUS_FINAL,post,True,Final,Final,Final,4,25,s:40~l:46~t:25,Oklahoma City,Thunder,OKC,Oklahoma City Thunder,Thunder,007ac1,ef3b24,True,2559.0,https://a.espncdn.com/i/teamlogos/nba/500/scoreboard/okc.png,138,True,21,s:40~l:46~t:21,Phoenix,Suns,PHX,Phoenix Suns,Suns,True,89,False,401809835,2026,2,29127a,e56020,1949.0,https://a.espncdn.com/i/teamlogos/nba/500/scoreboard/phx.png,,True,https://raw.githubusercontent.com/sportsdataverse/hoopR-nba-raw/main/nba/json/final/401809835.json,2025-12-10 19:30:00,2025-12-10,True,PHX @ OKC
401809834,s:40~l:46~e:401809834~c:401809834,2025-12-10,17801,True,False,False,False,2025-12-10T01:30Z,event,NBA Cup - Quarterfinals,1,STD,1838.0,Scotiabank Arena,Toronto,ON,True,0,0.0,4,3,STATUS_FINAL,post,True,Final,Final,Final,4,28,s:40~l:46~t:28,Toronto,Raptors,TOR,Toronto Raptors,Raptors,d91244,000000,True,1838.0,https://a.espncdn.com/i/teamlogos/nba/500/scoreboard/tor.png,101,False,18,s:40~l:46~t:18,New York,Knicks,NY,New York Knicks,Knicks,True,117,True,401809834,2026,2,1d428a,f58426,1830.0,https://a.espncdn.com/i/teamlogos/nba/500/scoreboard/ny.png,,True,https://raw.githubusercontent.com/sportsdataverse/hoopR-nba-raw/main/nba/json/final/401809834.json,2025-12-09 20:30:00,2025-12-09,True,NYK @ TOR
401809833,s:40~l:46~e:401809833~c:401809833,2025-12-09,18605,True,False,False,False,2025-12-09T23:00Z,event,NBA Cup - Quarterfinals,1,STD,3432.0,Kia Center,Orlando,FL,True,720,12:00,4,3,STATUS_FINAL,post,True,Final,Final,Final,4,19,s:40~l:46~t:19,Orlando,Magic,ORL,Orlando Magic,Magic,0150b5,9ca0a3,True,3432.0,https://a.espncdn.com/i/teamlogos/nba/500/scoreboard/orl.png,117,True,14,s:40~l:46~t:14,Miami,Heat,MIA,Miami Heat,Heat,True,108,False,401809833,2026,2,98002e,000000,3438.0,https://a.espncdn.com/i/teamlogos/nba/500/scoreboard/mia.png,,True,https://raw.githubusercontent.com/sportsdataverse/hoopR-nba-raw/main/nba/json/final/401809833.json,2025-12-09 18:00:00,2025-12-09,True,MIA @ ORL
401810221,s:40~l:46~e:401810221~c:401810221,2025-12-09,15783,True,False,False,False,2025-12-09T01:00Z,,,1,STD,985.0,Smoothie King Center,New Orleans,LA,True,0,0.0,4,3,STATUS_FINAL,post,True,Final,Final,Final,4,3,s:40~l:46~t:3,New Orleans,Pelicans,NO,New Orleans Pelicans,Pelicans,0a2240,b4975a,True,985.0,https://a.espncdn.com/i/teamlogos/nba/500/scoreboard/no.png,132,False,24,s:40~l:46~t:24,San Antonio,Spurs,SA,San Antonio Spurs,Spurs,True,135,True,401810221,2026,2,000000,c4ced4,780.0,https://a.espncdn.com/i/teamlogos/nba/500/scoreboard/sa.png,,True,https://raw.githubusercontent.com/sportsdataverse/hoopR-nba-raw/main/nba/json/final/401810221.json,2025-12-08 20:00:00,2025-12-08,True,SAS @ NOP
401810220,s:40~l:46~e:401810220~c:401810220,2025-12-09,16046,True,False,False,False,2025-12-09T00:30Z,,,1,STD,2029.0,Target Center,Minneapolis,MN,True,720,12:00,4,3,STATUS_FINAL,post,True,Final,Final,Final,4,16,s:40~l:46~t:16,Minnesota,Timberwolves,MIN,Minnesota Timberwolves,Timberwolves,266092,79bc43,True,2029.0,https://a.espncdn.com/i/teamlogos/nba/500/scoreboard/min.png,105,False,21,s:40~l:46~t:21,Phoenix,Suns,PHX,Phoenix Suns,Suns,True,108,True,401810220,2026,2,29127a,e56020,1949.0,https://a.espncdn.com/i/teamlogos/nba/500/scoreboard/phx.png,,True,https://raw.githubusercontent.com/sportsdataverse/hoopR-nba-raw/main/nba/json/final/401810220.json,2025-12-08 19:30:00,2025-12-08,True,PHX @ MIN
401810219,s:40~l:46~e:401810219~c:401810219,2025-12-09,16465,True,False,False,False,2025-12-09T00:00Z,,,1,STD,2183.0,Gainbridge Fieldhouse,Indianapolis,IN,True,720,12:00,4,3,STATUS_FINAL,post,True,Final,Final,Final,4,11,s:40~l:46~t:11,Indiana,Pacers,IND,Indiana Pacers,Pacers,0c2340,ffd520,True,2183.0,https://a.espncdn.com/i/teamlogos/nba/500/scoreboard/ind.png,116,True,23,s:40~l:46~t:23,Sacramento,Kings,SAC,Sacramento Kings,Kings,True,105,False,401810219,2026,2,5a2d81,6a7a82,2247.0,https://a.espncdn.com/i/teamlogos/nba/500/scoreboard/sac.png,,True,https://raw.githubusercontent.com/sportsdataverse/hoopR-nba-raw/main/nba/json/final/401810219.json,2025-12-08 19:00:00,2025-12-08,True,SAC @ IND
401810218,s:40~l:46~e:401810218~c:401810218,2025-12-08,18186,True,False,False,False,2025-12-08T01:00Z,,,1,STD,3093.0,Delta Center,Salt Lake City,UT,True,720,12:00,4,3,STATUS_FINAL,post,True,Final,Final,Final,4,26,s:40~l:46~t:26,Utah,Jazz,UTAH,Utah Jazz,Jazz,4e008e,79a3dc,True,3093.0,https://a.espncdn.com/i/teamlogos/nba/500/scoreboard/utah.png,101,False,25,s:40~l:46~t:25,Oklahoma City,Thunder,OKC,Oklahoma City Thunder,Thunder,True,131,True,401810218,2026,2,007ac1,ef3b24,2559.0,https://a.espncdn.com/i/teamlogos/nba/500/scoreboard/okc.png,,True,https://raw.githubusercontent.com/sportsdataverse/hoopR-nba-raw/main/nba/json/final/401810218.json,2025-12-07 20:00:00,2025-12-07,True,OKC @ UTA
401810217,s:40~l:46~e:401810217~c:401810217,2025-12-08,20431,True,False,False,False,2025-12-08T00:30Z,,,1,STD,1845.0,Xfinity Mobile Arena,Philadelphia,PA,True,720,12:00,4,3,STATUS_FINAL,post,True,Final,Final,Final,4,20,s:40~l:46~t:20,Philadelphia,76ers,PHI,Philadelphia 76ers,76ers,1d428a,e01234,True,1845.0,https://a.espncdn.com/i/teamlogos/nba/500/scoreboard/phi.png,108,False,13,s:40~l:46~t:13,Los Angeles,Lakers,LAL,Los Angeles Lakers,Lakers,True,112,True,401810217,2026,2,552583,fdb927,1841.0,https://a.espncdn.com/i/teamlogos/nba/500/scoreboard/lal.png,,True,https://raw.githubusercontent.com/sportsdataverse/hoopR-nba-raw/main/nba/json/final/401810217.json,2025-12-07 19:30:00,2025-12-07,True,LAL @ PHI
401810216,s:40~l:46~e:401810216~c:401810216,2025-12-08,18449,True,False,False,False,2025-12-08T00:00Z,,,1,STD,1847.0,United Center,Chicago,IL,True,720,12:00,4,3,STATUS_FINAL,post,True,Final,Final,Final,4,4,s:40~l:46~t:4,Chicago,Bulls,CHI,Chicago Bulls,Bulls,ce1141,000000,True,1847.0,https://a.espncdn.com/i/teamlogos/nba/500/scoreboard/chi.png,91,False,9,s:40~l:46~t:9,Golden State,Warriors,GS,Golden State Warriors,Warriors,True,123,True,401810216,2026,2,fdb927,1d428a,2465.0,https://a.espncdn.com/i/teamlogos/nba/500/scoreboard/gs.png,,True,https://raw.githubusercontent.com/sportsdataverse/hoopR-nba-raw/main/nba/json/final/401810216.json,2025-12-07 19:00:00,2025-12-07,True,GSW @ CHI
401810214,s:40~l:46~e:401810214~c:401810214,2025-12-07,18416,True,False,False,False,2025-12-07T23:00Z,,,1,STD,1893.0,Spectrum Center,Charlotte,NC,True,720,12:00,4,3,STATUS_FINAL,post,True,Final,Final,Final,4,30,s:40~l:46~t:30,Charlotte,Hornets,CHA,Charlotte Hornets,Hornets,008ca8,1d1060,True,1893.0,https://a.espncdn.com/i/teamlogos/nba/500/scoreboard/cha.png,106,False,7,s:40~l:46~t:7,Denver,Nuggets,DEN,Denver Nuggets,Nuggets,True,115,True,401810214,2026,2,0e2240,fec524,892.0,https://a.espncdn.com/i/teamlogos/nba/500/scoreboard/den.png,,True,https://raw.githubusercontent.com/sportsdataverse/hoopR-nba-raw/main/nba/json/final/401810214.json,2025-12-07 18:00:00,2025-12-07,True,DEN @ CHA
401810215,s:40~l:46~e:401810215~c:401810215,2025-12-07,14189,True,False,False,False,2025-12-07T23:00Z,,,1,STD,1392.0,FedExForum,Memphis,TN,True,720,12:00,4,3,STATUS_FINAL,post,True,Final,Final,Final,4,29,s:40~l:46~t:29,Memphis,Grizzlies,MEM,Memphis Grizzlies,Grizzlies,5d76a9,12173f,True,1392.0,https://a.espncdn.com/i/teamlogos/nba/500/scoreboard/mem.png,119,True,22,s:40~l:46~t:22,Portland,Trail Blazers,POR,Portland Trail Blazers,Trail Blazers,True,96,False,401810215,2026,2,e03a3e,000000,3423.0,https://a.espncdn.com/i/teamlogos/nba/500/scoreboard/por.png,,True,https://raw.githubusercontent.com/sportsdataverse/hoopR-nba-raw/main/nba/json/final/401810215.json,2025-12-07 18:00:00,2025-12-07,True,POR @ MEM
401810213,s:40~l:46~e:401810213~c:401810213,2025-12-07,18492,True,False,False,False,2025-12-07T20:30Z,,,1,STD,1838.0,Scotiabank Arena,Toronto,ON,True,720,12:00,4,3,STATUS_FINAL,post,True,Final,Final,Final,4,28,s:40~l:46~t:28,Toronto,Raptors,TOR,Toronto Raptors,Raptors,d91244,000000,True,1838.0,https://a.espncdn.com/i/teamlogos/nba/500/scoreboard/tor.png,113,False,2,s:40~l:46~t:2,Boston,Celtics,BOS,Boston Celtics,Celtics,True,121,True,401810213,2026,2,008348,ffffff,1824.0,https://a.espncdn.com/i/teamlogos/nba/500/scoreboard/bos.png,,True,https://raw.githubusercontent.com/sportsdataverse/hoopR-nba-raw/main/nba/json/final/401810213.json,2025-12-07 15:30:00,2025-12-07,True,BOS @ TOR
401810212,s:40~l:46~e:401810212~c:401810212,2025-12-07,19812,True,False,False,False,2025-12-07T17:00Z,,,1,STD,1830.0,Madison Square Garden,New York,NY,True,720,12:00,4,3,STATUS_FINAL,post,True,Final,Final,Final,4,18,s:40~l:46~t:18,New York,Knicks,NY,New York Knicks,Knicks,1d428a,f58426,True,1830.0,https://a.espncdn.com/i/teamlogos/nba/500/scoreboard/ny.png,106,True,19,s:40~l:46~t:19,Orlando,Magic,ORL,Orlando Magic,Magic,True,100,False,401810212,2026,2,0150b5,9ca0a3,3432.0,https://a.espncdn.com/i/teamlogos/nba/500/scoreboard/orl.png,,True,https://raw.githubusercontent.com/sportsdataverse/hoopR-nba-raw/main/nba/json/final/401810212.json,2025-12-07 12:00:00,2025-12-07,True,ORL @ NYK
401810211,s:40~l:46~e:401810211~c:401810211,2025-12-07,19310,True,False,False,False,2025-12-07T01:30Z,,,1,STD,516.0,American Airlines Center,Dallas,TX,True,720,12:00,4,3,STATUS_FINAL,post,True,Final,Final,Final,4,6,s:40~l:46~t:6,Dallas,Mavericks,DAL,Dallas Mavericks,Mavericks,0064b1,bbc4ca,True,516.0,https://a.espncdn.com/i/teamlogos/nba/500/scoreboard/dal.png,122,True,10,s:40~l:46~t:10,Houston,Rockets,HOU,Houston Rockets,Rockets,True,109,False,401810211,2026,2,ce1141,000000,1394.0,https://a.espncdn.com/i/teamlogos/nba/500/scoreboard/hou.png,,True,https://raw.githubusercontent.com/sportsdataverse/hoopR-nba-raw/main/nba/json/final/401810211.json,2025-12-06 20:30:00,2025-12-06,True,HOU @ DAL
401810209,s:40~l:46~e:401810209~c:401810209,2025-12-07,19700,True,False,False,False,2025-12-07T01:00Z,,,1,STD,3438.0,Kaseya Center,Miami,FL,True,720,12:00,4,3,STATUS_FINAL,post,True,Final,Final,Final,4,14,s:40~l:46~t:14,Miami,Heat,MIA,Miami Heat,Heat,98002e,000000,True,3438.0,https://a.espncdn.com/i/teamlogos/nba/500/scoreboard/mia.png,111,False,23,s:40~l:46~t:23,Sacramento,Kings,SAC,Sacramento Kings,Kings,True,127,True,401810209,2026,2,5a2d81,6a7a82,2247.0,https://a.espncdn.com/i/teamlogos/nba/500/scoreboard/sac.png,,True,https://raw.githubusercontent.com/sportsdataverse/hoopR-nba-raw/main/nba/json/final/401810209.json,2025-12-06 20:00:00,2025-12-06,True,SAC @ MIA
401810210,s:40~l:46~e:401810210~c:401810210,2025-12-07,17506,True,False,False,False,2025-12-07T01:00Z,,,1,STD,2029.0,Target Center,Minneapolis,MN,True,720,12:00,4,3,STATUS_FINAL,post,True,Final,Final,Final,4,16,s:40~l:46~t:16,Minnesota,Timberwolves,MIN,Minnesota Timberwolves,Timberwolves,266092,79bc43,True,2029.0,https://a.espncdn.com/i/teamlogos/nba/500/scoreboard/min.png,109,True,12,s:40~l:46~t:12,LA,Clippers,LAC,LA Clippers,Clippers,True,106,False,401810210,2026,2,12173f,c8102e,1841.0,https://a.espncdn.com/i/teamlogos/nba/500/scoreboard/lac.png,,True,https://raw.githubusercontent.com/sportsdataverse/hoopR-nba-raw/main/nba/json/final/401810210.json,2025-12-06 20:00:00,2025-12-06,True,LAC @ MIN
401810207,s:40~l:46~e:401810207~c:401810207,2025-12-07,19432,True,False,False,False,2025-12-07T00:30Z,,,1,STD,3417.0,Rocket Arena,Cleveland,OH,True,720,12:00,4,3,STATUS_FINAL,post,True,Final,Final,Final,4,5,s:40~l:46~t:5,Cleveland,Cavaliers,CLE,Cleveland Cavaliers,Cavaliers,860038,bc945c,True,3417.0,https://a.espncdn.com/i/teamlogos/nba/500/scoreboard/cle.png,94,False,9,s:40~l:46~t:9,Golden State,Warriors,GS,Golden State Warriors,Warriors,True,99,True,401810207,2026,2,fdb927,1d428a,2465.0,https://a.espncdn.com/i/teamlogos/nba/500/scoreboard/gs.png,,True,https://raw.githubusercontent.com/sportsdataverse/hoopR-nba-raw/main/nba/json/final/401810207.json,2025-12-06 19:30:00,2025-12-06,True,GSW @ CLE
401810208,s:40~l:46~e:401810208~c:401810208,2025-12-07,19931,True,False,False,False,2025-12-07T00:30Z,,,1,STD,5404.0,Little Caesars Arena,Detroit,MI,True,720,12:00,4,3,STATUS_FINAL,post,True,Final,Final,Final,4,8,s:40~l:46~t:8,Detroit,Pistons,DET,Detroit Pistons,Pistons,1d428a,c8102e,True,5311.0,https://a.espncdn.com/i/teamlogos/nba/500/scoreboard/det.png,124,True,15,s:40~l:46~t:15,Milwaukee,Bucks,MIL,Milwaukee Bucks,Bucks,True,112,False,401810208,2026,2,00471b,eee1c6,2099.0,https://a.espncdn.com/i/teamlogos/nba/500/scoreboard/mil.png,,True,https://raw.githubusercontent.com/sportsdataverse/hoopR-nba-raw/main/nba/json/final/401810208.json,2025-12-06 19:30:00,2025-12-06,True,MIL @ DET
401810206,s:40~l:46~e:401810206~c:401810206,2025-12-07,15596,True,False,False,False,2025-12-07T00:00Z,,,1,STD,1823.0,Capital One Arena,Washington,DC,True,720,12:00,4,3,STATUS_FINAL,post,True,Final,Final,Final,4,27,s:40~l:46~t:27,Washington,Wizards,WSH,Washington Wizards,Wizards,e31837,002b5c,True,1823.0,https://a.espncdn.com/i/teamlogos/nba/500/scoreboard/wsh.png,116,False,1,s:40~l:46~t:1,Atlanta,Hawks,ATL,Atlanta Hawks,Hawks,True,131,True,401810206,2026,2,c8102e,fdb927,1827.0,https://a.espncdn.com/i/teamlogos/nba/500/scoreboard/atl.png,,True,https://raw.githubusercontent.com/sportsdataverse/hoopR-nba-raw/main/nba/json/final/401810206.json,2025-12-06 19:00:00,2025-12-06,True,ATL @ WAS
401810205,s:40~l:46~e:401810205~c:401810205,2025-12-06,17055,True,False,False,False,2025-12-06T22:00Z,,,1,STD,3559.0,Barclays Center,Brooklyn,NY,True,720,12:00,4,3,STATUS_FINAL,post,True,Final,Final,Final,4,17,s:40~l:46~t:17,Brooklyn,Nets,BKN,Brooklyn Nets,Nets,000000,ffffff,True,1826.0,https://a.espncdn.com/i/teamlogos/nba/500/scoreboard/bkn.png,119,True,3,s:40~l:46~t:3,New Orleans,Pelicans,NO,New Orleans Pelicans,Pelicans,True,101,False,401810205,2026,2,0a2240,b4975a,985.0,https://a.espncdn.com/i/teamlogos/nba/500/scoreboard/no.png,,True,https://raw.githubusercontent.com/sportsdataverse/hoopR-nba-raw/main/nba/json/final/401810205.json,2025-12-06 17:00:00,2025-12-06,True,NOP @ BKN
401810204,s:40~l:46~e:401810204~c:401810204,2025-12-06,18203,True,False,False,False,2025-12-06T02:30Z,,,1,STD,2559.0,Paycom Center,Oklahoma City,OK,True,0,0.0,4,3,STATUS_FINAL,post,True,Final,Final,Final,4,25,s:40~l:46~t:25,Oklahoma City,Thunder,OKC,Oklahoma City Thunder,Thunder,007ac1,ef3b24,True,2559.0,https://a.espncdn.com/i/teamlogos/nba/500/scoreboard/okc.png,132,True,6,s:40~l:46~t:6,Dallas,Mavericks,DAL,Dallas Mavericks,Mavericks,True,111,False,401810204,2026,2,0064b1,bbc4ca,516.0,https://a.espncdn.com/i/teamlogos/nba/500/scoreboard/dal.png,,True,https://raw.githubusercontent.com/sportsdataverse/hoopR-nba-raw/main/nba/json/final/401810204.json,2025-12-05 21:30:00,2025-12-05,True,DAL @ OKC
401810200,s:40~l:46~e:401810200~c:401810200,2025-12-06,20471,True,False,False,False,2025-12-06T01:00Z,,,1,STD,1847.0,United Center,Chicago,IL,True,0,0.0,4,3,STATUS_FINAL,post,True,Final,Final,Final,4,4,s:40~l:46~t:4,Chicago,Bulls,CHI,Chicago Bulls,Bulls,ce1141,000000,True,1847.0,https://a.espncdn.com/i/teamlogos/nba/500/scoreboard/chi.png,105,False,11,s:40~l:46~t:11,Indiana,Pacers,IND,Indiana Pacers,Pacers,True,120,True,401810200,2026,2,0c2340,ffd520,2183.0,https://a.espncdn.com/i/teamlogos/nba/500/scoreboard/ind.png,,True,https://raw.githubusercontent.com/sportsdataverse/hoopR-nba-raw/main/nba/json/final/401810200.json,2025-12-05 20:00:00,2025-12-05,True,IND @ CHI
401810201,s:40~l:46~e:401810201~c:401810201,2025-12-06,18055,True,False,False,False,2025-12-06T01:00Z,,,1,STD,1394.0,Toyota Center (Houston),Houston,TX,True,0,0.0,4,3,STATUS_FINAL,post,True,Final,Final,Final,4,10,s:40~l:46~t:10,Houston,Rockets,HOU,Houston Rockets,Rockets,ce1141,000000,True,1394.0,https://a.espncdn.com/i/teamlogos/nba/500/scoreboard/hou.png,117,True,21,s:40~l:46~t:21,Phoenix,Suns,PHX,Phoenix Suns,Suns,True,98,False,401810201,2026,2,29127a,e56020,1949.0,https://a.espncdn.com/i/teamlogos/nba/500/scoreboard/phx.png,,True,https://raw.githubusercontent.com/sportsdataverse/hoopR-nba-raw/main/nba/json/final/401810201.json,2025-12-05 20:00:00,2025-12-05,True,PHX @ HOU
401810202,s:40~l:46~e:401810202~c:401810202,2025-12-06,15052,True,False,False,False,2025-12-06T01:00Z,,,1,STD,1392.0,FedExForum,Memphis,TN,True,0,0.0,4,3,STATUS_FINAL,post,True,Final,Final,Final,4,29,s:40~l:46~t:29,Memphis,Grizzlies,MEM,Memphis Grizzlies,Grizzlies,5d76a9,12173f,True,1392.0,https://a.espncdn.com/i/teamlogos/nba/500/scoreboard/mem.png,107,True,12,s:40~l:46~t:12,LA,Clippers,LAC,LA Clippers,Clippers,True,98,False,401810202,2026,2,12173f,c8102e,1841.0,https://a.espncdn.com/i/teamlogos/nba/500/scoreboard/lac.png,,True,https://raw.githubusercontent.com/sportsdataverse/hoopR-nba-raw/main/nba/json/final/401810202.json,2025-12-05 20:00:00,2025-12-05,True,LAC @ MEM
401810203,s:40~l:46~e:401810203~c:401810203,2025-12-06,17341,True,False,False,False,2025-12-06T01:00Z,,,1,STD,5777.0,Fiserv Forum,Milwaukee,WI,True,0,0.0,4,3,STATUS_FINAL,post,True,Final,Final,Final,4,15,s:40~l:46~t:15,Milwaukee,Bucks,MIL,Milwaukee Bucks,Bucks,00471b,eee1c6,True,2099.0,https://a.espncdn.com/i/teamlogos/nba/500/scoreboard/mil.png,101,False,20,s:40~l:46~t:20,Philadelphia,76ers,PHI,Philadelphia 76ers,76ers,True,116,True,401810203,2026,2,1d428a,e01234,1845.0,https://a.espncdn.com/i/teamlogos/nba/500/scoreboard/phi.png,,True,https://raw.githubusercontent.com/sportsdataverse/hoopR-nba-raw/main/nba/json/final/401810203.json,2025-12-05 20:00:00,2025-12-05,True,PHI @ MIL
401810195,s:40~l:46~e:401810195~c:401810195,2025-12-06,16149,True,False,False,False,2025-12-06T00:30Z,,,1,STD,1827.0,State Farm Arena,Atlanta,GA,True,0,0.0,4,3,STATUS_FINAL,post,True,Final,Final,Final,4,1,s:40~l:46~t:1,Atlanta,Hawks,ATL,Atlanta Hawks,Hawks,c8102e,fdb927,True,1827.0,https://a.espncdn.com/i/teamlogos/nba/500/scoreboard/atl.png,133,False,7,s:40~l:46~t:7,Denver,Nuggets,DEN,Denver Nuggets,Nuggets,True,134,True,401810195,2026,2,0e2240,fec524,892.0,https://a.espncdn.com/i/teamlogos/nba/500/scoreboard/den.png,,True,https://raw.githubusercontent.com/sportsdataverse/hoopR-nba-raw/main/nba/json/final/401810195.json,2025-12-05 19:30:00,2025-12-05,True,DEN @ ATL
401810196,s:40~l:46~e:401810196~c:401810196,2025-12-06,19432,True,False,False,False,2025-12-06T00:30Z,,,1,STD,3417.0,Rocket Arena,Cleveland,OH,True,0,0.0,4,3,STATUS_FINAL,post,True,Final,Final,Final,4,5,s:40~l:46~t:5,Cleveland,Cavaliers,CLE,Cleveland Cavaliers,Cavaliers,860038,bc945c,True,3417.0,https://a.espncdn.com/i/teamlogos/nba/500/scoreboard/cle.png,130,True,24,s:40~l:46~t:24,San Antonio,Spurs,SA,San Antonio Spurs,Spurs,True,117,False,401810196,2026,2,000000,c4ced4,780.0,https://a.espncdn.com/i/teamlogos/nba/500/scoreboard/sa.png,,True,https://raw.githubusercontent.com/sportsdataverse/hoopR-nba-raw/main/nba/json/final/401810196.json,2025-12-05 19:30:00,2025-12-05,True,SAS @ CLE
401810197,s:40~l:46~e:401810197~c:401810197,2025-12-06,19907,True,False,False,False,2025-12-06T00:30Z,,,1,STD,5404.0,Little Caesars Arena,Detroit,MI,True,0,0.0,4,3,STATUS_FINAL,post,True,Final,Final,Final,4,8,s:40~l:46~t:8,Detroit,Pistons,DET,Detroit Pistons,Pistons,1d428a,c8102e,True,5311.0,https://a.espncdn.com/i/teamlogos/nba/500/scoreboard/det.png,122,True,22,s:40~l:46~t:22,Portland,Trail Blazers,POR,Portland Trail Blazers,Trail Blazers,True,116,False,401810197,2026,2,e03a3e,000000,3423.0,https://a.espncdn.com/i/teamlogos/nba/500/scoreboard/por.png,,True,https://raw.githubusercontent.com/sportsdataverse/hoopR-nba-raw/main/nba/json/final/401810197.json,2025-12-05 19:30:00,2025-12-05,True,POR @ DET
401810198,s:40~l:46~e:401810198~c:401810198,2025-12-06,19812,True,False,False,False,2025-12-06T00:30Z,,,1,STD,1830.0,Madison Square Garden,New York,NY,True,0,0.0,4,3,STATUS_FINAL,post,True,Final,Final,Final,4,18,s:40~l:46~t:18,New York,Knicks,NY,New York Knicks,Knicks,1d428a,f58426,True,1830.0,https://a.espncdn.com/i/teamlogos/nba/500/scoreboard/ny.png,146,True,26,s:40~l:46~t:26,Utah,Jazz,UTAH,Utah Jazz,Jazz,True,112,False,401810198,2026,2,4e008e,79a3dc,3093.0,https://a.espncdn.com/i/teamlogos/nba/500/scoreboard/utah.png,,True,https://raw.githubusercontent.com/sportsdataverse/hoopR-nba-raw/main/nba/json/final/401810198.json,2025-12-05 19:30:00,2025-12-05,True,UTA @ NYK
401810199,s:40~l:46~e:401810199~c:401810199,2025-12-06,19800,True,False,False,False,2025-12-06T00:30Z,,,1,STD,1838.0,Scotiabank Arena,Toronto,ON,True,0,0.0,4,3,STATUS_FINAL,post,True,Final,Final,Final,4,28,s:40~l:46~t:28,Toronto,Raptors,TOR,Toronto Raptors,Raptors,d91244,000000,True,1838.0,https://a.espncdn.com/i/teamlogos/nba/500/scoreboard/tor.png,86,False,30,s:40~l:46~t:30,Charlotte,Hornets,CHA,Charlotte Hornets,Hornets,True,111,True,401810199,2026,2,008ca8,1d1060,1893.0,https://a.espncdn.com/i/teamlogos/nba/500/scoreboard/cha.png,,True,https://raw.githubusercontent.com/sportsdataverse/hoopR-nba-raw/main/nba/json/final/401810199.json,2025-12-05 19:30:00,2025-12-05,True,CHA @ TOR
401810193,s:40~l:46~e:401810193~c:401810193,2025-12-06,19156,True,False,False,False,2025-12-06T00:00Z,,,1,STD,1824.0,TD Garden,Boston,MA,True,0,0.0,4,3,STATUS_FINAL,post,True,Final,Final,Final,4,2,s:40~l:46~t:2,Boston,Celtics,BOS,Boston Celtics,Celtics,008348,ffffff,True,1824.0,https://a.espncdn.com/i/teamlogos/nba/500/scoreboard/bos.png,126,True,13,s:40~l:46~t:13,Los Angeles,Lakers,LAL,Los Angeles Lakers,Lakers,True,105,False,401810193,2026,2,552583,fdb927,1841.0,https://a.espncdn.com/i/teamlogos/nba/500/scoreboard/lal.png,,True,https://raw.githubusercontent.com/sportsdataverse/hoopR-nba-raw/main/nba/json/final/401810193.json,2025-12-05 19:00:00,2025-12-05,True,LAL @ BOS
401810194,s:40~l:46~e:401810194~c:401810194,2025-12-06,17794,True,False,False,False,2025-12-06T00:00Z,,,1,STD,3432.0,Kia Center,Orlando,FL,True,0,0.0,4,3,STATUS_FINAL,post,True,Final,Final,Final,4,19,s:40~l:46~t:19,Orlando,Magic,ORL,Orlando Magic,Magic,0150b5,9ca0a3,True,3432.0,https://a.espncdn.com/i/teamlogos/nba/500/scoreboard/orl.png,106,True,14,s:40~l:46~t:14,Miami,Heat,MIA,Miami Heat,Heat,True,105,False,401810194,2026,2,98002e,000000,3438.0,https://a.espncdn.com/i/teamlogos/nba/500/scoreboard/mia.png,,True,https://raw.githubusercontent.com/sportsdataverse/hoopR-nba-raw/main/nba/json/final/401810194.json,2025-12-05 19:00:00,2025-12-05,True,MIA @ ORL
401810192,s:40~l:46~e:401810192~c:401810192,2025-12-05,16459,True,False,False,False,2025-12-05T01:00Z,,,1,STD,985.0,Smoothie King Center,New Orleans,LA,True,720,12:00,4,3,STATUS_FINAL,post,True,Final,Final,Final,4,3,s:40~l:46~t:3,New Orleans,Pelicans,NO,New Orleans Pelicans,Pelicans,0a2240,b4975a,True,985.0,https://a.espncdn.com/i/teamlogos/nba/500/scoreboard/no.png,116,False,16,s:40~l:46~t:16,Minnesota,Timberwolves,MIN,Minnesota Timberwolves,Timberwolves,True,125,True,401810192,2026,2,266092,79bc43,2029.0,https://a.espncdn.com/i/teamlogos/nba/500/scoreboard/min.png,,True,https://raw.githubusercontent.com/sportsdataverse/hoopR-nba-raw/main/nba/json/final/401810192.json,2025-12-04 20:00:00,2025-12-04,True,MIN @ NOP
401810190,s:40~l:46~e:401810190~c:401810190,2025-12-05,16485,True,False,False,False,2025-12-05T00:30Z,,,1,STD,3559.0,Barclays Center,Brooklyn,NY,True,720,12:00,4,3,STATUS_FINAL,post,True,Final,Final,Final,4,17,s:40~l:46~t:17,Brooklyn,Nets,BKN,Brooklyn Nets,Nets,000000,ffffff,True,1826.0,https://a.espncdn.com/i/teamlogos/nba/500/scoreboard/bkn.png,110,False,26,s:40~l:46~t:26,Utah,Jazz,UTAH,Utah Jazz,Jazz,True,123,True,401810190,2026,2,4e008e,79a3dc,3093.0,https://a.espncdn.com/i/teamlogos/nba/500/scoreboard/utah.png,,True,https://raw.githubusercontent.com/sportsdataverse/hoopR-nba-raw/main/nba/json/final/401810190.json,2025-12-04 19:30:00,2025-12-04,True,UTA @ BKN
401810191,s:40~l:46~e:401810191~c:401810191,2025-12-05,19800,True,False,False,False,2025-12-05T00:30Z,,,1,STD,1838.0,Scotiabank Arena,Toronto,ON,True,720,12:00,4,3,STATUS_FINAL,post,True,Final,Final,Final,4,28,s:40~l:46~t:28,Toronto,Raptors,TOR,Toronto Raptors,Raptors,d91244,000000,True,1838.0,https://a.espncdn.com/i/teamlogos/nba/500/scoreboard/tor.png,120,False,13,s:40~l:46~t:13,Los Angeles,Lakers,LAL,Los Angeles Lakers,Lakers,True,123,True,401810191,2026,2,552583,fdb927,1841.0,https://a.espncdn.com/i/teamlogos/nba/500/scoreboard/lal.png,,True,https://raw.githubusercontent.com/sportsdataverse/hoopR-nba-raw/main/nba/json/final/401810191.json,2025-12-04 19:30:00,2025-12-04,True,LAL @ TOR
401810188,s:40~l:46~e:401810188~c:401810188,2025-12-05,18221,True,False,False,False,2025-12-05T00:00Z,,,1,STD,1845.0,Xfinity Mobile Arena,Philadelphia,PA,True,720,12:00,4,3,STATUS_FINAL,post,True,Final,Final,Final,4,20,s:40~l:46~t:20,Philadelphia,76ers,PHI,Philadelphia 76ers,76ers,1d428a,e01234,True,1845.0,https://a.espncdn.com/i/teamlogos/nba/500/scoreboard/phi.png,99,True,9,s:40~l:46~t:9,Golden State,Warriors,GS,Golden State Warriors,Warriors,True,98,False,401810188,2026,2,fdb927,1d428a,2465.0,https://a.espncdn.com/i/teamlogos/nba/500/scoreboard/gs.png,,True,https://raw.githubusercontent.com/sportsdataverse/hoopR-nba-raw/main/nba/json/final/401810188.json,2025-12-04 19:00:00,2025-12-04,True,GSW @ PHI
401810189,s:40~l:46~e:401810189~c:401810189,2025-12-05,16026,True,False,False,False,2025-12-05T00:00Z,,,1,STD,1823.0,Capital One Arena,Washington,DC,True,720,12:00,4,3,STATUS_FINAL,post,True,Final,Final,Final,4,27,s:40~l:46~t:27,Washington,Wizards,WSH,Washington Wizards,Wizards,e31837,002b5c,True,1823.0,https://a.espncdn.com/i/teamlogos/nba/500/scoreboard/wsh.png,101,False,2,s:40~l:46~t:2,Boston,Celtics,BOS,Boston Celtics,Celtics,True,146,True,401810189,2026,2,008348,ffffff,1824.0,https://a.espncdn.com/i/teamlogos/nba/500/scoreboard/bos.png,,True,https://raw.githubusercontent.com/sportsdataverse/hoopR-nba-raw/main/nba/json/final/401810189.json,2025-12-04 19:00:00,2025-12-04,True,BOS @ WAS
401810187,s:40~l:46~e:401810187~c:401810187,2025-12-04,19509,True,False,False,False,2025-12-04T01:30Z,,,1,STD,516.0,American Airlines Center,Dallas,TX,True,720,12:00,4,3,STATUS_FINAL,post,True,Final,Final,Final,4,6,s:40~l:46~t:6,Dallas,Mavericks,DAL,Dallas Mavericks,Mavericks,0064b1,bbc4ca,True,516.0,https://a.espncdn.com/i/teamlogos/nba/500/scoreboard/dal.png,118,True,14,s:40~l:46~t:14,Miami,Heat,MIA,Miami Heat,Heat,True,108,False,401810187,2026,2,98002e,000000,3438.0,https://a.espncdn.com/i/teamlogos/nba/500/scoreboard/mia.png,,True,https://raw.githubusercontent.com/sportsdataverse/hoopR-nba-raw/main/nba/json/final/401810187.json,2025-12-03 20:30:00,2025-12-03,True,MIA @ DAL
401810184,s:40~l:46~e:401810184~c:401810184,2025-12-04,20633,True,False,False,False,2025-12-04T01:00Z,,,1,STD,1847.0,United Center,Chicago,IL,True,720,12:00,4,3,STATUS_FINAL,post,True,Final,Final,Final,4,4,s:40~l:46~t:4,Chicago,Bulls,CHI,Chicago Bulls,Bulls,ce1141,000000,True,1847.0,https://a.espncdn.com/i/teamlogos/nba/500/scoreboard/chi.png,103,False,17,s:40~l:46~t:17,Brooklyn,Nets,BKN,Brooklyn Nets,Nets,True,113,True,401810184,2026,2,000000,ffffff,1826.0,https://a.espncdn.com/i/teamlogos/nba/500/scoreboard/bkn.png,,True,https://raw.githubusercontent.com/sportsdataverse/hoopR-nba-raw/main/nba/json/final/401810184.json,2025-12-03 20:00:00,2025-12-03,True,BKN @ CHI
401810185,s:40~l:46~e:401810185~c:401810185,2025-12-04,18055,True,False,False,False,2025-12-04T01:00Z,,,1,STD,1394.0,Toyota Center (Houston),Houston,TX,True,720,12:00,4,3,STATUS_FINAL,post,True,Final,Final,Final,4,10,s:40~l:46~t:10,Houston,Rockets,HOU,Houston Rockets,Rockets,ce1141,000000,True,1394.0,https://a.espncdn.com/i/teamlogos/nba/500/scoreboard/hou.png,121,True,23,s:40~l:46~t:23,Sacramento,Kings,SAC,Sacramento Kings,Kings,True,95,False,401810185,2026,2,5a2d81,6a7a82,2247.0,https://a.espncdn.com/i/teamlogos/nba/500/scoreboard/sac.png,,True,https://raw.githubusercontent.com/sportsdataverse/hoopR-nba-raw/main/nba/json/final/401810185.json,2025-12-03 20:00:00,2025-12-03,True,SAC @ HOU
401810186,s:40~l:46~e:401810186~c:401810186,2025-12-04,16256,True,False,False,False,2025-12-04T01:00Z,,,1,STD,5777.0,Fiserv Forum,Milwaukee,WI,True,720,12:00,4,3,STATUS_FINAL,post,True,Final,Final,Final,4,15,s:40~l:46~t:15,Milwaukee,Bucks,MIL,Milwaukee Bucks,Bucks,00471b,eee1c6,True,2099.0,https://a.espncdn.com/i/teamlogos/nba/500/scoreboard/mil.png,113,True,8,s:40~l:46~t:8,Detroit,Pistons,DET,Detroit Pistons,Pistons,True,109,False,401810186,2026,2,1d428a,c8102e,5311.0,https://a.espncdn.com/i/teamlogos/nba/500/scoreboard/det.png,,True,https://raw.githubusercontent.com/sportsdataverse/hoopR-nba-raw/main/nba/json/final/401810186.json,2025-12-03 20:00:00,2025-12-03,True,DET @ MIL
401810182,s:40~l:46~e:401810182~c:401810182,2025-12-04,16470,True,False,False,False,2025-12-04T00:30Z,,,1,STD,1827.0,State Farm Arena,Atlanta,GA,True,720,12:00,4,3,STATUS_FINAL,post,True,Final,Final,Final,4,1,s:40~l:46~t:1,Atlanta,Hawks,ATL,Atlanta Hawks,Hawks,c8102e,fdb927,True,1827.0,https://a.espncdn.com/i/teamlogos/nba/500/scoreboard/atl.png,92,False,12,s:40~l:46~t:12,LA,Clippers,LAC,LA Clippers,Clippers,True,115,True,401810182,2026,2,12173f,c8102e,1841.0,https://a.espncdn.com/i/teamlogos/nba/500/scoreboard/lac.png,,True,https://raw.githubusercontent.com/sportsdataverse/hoopR-nba-raw/main/nba/json/final/401810182.json,2025-12-03 19:30:00,2025-12-03,True,LAC @ ATL
401810183,s:40~l:46~e:401810183~c:401810183,2025-12-04,19812,True,False,False,False,2025-12-04T00:30Z,,,1,STD,1830.0,Madison Square Garden,New York,NY,True,720,12:00,4,3,STATUS_FINAL,post,True,Final,Final,Final,4,18,s:40~l:46~t:18,New York,Knicks,NY,New York Knicks,Knicks,1d428a,f58426,True,1830.0,https://a.espncdn.com/i/teamlogos/nba/500/scoreboard/ny.png,119,True,30,s:40~l:46~t:30,Charlotte,Hornets,CHA,Charlotte Hornets,Hornets,True,104,False,401810183,2026,2,008ca8,1d1060,1893.0,https://a.espncdn.com/i/teamlogos/nba/500/scoreboard/cha.png,,True,https://raw.githubusercontent.com/sportsdataverse/hoopR-nba-raw/main/nba/json/final/401810183.json,2025-12-03 19:30:00,2025-12-03,True,CHA @ NYK
401810179,s:40~l:46~e:401810179~c:401810179,2025-12-04,19432,True,False,False,False,2025-12-04T00:00Z,,,1,STD,3417.0,Rocket Arena,Cleveland,OH,True,720,12:00,4,3,STATUS_FINAL,post,True,Final,Final,Final,4,5,s:40~l:46~t:5,Cleveland,Cavaliers,CLE,Cleveland Cavaliers,Cavaliers,860038,bc945c,True,3417.0,https://a.espncdn.com/i/teamlogos/nba/500/scoreboard/cle.png,110,False,22,s:40~l:46~t:22,Portland,Trail Blazers,POR,Portland Trail Blazers,Trail Blazers,True,122,True,401810179,2026,2,e03a3e,000000,3423.0,https://a.espncdn.com/i/teamlogos/nba/500/scoreboard/por.png,,True,https://raw.githubusercontent.com/sportsdataverse/hoopR-nba-raw/main/nba/json/final/401810179.json,2025-12-03 19:00:00,2025-12-03,True,POR @ CLE
401810180,s:40~l:46~e:401810180~c:401810180,2025-12-04,15578,True,False,False,False,2025-12-04T00:00Z,,,1,STD,2183.0,Gainbridge Fieldhouse,Indianapolis,IN,True,720,12:00,4,3,STATUS_FINAL,post,True,Final,Final,Final,4,11,s:40~l:46~t:11,Indiana,Pacers,IND,Indiana Pacers,Pacers,0c2340,ffd520,True,2183.0,https://a.espncdn.com/i/teamlogos/nba/500/scoreboard/ind.png,120,False,7,s:40~l:46~t:7,Denver,Nuggets,DEN,Denver Nuggets,Nuggets,True,135,True,401810180,2026,2,0e2240,fec524,892.0,https://a.espncdn.com/i/teamlogos/nba/500/scoreboard/den.png,,True,https://raw.githubusercontent.com/sportsdataverse/hoopR-nba-raw/main/nba/json/final/401810180.json,2025-12-03 19:00:00,2025-12-03,True,DEN @ IND
401810181,s:40~l:46~e:401810181~c:401810181,2025-12-04,17643,True,False,False,False,2025-12-04T00:00Z,,,1,STD,3432.0,Kia Center,Orlando,FL,True,0,0.0,4,3,STATUS_FINAL,post,True,Final,Final,Final,4,19,s:40~l:46~t:19,Orlando,Magic,ORL,Orlando Magic,Magic,0150b5,9ca0a3,True,3432.0,https://a.espncdn.com/i/teamlogos/nba/500/scoreboard/orl.png,112,False,24,s:40~l:46~t:24,San Antonio,Spurs,SA,San Antonio Spurs,Spurs,True,114,True,401810181,2026,2,000000,c4ced4,780.0,https://a.espncdn.com/i/teamlogos/nba/500/scoreboard/sa.png,,True,https://raw.githubusercontent.com/sportsdataverse/hoopR-nba-raw/main/nba/json/final/401810181.json,2025-12-03 19:00:00,2025-12-03,True,SAS @ ORL
401810178,s:40~l:46~e:401810178~c:401810178,2025-12-03,18064,True,False,False,False,2025-12-03T04:00Z,,,1,STD,6270.0,Chase Center,San Francisco,CA,True,720,12:00,4,3,STATUS_FINAL,post,True,Final,Final,Final,4,9,s:40~l:46~t:9,Golden State,Warriors,GS,Golden State Warriors,Warriors,fdb927,1d428a,True,2465.0,https://a.espncdn.com/i/teamlogos/nba/500/scoreboard/gs.png,112,False,25,s:40~l:46~t:25,Oklahoma City,Thunder,OKC,Oklahoma City Thunder,Thunder,True,124,True,401810178,2026,2,007ac1,ef3b24,2559.0,https://a.espncdn.com/i/teamlogos/nba/500/scoreboard/okc.png,,True,https://raw.githubusercontent.com/sportsdataverse/hoopR-nba-raw/main/nba/json/final/401810178.json,2025-12-02 23:00:00,2025-12-02,True,OKC @ GSW
401810175,s:40~l:46~e:401810175~c:401810175,2025-12-03,19156,True,False,False,False,2025-12-03T01:00Z,,,1,STD,1824.0,TD Garden,Boston,MA,True,720,12:00,4,3,STATUS_FINAL,post,True,Final,Final,Final,4,2,s:40~l:46~t:2,Boston,Celtics,BOS,Boston Celtics,Celtics,008348,ffffff,True,1824.0,https://a.espncdn.com/i/teamlogos/nba/500/scoreboard/bos.png,123,True,18,s:40~l:46~t:18,New York,Knicks,NY,New York Knicks,Knicks,True,117,False,401810175,2026,2,1d428a,f58426,1830.0,https://a.espncdn.com/i/teamlogos/nba/500/scoreboard/ny.png,,True,https://raw.githubusercontent.com/sportsdataverse/hoopR-nba-raw/main/nba/json/final/401810175.json,2025-12-02 20:00:00,2025-12-02,True,NYK @ BOS
401810176,s:40~l:46~e:401810176~c:401810176,2025-12-03,12770,True,False,False,False,2025-12-03T01:00Z,,,1,STD,985.0,Smoothie King Center,New Orleans,LA,True,300,5:00,5,3,STATUS_FINAL,post,True,Final,Final/OT,Final/OT,4,3,s:40~l:46~t:3,New Orleans,Pelicans,NO,New Orleans Pelicans,Pelicans,0a2240,b4975a,True,985.0,https://a.espncdn.com/i/teamlogos/nba/500/scoreboard/no.png,142,False,16,s:40~l:46~t:16,Minnesota,Timberwolves,MIN,Minnesota Timberwolves,Timberwolves,True,149,True,401810176,2026,2,266092,79bc43,2029.0,https://a.espncdn.com/i/teamlogos/nba/500/scoreboard/min.png,OT,True,https://raw.githubusercontent.com/sportsdataverse/hoopR-nba-raw/main/nba/json/final/401810176.json,2025-12-02 20:00:00,2025-12-02,True,MIN @ NOP
401810177,s:40~l:46~e:401810177~c:401810177,2025-12-03,18354,True,False,False,False,2025-12-03T01:00Z,,,1,STD,780.0,Frost Bank Center,San Antonio,TX,True,720,12:00,4,3,STATUS_FINAL,post,True,Final,Final,Final,4,24,s:40~l:46~t:24,San Antonio,Spurs,SA,San Antonio Spurs,Spurs,000000,c4ced4,True,780.0,https://a.espncdn.com/i/teamlogos/nba/500/scoreboard/sa.png,126,True,29,s:40~l:46~t:29,Memphis,Grizzlies,MEM,Memphis Grizzlies,Grizzlies,True,119,False,401810177,2026,2,5d76a9,12173f,1392.0,https://a.espncdn.com/i/teamlogos/nba/500/scoreboard/mem.png,,True,https://raw.githubusercontent.com/sportsdataverse/hoopR-nba-raw/main/nba/json/final/401810177.json,2025-12-02 20:00:00,2025-12-02,True,MEM @ SAS
401810174,s:40~l:46~e:401810174~c:401810174,2025-12-03,19203,True,False,False,False,2025-12-03T00:30Z,,,1,STD,1838.0,Scotiabank Arena,Toronto,ON,True,720,12:00,4,3,STATUS_FINAL,post,True,Final,Final,Final,4,28,s:40~l:46~t:28,Toronto,Raptors,TOR,Toronto Raptors,Raptors,d91244,000000,True,1838.0,https://a.espncdn.com/i/teamlogos/nba/500/scoreboard/tor.png,121,True,22,s:40~l:46~t:22,Portland,Trail Blazers,POR,Portland Trail Blazers,Trail Blazers,True,118,False,401810174,2026,2,e03a3e,000000,3423.0,https://a.espncdn.com/i/teamlogos/nba/500/scoreboard/por.png,,True,https://raw.githubusercontent.com/sportsdataverse/hoopR-nba-raw/main/nba/json/final/401810174.json,2025-12-02 19:30:00,2025-12-02,True,POR @ TOR
401810173,s:40~l:46~e:401810173~c:401810173,2025-12-03,16743,True,False,False,False,2025-12-03T00:00Z,,,1,STD,1845.0,Xfinity Mobile Arena,Philadelphia,PA,True,720,12:00,4,3,STATUS_FINAL,post,True,Final,Final,Final,4,20,s:40~l:46~t:20,Philadelphia,76ers,PHI,Philadelphia 76ers,76ers,1d428a,e01234,True,1845.0,https://a.espncdn.com/i/teamlogos/nba/500/scoreboard/phi.png,121,True,27,s:40~l:46~t:27,Washington,Wizards,WSH,Washington Wizards,Wizards,True,102,False,401810173,2026,2,e31837,002b5c,1823.0,https://a.espncdn.com/i/teamlogos/nba/500/scoreboard/wsh.png,,True,https://raw.githubusercontent.com/sportsdataverse/hoopR-nba-raw/main/nba/json/final/401810173.json,2025-12-02 19:00:00,2025-12-02,True,WAS @ PHI
401810172,s:40~l:46~e:401810172~c:401810172,2025-12-02,18997,True,False,False,False,2025-12-02T03:00Z,,,1,STD,1841.0,crypto.com Arena,Los Angeles,CA,True,0,0.0,4,3,STATUS_FINAL,post,True,Final,Final,Final,4,13,s:40~l:46~t:13,Los Angeles,Lakers,LAL,Los Angeles Lakers,Lakers,552583,fdb927,True,1841.0,https://a.espncdn.com/i/teamlogos/nba/500/scoreboard/lal.png,108,False,21,s:40~l:46~t:21,Phoenix,Suns,PHX,Phoenix Suns,Suns,True,125,True,401810172,2026,2,29127a,e56020,1949.0,https://a.espncdn.com/i/teamlogos/nba/500/scoreboard/phx.png,,True,https://raw.githubusercontent.com/sportsdataverse/hoopR-nba-raw/main/nba/json/final/401810172.json,2025-12-01 22:00:00,2025-12-01,True,PHX @ LAL
401810170,s:40~l:46~e:401810170~c:401810170,2025-12-02,19587,True,False,False,False,2025-12-02T02:00Z,,,1,STD,892.0,Ball Arena,Denver,CO,True,720,12:00,4,3,STATUS_FINAL,post,True,Final,Final,Final,4,7,s:40~l:46~t:7,Denver,Nuggets,DEN,Denver Nuggets,Nuggets,0e2240,fec524,True,892.0,https://a.espncdn.com/i/teamlogos/nba/500/scoreboard/den.png,121,False,6,s:40~l:46~t:6,Dallas,Mavericks,DAL,Dallas Mavericks,Mavericks,True,131,True,401810170,2026,2,0064b1,bbc4ca,516.0,https://a.espncdn.com/i/teamlogos/nba/500/scoreboard/dal.png,,True,https://raw.githubusercontent.com/sportsdataverse/hoopR-nba-raw/main/nba/json/final/401810170.json,2025-12-01 21:00:00,2025-12-01,True,DAL @ DEN
401810171,s:40~l:46~e:401810171~c:401810171,2025-12-02,18186,True,False,False,False,2025-12-02T02:00Z,,,1,STD,3093.0,Delta Center,Salt Lake City,UT,True,720,12:00,4,3,STATUS_FINAL,post,True,Final,Final,Final,4,26,s:40~l:46~t:26,Utah,Jazz,UTAH,Utah Jazz,Jazz,4e008e,79a3dc,True,3093.0,https://a.espncdn.com/i/teamlogos/nba/500/scoreboard/utah.png,133,True,10,s:40~l:46~t:10,Houston,Rockets,HOU,Houston Rockets,Rockets,True,125,False,401810171,2026,2,ce1141,000000,1394.0,https://a.espncdn.com/i/teamlogos/nba/500/scoreboard/hou.png,,True,https://raw.githubusercontent.com/sportsdataverse/hoopR-nba-raw/main/nba/json/final/401810171.json,2025-12-01 21:00:00,2025-12-01,True,HOU @ UTA
401810167,s:40~l:46~e:401810167~c:401810167,2025-12-02,16443,True,False,False,False,2025-12-02T00:30Z,,,1,STD,3559.0,Barclays Center,Brooklyn,NY,True,720,12:00,4,3,STATUS_FINAL,post,True,Final,Final,Final,4,17,s:40~l:46~t:17,Brooklyn,Nets,BKN,Brooklyn Nets,Nets,000000,ffffff,True,1826.0,https://a.espncdn.com/i/teamlogos/nba/500/scoreboard/bkn.png,116,True,30,s:40~l:46~t:30,Charlotte,Hornets,CHA,Charlotte Hornets,Hornets,True,103,False,401810167,2026,2,008ca8,1d1060,1893.0,https://a.espncdn.com/i/teamlogos/nba/500/scoreboard/cha.png,,True,https://raw.githubusercontent.com/sportsdataverse/hoopR-nba-raw/main/nba/json/final/401810167.json,2025-12-01 19:30:00,2025-12-01,True,CHA @ BKN
401810168,s:40~l:46~e:401810168~c:401810168,2025-12-02,19600,True,False,False,False,2025-12-02T00:30Z,,,1,STD,3438.0,Kaseya Center,Miami,FL,True,720,12:00,4,3,STATUS_FINAL,post,True,Final,Final,Final,4,14,s:40~l:46~t:14,Miami,Heat,MIA,Miami Heat,Heat,98002e,000000,True,3438.0,https://a.espncdn.com/i/teamlogos/nba/500/scoreboard/mia.png,140,True,12,s:40~l:46~t:12,LA,Clippers,LAC,LA Clippers,Clippers,True,123,False,401810168,2026,2,12173f,c8102e,1841.0,https://a.espncdn.com/i/teamlogos/nba/500/scoreboard/lac.png,,True,https://raw.githubusercontent.com/sportsdataverse/hoopR-nba-raw/main/nba/json/final/401810168.json,2025-12-01 19:30:00,2025-12-01,True,LAC @ MIA
401810169,s:40~l:46~e:401810169~c:401810169,2025-12-02,18096,True,False,False,False,2025-12-02T00:30Z,,,1,STD,3432.0,Kia Center,Orlando,FL,True,720,12:00,4,3,STATUS_FINAL,post,True,Final,Final,Final,4,19,s:40~l:46~t:19,Orlando,Magic,ORL,Orlando Magic,Magic,0150b5,9ca0a3,True,3432.0,https://a.espncdn.com/i/teamlogos/nba/500/scoreboard/orl.png,125,True,4,s:40~l:46~t:4,Chicago,Bulls,CHI,Chicago Bulls,Bulls,True,120,False,401810169,2026,2,ce1141,000000,1847.0,https://a.espncdn.com/i/teamlogos/nba/500/scoreboard/chi.png,,True,https://raw.githubusercontent.com/sportsdataverse/hoopR-nba-raw/main/nba/json/final/401810169.json,2025-12-01 19:30:00,2025-12-01,True,CHI @ ORL
401810164,s:40~l:46~e:401810164~c:401810164,2025-12-02,19008,True,False,False,False,2025-12-02T00:00Z,,,1,STD,5404.0,Little Caesars Arena,Detroit,MI,True,720,12:00,4,3,STATUS_FINAL,post,True,Final,Final,Final,4,8,s:40~l:46~t:8,Detroit,Pistons,DET,Detroit Pistons,Pistons,1d428a,c8102e,True,5311.0,https://a.espncdn.com/i/teamlogos/nba/500/scoreboard/det.png,99,True,1,s:40~l:46~t:1,Atlanta,Hawks,ATL,Atlanta Hawks,Hawks,True,98,False,401810164,2026,2,c8102e,fdb927,1827.0,https://a.espncdn.com/i/teamlogos/nba/500/scoreboard/atl.png,,True,https://raw.githubusercontent.com/sportsdataverse/hoopR-nba-raw/main/nba/json/final/401810164.json,2025-12-01 19:00:00,2025-12-01,True,ATL @ DET
401810165,s:40~l:46~e:401810165~c:401810165,2025-12-02,15470,True,False,False,False,2025-12-02T00:00Z,,,1,STD,2183.0,Gainbridge Fieldhouse,Indianapolis,IN,True,720,12:00,4,3,STATUS_FINAL,post,True,Final,Final,Final,4,11,s:40~l:46~t:11,Indiana,Pacers,IND,Indiana Pacers,Pacers,0c2340,ffd520,True,2183.0,https://a.espncdn.com/i/teamlogos/nba/500/scoreboard/ind.png,119,False,5,s:40~l:46~t:5,Cleveland,Cavaliers,CLE,Cleveland Cavaliers,Cavaliers,True,135,True,401810165,2026,2,860038,bc945c,3417.0,https://a.espncdn.com/i/teamlogos/nba/500/scoreboard/cle.png,,True,https://raw.githubusercontent.com/sportsdataverse/hoopR-nba-raw/main/nba/json/final/401810165.json,2025-12-01 19:00:00,2025-12-01,True,CLE @ IND
401810166,s:40~l:46~e:401810166~c:401810166,2025-12-02,13709,True,False,False,False,2025-12-02T00:00Z,,,1,STD,1823.0,Capital One Arena,Washington,DC,True,720,12:00,4,3,STATUS_FINAL,post,True,Final,Final,Final,4,27,s:40~l:46~t:27,Washington,Wizards,WSH,Washington Wizards,Wizards,e31837,002b5c,True,1823.0,https://a.espncdn.com/i/teamlogos/nba/500/scoreboard/wsh.png,129,True,15,s:40~l:46~t:15,Milwaukee,Bucks,MIL,Milwaukee Bucks,Bucks,True,126,False,401810166,2026,2,00471b,eee1c6,2099.0,https://a.espncdn.com/i/teamlogos/nba/500/scoreboard/mil.png,,True,https://raw.githubusercontent.com/sportsdataverse/hoopR-nba-raw/main/nba/json/final/401810166.json,2025-12-01 19:00:00,2025-12-01,True,MIL @ WAS
401810163,s:40~l:46~e:401810163~c:401810163,2025-12-01,18824,True,False,False,False,2025-12-01T02:30Z,,,1,STD,1841.0,crypto.com Arena,Los Angeles,CA,True,720,12:00,4,3,STATUS_FINAL,post,True,Final,Final,Final,4,13,s:40~l:46~t:13,Los Angeles,Lakers,LAL,Los Angeles Lakers,Lakers,552583,fdb927,True,1841.0,https://a.espncdn.com/i/teamlogos/nba/500/scoreboard/lal.png,133,True,3,s:40~l:46~t:3,New Orleans,Pelicans,NO,New Orleans Pelicans,Pelicans,True,121,False,401810163,2026,2,0a2240,b4975a,985.0,https://a.espncdn.com/i/teamlogos/nba/500/scoreboard/no.png,,True,https://raw.githubusercontent.com/sportsdataverse/hoopR-nba-raw/main/nba/json/final/401810163.json,2025-11-30 21:30:00,2025-11-30,True,NOP @ LAL
401810162,s:40~l:46~e:401810162~c:401810162,2025-12-01,15901,True,False,False,False,2025-12-01T02:00Z,,,1,STD,5310.0,Golden 1 Center,Sacramento,CA,True,0,0.0,4,3,STATUS_FINAL,post,True,Final,Final,Final,4,23,s:40~l:46~t:23,Sacramento,Kings,SAC,Sacramento Kings,Kings,5a2d81,6a7a82,True,2247.0,https://a.espncdn.com/i/teamlogos/nba/500/scoreboard/sac.png,107,False,29,s:40~l:46~t:29,Memphis,Grizzlies,MEM,Memphis Grizzlies,Grizzlies,True,115,True,401810162,2026,2,5d76a9,12173f,1392.0,https://a.espncdn.com/i/teamlogos/nba/500/scoreboard/mem.png,,True,https://raw.githubusercontent.com/sportsdataverse/hoopR-nba-raw/main/nba/json/final/401810162.json,2025-11-30 21:00:00,2025-11-30,True,MEM @ SAC
401810161,s:40~l:46~e:401810161~c:401810161,2025-12-01,16979,True,False,False,False,2025-12-01T00:00Z,,,1,STD,2029.0,Target Center,Minneapolis,MN,True,720,12:00,4,3,STATUS_FINAL,post,True,Final,Final,Final,4,16,s:40~l:46~t:16,Minnesota,Timberwolves,MIN,Minnesota Timberwolves,Timberwolves,266092,79bc43,True,2029.0,https://a.espncdn.com/i/teamlogos/nba/500/scoreboard/min.png,125,True,24,s:40~l:46~t:24,San Antonio,Spurs,SA,San Antonio Spurs,Spurs,True,112,False,401810161,2026,2,000000,c4ced4,780.0,https://a.espncdn.com/i/teamlogos/nba/500/scoreboard/sa.png,,True,https://raw.githubusercontent.com/sportsdataverse/hoopR-nba-raw/main/nba/json/final/401810161.json,2025-11-30 19:00:00,2025-11-30,True,SAS @ MIN
401810157,s:40~l:46~e:401810157~c:401810157,2025-11-30,19432,True,False,False,False,2025-11-30T23:00Z,,,1,STD,3417.0,Rocket Arena,Cleveland,OH,True,720,12:00,4,3,STATUS_FINAL,post,True,Final,Final,Final,4,5,s:40~l:46~t:5,Cleveland,Cavaliers,CLE,Cleveland Cavaliers,Cavaliers,860038,bc945c,True,3417.0,https://a.espncdn.com/i/teamlogos/nba/500/scoreboard/cle.png,115,False,2,s:40~l:46~t:2,Boston,Celtics,BOS,Boston Celtics,Celtics,True,117,True,401810157,2026,2,008348,ffffff,1824.0,https://a.espncdn.com/i/teamlogos/nba/500/scoreboard/bos.png,,True,https://raw.githubusercontent.com/sportsdataverse/hoopR-nba-raw/main/nba/json/final/401810157.json,2025-11-30 18:00:00,2025-11-30,True,BOS @ CLE
401810158,s:40~l:46~e:401810158~c:401810158,2025-11-30,19812,True,False,False,False,2025-11-30T23:00Z,,,1,STD,1830.0,Madison Square Garden,New York,NY,True,720,12:00,4,3,STATUS_FINAL,post,True,Final,Final,Final,4,18,s:40~l:46~t:18,New York,Knicks,NY,New York Knicks,Knicks,1d428a,f58426,True,1830.0,https://a.espncdn.com/i/teamlogos/nba/500/scoreboard/ny.png,116,True,28,s:40~l:46~t:28,Toronto,Raptors,TOR,Toronto Raptors,Raptors,True,94,False,401810158,2026,2,d91244,000000,1838.0,https://a.espncdn.com/i/teamlogos/nba/500/scoreboard/tor.png,,True,https://raw.githubusercontent.com/sportsdataverse/hoopR-nba-raw/main/nba/json/final/401810158.json,2025-11-30 18:00:00,2025-11-30,True,TOR @ NYK
401810159,s:40~l:46~e:401810159~c:401810159,2025-11-30,17225,True,False,False,False,2025-11-30T23:00Z,,,1,STD,1845.0,Xfinity Mobile Arena,Philadelphia,PA,True,300,5:00,6,3,STATUS_FINAL,post,True,Final,Final/2OT,Final/2OT,4,20,s:40~l:46~t:20,Philadelphia,76ers,PHI,Philadelphia 76ers,76ers,1d428a,e01234,True,1845.0,https://a.espncdn.com/i/teamlogos/nba/500/scoreboard/phi.png,134,False,1,s:40~l:46~t:1,Atlanta,Hawks,ATL,Atlanta Hawks,Hawks,True,142,True,401810159,2026,2,c8102e,fdb927,1827.0,https://a.espncdn.com/i/teamlogos/nba/500/scoreboard/atl.png,2OT,True,https://raw.githubusercontent.com/sportsdataverse/hoopR-nba-raw/main/nba/json/final/401810159.json,2025-11-30 18:00:00,2025-11-30,True,ATL @ PHI
401810160,s:40~l:46~e:401810160~c:401810160,2025-11-30,17597,True,False,False,False,2025-11-30T23:00Z,,,1,STD,3423.0,Moda Center,Portland,OR,True,720,12:00,4,3,STATUS_FINAL,post,True,Final,Final,Final,4,22,s:40~l:46~t:22,Portland,Trail Blazers,POR,Portland Trail Blazers,Trail Blazers,e03a3e,000000,True,3423.0,https://a.espncdn.com/i/teamlogos/nba/500/scoreboard/por.png,115,False,25,s:40~l:46~t:25,Oklahoma City,Thunder,OKC,Oklahoma City Thunder,Thunder,True,123,True,401810160,2026,2,007ac1,ef3b24,2559.0,https://a.espncdn.com/i/teamlogos/nba/500/scoreboard/okc.png,,True,https://raw.githubusercontent.com/sportsdataverse/hoopR-nba-raw/main/nba/json/final/401810160.json,2025-11-30 18:00:00,2025-11-30,True,OKC @ POR
401810156,s:40~l:46~e:401810156~c:401810156,2025-11-30,18186,True,False,False,False,2025-11-30T20:00Z,,,1,STD,3093.0,Delta Center,Salt Lake City,UT,True,720,12:00,4,3,STATUS_FINAL,post,True,Final,Final,Final,4,26,s:40~l:46~t:26,Utah,Jazz,UTAH,Utah Jazz,Jazz,4e008e,79a3dc,True,3093.0,https://a.espncdn.com/i/teamlogos/nba/500/scoreboard/utah.png,101,False,10,s:40~l:46~t:10,Houston,Rockets,HOU,Houston Rockets,Rockets,True,129,True,401810156,2026,2,ce1141,000000,1394.0,https://a.espncdn.com/i/teamlogos/nba/500/scoreboard/hou.png,,True,https://raw.githubusercontent.com/sportsdataverse/hoopR-nba-raw/main/nba/json/final/401810156.json,2025-11-30 15:00:00,2025-11-30,True,HOU @ UTA
401810155,s:40~l:46~e:401810155~c:401810155,2025-11-30,17927,True,False,False,False,2025-11-30T03:00Z,,,1,STD,10642.0,Intuit Dome,Inglewood,CA,True,0,0.0,4,3,STATUS_FINAL,post,True,Final,Final,Final,4,12,s:40~l:46~t:12,LA,Clippers,LAC,LA Clippers,Clippers,12173f,c8102e,True,1841.0,https://a.espncdn.com/i/teamlogos/nba/500/scoreboard/lac.png,110,False,6,s:40~l:46~t:6,Dallas,Mavericks,DAL,Dallas Mavericks,Mavericks,True,114,True,401810155,2026,2,0064b1,bbc4ca,516.0,https://a.espncdn.com/i/teamlogos/nba/500/scoreboard/dal.png,,True,https://raw.githubusercontent.com/sportsdataverse/hoopR-nba-raw/main/nba/json/final/401810155.json,2025-11-29 22:00:00,2025-11-29,True,DAL @ LAC
401810154,s:40~l:46~e:401810154~c:401810154,2025-11-30,17071,True,False,False,False,2025-11-30T02:00Z,,,1,STD,1949.0,Mortgage Matchup Center,Phoenix,AZ,True,0,0.0,4,3,STATUS_FINAL,post,True,Final,Final,Final,4,21,s:40~l:46~t:21,Phoenix,Suns,PHX,Phoenix Suns,Suns,29127a,e56020,True,1949.0,https://a.espncdn.com/i/teamlogos/nba/500/scoreboard/phx.png,112,False,7,s:40~l:46~t:7,Denver,Nuggets,DEN,Denver Nuggets,Nuggets,True,130,True,401810154,2026,2,0e2240,fec524,892.0,https://a.espncdn.com/i/teamlogos/nba/500/scoreboard/den.png,,True,https://raw.githubusercontent.com/sportsdataverse/hoopR-nba-raw/main/nba/json/final/401810154.json,2025-11-29 21:00:00,2025-11-29,True,DEN @ PHX
401810153,s:40~l:46~e:401810153~c:401810153,2025-11-30,18064,True,False,False,False,2025-11-30T01:30Z,,,1,STD,6270.0,Chase Center,San Francisco,CA,True,0,0.0,4,3,STATUS_FINAL,post,True,Final,Final,Final,4,9,s:40~l:46~t:9,Golden State,Warriors,GS,Golden State Warriors,Warriors,fdb927,1d428a,True,2465.0,https://a.espncdn.com/i/teamlogos/nba/500/scoreboard/gs.png,104,True,3,s:40~l:46~t:3,New Orleans,Pelicans,NO,New Orleans Pelicans,Pelicans,True,96,False,401810153,2026,2,0a2240,b4975a,985.0,https://a.espncdn.com/i/teamlogos/nba/500/scoreboard/no.png,,True,https://raw.githubusercontent.com/sportsdataverse/hoopR-nba-raw/main/nba/json/final/401810153.json,2025-11-29 20:30:00,2025-11-29,True,NOP @ GSW
401810151,s:40~l:46~e:401810151~c:401810151,2025-11-30,19600,True,False,False,False,2025-11-30T01:00Z,,,1,STD,3438.0,Kaseya Center,Miami,FL,True,720,12:00,4,3,STATUS_FINAL,post,True,Final,Final,Final,4,14,s:40~l:46~t:14,Miami,Heat,MIA,Miami Heat,Heat,98002e,000000,True,3438.0,https://a.espncdn.com/i/teamlogos/nba/500/scoreboard/mia.png,135,False,8,s:40~l:46~t:8,Detroit,Pistons,DET,Detroit Pistons,Pistons,True,138,True,401810151,2026,2,1d428a,c8102e,5311.0,https://a.espncdn.com/i/teamlogos/nba/500/scoreboard/det.png,,True,https://raw.githubusercontent.com/sportsdataverse/hoopR-nba-raw/main/nba/json/final/401810151.json,2025-11-29 20:00:00,2025-11-29,True,DET @ MIA
401810152,s:40~l:46~e:401810152~c:401810152,2025-11-30,16396,True,False,False,False,2025-11-30T01:00Z,,,1,STD,5777.0,Fiserv Forum,Milwaukee,WI,True,720,12:00,4,3,STATUS_FINAL,post,True,Final,Final,Final,4,15,s:40~l:46~t:15,Milwaukee,Bucks,MIL,Milwaukee Bucks,Bucks,00471b,eee1c6,True,2099.0,https://a.espncdn.com/i/teamlogos/nba/500/scoreboard/mil.png,116,True,17,s:40~l:46~t:17,Brooklyn,Nets,BKN,Brooklyn Nets,Nets,True,99,False,401810152,2026,2,000000,ffffff,1826.0,https://a.espncdn.com/i/teamlogos/nba/500/scoreboard/bkn.png,,True,https://raw.githubusercontent.com/sportsdataverse/hoopR-nba-raw/main/nba/json/final/401810152.json,2025-11-29 20:00:00,2025-11-29,True,BKN @ MIL
401810150,s:40~l:46~e:401810150~c:401810150,2025-11-30,17006,True,False,False,False,2025-11-30T00:30Z,,,1,STD,2183.0,Gainbridge Fieldhouse,Indianapolis,IN,True,0,0.0,4,3,STATUS_FINAL,post,True,Final,Final,Final,4,11,s:40~l:46~t:11,Indiana,Pacers,IND,Indiana Pacers,Pacers,0c2340,ffd520,True,2183.0,https://a.espncdn.com/i/teamlogos/nba/500/scoreboard/ind.png,103,True,4,s:40~l:46~t:4,Chicago,Bulls,CHI,Chicago Bulls,Bulls,True,101,False,401810150,2026,2,ce1141,000000,1847.0,https://a.espncdn.com/i/teamlogos/nba/500/scoreboard/chi.png,,True,https://raw.githubusercontent.com/sportsdataverse/hoopR-nba-raw/main/nba/json/final/401810150.json,2025-11-29 19:30:00,2025-11-29,True,CHI @ IND
401810149,s:40~l:46~e:401810149~c:401810149,2025-11-29,17060,True,False,False,False,2025-11-29T23:00Z,,,1,STD,1893.0,Spectrum Center,Charlotte,NC,True,300,5:00,5,3,STATUS_FINAL,post,True,Final,Final/OT,Final/OT,4,30,s:40~l:46~t:30,Charlotte,Hornets,CHA,Charlotte Hornets,Hornets,008ca8,1d1060,True,1893.0,https://a.espncdn.com/i/teamlogos/nba/500/scoreboard/cha.png,118,True,28,s:40~l:46~t:28,Toronto,Raptors,TOR,Toronto Raptors,Raptors,True,111,False,401810149,2026,2,d91244,000000,1838.0,https://a.espncdn.com/i/teamlogos/nba/500/scoreboard/tor.png,OT,True,https://raw.githubusercontent.com/sportsdataverse/hoopR-nba-raw/main/nba/json/final/401810149.json,2025-11-29 18:00:00,2025-11-29,True,TOR @ CHA
401810148,s:40~l:46~e:401810148~c:401810148,2025-11-29,17344,True,False,False,False,2025-11-29T22:00Z,,,1,STD,2029.0,Target Center,Minneapolis,MN,True,720,12:00,4,3,STATUS_FINAL,post,True,Final,Final,Final,4,16,s:40~l:46~t:16,Minnesota,Timberwolves,MIN,Minnesota Timberwolves,Timberwolves,266092,79bc43,True,2029.0,https://a.espncdn.com/i/teamlogos/nba/500/scoreboard/min.png,119,True,2,s:40~l:46~t:2,Boston,Celtics,BOS,Boston Celtics,Celtics,True,115,False,401810148,2026,2,008348,ffffff,1824.0,https://a.espncdn.com/i/teamlogos/nba/500/scoreboard/bos.png,,True,https://raw.githubusercontent.com/sportsdataverse/hoopR-nba-raw/main/nba/json/final/401810148.json,2025-11-29 17:00:00,2025-11-29,True,BOS @ MIN
401809820,s:40~l:46~e:401809820~c:401809820,2025-11-29,18997,True,False,False,False,2025-11-29T03:00Z,event,NBA Cup - Group Play,1,STD,1841.0,crypto.com Arena,Los Angeles,CA,True,720,12:00,4,3,STATUS_FINAL,post,True,Final,Final,Final,4,13,s:40~l:46~t:13,Los Angeles,Lakers,LAL,Los Angeles Lakers,Lakers,552583,fdb927,True,1841.0,https://a.espncdn.com/i/teamlogos/nba/500/scoreboard/lal.png,129,True,6,s:40~l:46~t:6,Dallas,Mavericks,DAL,Dallas Mavericks,Mavericks,True,119,False,401809820,2026,2,0064b1,bbc4ca,516.0,https://a.espncdn.com/i/teamlogos/nba/500/scoreboard/dal.png,,True,https://raw.githubusercontent.com/sportsdataverse/hoopR-nba-raw/main/nba/json/final/401809820.json,2025-11-28 22:00:00,2025-11-28,True,DAL @ LAL
401809821,s:40~l:46~e:401809821~c:401809821,2025-11-29,17927,True,False,False,False,2025-11-29T03:00Z,event,NBA Cup - Group Play,1,STD,10642.0,Intuit Dome,Inglewood,CA,True,720,12:00,4,3,STATUS_FINAL,post,True,Final,Final,Final,4,12,s:40~l:46~t:12,LA,Clippers,LAC,LA Clippers,Clippers,12173f,c8102e,True,1841.0,https://a.espncdn.com/i/teamlogos/nba/500/scoreboard/lac.png,107,False,29,s:40~l:46~t:29,Memphis,Grizzlies,MEM,Memphis Grizzlies,Grizzlies,True,112,True,401809821,2026,2,5d76a9,12173f,1392.0,https://a.espncdn.com/i/teamlogos/nba/500/scoreboard/mem.png,,True,https://raw.githubusercontent.com/sportsdataverse/hoopR-nba-raw/main/nba/json/final/401809821.json,2025-11-28 22:00:00,2025-11-28,True,MEM @ LAC
401809817,s:40~l:46~e:401809817~c:401809817,2025-11-29,18203,True,False,False,False,2025-11-29T02:30Z,event,NBA Cup - Group Play,1,STD,2559.0,Paycom Center,Oklahoma City,OK,True,720,12:00,4,3,STATUS_FINAL,post,True,Final,Final,Final,4,25,s:40~l:46~t:25,Oklahoma City,Thunder,OKC,Oklahoma City Thunder,Thunder,007ac1,ef3b24,True,2559.0,https://a.espncdn.com/i/teamlogos/nba/500/scoreboard/okc.png,123,True,21,s:40~l:46~t:21,Phoenix,Suns,PHX,Phoenix Suns,Suns,True,119,False,401809817,2026,2,29127a,e56020,1949.0,https://a.espncdn.com/i/teamlogos/nba/500/scoreboard/phx.png,,True,https://raw.githubusercontent.com/sportsdataverse/hoopR-nba-raw/main/nba/json/final/401809817.json,2025-11-28 21:30:00,2025-11-28,True,PHX @ OKC
401809818,s:40~l:46~e:401809818~c:401809818,2025-11-29,19936,True,False,False,False,2025-11-29T02:30Z,event,NBA Cup - Group Play,1,STD,892.0,Ball Arena,Denver,CO,True,720,12:00,4,3,STATUS_FINAL,post,True,Final,Final,Final,4,7,s:40~l:46~t:7,Denver,Nuggets,DEN,Denver Nuggets,Nuggets,0e2240,fec524,True,892.0,https://a.espncdn.com/i/teamlogos/nba/500/scoreboard/den.png,136,False,24,s:40~l:46~t:24,San Antonio,Spurs,SA,San Antonio Spurs,Spurs,True,139,True,401809818,2026,2,000000,c4ced4,780.0,https://a.espncdn.com/i/teamlogos/nba/500/scoreboard/sa.png,,True,https://raw.githubusercontent.com/sportsdataverse/hoopR-nba-raw/main/nba/json/final/401809818.json,2025-11-28 21:30:00,2025-11-28,True,SAS @ DEN
401809819,s:40~l:46~e:401809819~c:401809819,2025-11-29,18186,True,False,False,False,2025-11-29T02:30Z,event,NBA Cup - Group Play,1,STD,3093.0,Delta Center,Salt Lake City,UT,True,720,12:00,4,3,STATUS_FINAL,post,True,Final,Final,Final,4,26,s:40~l:46~t:26,Utah,Jazz,UTAH,Utah Jazz,Jazz,4e008e,79a3dc,True,3093.0,https://a.espncdn.com/i/teamlogos/nba/500/scoreboard/utah.png,128,True,23,s:40~l:46~t:23,Sacramento,Kings,SAC,Sacramento Kings,Kings,True,119,False,401809819,2026,2,5a2d81,6a7a82,2247.0,https://a.espncdn.com/i/teamlogos/nba/500/scoreboard/sac.png,,True,https://raw.githubusercontent.com/sportsdataverse/hoopR-nba-raw/main/nba/json/final/401809819.json,2025-11-28 21:30:00,2025-11-28,True,SAC @ UTA
401809811,s:40~l:46~e:401809811~c:401809811,2025-11-29,16124,True,False,False,False,2025-11-29T00:30Z,event,NBA Cup - Group Play,1,STD,1827.0,State Farm Arena,Atlanta,GA,True,0,0.0,4,3,STATUS_FINAL,post,True,Final,Final,Final,4,1,s:40~l:46~t:1,Atlanta,Hawks,ATL,Atlanta Hawks,Hawks,c8102e,fdb927,True,1827.0,https://a.espncdn.com/i/teamlogos/nba/500/scoreboard/atl.png,130,True,5,s:40~l:46~t:5,Cleveland,Cavaliers,CLE,Cleveland Cavaliers,Cavaliers,True,123,False,401809811,2026,2,860038,bc945c,3417.0,https://a.espncdn.com/i/teamlogos/nba/500/scoreboard/cle.png,,True,https://raw.githubusercontent.com/sportsdataverse/hoopR-nba-raw/main/nba/json/final/401809811.json,2025-11-28 19:30:00,2025-11-28,True,CLE @ ATL
401809812,s:40~l:46~e:401809812~c:401809812,2025-11-29,17809,True,False,False,False,2025-11-29T00:30Z,event,NBA Cup - Group Play,1,STD,3559.0,Barclays Center,Brooklyn,NY,True,0,0.0,4,3,STATUS_FINAL,post,True,Final,Final,Final,4,17,s:40~l:46~t:17,Brooklyn,Nets,BKN,Brooklyn Nets,Nets,000000,ffffff,True,1826.0,https://a.espncdn.com/i/teamlogos/nba/500/scoreboard/bkn.png,103,False,20,s:40~l:46~t:20,Philadelphia,76ers,PHI,Philadelphia 76ers,76ers,True,115,True,401809812,2026,2,1d428a,e01234,1845.0,https://a.espncdn.com/i/teamlogos/nba/500/scoreboard/phi.png,,True,https://raw.githubusercontent.com/sportsdataverse/hoopR-nba-raw/main/nba/json/final/401809812.json,2025-11-28 19:30:00,2025-11-28,True,PHI @ BKN
401809813,s:40~l:46~e:401809813~c:401809813,2025-11-29,19453,True,False,False,False,2025-11-29T00:30Z,event,NBA Cup - Group Play,1,STD,1893.0,Spectrum Center,Charlotte,NC,True,0,0.0,4,3,STATUS_FINAL,post,True,Final,Final,Final,4,30,s:40~l:46~t:30,Charlotte,Hornets,CHA,Charlotte Hornets,Hornets,008ca8,1d1060,True,1893.0,https://a.espncdn.com/i/teamlogos/nba/500/scoreboard/cha.png,123,True,4,s:40~l:46~t:4,Chicago,Bulls,CHI,Chicago Bulls,Bulls,True,116,False,401809813,2026,2,ce1141,000000,1847.0,https://a.espncdn.com/i/teamlogos/nba/500/scoreboard/chi.png,,True,https://raw.githubusercontent.com/sportsdataverse/hoopR-nba-raw/main/nba/json/final/401809813.json,2025-11-28 19:30:00,2025-11-28,True,CHI @ CHA
401809814,s:40~l:46~e:401809814~c:401809814,2025-11-29,20062,True,False,False,False,2025-11-29T00:30Z,event,NBA Cup - Group Play,1,STD,5404.0,Little Caesars Arena,Detroit,MI,True,0,0.0,4,3,STATUS_FINAL,post,True,Final,Final,Final,4,8,s:40~l:46~t:8,Detroit,Pistons,DET,Detroit Pistons,Pistons,1d428a,c8102e,True,5311.0,https://a.espncdn.com/i/teamlogos/nba/500/scoreboard/det.png,109,False,19,s:40~l:46~t:19,Orlando,Magic,ORL,Orlando Magic,Magic,True,112,True,401809814,2026,2,0150b5,9ca0a3,3432.0,https://a.espncdn.com/i/teamlogos/nba/500/scoreboard/orl.png,,True,https://raw.githubusercontent.com/sportsdataverse/hoopR-nba-raw/main/nba/json/final/401809814.json,2025-11-28 19:30:00,2025-11-28,True,ORL @ DET
401809815,s:40~l:46~e:401809815~c:401809815,2025-11-29,16515,True,False,False,False,2025-11-29T00:30Z,event,NBA Cup - Group Play,1,STD,2183.0,Gainbridge Fieldhouse,Indianapolis,IN,True,720,12:00,4,3,STATUS_FINAL,post,True,Final,Final,Final,4,11,s:40~l:46~t:11,Indiana,Pacers,IND,Indiana Pacers,Pacers,0c2340,ffd520,True,2183.0,https://a.espncdn.com/i/teamlogos/nba/500/scoreboard/ind.png,119,True,27,s:40~l:46~t:27,Washington,Wizards,WSH,Washington Wizards,Wizards,True,86,False,401809815,2026,2,e31837,002b5c,1823.0,https://a.espncdn.com/i/teamlogos/nba/500/scoreboard/wsh.png,,True,https://raw.githubusercontent.com/sportsdataverse/hoopR-nba-raw/main/nba/json/final/401809815.json,2025-11-28 19:30:00,2025-11-28,True,WAS @ IND
401809816,s:40~l:46~e:401809816~c:401809816,2025-11-29,19812,True,False,False,False,2025-11-29T00:30Z,event,NBA Cup - Group Play,1,STD,1830.0,Madison Square Garden,New York,NY,True,720,12:00,4,3,STATUS_FINAL,post,True,Final,Final,Final,4,18,s:40~l:46~t:18,New York,Knicks,NY,New York Knicks,Knicks,1d428a,f58426,True,1830.0,https://a.espncdn.com/i/teamlogos/nba/500/scoreboard/ny.png,118,True,15,s:40~l:46~t:15,Milwaukee,Bucks,MIL,Milwaukee Bucks,Bucks,True,109,False,401809816,2026,2,00471b,eee1c6,2099.0,https://a.espncdn.com/i/teamlogos/nba/500/scoreboard/mil.png,,True,https://raw.githubusercontent.com/sportsdataverse/hoopR-nba-raw/main/nba/json/final/401809816.json,2025-11-28 19:30:00,2025-11-28,True,MIL @ NYK
401809808,s:40~l:46~e:401809808~c:401809808,2025-11-27,18064,True,False,False,False,2025-11-27T03:00Z,event,NBA Cup - Group Play,1,STD,6270.0,Chase Center,San Francisco,CA,True,720,12:00,4,3,STATUS_FINAL,post,True,Final,Final,Final,4,9,s:40~l:46~t:9,Golden State,Warriors,GS,Golden State Warriors,Warriors,fdb927,1d428a,True,2465.0,https://a.espncdn.com/i/teamlogos/nba/500/scoreboard/gs.png,100,False,10,s:40~l:46~t:10,Houston,Rockets,HOU,Houston Rockets,Rockets,True,104,True,401809808,2026,2,ce1141,000000,1394.0,https://a.espncdn.com/i/teamlogos/nba/500/scoreboard/hou.png,,True,https://raw.githubusercontent.com/sportsdataverse/hoopR-nba-raw/main/nba/json/final/401809808.json,2025-11-26 22:00:00,2025-11-26,True,HOU @ GSW
401809809,s:40~l:46~e:401809809~c:401809809,2025-11-27,19335,True,False,False,False,2025-11-27T03:00Z,event,NBA Cup - Group Play,1,STD,3423.0,Moda Center,Portland,OR,True,720,12:00,4,3,STATUS_FINAL,post,True,Final,Final,Final,4,22,s:40~l:46~t:22,Portland,Trail Blazers,POR,Portland Trail Blazers,Trail Blazers,e03a3e,000000,True,3423.0,https://a.espncdn.com/i/teamlogos/nba/500/scoreboard/por.png,102,False,24,s:40~l:46~t:24,San Antonio,Spurs,SA,San Antonio Spurs,Spurs,True,115,True,401809809,2026,2,000000,c4ced4,780.0,https://a.espncdn.com/i/teamlogos/nba/500/scoreboard/sa.png,,True,https://raw.githubusercontent.com/sportsdataverse/hoopR-nba-raw/main/nba/json/final/401809809.json,2025-11-26 22:00:00,2025-11-26,True,SAS @ POR
401809810,s:40~l:46~e:401809810~c:401809810,2025-11-27,17961,True,False,False,False,2025-11-27T03:00Z,event,NBA Cup - Group Play,1,STD,5310.0,Golden 1 Center,Sacramento,CA,True,720,12:00,4,3,STATUS_FINAL,post,True,Final,Final,Final,4,23,s:40~l:46~t:23,Sacramento,Kings,SAC,Sacramento Kings,Kings,5a2d81,6a7a82,True,2247.0,https://a.espncdn.com/i/teamlogos/nba/500/scoreboard/sac.png,100,False,21,s:40~l:46~t:21,Phoenix,Suns,PHX,Phoenix Suns,Suns,True,112,True,401809810,2026,2,29127a,e56020,1949.0,https://a.espncdn.com/i/teamlogos/nba/500/scoreboard/phx.png,,True,https://raw.githubusercontent.com/sportsdataverse/hoopR-nba-raw/main/nba/json/final/401809810.json,2025-11-26 22:00:00,2025-11-26,True,PHX @ SAC
401809807,s:40~l:46~e:401809807~c:401809807,2025-11-27,17333,True,False,False,False,2025-11-27T01:00Z,event,NBA Cup - Group Play,1,STD,985.0,Smoothie King Center,New Orleans,LA,True,300,5:00,5,3,STATUS_FINAL,post,True,Final,Final/OT,Final/OT,4,3,s:40~l:46~t:3,New Orleans,Pelicans,NO,New Orleans Pelicans,Pelicans,0a2240,b4975a,True,985.0,https://a.espncdn.com/i/teamlogos/nba/500/scoreboard/no.png,128,False,29,s:40~l:46~t:29,Memphis,Grizzlies,MEM,Memphis Grizzlies,Grizzlies,True,133,True,401809807,2026,2,5d76a9,12173f,1392.0,https://a.espncdn.com/i/teamlogos/nba/500/scoreboard/mem.png,OT,True,https://raw.githubusercontent.com/sportsdataverse/hoopR-nba-raw/main/nba/json/final/401809807.json,2025-11-26 20:00:00,2025-11-26,True,MEM @ NOP
401809804,s:40~l:46~e:401809804~c:401809804,2025-11-27,19600,True,False,False,False,2025-11-27T00:30Z,event,NBA Cup - Group Play,1,STD,3438.0,Kaseya Center,Miami,FL,True,720,12:00,4,3,STATUS_FINAL,post,True,Final,Final,Final,4,14,s:40~l:46~t:14,Miami,Heat,MIA,Miami Heat,Heat,98002e,000000,True,3438.0,https://a.espncdn.com/i/teamlogos/nba/500/scoreboard/mia.png,106,True,15,s:40~l:46~t:15,Milwaukee,Bucks,MIL,Milwaukee Bucks,Bucks,True,103,False,401809804,2026,2,00471b,eee1c6,2099.0,https://a.espncdn.com/i/teamlogos/nba/500/scoreboard/mil.png,,True,https://raw.githubusercontent.com/sportsdataverse/hoopR-nba-raw/main/nba/json/final/401809804.json,2025-11-26 19:30:00,2025-11-26,True,MIL @ MIA
401809805,s:40~l:46~e:401809805~c:401809805,2025-11-27,18484,True,False,False,False,2025-11-27T00:30Z,event,NBA Cup - Group Play,1,STD,1838.0,Scotiabank Arena,Toronto,ON,True,720,12:00,4,3,STATUS_FINAL,post,True,Final,Final,Final,4,28,s:40~l:46~t:28,Toronto,Raptors,TOR,Toronto Raptors,Raptors,d91244,000000,True,1838.0,https://a.espncdn.com/i/teamlogos/nba/500/scoreboard/tor.png,97,True,11,s:40~l:46~t:11,Indiana,Pacers,IND,Indiana Pacers,Pacers,True,95,False,401809805,2026,2,0c2340,ffd520,2183.0,https://a.espncdn.com/i/teamlogos/nba/500/scoreboard/ind.png,,True,https://raw.githubusercontent.com/sportsdataverse/hoopR-nba-raw/main/nba/json/final/401809805.json,2025-11-26 19:30:00,2025-11-26,True,IND @ TOR
401809806,s:40~l:46~e:401809806~c:401809806,2025-11-27,18203,True,False,False,False,2025-11-27T00:30Z,event,NBA Cup - Group Play,1,STD,2559.0,Paycom Center,Oklahoma City,OK,True,720,12:00,4,3,STATUS_FINAL,post,True,Final,Final,Final,4,25,s:40~l:46~t:25,Oklahoma City,Thunder,OKC,Oklahoma City Thunder,Thunder,007ac1,ef3b24,True,2559.0,https://a.espncdn.com/i/teamlogos/nba/500/scoreboard/okc.png,113,True,16,s:40~l:46~t:16,Minnesota,Timberwolves,MIN,Minnesota Timberwolves,Timberwolves,True,105,False,401809806,2026,2,266092,79bc43,2029.0,https://a.espncdn.com/i/teamlogos/nba/500/scoreboard/min.png,,True,https://raw.githubusercontent.com/sportsdataverse/hoopR-nba-raw/main/nba/json/final/401809806.json,2025-11-26 19:30:00,2025-11-26,True,MIN @ OKC
401809803,s:40~l:46~e:401809803~c:401809803,2025-11-27,19588,True,False,False,False,2025-11-27T00:00Z,event,NBA Cup - Group Play,1,STD,1893.0,Spectrum Center,Charlotte,NC,True,720,12:00,4,3,STATUS_FINAL,post,True,Final,Final,Final,4,30,s:40~l:46~t:30,Charlotte,Hornets,CHA,Charlotte Hornets,Hornets,008ca8,1d1060,True,1893.0,https://a.espncdn.com/i/teamlogos/nba/500/scoreboard/cha.png,101,False,18,s:40~l:46~t:18,New York,Knicks,NY,New York Knicks,Knicks,True,129,True,401809803,2026,2,1d428a,f58426,1830.0,https://a.espncdn.com/i/teamlogos/nba/500/scoreboard/ny.png,,True,https://raw.githubusercontent.com/sportsdataverse/hoopR-nba-raw/main/nba/json/final/401809803.json,2025-11-26 19:00:00,2025-11-26,True,NYK @ CHA
401809802,s:40~l:46~e:401809802~c:401809802,2025-11-26,19156,True,False,False,False,2025-11-26T22:00Z,event,NBA Cup - Group Play,1,STD,1824.0,TD Garden,Boston,MA,True,0,0.0,4,3,STATUS_FINAL,post,True,Final,Final,Final,4,2,s:40~l:46~t:2,Boston,Celtics,BOS,Boston Celtics,Celtics,008348,ffffff,True,1824.0,https://a.espncdn.com/i/teamlogos/nba/500/scoreboard/bos.png,117,True,8,s:40~l:46~t:8,Detroit,Pistons,DET,Detroit Pistons,Pistons,True,114,False,401809802,2026,2,1d428a,c8102e,5311.0,https://a.espncdn.com/i/teamlogos/nba/500/scoreboard/det.png,,True,https://raw.githubusercontent.com/sportsdataverse/hoopR-nba-raw/main/nba/json/final/401809802.json,2025-11-26 17:00:00,2025-11-26,True,DET @ BOS
401809801,s:40~l:46~e:401809801~c:401809801,2025-11-26,18997,True,False,False,False,2025-11-26T04:00Z,event,NBA Cup - Group Play,1,STD,1841.0,crypto.com Arena,Los Angeles,CA,True,720,12:00,4,3,STATUS_FINAL,post,True,Final,Final,Final,4,13,s:40~l:46~t:13,Los Angeles,Lakers,LAL,Los Angeles Lakers,Lakers,552583,fdb927,True,1841.0,https://a.espncdn.com/i/teamlogos/nba/500/scoreboard/lal.png,135,True,12,s:40~l:46~t:12,LA,Clippers,LAC,LA Clippers,Clippers,True,118,False,401809801,2026,2,12173f,c8102e,1841.0,https://a.espncdn.com/i/teamlogos/nba/500/scoreboard/lac.png,,True,https://raw.githubusercontent.com/sportsdataverse/hoopR-nba-raw/main/nba/json/final/401809801.json,2025-11-25 23:00:00,2025-11-25,True,LAC @ LAL
401809800,s:40~l:46~e:401809800~c:401809800,2025-11-26,19746,True,False,False,False,2025-11-26T01:00Z,event,NBA Cup - Group Play,1,STD,1845.0,Xfinity Mobile Arena,Philadelphia,PA,True,720,12:00,4,3,STATUS_FINAL,post,True,Final,Final,Final,4,20,s:40~l:46~t:20,Philadelphia,76ers,PHI,Philadelphia 76ers,76ers,1d428a,e01234,True,1845.0,https://a.espncdn.com/i/teamlogos/nba/500/scoreboard/phi.png,103,False,19,s:40~l:46~t:19,Orlando,Magic,ORL,Orlando Magic,Magic,True,144,True,401809800,2026,2,0150b5,9ca0a3,3432.0,https://a.espncdn.com/i/teamlogos/nba/500/scoreboard/orl.png,,True,https://raw.githubusercontent.com/sportsdataverse/hoopR-nba-raw/main/nba/json/final/401809800.json,2025-11-25 20:00:00,2025-11-25,True,ORL @ PHI
401809799,s:40~l:46~e:401809799~c:401809799,2025-11-26,15522,True,False,False,False,2025-11-26T00:00Z,event,NBA Cup - Group Play,1,STD,1823.0,Capital One Arena,Washington,DC,True,720,12:00,4,3,STATUS_FINAL,post,True,Final,Final,Final,4,27,s:40~l:46~t:27,Washington,Wizards,WSH,Washington Wizards,Wizards,e31837,002b5c,True,1823.0,https://a.espncdn.com/i/teamlogos/nba/500/scoreboard/wsh.png,132,True,1,s:40~l:46~t:1,Atlanta,Hawks,ATL,Atlanta Hawks,Hawks,True,113,False,401809799,2026,2,c8102e,fdb927,1827.0,https://a.espncdn.com/i/teamlogos/nba/500/scoreboard/atl.png,,True,https://raw.githubusercontent.com/sportsdataverse/hoopR-nba-raw/main/nba/json/final/401809799.json,2025-11-25 19:00:00,2025-11-25,True,ATL @ WAS
401810146,s:40~l:46~e:401810146~c:401810146,2025-11-25,18064,True,False,False,False,2025-11-25T03:00Z,,,1,STD,6270.0,Chase Center,San Francisco,CA,True,720,12:00,4,3,STATUS_FINAL,post,True,Final,Final,Final,4,9,s:40~l:46~t:9,Golden State,Warriors,GS,Golden State Warriors,Warriors,fdb927,1d428a,True,2465.0,https://a.espncdn.com/i/teamlogos/nba/500/scoreboard/gs.png,134,True,26,s:40~l:46~t:26,Utah,Jazz,UTAH,Utah Jazz,Jazz,True,117,False,401810146,2026,2,4e008e,79a3dc,3093.0,https://a.espncdn.com/i/teamlogos/nba/500/scoreboard/utah.png,,True,https://raw.githubusercontent.com/sportsdataverse/hoopR-nba-raw/main/nba/json/final/401810146.json,2025-11-24 22:00:00,2025-11-24,True,UTA @ GSW
401810147,s:40~l:46~e:401810147~c:401810147,2025-11-25,16957,True,False,False,False,2025-11-25T03:00Z,,,1,STD,5310.0,Golden 1 Center,Sacramento,CA,True,300,5:00,5,3,STATUS_FINAL,post,True,Final,Final/OT,Final/OT,4,23,s:40~l:46~t:23,Sacramento,Kings,SAC,Sacramento Kings,Kings,5a2d81,6a7a82,True,2247.0,https://a.espncdn.com/i/teamlogos/nba/500/scoreboard/sac.png,117,True,16,s:40~l:46~t:16,Minnesota,Timberwolves,MIN,Minnesota Timberwolves,Timberwolves,True,112,False,401810147,2026,2,266092,79bc43,2029.0,https://a.espncdn.com/i/teamlogos/nba/500/scoreboard/min.png,OT,True,https://raw.githubusercontent.com/sportsdataverse/hoopR-nba-raw/main/nba/json/final/401810147.json,2025-11-24 22:00:00,2025-11-24,True,MIN @ SAC
401810145,s:40~l:46~e:401810145~c:401810145,2025-11-25,17071,True,False,False,False,2025-11-25T02:30Z,,,1,STD,1949.0,Mortgage Matchup Center,Phoenix,AZ,True,720,12:00,4,3,STATUS_FINAL,post,True,Final,Final,Final,4,21,s:40~l:46~t:21,Phoenix,Suns,PHX,Phoenix Suns,Suns,29127a,e56020,True,1949.0,https://a.espncdn.com/i/teamlogos/nba/500/scoreboard/phx.png,92,False,10,s:40~l:46~t:10,Houston,Rockets,HOU,Houston Rockets,Rockets,True,114,True,401810145,2026,2,ce1141,000000,1394.0,https://a.espncdn.com/i/teamlogos/nba/500/scoreboard/hou.png,,True,https://raw.githubusercontent.com/sportsdataverse/hoopR-nba-raw/main/nba/json/final/401810145.json,2025-11-24 21:30:00,2025-11-24,True,HOU @ PHX
401810142,s:40~l:46~e:401810142~c:401810142,2025-11-25,15519,True,False,False,False,2025-11-25T01:00Z,,,1,STD,1392.0,FedExForum,Memphis,TN,True,0,0.0,4,3,STATUS_FINAL,post,True,Final,Final,Final,4,29,s:40~l:46~t:29,Memphis,Grizzlies,MEM,Memphis Grizzlies,Grizzlies,5d76a9,12173f,True,1392.0,https://a.espncdn.com/i/teamlogos/nba/500/scoreboard/mem.png,115,False,7,s:40~l:46~t:7,Denver,Nuggets,DEN,Denver Nuggets,Nuggets,True,125,True,401810142,2026,2,0e2240,fec524,892.0,https://a.espncdn.com/i/teamlogos/nba/500/scoreboard/den.png,,True,https://raw.githubusercontent.com/sportsdataverse/hoopR-nba-raw/main/nba/json/final/401810142.json,2025-11-24 20:00:00,2025-11-24,True,DEN @ MEM
401810143,s:40~l:46~e:401810143~c:401810143,2025-11-25,16526,True,False,False,False,2025-11-25T01:00Z,,,1,STD,5777.0,Fiserv Forum,Milwaukee,WI,True,0,0.0,4,3,STATUS_FINAL,post,True,Final,Final,Final,4,15,s:40~l:46~t:15,Milwaukee,Bucks,MIL,Milwaukee Bucks,Bucks,00471b,eee1c6,True,2099.0,https://a.espncdn.com/i/teamlogos/nba/500/scoreboard/mil.png,103,False,22,s:40~l:46~t:22,Portland,Trail Blazers,POR,Portland Trail Blazers,Trail Blazers,True,115,True,401810143,2026,2,e03a3e,000000,3423.0,https://a.espncdn.com/i/teamlogos/nba/500/scoreboard/por.png,,True,https://raw.githubusercontent.com/sportsdataverse/hoopR-nba-raw/main/nba/json/final/401810143.json,2025-11-24 20:00:00,2025-11-24,True,POR @ MIL
401810144,s:40~l:46~e:401810144~c:401810144,2025-11-25,16690,True,False,False,False,2025-11-25T01:00Z,,,1,STD,985.0,Smoothie King Center,New Orleans,LA,True,720,12:00,4,3,STATUS_FINAL,post,True,Final,Final,Final,4,3,s:40~l:46~t:3,New Orleans,Pelicans,NO,New Orleans Pelicans,Pelicans,0a2240,b4975a,True,985.0,https://a.espncdn.com/i/teamlogos/nba/500/scoreboard/no.png,143,True,4,s:40~l:46~t:4,Chicago,Bulls,CHI,Chicago Bulls,Bulls,True,130,False,401810144,2026,2,ce1141,000000,1847.0,https://a.espncdn.com/i/teamlogos/nba/500/scoreboard/chi.png,,True,https://raw.githubusercontent.com/sportsdataverse/hoopR-nba-raw/main/nba/json/final/401810144.json,2025-11-24 20:00:00,2025-11-24,True,CHI @ NOP
401810140,s:40~l:46~e:401810140~c:401810140,2025-11-25,18019,True,False,False,False,2025-11-25T00:30Z,,,1,STD,3559.0,Barclays Center,Brooklyn,NY,True,0,0.0,4,3,STATUS_FINAL,post,True,Final,Final,Final,4,17,s:40~l:46~t:17,Brooklyn,Nets,BKN,Brooklyn Nets,Nets,000000,ffffff,True,1826.0,https://a.espncdn.com/i/teamlogos/nba/500/scoreboard/bkn.png,100,False,18,s:40~l:46~t:18,New York,Knicks,NY,New York Knicks,Knicks,True,113,True,401810140,2026,2,1d428a,f58426,1830.0,https://a.espncdn.com/i/teamlogos/nba/500/scoreboard/ny.png,,True,https://raw.githubusercontent.com/sportsdataverse/hoopR-nba-raw/main/nba/json/final/401810140.json,2025-11-24 19:30:00,2025-11-24,True,NYK @ BKN
401810141,s:40~l:46~e:401810141~c:401810141,2025-11-25,19600,True,False,False,False,2025-11-25T00:30Z,,,1,STD,3438.0,Kaseya Center,Miami,FL,True,0,0.0,4,3,STATUS_FINAL,post,True,Final,Final,Final,4,14,s:40~l:46~t:14,Miami,Heat,MIA,Miami Heat,Heat,98002e,000000,True,3438.0,https://a.espncdn.com/i/teamlogos/nba/500/scoreboard/mia.png,106,True,6,s:40~l:46~t:6,Dallas,Mavericks,DAL,Dallas Mavericks,Mavericks,True,102,False,401810141,2026,2,0064b1,bbc4ca,516.0,https://a.espncdn.com/i/teamlogos/nba/500/scoreboard/dal.png,,True,https://raw.githubusercontent.com/sportsdataverse/hoopR-nba-raw/main/nba/json/final/401810141.json,2025-11-24 19:30:00,2025-11-24,True,DAL @ MIA
401810138,s:40~l:46~e:401810138~c:401810138,2025-11-25,17009,True,False,False,False,2025-11-25T00:00Z,,,1,STD,2183.0,Gainbridge Fieldhouse,Indianapolis,IN,True,0,0.0,4,3,STATUS_FINAL,post,True,Final,Final,Final,4,11,s:40~l:46~t:11,Indiana,Pacers,IND,Indiana Pacers,Pacers,0c2340,ffd520,True,2183.0,https://a.espncdn.com/i/teamlogos/nba/500/scoreboard/ind.png,117,False,8,s:40~l:46~t:8,Detroit,Pistons,DET,Detroit Pistons,Pistons,True,122,True,401810138,2026,2,1d428a,c8102e,5311.0,https://a.espncdn.com/i/teamlogos/nba/500/scoreboard/det.png,,True,https://raw.githubusercontent.com/sportsdataverse/hoopR-nba-raw/main/nba/json/final/401810138.json,2025-11-24 19:00:00,2025-11-24,True,DET @ IND
401810139,s:40~l:46~e:401810139~c:401810139,2025-11-25,17127,True,False,False,False,2025-11-25T00:00Z,,,1,STD,1838.0,Scotiabank Arena,Toronto,ON,True,0,0.0,4,3,STATUS_FINAL,post,True,Final,Final,Final,4,28,s:40~l:46~t:28,Toronto,Raptors,TOR,Toronto Raptors,Raptors,d91244,000000,True,1838.0,https://a.espncdn.com/i/teamlogos/nba/500/scoreboard/tor.png,110,True,5,s:40~l:46~t:5,Cleveland,Cavaliers,CLE,Cleveland Cavaliers,Cavaliers,True,99,False,401810139,2026,2,860038,bc945c,3417.0,https://a.espncdn.com/i/teamlogos/nba/500/scoreboard/cle.png,,True,https://raw.githubusercontent.com/sportsdataverse/hoopR-nba-raw/main/nba/json/final/401810139.json,2025-11-24 19:00:00,2025-11-24,True,CLE @ TOR
401810136,s:40~l:46~e:401810136~c:401810136,2025-11-24,17071,True,False,False,False,2025-11-24T01:00Z,,,1,STD,1949.0,Mortgage Matchup Center,Phoenix,AZ,True,720,12:00,4,3,STATUS_FINAL,post,True,Final,Final,Final,4,21,s:40~l:46~t:21,Phoenix,Suns,PHX,Phoenix Suns,Suns,29127a,e56020,True,1949.0,https://a.espncdn.com/i/teamlogos/nba/500/scoreboard/phx.png,111,True,24,s:40~l:46~t:24,San Antonio,Spurs,SA,San Antonio Spurs,Spurs,True,102,False,401810136,2026,2,000000,c4ced4,780.0,https://a.espncdn.com/i/teamlogos/nba/500/scoreboard/sa.png,,True,https://raw.githubusercontent.com/sportsdataverse/hoopR-nba-raw/main/nba/json/final/401810136.json,2025-11-23 20:00:00,2025-11-23,True,SAS @ PHX
401810137,s:40~l:46~e:401810137~c:401810137,2025-11-24,18186,True,False,False,False,2025-11-24T01:00Z,,,1,STD,3093.0,Delta Center,Salt Lake City,UT,True,720,12:00,4,3,STATUS_FINAL,post,True,Final,Final,Final,4,26,s:40~l:46~t:26,Utah,Jazz,UTAH,Utah Jazz,Jazz,4e008e,79a3dc,True,3093.0,https://a.espncdn.com/i/teamlogos/nba/500/scoreboard/utah.png,106,False,13,s:40~l:46~t:13,Los Angeles,Lakers,LAL,Los Angeles Lakers,Lakers,True,108,True,401810137,2026,2,552583,fdb927,1841.0,https://a.espncdn.com/i/teamlogos/nba/500/scoreboard/lal.png,,True,https://raw.githubusercontent.com/sportsdataverse/hoopR-nba-raw/main/nba/json/final/401810137.json,2025-11-23 20:00:00,2025-11-23,True,LAL @ UTA
401810135,s:40~l:46~e:401810135~c:401810135,2025-11-24,18203,True,False,False,False,2025-11-24T00:00Z,,,1,STD,2559.0,Paycom Center,Oklahoma City,OK,True,720,12:00,4,3,STATUS_FINAL,post,True,Final,Final,Final,4,25,s:40~l:46~t:25,Oklahoma City,Thunder,OKC,Oklahoma City Thunder,Thunder,007ac1,ef3b24,True,2559.0,https://a.espncdn.com/i/teamlogos/nba/500/scoreboard/okc.png,122,True,22,s:40~l:46~t:22,Portland,Trail Blazers,POR,Portland Trail Blazers,Trail Blazers,True,95,False,401810135,2026,2,e03a3e,000000,3423.0,https://a.espncdn.com/i/teamlogos/nba/500/scoreboard/por.png,,True,https://raw.githubusercontent.com/sportsdataverse/hoopR-nba-raw/main/nba/json/final/401810135.json,2025-11-23 19:00:00,2025-11-23,True,POR @ OKC
401810131,s:40~l:46~e:401810131~c:401810131,2025-11-23,17460,True,False,False,False,2025-11-23T23:00Z,,,1,STD,1827.0,State Farm Arena,Atlanta,GA,True,720,12:00,4,3,STATUS_FINAL,post,True,Final,Final,Final,4,1,s:40~l:46~t:1,Atlanta,Hawks,ATL,Atlanta Hawks,Hawks,c8102e,fdb927,True,1827.0,https://a.espncdn.com/i/teamlogos/nba/500/scoreboard/atl.png,113,True,30,s:40~l:46~t:30,Charlotte,Hornets,CHA,Charlotte Hornets,Hornets,True,110,False,401810131,2026,2,008ca8,1d1060,1893.0,https://a.espncdn.com/i/teamlogos/nba/500/scoreboard/cha.png,,True,https://raw.githubusercontent.com/sportsdataverse/hoopR-nba-raw/main/nba/json/final/401810131.json,2025-11-23 18:00:00,2025-11-23,True,CHA @ ATL
401810132,s:40~l:46~e:401810132~c:401810132,2025-11-23,19156,True,False,False,False,2025-11-23T23:00Z,,,1,STD,1824.0,TD Garden,Boston,MA,True,720,12:00,4,3,STATUS_FINAL,post,True,Final,Final,Final,4,2,s:40~l:46~t:2,Boston,Celtics,BOS,Boston Celtics,Celtics,008348,ffffff,True,1824.0,https://a.espncdn.com/i/teamlogos/nba/500/scoreboard/bos.png,138,True,19,s:40~l:46~t:19,Orlando,Magic,ORL,Orlando Magic,Magic,True,129,False,401810132,2026,2,0150b5,9ca0a3,3432.0,https://a.espncdn.com/i/teamlogos/nba/500/scoreboard/orl.png,,True,https://raw.githubusercontent.com/sportsdataverse/hoopR-nba-raw/main/nba/json/final/401810132.json,2025-11-23 18:00:00,2025-11-23,True,ORL @ BOS
401810133,s:40~l:46~e:401810133~c:401810133,2025-11-23,19432,True,False,False,False,2025-11-23T23:00Z,,,1,STD,3417.0,Rocket Arena,Cleveland,OH,True,720,12:00,4,3,STATUS_FINAL,post,True,Final,Final,Final,4,5,s:40~l:46~t:5,Cleveland,Cavaliers,CLE,Cleveland Cavaliers,Cavaliers,860038,bc945c,True,3417.0,https://a.espncdn.com/i/teamlogos/nba/500/scoreboard/cle.png,120,True,12,s:40~l:46~t:12,LA,Clippers,LAC,LA Clippers,Clippers,True,105,False,401810133,2026,2,12173f,c8102e,1841.0,https://a.espncdn.com/i/teamlogos/nba/500/scoreboard/lac.png,,True,https://raw.githubusercontent.com/sportsdataverse/hoopR-nba-raw/main/nba/json/final/401810133.json,2025-11-23 18:00:00,2025-11-23,True,LAC @ CLE
401810134,s:40~l:46~e:401810134~c:401810134,2025-11-23,18038,True,False,False,False,2025-11-23T23:00Z,,,1,STD,1838.0,Scotiabank Arena,Toronto,ON,True,720,12:00,4,3,STATUS_FINAL,post,True,Final,Final,Final,4,28,s:40~l:46~t:28,Toronto,Raptors,TOR,Toronto Raptors,Raptors,d91244,000000,True,1838.0,https://a.espncdn.com/i/teamlogos/nba/500/scoreboard/tor.png,119,True,17,s:40~l:46~t:17,Brooklyn,Nets,BKN,Brooklyn Nets,Nets,True,109,False,401810134,2026,2,000000,ffffff,1826.0,https://a.espncdn.com/i/teamlogos/nba/500/scoreboard/bkn.png,,True,https://raw.githubusercontent.com/sportsdataverse/hoopR-nba-raw/main/nba/json/final/401810134.json,2025-11-23 18:00:00,2025-11-23,True,BKN @ TOR
401810130,s:40~l:46~e:401810130~c:401810130,2025-11-23,18850,True,False,False,False,2025-11-23T18:00Z,,,1,STD,1845.0,Xfinity Mobile Arena,Philadelphia,PA,True,720,12:00,4,3,STATUS_FINAL,post,True,Final,Final,Final,4,20,s:40~l:46~t:20,Philadelphia,76ers,PHI,Philadelphia 76ers,76ers,1d428a,e01234,True,1845.0,https://a.espncdn.com/i/teamlogos/nba/500/scoreboard/phi.png,117,False,14,s:40~l:46~t:14,Miami,Heat,MIA,Miami Heat,Heat,True,127,True,401810130,2026,2,98002e,000000,3438.0,https://a.espncdn.com/i/teamlogos/nba/500/scoreboard/mia.png,,True,https://raw.githubusercontent.com/sportsdataverse/hoopR-nba-raw/main/nba/json/final/401810130.json,2025-11-23 13:00:00,2025-11-23,True,MIA @ PHI
401810129,s:40~l:46~e:401810129~c:401810129,2025-11-23,19893,True,False,False,False,2025-11-23T03:00Z,,,1,STD,892.0,Ball Arena,Denver,CO,True,720,12:00,4,3,STATUS_FINAL,post,True,Final,Final,Final,4,7,s:40~l:46~t:7,Denver,Nuggets,DEN,Denver Nuggets,Nuggets,0e2240,fec524,True,892.0,https://a.espncdn.com/i/teamlogos/nba/500/scoreboard/den.png,123,False,23,s:40~l:46~t:23,Sacramento,Kings,SAC,Sacramento Kings,Kings,True,128,True,401810129,2026,2,5a2d81,6a7a82,2247.0,https://a.espncdn.com/i/teamlogos/nba/500/scoreboard/sac.png,,True,https://raw.githubusercontent.com/sportsdataverse/hoopR-nba-raw/main/nba/json/final/401810129.json,2025-11-22 22:00:00,2025-11-22,True,SAC @ DEN
401810128,s:40~l:46~e:401810128~c:401810128,2025-11-23,19623,True,False,False,False,2025-11-23T01:30Z,,,1,STD,516.0,American Airlines Center,Dallas,TX,True,720,12:00,4,3,STATUS_FINAL,post,True,Final,Final,Final,4,6,s:40~l:46~t:6,Dallas,Mavericks,DAL,Dallas Mavericks,Mavericks,0064b1,bbc4ca,True,516.0,https://a.espncdn.com/i/teamlogos/nba/500/scoreboard/dal.png,96,False,29,s:40~l:46~t:29,Memphis,Grizzlies,MEM,Memphis Grizzlies,Grizzlies,True,102,True,401810128,2026,2,5d76a9,12173f,1392.0,https://a.espncdn.com/i/teamlogos/nba/500/scoreboard/mem.png,,True,https://raw.githubusercontent.com/sportsdataverse/hoopR-nba-raw/main/nba/json/final/401810128.json,2025-11-22 20:30:00,2025-11-22,True,MEM @ DAL
401810126,s:40~l:46~e:401810126~c:401810126,2025-11-23,21302,True,False,False,False,2025-11-23T01:00Z,,,1,STD,1847.0,United Center,Chicago,IL,True,720,12:00,4,3,STATUS_FINAL,post,True,Final,Final,Final,4,4,s:40~l:46~t:4,Chicago,Bulls,CHI,Chicago Bulls,Bulls,ce1141,000000,True,1847.0,https://a.espncdn.com/i/teamlogos/nba/500/scoreboard/chi.png,121,True,27,s:40~l:46~t:27,Washington,Wizards,WSH,Washington Wizards,Wizards,True,120,False,401810126,2026,2,e31837,002b5c,1823.0,https://a.espncdn.com/i/teamlogos/nba/500/scoreboard/wsh.png,,True,https://raw.githubusercontent.com/sportsdataverse/hoopR-nba-raw/main/nba/json/final/401810126.json,2025-11-22 20:00:00,2025-11-22,True,WAS @ CHI
401810127,s:40~l:46~e:401810127~c:401810127,2025-11-23,17341,True,False,False,False,2025-11-23T01:00Z,,,1,STD,5777.0,Fiserv Forum,Milwaukee,WI,True,0,0.0,4,3,STATUS_FINAL,post,True,Final,Final,Final,4,15,s:40~l:46~t:15,Milwaukee,Bucks,MIL,Milwaukee Bucks,Bucks,00471b,eee1c6,True,2099.0,https://a.espncdn.com/i/teamlogos/nba/500/scoreboard/mil.png,116,False,8,s:40~l:46~t:8,Detroit,Pistons,DET,Detroit Pistons,Pistons,True,129,True,401810127,2026,2,1d428a,c8102e,5311.0,https://a.espncdn.com/i/teamlogos/nba/500/scoreboard/det.png,,True,https://raw.githubusercontent.com/sportsdataverse/hoopR-nba-raw/main/nba/json/final/401810127.json,2025-11-22 20:00:00,2025-11-22,True,DET @ MIL
401810125,s:40~l:46~e:401810125~c:401810125,2025-11-23,18397,True,False,False,False,2025-11-23T00:00Z,,,1,STD,985.0,Smoothie King Center,New Orleans,LA,True,720,12:00,4,3,STATUS_FINAL,post,True,Final,Final,Final,4,3,s:40~l:46~t:3,New Orleans,Pelicans,NO,New Orleans Pelicans,Pelicans,0a2240,b4975a,True,985.0,https://a.espncdn.com/i/teamlogos/nba/500/scoreboard/no.png,98,False,1,s:40~l:46~t:1,Atlanta,Hawks,ATL,Atlanta Hawks,Hawks,True,115,True,401810125,2026,2,c8102e,fdb927,1827.0,https://a.espncdn.com/i/teamlogos/nba/500/scoreboard/atl.png,,True,https://raw.githubusercontent.com/sportsdataverse/hoopR-nba-raw/main/nba/json/final/401810125.json,2025-11-22 19:00:00,2025-11-22,True,ATL @ NOP
401810124,s:40~l:46~e:401810124~c:401810124,2025-11-22,18014,True,False,False,False,2025-11-22T22:00Z,,,1,STD,3432.0,Kia Center,Orlando,FL,True,720,12:00,4,3,STATUS_FINAL,post,True,Final,Final,Final,4,19,s:40~l:46~t:19,Orlando,Magic,ORL,Orlando Magic,Magic,0150b5,9ca0a3,True,3432.0,https://a.espncdn.com/i/teamlogos/nba/500/scoreboard/orl.png,133,True,18,s:40~l:46~t:18,New York,Knicks,NY,New York Knicks,Knicks,True,121,False,401810124,2026,2,1d428a,f58426,1830.0,https://a.espncdn.com/i/teamlogos/nba/500/scoreboard/ny.png,,True,https://raw.githubusercontent.com/sportsdataverse/hoopR-nba-raw/main/nba/json/final/401810124.json,2025-11-22 17:00:00,2025-11-22,True,NYK @ ORL
401810123,s:40~l:46~e:401810123~c:401810123,2025-11-22,18721,True,False,False,False,2025-11-22T18:00Z,,,1,STD,1893.0,Spectrum Center,Charlotte,NC,True,0,0.0,4,3,STATUS_FINAL,post,True,Final,Final,Final,4,30,s:40~l:46~t:30,Charlotte,Hornets,CHA,Charlotte Hornets,Hornets,008ca8,1d1060,True,1893.0,https://a.espncdn.com/i/teamlogos/nba/500/scoreboard/cha.png,116,False,12,s:40~l:46~t:12,LA,Clippers,LAC,LA Clippers,Clippers,True,131,True,401810123,2026,2,12173f,c8102e,1841.0,https://a.espncdn.com/i/teamlogos/nba/500/scoreboard/lac.png,,True,https://raw.githubusercontent.com/sportsdataverse/hoopR-nba-raw/main/nba/json/final/401810123.json,2025-11-22 13:00:00,2025-11-22,True,LAC @ CHA
401809797,s:40~l:46~e:401809797~c:401809797,2025-11-22,18186,True,False,False,False,2025-11-22T03:00Z,event,NBA Cup - Group Play,1,STD,3093.0,Delta Center,Salt Lake City,UT,True,0,0.0,4,3,STATUS_FINAL,post,True,Final,Final,Final,4,26,s:40~l:46~t:26,Utah,Jazz,UTAH,Utah Jazz,Jazz,4e008e,79a3dc,True,3093.0,https://a.espncdn.com/i/teamlogos/nba/500/scoreboard/utah.png,112,False,25,s:40~l:46~t:25,Oklahoma City,Thunder,OKC,Oklahoma City Thunder,Thunder,True,144,True,401809797,2026,2,007ac1,ef3b24,2559.0,https://a.espncdn.com/i/teamlogos/nba/500/scoreboard/okc.png,,True,https://raw.githubusercontent.com/sportsdataverse/hoopR-nba-raw/main/nba/json/final/401809797.json,2025-11-21 22:00:00,2025-11-21,True,OKC @ UTA
401809798,s:40~l:46~e:401809798~c:401809798,2025-11-22,18064,True,False,False,False,2025-11-22T03:00Z,event,NBA Cup - Group Play,1,STD,6270.0,Chase Center,San Francisco,CA,True,0,0.0,4,3,STATUS_FINAL,post,True,Final,Final,Final,4,9,s:40~l:46~t:9,Golden State,Warriors,GS,Golden State Warriors,Warriors,fdb927,1d428a,True,2465.0,https://a.espncdn.com/i/teamlogos/nba/500/scoreboard/gs.png,123,False,22,s:40~l:46~t:22,Portland,Trail Blazers,POR,Portland Trail Blazers,Trail Blazers,True,127,True,401809798,2026,2,e03a3e,000000,3423.0,https://a.espncdn.com/i/teamlogos/nba/500/scoreboard/por.png,,True,https://raw.githubusercontent.com/sportsdataverse/hoopR-nba-raw/main/nba/json/final/401809798.json,2025-11-21 22:00:00,2025-11-21,True,POR @ GSW
401809796,s:40~l:46~e:401809796~c:401809796,2025-11-22,18108,True,False,False,False,2025-11-22T02:30Z,event,NBA Cup - Group Play,1,STD,1394.0,Toyota Center (Houston),Houston,TX,True,0,0.0,4,3,STATUS_FINAL,post,True,Final,Final,Final,4,10,s:40~l:46~t:10,Houston,Rockets,HOU,Houston Rockets,Rockets,ce1141,000000,True,1394.0,https://a.espncdn.com/i/teamlogos/nba/500/scoreboard/hou.png,109,False,7,s:40~l:46~t:7,Denver,Nuggets,DEN,Denver Nuggets,Nuggets,True,112,True,401809796,2026,2,0e2240,fec524,892.0,https://a.espncdn.com/i/teamlogos/nba/500/scoreboard/den.png,,True,https://raw.githubusercontent.com/sportsdataverse/hoopR-nba-raw/main/nba/json/final/401809796.json,2025-11-21 21:30:00,2025-11-21,True,DEN @ HOU
401809795,s:40~l:46~e:401809795~c:401809795,2025-11-22,17071,True,False,False,False,2025-11-22T02:00Z,event,NBA Cup - Group Play,1,STD,1949.0,Mortgage Matchup Center,Phoenix,AZ,True,0,0.0,4,3,STATUS_FINAL,post,True,Final,Final,Final,4,21,s:40~l:46~t:21,Phoenix,Suns,PHX,Phoenix Suns,Suns,29127a,e56020,True,1949.0,https://a.espncdn.com/i/teamlogos/nba/500/scoreboard/phx.png,114,True,16,s:40~l:46~t:16,Minnesota,Timberwolves,MIN,Minnesota Timberwolves,Timberwolves,True,113,False,401809795,2026,2,266092,79bc43,2029.0,https://a.espncdn.com/i/teamlogos/nba/500/scoreboard/min.png,,True,https://raw.githubusercontent.com/sportsdataverse/hoopR-nba-raw/main/nba/json/final/401809795.json,2025-11-21 21:00:00,2025-11-21,True,MIN @ PHX
401809794,s:40~l:46~e:401809794~c:401809794,2025-11-22,18506,True,False,False,False,2025-11-22T01:30Z,event,NBA Cup - Group Play,1,STD,516.0,American Airlines Center,Dallas,TX,True,0,0.0,4,3,STATUS_FINAL,post,True,Final,Final,Final,4,6,s:40~l:46~t:6,Dallas,Mavericks,DAL,Dallas Mavericks,Mavericks,0064b1,bbc4ca,True,516.0,https://a.espncdn.com/i/teamlogos/nba/500/scoreboard/dal.png,118,True,3,s:40~l:46~t:3,New Orleans,Pelicans,NO,New Orleans Pelicans,Pelicans,True,115,False,401809794,2026,2,0a2240,b4975a,985.0,https://a.espncdn.com/i/teamlogos/nba/500/scoreboard/no.png,,True,https://raw.githubusercontent.com/sportsdataverse/hoopR-nba-raw/main/nba/json/final/401809794.json,2025-11-21 20:30:00,2025-11-21,True,NOP @ DAL
401809793,s:40~l:46~e:401809793~c:401809793,2025-11-22,21313,True,False,False,False,2025-11-22T01:00Z,event,NBA Cup - Group Play,1,STD,1847.0,United Center,Chicago,IL,True,720,12:00,4,3,STATUS_FINAL,post,True,Final,Final,Final,4,4,s:40~l:46~t:4,Chicago,Bulls,CHI,Chicago Bulls,Bulls,ce1141,000000,True,1847.0,https://a.espncdn.com/i/teamlogos/nba/500/scoreboard/chi.png,107,False,14,s:40~l:46~t:14,Miami,Heat,MIA,Miami Heat,Heat,True,143,True,401809793,2026,2,98002e,000000,3438.0,https://a.espncdn.com/i/teamlogos/nba/500/scoreboard/mia.png,,True,https://raw.githubusercontent.com/sportsdataverse/hoopR-nba-raw/main/nba/json/final/401809793.json,2025-11-21 20:00:00,2025-11-21,True,MIA @ CHI
401809791,s:40~l:46~e:401809791~c:401809791,2025-11-22,19156,True,False,False,False,2025-11-22T00:30Z,event,NBA Cup - Group Play,1,STD,1824.0,TD Garden,Boston,MA,True,720,12:00,4,3,STATUS_FINAL,post,True,Final,Final,Final,4,2,s:40~l:46~t:2,Boston,Celtics,BOS,Boston Celtics,Celtics,008348,ffffff,True,1824.0,https://a.espncdn.com/i/teamlogos/nba/500/scoreboard/bos.png,105,False,17,s:40~l:46~t:17,Brooklyn,Nets,BKN,Brooklyn Nets,Nets,True,113,True,401809791,2026,2,000000,ffffff,1826.0,https://a.espncdn.com/i/teamlogos/nba/500/scoreboard/bkn.png,,True,https://raw.githubusercontent.com/sportsdataverse/hoopR-nba-raw/main/nba/json/final/401809791.json,2025-11-21 19:30:00,2025-11-21,True,BKN @ BOS
401809792,s:40~l:46~e:401809792~c:401809792,2025-11-22,19800,True,False,False,False,2025-11-22T00:30Z,event,NBA Cup - Group Play,1,STD,1838.0,Scotiabank Arena,Toronto,ON,True,0,0.0,4,3,STATUS_FINAL,post,True,Final,Final,Final,4,28,s:40~l:46~t:28,Toronto,Raptors,TOR,Toronto Raptors,Raptors,d91244,000000,True,1838.0,https://a.espncdn.com/i/teamlogos/nba/500/scoreboard/tor.png,140,True,27,s:40~l:46~t:27,Washington,Wizards,WSH,Washington Wizards,Wizards,True,110,False,401809792,2026,2,e31837,002b5c,1823.0,https://a.espncdn.com/i/teamlogos/nba/500/scoreboard/wsh.png,,True,https://raw.githubusercontent.com/sportsdataverse/hoopR-nba-raw/main/nba/json/final/401809792.json,2025-11-21 19:30:00,2025-11-21,True,WAS @ TOR
401809790,s:40~l:46~e:401809790~c:401809790,2025-11-22,19432,True,False,False,False,2025-11-22T00:00Z,event,NBA Cup - Group Play,1,STD,3417.0,Rocket Arena,Cleveland,OH,True,720,12:00,4,3,STATUS_FINAL,post,True,Final,Final,Final,4,5,s:40~l:46~t:5,Cleveland,Cavaliers,CLE,Cleveland Cavaliers,Cavaliers,860038,bc945c,True,3417.0,https://a.espncdn.com/i/teamlogos/nba/500/scoreboard/cle.png,120,True,11,s:40~l:46~t:11,Indiana,Pacers,IND,Indiana Pacers,Pacers,True,109,False,401809790,2026,2,0c2340,ffd520,2183.0,https://a.espncdn.com/i/teamlogos/nba/500/scoreboard/ind.png,,True,https://raw.githubusercontent.com/sportsdataverse/hoopR-nba-raw/main/nba/json/final/401809790.json,2025-11-21 19:00:00,2025-11-21,True,IND @ CLE
401810120,s:40~l:46~e:401810120~c:401810120,2025-11-21,14704,True,False,False,False,2025-11-21T01:00Z,,,1,STD,1392.0,FedExForum,Memphis,TN,True,720,12:00,4,3,STATUS_FINAL,post,True,Final,Final,Final,4,29,s:40~l:46~t:29,Memphis,Grizzlies,MEM,Memphis Grizzlies,Grizzlies,5d76a9,12173f,True,1392.0,https://a.espncdn.com/i/teamlogos/nba/500/scoreboard/mem.png,137,True,23,s:40~l:46~t:23,Sacramento,Kings,SAC,Sacramento Kings,Kings,True,96,False,401810120,2026,2,5a2d81,6a7a82,2247.0,https://a.espncdn.com/i/teamlogos/nba/500/scoreboard/sac.png,,True,https://raw.githubusercontent.com/sportsdataverse/hoopR-nba-raw/main/nba/json/final/401810120.json,2025-11-20 20:00:00,2025-11-20,True,SAC @ MEM
401810121,s:40~l:46~e:401810121~c:401810121,2025-11-21,16574,True,False,False,False,2025-11-21T01:00Z,,,1,STD,5777.0,Fiserv Forum,Milwaukee,WI,True,300,5:00,5,3,STATUS_FINAL,post,True,Final,Final/OT,Final/OT,4,15,s:40~l:46~t:15,Milwaukee,Bucks,MIL,Milwaukee Bucks,Bucks,00471b,eee1c6,True,2099.0,https://a.espncdn.com/i/teamlogos/nba/500/scoreboard/mil.png,114,False,20,s:40~l:46~t:20,Philadelphia,76ers,PHI,Philadelphia 76ers,76ers,True,123,True,401810121,2026,2,1d428a,e01234,1845.0,https://a.espncdn.com/i/teamlogos/nba/500/scoreboard/phi.png,OT,True,https://raw.githubusercontent.com/sportsdataverse/hoopR-nba-raw/main/nba/json/final/401810121.json,2025-11-20 20:00:00,2025-11-20,True,PHI @ MIL
401810122,s:40~l:46~e:401810122~c:401810122,2025-11-21,18354,True,False,False,False,2025-11-21T01:00Z,,,1,STD,780.0,Frost Bank Center,San Antonio,TX,True,720,12:00,4,3,STATUS_FINAL,post,True,Final,Final,Final,4,24,s:40~l:46~t:24,San Antonio,Spurs,SA,San Antonio Spurs,Spurs,000000,c4ced4,True,780.0,https://a.espncdn.com/i/teamlogos/nba/500/scoreboard/sa.png,135,True,1,s:40~l:46~t:1,Atlanta,Hawks,ATL,Atlanta Hawks,Hawks,True,126,False,401810122,2026,2,c8102e,fdb927,1827.0,https://a.espncdn.com/i/teamlogos/nba/500/scoreboard/atl.png,,True,https://raw.githubusercontent.com/sportsdataverse/hoopR-nba-raw/main/nba/json/final/401810122.json,2025-11-20 20:00:00,2025-11-20,True,ATL @ SAS
401810119,s:40~l:46~e:401810119~c:401810119,2025-11-21,17801,True,False,False,False,2025-11-21T00:00Z,,,1,STD,3432.0,Kia Center,Orlando,FL,True,720,12:00,4,3,STATUS_FINAL,post,True,Final,Final,Final,4,19,s:40~l:46~t:19,Orlando,Magic,ORL,Orlando Magic,Magic,0150b5,9ca0a3,True,3432.0,https://a.espncdn.com/i/teamlogos/nba/500/scoreboard/orl.png,129,True,12,s:40~l:46~t:12,LA,Clippers,LAC,LA Clippers,Clippers,True,101,False,401810119,2026,2,12173f,c8102e,1841.0,https://a.espncdn.com/i/teamlogos/nba/500/scoreboard/lac.png,,True,https://raw.githubusercontent.com/sportsdataverse/hoopR-nba-raw/main/nba/json/final/401810119.json,2025-11-20 19:00:00,2025-11-20,True,LAC @ ORL
401810118,s:40~l:46~e:401810118~c:401810118,2025-11-20,17795,True,False,False,False,2025-11-20T03:00Z,,,1,STD,3423.0,Moda Center,Portland,OR,True,0,0.0,4,3,STATUS_FINAL,post,True,Final,Final,Final,4,22,s:40~l:46~t:22,Portland,Trail Blazers,POR,Portland Trail Blazers,Trail Blazers,e03a3e,000000,True,3423.0,https://a.espncdn.com/i/teamlogos/nba/500/scoreboard/por.png,121,False,4,s:40~l:46~t:4,Chicago,Bulls,CHI,Chicago Bulls,Bulls,True,122,True,401810118,2026,2,ce1141,000000,1847.0,https://a.espncdn.com/i/teamlogos/nba/500/scoreboard/chi.png,,True,https://raw.githubusercontent.com/sportsdataverse/hoopR-nba-raw/main/nba/json/final/401810118.json,2025-11-19 22:00:00,2025-11-19,True,CHI @ POR
401810117,s:40~l:46~e:401810117~c:401810117,2025-11-20,18513,True,False,False,False,2025-11-20T02:30Z,,,1,STD,516.0,American Airlines Center,Dallas,TX,True,720,12:00,4,3,STATUS_FINAL,post,True,Final,Final,Final,4,6,s:40~l:46~t:6,Dallas,Mavericks,DAL,Dallas Mavericks,Mavericks,0064b1,bbc4ca,True,516.0,https://a.espncdn.com/i/teamlogos/nba/500/scoreboard/dal.png,111,False,18,s:40~l:46~t:18,New York,Knicks,NY,New York Knicks,Knicks,True,113,True,401810117,2026,2,1d428a,f58426,1830.0,https://a.espncdn.com/i/teamlogos/nba/500/scoreboard/ny.png,,True,https://raw.githubusercontent.com/sportsdataverse/hoopR-nba-raw/main/nba/json/final/401810117.json,2025-11-19 21:30:00,2025-11-19,True,NYK @ DAL
401810114,s:40~l:46~e:401810114~c:401810114,2025-11-20,16578,True,False,False,False,2025-11-20T01:00Z,,,1,STD,2029.0,Target Center,Minneapolis,MN,True,720,12:00,4,3,STATUS_FINAL,post,True,Final,Final,Final,4,16,s:40~l:46~t:16,Minnesota,Timberwolves,MIN,Minnesota Timberwolves,Timberwolves,266092,79bc43,True,2029.0,https://a.espncdn.com/i/teamlogos/nba/500/scoreboard/min.png,120,True,27,s:40~l:46~t:27,Washington,Wizards,WSH,Washington Wizards,Wizards,True,109,False,401810114,2026,2,e31837,002b5c,1823.0,https://a.espncdn.com/i/teamlogos/nba/500/scoreboard/wsh.png,,True,https://raw.githubusercontent.com/sportsdataverse/hoopR-nba-raw/main/nba/json/final/401810114.json,2025-11-19 20:00:00,2025-11-19,True,WAS @ MIN
401810115,s:40~l:46~e:401810115~c:401810115,2025-11-20,16484,True,False,False,False,2025-11-20T01:00Z,,,1,STD,985.0,Smoothie King Center,New Orleans,LA,True,720,12:00,4,3,STATUS_FINAL,post,True,Final,Final,Final,4,3,s:40~l:46~t:3,New Orleans,Pelicans,NO,New Orleans Pelicans,Pelicans,0a2240,b4975a,True,985.0,https://a.espncdn.com/i/teamlogos/nba/500/scoreboard/no.png,118,False,7,s:40~l:46~t:7,Denver,Nuggets,DEN,Denver Nuggets,Nuggets,True,125,True,401810115,2026,2,0e2240,fec524,892.0,https://a.espncdn.com/i/teamlogos/nba/500/scoreboard/den.png,,True,https://raw.githubusercontent.com/sportsdataverse/hoopR-nba-raw/main/nba/json/final/401810115.json,2025-11-19 20:00:00,2025-11-19,True,DEN @ NOP
401810116,s:40~l:46~e:401810116~c:401810116,2025-11-20,18203,True,False,False,False,2025-11-20T01:00Z,,,1,STD,2559.0,Paycom Center,Oklahoma City,OK,True,720,12:00,4,3,STATUS_FINAL,post,True,Final,Final,Final,4,25,s:40~l:46~t:25,Oklahoma City,Thunder,OKC,Oklahoma City Thunder,Thunder,007ac1,ef3b24,True,2559.0,https://a.espncdn.com/i/teamlogos/nba/500/scoreboard/okc.png,113,True,23,s:40~l:46~t:23,Sacramento,Kings,SAC,Sacramento Kings,Kings,True,99,False,401810116,2026,2,5a2d81,6a7a82,2247.0,https://a.espncdn.com/i/teamlogos/nba/500/scoreboard/sac.png,,True,https://raw.githubusercontent.com/sportsdataverse/hoopR-nba-raw/main/nba/json/final/401810116.json,2025-11-19 20:00:00,2025-11-19,True,SAC @ OKC
401810112,s:40~l:46~e:401810112~c:401810112,2025-11-20,19600,True,False,False,False,2025-11-20T00:30Z,,,1,STD,3438.0,Kaseya Center,Miami,FL,True,0,0.0,4,3,STATUS_FINAL,post,True,Final,Final,Final,4,14,s:40~l:46~t:14,Miami,Heat,MIA,Miami Heat,Heat,98002e,000000,True,3438.0,https://a.espncdn.com/i/teamlogos/nba/500/scoreboard/mia.png,110,True,9,s:40~l:46~t:9,Golden State,Warriors,GS,Golden State Warriors,Warriors,True,96,False,401810112,2026,2,fdb927,1d428a,2465.0,https://a.espncdn.com/i/teamlogos/nba/500/scoreboard/gs.png,,True,https://raw.githubusercontent.com/sportsdataverse/hoopR-nba-raw/main/nba/json/final/401810112.json,2025-11-19 19:30:00,2025-11-19,True,GSW @ MIA
401810110,s:40~l:46~e:401810110~c:401810110,2025-11-20,19432,True,False,False,False,2025-11-20T00:00Z,,,1,STD,3417.0,Rocket Arena,Cleveland,OH,True,0,0.0,4,3,STATUS_FINAL,post,True,Final,Final,Final,4,5,s:40~l:46~t:5,Cleveland,Cavaliers,CLE,Cleveland Cavaliers,Cavaliers,860038,bc945c,True,3417.0,https://a.espncdn.com/i/teamlogos/nba/500/scoreboard/cle.png,104,False,10,s:40~l:46~t:10,Houston,Rockets,HOU,Houston Rockets,Rockets,True,114,True,401810110,2026,2,ce1141,000000,1394.0,https://a.espncdn.com/i/teamlogos/nba/500/scoreboard/hou.png,,True,https://raw.githubusercontent.com/sportsdataverse/hoopR-nba-raw/main/nba/json/final/401810110.json,2025-11-19 19:00:00,2025-11-19,True,HOU @ CLE
401810111,s:40~l:46~e:401810111~c:401810111,2025-11-20,17003,True,False,False,False,2025-11-20T00:00Z,,,1,STD,2183.0,Gainbridge Fieldhouse,Indianapolis,IN,True,720,12:00,4,3,STATUS_FINAL,post,True,Final,Final,Final,4,11,s:40~l:46~t:11,Indiana,Pacers,IND,Indiana Pacers,Pacers,0c2340,ffd520,True,2183.0,https://a.espncdn.com/i/teamlogos/nba/500/scoreboard/ind.png,127,True,30,s:40~l:46~t:30,Charlotte,Hornets,CHA,Charlotte Hornets,Hornets,True,118,False,401810111,2026,2,008ca8,1d1060,1893.0,https://a.espncdn.com/i/teamlogos/nba/500/scoreboard/cha.png,,True,https://raw.githubusercontent.com/sportsdataverse/hoopR-nba-raw/main/nba/json/final/401810111.json,2025-11-19 19:00:00,2025-11-19,True,CHA @ IND
401810113,s:40~l:46~e:401810113~c:401810113,2025-11-20,17077,True,False,False,False,2025-11-20T00:00Z,,,1,STD,1845.0,Xfinity Mobile Arena,Philadelphia,PA,True,720,12:00,4,3,STATUS_FINAL,post,True,Final,Final,Final,4,20,s:40~l:46~t:20,Philadelphia,76ers,PHI,Philadelphia 76ers,76ers,1d428a,e01234,True,1845.0,https://a.espncdn.com/i/teamlogos/nba/500/scoreboard/phi.png,112,False,28,s:40~l:46~t:28,Toronto,Raptors,TOR,Toronto Raptors,Raptors,True,121,True,401810113,2026,2,d91244,000000,1838.0,https://a.espncdn.com/i/teamlogos/nba/500/scoreboard/tor.png,,True,https://raw.githubusercontent.com/sportsdataverse/hoopR-nba-raw/main/nba/json/final/401810113.json,2025-11-19 19:00:00,2025-11-19,True,TOR @ PHI
401810109,s:40~l:46~e:401810109~c:401810109,2025-11-19,17051,True,False,False,False,2025-11-19T04:00Z,,,1,STD,3423.0,Moda Center,Portland,OR,True,720,12:00,4,3,STATUS_FINAL,post,True,Final,Final,Final,4,22,s:40~l:46~t:22,Portland,Trail Blazers,POR,Portland Trail Blazers,Trail Blazers,e03a3e,000000,True,3423.0,https://a.espncdn.com/i/teamlogos/nba/500/scoreboard/por.png,110,False,21,s:40~l:46~t:21,Phoenix,Suns,PHX,Phoenix Suns,Suns,True,127,True,401810109,2026,2,29127a,e56020,1949.0,https://a.espncdn.com/i/teamlogos/nba/500/scoreboard/phx.png,,True,https://raw.githubusercontent.com/sportsdataverse/hoopR-nba-raw/main/nba/json/final/401810109.json,2025-11-18 23:00:00,2025-11-18,True,PHX @ POR
401810108,s:40~l:46~e:401810108~c:401810108,2025-11-19,18997,True,False,False,False,2025-11-19T03:30Z,,,1,STD,1841.0,crypto.com Arena,Los Angeles,CA,True,0,0.0,4,3,STATUS_FINAL,post,True,Final,Final,Final,4,13,s:40~l:46~t:13,Los Angeles,Lakers,LAL,Los Angeles Lakers,Lakers,552583,fdb927,True,1841.0,https://a.espncdn.com/i/teamlogos/nba/500/scoreboard/lal.png,140,True,26,s:40~l:46~t:26,Utah,Jazz,UTAH,Utah Jazz,Jazz,True,126,False,401810108,2026,2,4e008e,79a3dc,3093.0,https://a.espncdn.com/i/teamlogos/nba/500/scoreboard/utah.png,,True,https://raw.githubusercontent.com/sportsdataverse/hoopR-nba-raw/main/nba/json/final/401810108.json,2025-11-18 22:30:00,2025-11-18,True,UTA @ LAL
401810107,s:40~l:46~e:401810107~c:401810107,2025-11-19,18354,True,False,False,False,2025-11-19T01:00Z,,,1,STD,780.0,Frost Bank Center,San Antonio,TX,True,720,12:00,4,3,STATUS_FINAL,post,True,Final,Final,Final,4,24,s:40~l:46~t:24,San Antonio,Spurs,SA,San Antonio Spurs,Spurs,000000,c4ced4,True,780.0,https://a.espncdn.com/i/teamlogos/nba/500/scoreboard/sa.png,111,True,29,s:40~l:46~t:29,Memphis,Grizzlies,MEM,Memphis Grizzlies,Grizzlies,True,101,False,401810107,2026,2,5d76a9,12173f,1392.0,https://a.espncdn.com/i/teamlogos/nba/500/scoreboard/mem.png,,True,https://raw.githubusercontent.com/sportsdataverse/hoopR-nba-raw/main/nba/json/final/401810107.json,2025-11-18 20:00:00,2025-11-18,True,MEM @ SAS
401810105,s:40~l:46~e:401810105~c:401810105,2025-11-19,18118,True,False,False,False,2025-11-19T00:30Z,,,1,STD,3559.0,Barclays Center,Brooklyn,NY,True,720,12:00,4,3,STATUS_FINAL,post,True,Final,Final,Final,4,17,s:40~l:46~t:17,Brooklyn,Nets,BKN,Brooklyn Nets,Nets,000000,ffffff,True,1826.0,https://a.espncdn.com/i/teamlogos/nba/500/scoreboard/bkn.png,99,False,2,s:40~l:46~t:2,Boston,Celtics,BOS,Boston Celtics,Celtics,True,113,True,401810105,2026,2,008348,ffffff,1824.0,https://a.espncdn.com/i/teamlogos/nba/500/scoreboard/bos.png,,True,https://raw.githubusercontent.com/sportsdataverse/hoopR-nba-raw/main/nba/json/final/401810105.json,2025-11-18 19:30:00,2025-11-18,True,BOS @ BKN
401810106,s:40~l:46~e:401810106~c:401810106,2025-11-19,17353,True,False,False,False,2025-11-19T00:30Z,,,1,STD,1827.0,State Farm Arena,Atlanta,GA,True,720,12:00,4,3,STATUS_FINAL,post,True,Final,Final,Final,4,1,s:40~l:46~t:1,Atlanta,Hawks,ATL,Atlanta Hawks,Hawks,c8102e,fdb927,True,1827.0,https://a.espncdn.com/i/teamlogos/nba/500/scoreboard/atl.png,112,False,8,s:40~l:46~t:8,Detroit,Pistons,DET,Detroit Pistons,Pistons,True,120,True,401810106,2026,2,1d428a,c8102e,5311.0,https://a.espncdn.com/i/teamlogos/nba/500/scoreboard/det.png,,True,https://raw.githubusercontent.com/sportsdataverse/hoopR-nba-raw/main/nba/json/final/401810106.json,2025-11-18 19:30:00,2025-11-18,True,DET @ ATL
401810104,s:40~l:46~e:401810104~c:401810104,2025-11-19,18846,True,False,False,False,2025-11-19T00:00Z,,,1,STD,3432.0,Kia Center,Orlando,FL,True,720,12:00,4,3,STATUS_FINAL,post,True,Final,Final,Final,4,19,s:40~l:46~t:19,Orlando,Magic,ORL,Orlando Magic,Magic,0150b5,9ca0a3,True,3432.0,https://a.espncdn.com/i/teamlogos/nba/500/scoreboard/orl.png,121,True,9,s:40~l:46~t:9,Golden State,Warriors,GS,Golden State Warriors,Warriors,True,113,False,401810104,2026,2,fdb927,1d428a,2465.0,https://a.espncdn.com/i/teamlogos/nba/500/scoreboard/gs.png,,True,https://raw.githubusercontent.com/sportsdataverse/hoopR-nba-raw/main/nba/json/final/401810104.json,2025-11-18 19:00:00,2025-11-18,True,GSW @ ORL
401810103,s:40~l:46~e:401810103~c:401810103,2025-11-18,19951,True,False,False,False,2025-11-18T02:00Z,,,1,STD,892.0,Ball Arena,Denver,CO,True,0,0.0,4,3,STATUS_FINAL,post,True,Final,Final,Final,4,7,s:40~l:46~t:7,Denver,Nuggets,DEN,Denver Nuggets,Nuggets,0e2240,fec524,True,892.0,https://a.espncdn.com/i/teamlogos/nba/500/scoreboard/den.png,127,False,4,s:40~l:46~t:4,Chicago,Bulls,CHI,Chicago Bulls,Bulls,True,130,True,401810103,2026,2,ce1141,000000,1847.0,https://a.espncdn.com/i/teamlogos/nba/500/scoreboard/chi.png,,True,https://raw.githubusercontent.com/sportsdataverse/hoopR-nba-raw/main/nba/json/final/401810103.json,2025-11-17 21:00:00,2025-11-17,True,CHI @ DEN
401810101,s:40~l:46~e:401810101~c:401810101,2025-11-18,16712,True,False,False,False,2025-11-18T01:00Z,,,1,STD,2029.0,Target Center,Minneapolis,MN,True,720,12:00,4,3,STATUS_FINAL,post,True,Final,Final,Final,4,16,s:40~l:46~t:16,Minnesota,Timberwolves,MIN,Minnesota Timberwolves,Timberwolves,266092,79bc43,True,2029.0,https://a.espncdn.com/i/teamlogos/nba/500/scoreboard/min.png,120,True,6,s:40~l:46~t:6,Dallas,Mavericks,DAL,Dallas Mavericks,Mavericks,True,96,False,401810101,2026,2,0064b1,bbc4ca,516.0,https://a.espncdn.com/i/teamlogos/nba/500/scoreboard/dal.png,,True,https://raw.githubusercontent.com/sportsdataverse/hoopR-nba-raw/main/nba/json/final/401810101.json,2025-11-17 20:00:00,2025-11-17,True,DAL @ MIN
401810102,s:40~l:46~e:401810102~c:401810102,2025-11-18,13757,True,False,False,False,2025-11-18T01:00Z,,,1,STD,985.0,Smoothie King Center,New Orleans,LA,True,0,0.0,4,3,STATUS_FINAL,post,True,Final,Final,Final,4,3,s:40~l:46~t:3,New Orleans,Pelicans,NO,New Orleans Pelicans,Pelicans,0a2240,b4975a,True,985.0,https://a.espncdn.com/i/teamlogos/nba/500/scoreboard/no.png,109,False,25,s:40~l:46~t:25,Oklahoma City,Thunder,OKC,Oklahoma City Thunder,Thunder,True,126,True,401810102,2026,2,007ac1,ef3b24,2559.0,https://a.espncdn.com/i/teamlogos/nba/500/scoreboard/okc.png,,True,https://raw.githubusercontent.com/sportsdataverse/hoopR-nba-raw/main/nba/json/final/401810102.json,2025-11-17 20:00:00,2025-11-17,True,OKC @ NOP
401810099,s:40~l:46~e:401810099~c:401810099,2025-11-18,19600,True,False,False,False,2025-11-18T00:30Z,,,1,STD,3438.0,Kaseya Center,Miami,FL,True,720,12:00,4,3,STATUS_FINAL,post,True,Final,Final,Final,4,14,s:40~l:46~t:14,Miami,Heat,MIA,Miami Heat,Heat,98002e,000000,True,3438.0,https://a.espncdn.com/i/teamlogos/nba/500/scoreboard/mia.png,115,True,18,s:40~l:46~t:18,New York,Knicks,NY,New York Knicks,Knicks,True,113,False,401810099,2026,2,1d428a,f58426,1830.0,https://a.espncdn.com/i/teamlogos/nba/500/scoreboard/ny.png,,True,https://raw.githubusercontent.com/sportsdataverse/hoopR-nba-raw/main/nba/json/final/401810099.json,2025-11-17 19:30:00,2025-11-17,True,NYK @ MIA
401810100,s:40~l:46~e:401810100~c:401810100,2025-11-18,19037,True,False,False,False,2025-11-18T00:30Z,,,1,STD,1838.0,Scotiabank Arena,Toronto,ON,True,0,0.0,4,3,STATUS_FINAL,post,True,Final,Final,Final,4,28,s:40~l:46~t:28,Toronto,Raptors,TOR,Toronto Raptors,Raptors,d91244,000000,True,1838.0,https://a.espncdn.com/i/teamlogos/nba/500/scoreboard/tor.png,110,True,30,s:40~l:46~t:30,Charlotte,Hornets,CHA,Charlotte Hornets,Hornets,True,108,False,401810100,2026,2,008ca8,1d1060,1893.0,https://a.espncdn.com/i/teamlogos/nba/500/scoreboard/cha.png,,True,https://raw.githubusercontent.com/sportsdataverse/hoopR-nba-raw/main/nba/json/final/401810100.json,2025-11-17 19:30:00,2025-11-17,True,CHA @ TOR
401810096,s:40~l:46~e:401810096~c:401810096,2025-11-18,19432,True,False,False,False,2025-11-18T00:00Z,,,1,STD,3417.0,Rocket Arena,Cleveland,OH,True,0,0.0,4,3,STATUS_FINAL,post,True,Final,Final,Final,4,5,s:40~l:46~t:5,Cleveland,Cavaliers,CLE,Cleveland Cavaliers,Cavaliers,860038,bc945c,True,3417.0,https://a.espncdn.com/i/teamlogos/nba/500/scoreboard/cle.png,118,True,15,s:40~l:46~t:15,Milwaukee,Bucks,MIL,Milwaukee Bucks,Bucks,True,106,False,401810096,2026,2,00471b,eee1c6,2099.0,https://a.espncdn.com/i/teamlogos/nba/500/scoreboard/mil.png,,True,https://raw.githubusercontent.com/sportsdataverse/hoopR-nba-raw/main/nba/json/final/401810096.json,2025-11-17 19:00:00,2025-11-17,True,MIL @ CLE
401810097,s:40~l:46~e:401810097~c:401810097,2025-11-18,19058,True,False,False,False,2025-11-18T00:00Z,,,1,STD,5404.0,Little Caesars Arena,Detroit,MI,True,0,0.0,4,3,STATUS_FINAL,post,True,Final,Final,Final,4,8,s:40~l:46~t:8,Detroit,Pistons,DET,Detroit Pistons,Pistons,1d428a,c8102e,True,5311.0,https://a.espncdn.com/i/teamlogos/nba/500/scoreboard/det.png,127,True,11,s:40~l:46~t:11,Indiana,Pacers,IND,Indiana Pacers,Pacers,True,112,False,401810097,2026,2,0c2340,ffd520,2183.0,https://a.espncdn.com/i/teamlogos/nba/500/scoreboard/ind.png,,True,https://raw.githubusercontent.com/sportsdataverse/hoopR-nba-raw/main/nba/json/final/401810097.json,2025-11-17 19:00:00,2025-11-17,True,IND @ DET
401810098,s:40~l:46~e:401810098~c:401810098,2025-11-18,18008,True,False,False,False,2025-11-18T00:00Z,,,1,STD,1845.0,Xfinity Mobile Arena,Philadelphia,PA,True,720,12:00,4,3,STATUS_FINAL,post,True,Final,Final,Final,4,20,s:40~l:46~t:20,Philadelphia,76ers,PHI,Philadelphia 76ers,76ers,1d428a,e01234,True,1845.0,https://a.espncdn.com/i/teamlogos/nba/500/scoreboard/phi.png,110,True,12,s:40~l:46~t:12,LA,Clippers,LAC,LA Clippers,Clippers,True,108,False,401810098,2026,2,12173f,c8102e,1841.0,https://a.espncdn.com/i/teamlogos/nba/500/scoreboard/lac.png,,True,https://raw.githubusercontent.com/sportsdataverse/hoopR-nba-raw/main/nba/json/final/401810098.json,2025-11-17 19:00:00,2025-11-17,True,LAC @ PHI
401810094,s:40~l:46~e:401810094~c:401810094,2025-11-17,17071,True,False,False,False,2025-11-17T01:00Z,,,1,STD,1949.0,Mortgage Matchup Center,Phoenix,AZ,True,720,12:00,4,3,STATUS_FINAL,post,True,Final,Final,Final,4,21,s:40~l:46~t:21,Phoenix,Suns,PHX,Phoenix Suns,Suns,29127a,e56020,True,1949.0,https://a.espncdn.com/i/teamlogos/nba/500/scoreboard/phx.png,122,False,1,s:40~l:46~t:1,Atlanta,Hawks,ATL,Atlanta Hawks,Hawks,True,124,True,401810094,2026,2,c8102e,fdb927,1827.0,https://a.espncdn.com/i/teamlogos/nba/500/scoreboard/atl.png,,True,https://raw.githubusercontent.com/sportsdataverse/hoopR-nba-raw/main/nba/json/final/401810094.json,2025-11-16 20:00:00,2025-11-16,True,ATL @ PHX
401810095,s:40~l:46~e:401810095~c:401810095,2025-11-17,18186,True,False,False,False,2025-11-17T01:00Z,,,1,STD,3093.0,Delta Center,Salt Lake City,UT,True,0,0.0,6,3,STATUS_FINAL,post,True,Final,Final/2OT,Final/2OT,4,26,s:40~l:46~t:26,Utah,Jazz,UTAH,Utah Jazz,Jazz,4e008e,79a3dc,True,3093.0,https://a.espncdn.com/i/teamlogos/nba/500/scoreboard/utah.png,150,True,4,s:40~l:46~t:4,Chicago,Bulls,CHI,Chicago Bulls,Bulls,True,147,False,401810095,2026,2,ce1141,000000,1847.0,https://a.espncdn.com/i/teamlogos/nba/500/scoreboard/chi.png,2OT,True,https://raw.githubusercontent.com/sportsdataverse/hoopR-nba-raw/main/nba/json/final/401810095.json,2025-11-16 20:00:00,2025-11-16,True,CHI @ UTA
401810093,s:40~l:46~e:401810093~c:401810093,2025-11-17,18808,True,False,False,False,2025-11-17T00:30Z,,,1,STD,516.0,American Airlines Center,Dallas,TX,True,300,5:00,5,3,STATUS_FINAL,post,True,Final,Final/OT,Final/OT,4,6,s:40~l:46~t:6,Dallas,Mavericks,DAL,Dallas Mavericks,Mavericks,0064b1,bbc4ca,True,516.0,https://a.espncdn.com/i/teamlogos/nba/500/scoreboard/dal.png,138,True,22,s:40~l:46~t:22,Portland,Trail Blazers,POR,Portland Trail Blazers,Trail Blazers,True,133,False,401810093,2026,2,e03a3e,000000,3423.0,https://a.espncdn.com/i/teamlogos/nba/500/scoreboard/por.png,OT,True,https://raw.githubusercontent.com/sportsdataverse/hoopR-nba-raw/main/nba/json/final/401810093.json,2025-11-16 19:30:00,2025-11-16,True,POR @ DAL
401810091,s:40~l:46~e:401810091~c:401810091,2025-11-17,18055,True,False,False,False,2025-11-17T00:00Z,,,1,STD,1394.0,Toyota Center (Houston),Houston,TX,True,300,5:00,5,3,STATUS_FINAL,post,True,Final,Final/OT,Final/OT,4,10,s:40~l:46~t:10,Houston,Rockets,HOU,Houston Rockets,Rockets,ce1141,000000,True,1394.0,https://a.espncdn.com/i/teamlogos/nba/500/scoreboard/hou.png,117,True,19,s:40~l:46~t:19,Orlando,Magic,ORL,Orlando Magic,Magic,True,113,False,401810091,2026,2,0150b5,9ca0a3,3432.0,https://a.espncdn.com/i/teamlogos/nba/500/scoreboard/orl.png,OT,True,https://raw.githubusercontent.com/sportsdataverse/hoopR-nba-raw/main/nba/json/final/401810091.json,2025-11-16 19:00:00,2025-11-16,True,ORL @ HOU
401810092,s:40~l:46~e:401810092~c:401810092,2025-11-17,18373,True,False,False,False,2025-11-17T00:00Z,,,1,STD,985.0,Smoothie King Center,New Orleans,LA,True,720,12:00,4,3,STATUS_FINAL,post,True,Final,Final,Final,4,3,s:40~l:46~t:3,New Orleans,Pelicans,NO,New Orleans Pelicans,Pelicans,0a2240,b4975a,True,985.0,https://a.espncdn.com/i/teamlogos/nba/500/scoreboard/no.png,106,False,9,s:40~l:46~t:9,Golden State,Warriors,GS,Golden State Warriors,Warriors,True,124,True,401810092,2026,2,fdb927,1d428a,2465.0,https://a.espncdn.com/i/teamlogos/nba/500/scoreboard/gs.png,,True,https://raw.githubusercontent.com/sportsdataverse/hoopR-nba-raw/main/nba/json/final/401810092.json,2025-11-16 19:00:00,2025-11-16,True,GSW @ NOP
401810090,s:40~l:46~e:401810090~c:401810090,2025-11-16,14164,True,False,False,False,2025-11-16T23:00Z,,,1,STD,1823.0,Capital One Arena,Washington,DC,True,720,12:00,4,3,STATUS_FINAL,post,True,Final,Final,Final,4,27,s:40~l:46~t:27,Washington,Wizards,WSH,Washington Wizards,Wizards,e31837,002b5c,True,1823.0,https://a.espncdn.com/i/teamlogos/nba/500/scoreboard/wsh.png,106,False,17,s:40~l:46~t:17,Brooklyn,Nets,BKN,Brooklyn Nets,Nets,True,129,True,401810090,2026,2,000000,ffffff,1826.0,https://a.espncdn.com/i/teamlogos/nba/500/scoreboard/bkn.png,,True,https://raw.githubusercontent.com/sportsdataverse/hoopR-nba-raw/main/nba/json/final/401810090.json,2025-11-16 18:00:00,2025-11-16,True,BKN @ WAS
401810089,s:40~l:46~e:401810089~c:401810089,2025-11-16,18354,True,False,False,False,2025-11-16T21:00Z,,,1,STD,780.0,Frost Bank Center,San Antonio,TX,True,720,12:00,4,3,STATUS_FINAL,post,True,Final,Final,Final,4,24,s:40~l:46~t:24,San Antonio,Spurs,SA,San Antonio Spurs,Spurs,000000,c4ced4,True,780.0,https://a.espncdn.com/i/teamlogos/nba/500/scoreboard/sa.png,123,True,23,s:40~l:46~t:23,Sacramento,Kings,SAC,Sacramento Kings,Kings,True,110,False,401810089,2026,2,5a2d81,6a7a82,2247.0,https://a.espncdn.com/i/teamlogos/nba/500/scoreboard/sac.png,,True,https://raw.githubusercontent.com/sportsdataverse/hoopR-nba-raw/main/nba/json/final/401810089.json,2025-11-16 16:00:00,2025-11-16,True,SAC @ SAS
401810088,s:40~l:46~e:401810088~c:401810088,2025-11-16,19156,True,False,False,False,2025-11-16T20:30Z,,,1,STD,1824.0,TD Garden,Boston,MA,True,720,12:00,4,3,STATUS_FINAL,post,True,Final,Final,Final,4,2,s:40~l:46~t:2,Boston,Celtics,BOS,Boston Celtics,Celtics,008348,ffffff,True,1824.0,https://a.espncdn.com/i/teamlogos/nba/500/scoreboard/bos.png,121,True,12,s:40~l:46~t:12,LA,Clippers,LAC,LA Clippers,Clippers,True,118,False,401810088,2026,2,12173f,c8102e,1841.0,https://a.espncdn.com/i/teamlogos/nba/500/scoreboard/lac.png,,True,https://raw.githubusercontent.com/sportsdataverse/hoopR-nba-raw/main/nba/json/final/401810088.json,2025-11-16 15:30:00,2025-11-16,True,LAC @ BOS
401810086,s:40~l:46~e:401810086~c:401810086,2025-11-16,17341,True,False,False,False,2025-11-16T01:00Z,,,1,STD,5777.0,Fiserv Forum,Milwaukee,WI,True,720,12:00,4,3,STATUS_FINAL,post,True,Final,Final,Final,4,15,s:40~l:46~t:15,Milwaukee,Bucks,MIL,Milwaukee Bucks,Bucks,00471b,eee1c6,True,2099.0,https://a.espncdn.com/i/teamlogos/nba/500/scoreboard/mil.png,95,False,13,s:40~l:46~t:13,Los Angeles,Lakers,LAL,Los Angeles Lakers,Lakers,True,119,True,401810086,2026,2,552583,fdb927,1841.0,https://a.espncdn.com/i/teamlogos/nba/500/scoreboard/lal.png,,True,https://raw.githubusercontent.com/sportsdataverse/hoopR-nba-raw/main/nba/json/final/401810086.json,2025-11-15 20:00:00,2025-11-15,True,LAL @ MIL
401810087,s:40~l:46~e:401810087~c:401810087,2025-11-16,18978,True,False,False,False,2025-11-16T01:00Z,,,1,STD,2029.0,Target Center,Minneapolis,MN,True,0,0.0,4,3,STATUS_FINAL,post,True,Final,Final,Final,4,16,s:40~l:46~t:16,Minnesota,Timberwolves,MIN,Minnesota Timberwolves,Timberwolves,266092,79bc43,True,2029.0,https://a.espncdn.com/i/teamlogos/nba/500/scoreboard/min.png,112,False,7,s:40~l:46~t:7,Denver,Nuggets,DEN,Denver Nuggets,Nuggets,True,123,True,401810087,2026,2,0e2240,fec524,892.0,https://a.espncdn.com/i/teamlogos/nba/500/scoreboard/den.png,,True,https://raw.githubusercontent.com/sportsdataverse/hoopR-nba-raw/main/nba/json/final/401810087.json,2025-11-15 20:00:00,2025-11-15,True,DEN @ MIN
401810084,s:40~l:46~e:401810084~c:401810084,2025-11-16,19469,True,False,False,False,2025-11-16T00:00Z,,,1,STD,1893.0,Spectrum Center,Charlotte,NC,True,720,12:00,4,3,STATUS_FINAL,post,True,Final,Final,Final,4,30,s:40~l:46~t:30,Charlotte,Hornets,CHA,Charlotte Hornets,Hornets,008ca8,1d1060,True,1893.0,https://a.espncdn.com/i/teamlogos/nba/500/scoreboard/cha.png,96,False,25,s:40~l:46~t:25,Oklahoma City,Thunder,OKC,Oklahoma City Thunder,Thunder,True,109,True,401810084,2026,2,007ac1,ef3b24,2559.0,https://a.espncdn.com/i/teamlogos/nba/500/scoreboard/okc.png,,True,https://raw.githubusercontent.com/sportsdataverse/hoopR-nba-raw/main/nba/json/final/401810084.json,2025-11-15 19:00:00,2025-11-15,True,OKC @ CHA
401810085,s:40~l:46~e:401810085~c:401810085,2025-11-16,17274,True,False,False,False,2025-11-16T00:00Z,,,1,STD,2183.0,Gainbridge Fieldhouse,Indianapolis,IN,True,720,12:00,4,3,STATUS_FINAL,post,True,Final,Final,Final,4,11,s:40~l:46~t:11,Indiana,Pacers,IND,Indiana Pacers,Pacers,0c2340,ffd520,True,2183.0,https://a.espncdn.com/i/teamlogos/nba/500/scoreboard/ind.png,111,False,28,s:40~l:46~t:28,Toronto,Raptors,TOR,Toronto Raptors,Raptors,True,129,True,401810085,2026,2,d91244,000000,1838.0,https://a.espncdn.com/i/teamlogos/nba/500/scoreboard/tor.png,,True,https://raw.githubusercontent.com/sportsdataverse/hoopR-nba-raw/main/nba/json/final/401810085.json,2025-11-15 19:00:00,2025-11-15,True,TOR @ IND
401810083,s:40~l:46~e:401810083~c:401810083,2025-11-15,19432,True,False,False,False,2025-11-15T22:00Z,,,1,STD,3417.0,Rocket Arena,Cleveland,OH,True,720,12:00,4,3,STATUS_FINAL,post,True,Final,Final,Final,4,5,s:40~l:46~t:5,Cleveland,Cavaliers,CLE,Cleveland Cavaliers,Cavaliers,860038,bc945c,True,3417.0,https://a.espncdn.com/i/teamlogos/nba/500/scoreboard/cle.png,108,True,29,s:40~l:46~t:29,Memphis,Grizzlies,MEM,Memphis Grizzlies,Grizzlies,True,100,False,401810083,2026,2,5d76a9,12173f,1392.0,https://a.espncdn.com/i/teamlogos/nba/500/scoreboard/mem.png,,True,https://raw.githubusercontent.com/sportsdataverse/hoopR-nba-raw/main/nba/json/final/401810083.json,2025-11-15 17:00:00,2025-11-15,True,MEM @ CLE
401809789,s:40~l:46~e:401809789~c:401809789,2025-11-15,19059,True,False,False,False,2025-11-15T02:30Z,event,NBA Cup - Group Play,1,STD,780.0,Frost Bank Center,San Antonio,TX,True,720,12:00,4,3,STATUS_FINAL,post,True,Final,Final,Final,4,24,s:40~l:46~t:24,San Antonio,Spurs,SA,San Antonio Spurs,Spurs,000000,c4ced4,True,780.0,https://a.espncdn.com/i/teamlogos/nba/500/scoreboard/sa.png,108,False,9,s:40~l:46~t:9,Golden State,Warriors,GS,Golden State Warriors,Warriors,True,109,True,401809789,2026,2,fdb927,1d428a,2465.0,https://a.espncdn.com/i/teamlogos/nba/500/scoreboard/gs.png,,True,https://raw.githubusercontent.com/sportsdataverse/hoopR-nba-raw/main/nba/json/final/401809789.json,2025-11-14 21:30:00,2025-11-14,True,GSW @ SAS
401809788,s:40~l:46~e:401809788~c:401809788,2025-11-15,18624,True,False,False,False,2025-11-15T01:30Z,event,NBA Cup - Group Play,1,STD,516.0,American Airlines Center,Dallas,TX,True,300,5:00,6,3,STATUS_FINAL,post,True,Final,Final/2OT,Final/2OT,4,6,s:40~l:46~t:6,Dallas,Mavericks,DAL,Dallas Mavericks,Mavericks,0064b1,bbc4ca,True,516.0,https://a.espncdn.com/i/teamlogos/nba/500/scoreboard/dal.png,127,False,12,s:40~l:46~t:12,LA,Clippers,LAC,LA Clippers,Clippers,True,133,True,401809788,2026,2,12173f,c8102e,1841.0,https://a.espncdn.com/i/teamlogos/nba/500/scoreboard/lac.png,2OT,True,https://raw.githubusercontent.com/sportsdataverse/hoopR-nba-raw/main/nba/json/final/401809788.json,2025-11-14 20:30:00,2025-11-14,True,LAC @ DAL
401809784,s:40~l:46~e:401809784~c:401809784,2025-11-15,18055,True,False,False,False,2025-11-15T01:00Z,event,NBA Cup - Group Play,1,STD,1394.0,Toyota Center (Houston),Houston,TX,True,720,12:00,4,3,STATUS_FINAL,post,True,Final,Final,Final,4,10,s:40~l:46~t:10,Houston,Rockets,HOU,Houston Rockets,Rockets,ce1141,000000,True,1394.0,https://a.espncdn.com/i/teamlogos/nba/500/scoreboard/hou.png,140,True,22,s:40~l:46~t:22,Portland,Trail Blazers,POR,Portland Trail Blazers,Trail Blazers,True,116,False,401809784,2026,2,e03a3e,000000,3423.0,https://a.espncdn.com/i/teamlogos/nba/500/scoreboard/por.png,,True,https://raw.githubusercontent.com/sportsdataverse/hoopR-nba-raw/main/nba/json/final/401809784.json,2025-11-14 20:00:00,2025-11-14,True,POR @ HOU
401809785,s:40~l:46~e:401809785~c:401809785,2025-11-15,17341,True,False,False,False,2025-11-15T01:00Z,event,NBA Cup - Group Play,1,STD,5777.0,Fiserv Forum,Milwaukee,WI,True,300,5:00,5,3,STATUS_FINAL,post,True,Final,Final/OT,Final/OT,4,15,s:40~l:46~t:15,Milwaukee,Bucks,MIL,Milwaukee Bucks,Bucks,00471b,eee1c6,True,2099.0,https://a.espncdn.com/i/teamlogos/nba/500/scoreboard/mil.png,147,True,30,s:40~l:46~t:30,Charlotte,Hornets,CHA,Charlotte Hornets,Hornets,True,134,False,401809785,2026,2,008ca8,1d1060,1893.0,https://a.espncdn.com/i/teamlogos/nba/500/scoreboard/cha.png,OT,True,https://raw.githubusercontent.com/sportsdataverse/hoopR-nba-raw/main/nba/json/final/401809785.json,2025-11-14 20:00:00,2025-11-14,True,CHA @ MIL
401809786,s:40~l:46~e:401809786~c:401809786,2025-11-15,16962,True,False,False,False,2025-11-15T01:00Z,event,NBA Cup - Group Play,1,STD,2029.0,Target Center,Minneapolis,MN,True,720,12:00,4,3,STATUS_FINAL,post,True,Final,Final,Final,4,16,s:40~l:46~t:16,Minnesota,Timberwolves,MIN,Minnesota Timberwolves,Timberwolves,266092,79bc43,True,2029.0,https://a.espncdn.com/i/teamlogos/nba/500/scoreboard/min.png,124,True,23,s:40~l:46~t:23,Sacramento,Kings,SAC,Sacramento Kings,Kings,True,110,False,401809786,2026,2,5a2d81,6a7a82,2247.0,https://a.espncdn.com/i/teamlogos/nba/500/scoreboard/sac.png,,True,https://raw.githubusercontent.com/sportsdataverse/hoopR-nba-raw/main/nba/json/final/401809786.json,2025-11-14 20:00:00,2025-11-14,True,SAC @ MIN
401809787,s:40~l:46~e:401809787~c:401809787,2025-11-15,18102,True,False,False,False,2025-11-15T01:00Z,event,NBA Cup - Group Play,1,STD,985.0,Smoothie King Center,New Orleans,LA,True,720,12:00,4,3,STATUS_FINAL,post,True,Final,Final,Final,4,3,s:40~l:46~t:3,New Orleans,Pelicans,NO,New Orleans Pelicans,Pelicans,0a2240,b4975a,True,985.0,https://a.espncdn.com/i/teamlogos/nba/500/scoreboard/no.png,104,False,13,s:40~l:46~t:13,Los Angeles,Lakers,LAL,Los Angeles Lakers,Lakers,True,118,True,401809787,2026,2,552583,fdb927,1841.0,https://a.espncdn.com/i/teamlogos/nba/500/scoreboard/lal.png,,True,https://raw.githubusercontent.com/sportsdataverse/hoopR-nba-raw/main/nba/json/final/401809787.json,2025-11-14 20:00:00,2025-11-14,True,LAL @ NOP
401809783,s:40~l:46~e:401809783~c:401809783,2025-11-15,20062,True,False,False,False,2025-11-15T00:30Z,event,NBA Cup - Group Play,1,STD,5404.0,Little Caesars Arena,Detroit,MI,True,720,12:00,4,3,STATUS_FINAL,post,True,Final,Final,Final,4,8,s:40~l:46~t:8,Detroit,Pistons,DET,Detroit Pistons,Pistons,1d428a,c8102e,True,5311.0,https://a.espncdn.com/i/teamlogos/nba/500/scoreboard/det.png,114,True,20,s:40~l:46~t:20,Philadelphia,76ers,PHI,Philadelphia 76ers,76ers,True,105,False,401809783,2026,2,1d428a,e01234,1845.0,https://a.espncdn.com/i/teamlogos/nba/500/scoreboard/phi.png,,True,https://raw.githubusercontent.com/sportsdataverse/hoopR-nba-raw/main/nba/json/final/401809783.json,2025-11-14 19:30:00,2025-11-14,True,PHI @ DET
401809781,s:40~l:46~e:401809781~c:401809781,2025-11-15,19812,True,False,False,False,2025-11-15T00:00Z,event,NBA Cup - Group Play,1,STD,1830.0,Madison Square Garden,New York,NY,True,720,12:00,4,3,STATUS_FINAL,post,True,Final,Final,Final,4,18,s:40~l:46~t:18,New York,Knicks,NY,New York Knicks,Knicks,1d428a,f58426,True,1830.0,https://a.espncdn.com/i/teamlogos/nba/500/scoreboard/ny.png,140,True,14,s:40~l:46~t:14,Miami,Heat,MIA,Miami Heat,Heat,True,132,False,401809781,2026,2,98002e,000000,3438.0,https://a.espncdn.com/i/teamlogos/nba/500/scoreboard/mia.png,,True,https://raw.githubusercontent.com/sportsdataverse/hoopR-nba-raw/main/nba/json/final/401809781.json,2025-11-14 19:00:00,2025-11-14,True,MIA @ NYK
401809782,s:40~l:46~e:401809782~c:401809782,2025-11-15,17902,True,False,False,False,2025-11-15T00:00Z,event,NBA Cup - Group Play,1,STD,3432.0,Kia Center,Orlando,FL,True,720,12:00,4,3,STATUS_FINAL,post,True,Final,Final,Final,4,19,s:40~l:46~t:19,Orlando,Magic,ORL,Orlando Magic,Magic,0150b5,9ca0a3,True,3432.0,https://a.espncdn.com/i/teamlogos/nba/500/scoreboard/orl.png,105,True,17,s:40~l:46~t:17,Brooklyn,Nets,BKN,Brooklyn Nets,Nets,True,98,False,401809782,2026,2,000000,ffffff,1826.0,https://a.espncdn.com/i/teamlogos/nba/500/scoreboard/bkn.png,,True,https://raw.githubusercontent.com/sportsdataverse/hoopR-nba-raw/main/nba/json/final/401809782.json,2025-11-14 19:00:00,2025-11-14,True,BKN @ ORL
401810081,s:40~l:46~e:401810081~c:401810081,2025-11-14,17071,True,False,False,False,2025-11-14T02:00Z,,,1,STD,1949.0,Mortgage Matchup Center,Phoenix,AZ,True,720,12:00,4,3,STATUS_FINAL,post,True,Final,Final,Final,4,21,s:40~l:46~t:21,Phoenix,Suns,PHX,Phoenix Suns,Suns,29127a,e56020,True,1949.0,https://a.espncdn.com/i/teamlogos/nba/500/scoreboard/phx.png,133,True,11,s:40~l:46~t:11,Indiana,Pacers,IND,Indiana Pacers,Pacers,True,98,False,401810081,2026,2,0c2340,ffd520,2183.0,https://a.espncdn.com/i/teamlogos/nba/500/scoreboard/ind.png,,True,https://raw.githubusercontent.com/sportsdataverse/hoopR-nba-raw/main/nba/json/final/401810081.json,2025-11-13 21:00:00,2025-11-13,True,IND @ PHX
401810082,s:40~l:46~e:401810082~c:401810082,2025-11-14,18186,True,False,False,False,2025-11-14T02:00Z,,,1,STD,3093.0,Delta Center,Salt Lake City,UT,True,720,12:00,4,3,STATUS_FINAL,post,True,Final,Final,Final,4,26,s:40~l:46~t:26,Utah,Jazz,UTAH,Utah Jazz,Jazz,4e008e,79a3dc,True,3093.0,https://a.espncdn.com/i/teamlogos/nba/500/scoreboard/utah.png,122,False,1,s:40~l:46~t:1,Atlanta,Hawks,ATL,Atlanta Hawks,Hawks,True,132,True,401810082,2026,2,c8102e,fdb927,1827.0,https://a.espncdn.com/i/teamlogos/nba/500/scoreboard/atl.png,,True,https://raw.githubusercontent.com/sportsdataverse/hoopR-nba-raw/main/nba/json/final/401810082.json,2025-11-13 21:00:00,2025-11-13,True,ATL @ UTA
401810080,s:40~l:46~e:401810080~c:401810080,2025-11-14,19432,True,False,False,False,2025-11-14T00:00Z,,,1,STD,3417.0,Rocket Arena,Cleveland,OH,True,720,12:00,4,3,STATUS_FINAL,post,True,Final,Final,Final,4,5,s:40~l:46~t:5,Cleveland,Cavaliers,CLE,Cleveland Cavaliers,Cavaliers,860038,bc945c,True,3417.0,https://a.espncdn.com/i/teamlogos/nba/500/scoreboard/cle.png,113,False,28,s:40~l:46~t:28,Toronto,Raptors,TOR,Toronto Raptors,Raptors,True,126,True,401810080,2026,2,d91244,000000,1838.0,https://a.espncdn.com/i/teamlogos/nba/500/scoreboard/tor.png,,True,https://raw.githubusercontent.com/sportsdataverse/hoopR-nba-raw/main/nba/json/final/401810080.json,2025-11-13 19:00:00,2025-11-13,True,TOR @ CLE
401810079,s:40~l:46~e:401810079~c:401810079,2025-11-13,17927,True,False,False,False,2025-11-13T03:30Z,,,1,STD,10642.0,Intuit Dome,Inglewood,CA,True,720,12:00,4,3,STATUS_FINAL,post,True,Final,Final,Final,4,12,s:40~l:46~t:12,LA,Clippers,LAC,LA Clippers,Clippers,12173f,c8102e,True,1841.0,https://a.espncdn.com/i/teamlogos/nba/500/scoreboard/lac.png,116,False,7,s:40~l:46~t:7,Denver,Nuggets,DEN,Denver Nuggets,Nuggets,True,130,True,401810079,2026,2,0e2240,fec524,892.0,https://a.espncdn.com/i/teamlogos/nba/500/scoreboard/den.png,,True,https://raw.githubusercontent.com/sportsdataverse/hoopR-nba-raw/main/nba/json/final/401810079.json,2025-11-12 22:30:00,2025-11-12,True,DEN @ LAC
401810078,s:40~l:46~e:401810078~c:401810078,2025-11-13,15008,True,False,False,False,2025-11-13T03:00Z,,,1,STD,5310.0,Golden 1 Center,Sacramento,CA,True,0,0.0,4,3,STATUS_FINAL,post,True,Final,Final,Final,4,23,s:40~l:46~t:23,Sacramento,Kings,SAC,Sacramento Kings,Kings,5a2d81,6a7a82,True,2247.0,https://a.espncdn.com/i/teamlogos/nba/500/scoreboard/sac.png,100,False,1,s:40~l:46~t:1,Atlanta,Hawks,ATL,Atlanta Hawks,Hawks,True,133,True,401810078,2026,2,c8102e,fdb927,1827.0,https://a.espncdn.com/i/teamlogos/nba/500/scoreboard/atl.png,,True,https://raw.githubusercontent.com/sportsdataverse/hoopR-nba-raw/main/nba/json/final/401810078.json,2025-11-12 22:00:00,2025-11-12,True,ATL @ SAC
401810077,s:40~l:46~e:401810077~c:401810077,2025-11-13,18203,True,False,False,False,2025-11-13T02:47Z,,,1,STD,2559.0,Paycom Center,Oklahoma City,OK,True,720,12:00,4,3,STATUS_FINAL,post,True,Final,Final,Final,4,25,s:40~l:46~t:25,Oklahoma City,Thunder,OKC,Oklahoma City Thunder,Thunder,007ac1,ef3b24,True,2559.0,https://a.espncdn.com/i/teamlogos/nba/500/scoreboard/okc.png,121,True,13,s:40~l:46~t:13,Los Angeles,Lakers,LAL,Los Angeles Lakers,Lakers,True,92,False,401810077,2026,2,552583,fdb927,1841.0,https://a.espncdn.com/i/teamlogos/nba/500/scoreboard/lal.png,,True,https://raw.githubusercontent.com/sportsdataverse/hoopR-nba-raw/main/nba/json/final/401810077.json,2025-11-12 21:47:00,2025-11-12,True,LAL @ OKC
401810076,s:40~l:46~e:401810076~c:401810076,2025-11-13,19501,True,False,False,False,2025-11-13T01:30Z,,,1,STD,516.0,American Airlines Center,Dallas,TX,True,720,12:00,4,3,STATUS_FINAL,post,True,Final,Final,Final,4,6,s:40~l:46~t:6,Dallas,Mavericks,DAL,Dallas Mavericks,Mavericks,0064b1,bbc4ca,True,516.0,https://a.espncdn.com/i/teamlogos/nba/500/scoreboard/dal.png,114,False,21,s:40~l:46~t:21,Phoenix,Suns,PHX,Phoenix Suns,Suns,True,123,True,401810076,2026,2,29127a,e56020,1949.0,https://a.espncdn.com/i/teamlogos/nba/500/scoreboard/phx.png,,True,https://raw.githubusercontent.com/sportsdataverse/hoopR-nba-raw/main/nba/json/final/401810076.json,2025-11-12 20:30:00,2025-11-12,True,PHX @ DAL
401810073,s:40~l:46~e:401810073~c:401810073,2025-11-13,18055,True,False,False,False,2025-11-13T01:00Z,,,1,STD,1394.0,Toyota Center (Houston),Houston,TX,True,0,0.0,4,3,STATUS_FINAL,post,True,Final,Final,Final,4,10,s:40~l:46~t:10,Houston,Rockets,HOU,Houston Rockets,Rockets,ce1141,000000,True,1394.0,https://a.espncdn.com/i/teamlogos/nba/500/scoreboard/hou.png,135,True,27,s:40~l:46~t:27,Washington,Wizards,WSH,Washington Wizards,Wizards,True,112,False,401810073,2026,2,e31837,002b5c,1823.0,https://a.espncdn.com/i/teamlogos/nba/500/scoreboard/wsh.png,,True,https://raw.githubusercontent.com/sportsdataverse/hoopR-nba-raw/main/nba/json/final/401810073.json,2025-11-12 20:00:00,2025-11-12,True,WAS @ HOU
401810074,s:40~l:46~e:401810074~c:401810074,2025-11-13,15896,True,False,False,False,2025-11-13T01:00Z,,,1,STD,985.0,Smoothie King Center,New Orleans,LA,True,0,0.0,4,3,STATUS_FINAL,post,True,Final,Final,Final,4,3,s:40~l:46~t:3,New Orleans,Pelicans,NO,New Orleans Pelicans,Pelicans,0a2240,b4975a,True,985.0,https://a.espncdn.com/i/teamlogos/nba/500/scoreboard/no.png,117,False,22,s:40~l:46~t:22,Portland,Trail Blazers,POR,Portland Trail Blazers,Trail Blazers,True,125,True,401810074,2026,2,e03a3e,000000,3423.0,https://a.espncdn.com/i/teamlogos/nba/500/scoreboard/por.png,,True,https://raw.githubusercontent.com/sportsdataverse/hoopR-nba-raw/main/nba/json/final/401810074.json,2025-11-12 20:00:00,2025-11-12,True,POR @ NOP
401810075,s:40~l:46~e:401810075~c:401810075,2025-11-13,18578,True,False,False,False,2025-11-13T01:00Z,,,1,STD,780.0,Frost Bank Center,San Antonio,TX,True,0,0.0,4,3,STATUS_FINAL,post,True,Final,Final,Final,4,24,s:40~l:46~t:24,San Antonio,Spurs,SA,San Antonio Spurs,Spurs,000000,c4ced4,True,780.0,https://a.espncdn.com/i/teamlogos/nba/500/scoreboard/sa.png,120,False,9,s:40~l:46~t:9,Golden State,Warriors,GS,Golden State Warriors,Warriors,True,125,True,401810075,2026,2,fdb927,1d428a,2465.0,https://a.espncdn.com/i/teamlogos/nba/500/scoreboard/gs.png,,True,https://raw.githubusercontent.com/sportsdataverse/hoopR-nba-raw/main/nba/json/final/401810075.json,2025-11-12 20:00:00,2025-11-12,True,GSW @ SAS
401810071,s:40~l:46~e:401810071~c:401810071,2025-11-13,19156,True,False,False,False,2025-11-13T00:30Z,,,1,STD,1824.0,TD Garden,Boston,MA,True,720,12:00,4,3,STATUS_FINAL,post,True,Final,Final,Final,4,2,s:40~l:46~t:2,Boston,Celtics,BOS,Boston Celtics,Celtics,008348,ffffff,True,1824.0,https://a.espncdn.com/i/teamlogos/nba/500/scoreboard/bos.png,131,True,29,s:40~l:46~t:29,Memphis,Grizzlies,MEM,Memphis Grizzlies,Grizzlies,True,95,False,401810071,2026,2,5d76a9,12173f,1392.0,https://a.espncdn.com/i/teamlogos/nba/500/scoreboard/mem.png,,True,https://raw.githubusercontent.com/sportsdataverse/hoopR-nba-raw/main/nba/json/final/401810071.json,2025-11-12 19:30:00,2025-11-12,True,MEM @ BOS
401810072,s:40~l:46~e:401810072~c:401810072,2025-11-13,19600,True,False,False,False,2025-11-13T00:30Z,,,1,STD,3438.0,Kaseya Center,Miami,FL,True,720,12:00,4,3,STATUS_FINAL,post,True,Final,Final,Final,4,14,s:40~l:46~t:14,Miami,Heat,MIA,Miami Heat,Heat,98002e,000000,True,3438.0,https://a.espncdn.com/i/teamlogos/nba/500/scoreboard/mia.png,116,False,5,s:40~l:46~t:5,Cleveland,Cavaliers,CLE,Cleveland Cavaliers,Cavaliers,True,130,True,401810072,2026,2,860038,bc945c,3417.0,https://a.espncdn.com/i/teamlogos/nba/500/scoreboard/cle.png,,True,https://raw.githubusercontent.com/sportsdataverse/hoopR-nba-raw/main/nba/json/final/401810072.json,2025-11-12 19:30:00,2025-11-12,True,CLE @ MIA
401810068,s:40~l:46~e:401810068~c:401810068,2025-11-13,17142,True,False,False,False,2025-11-13T00:00Z,,,1,STD,1893.0,Spectrum Center,Charlotte,NC,True,720,12:00,4,3,STATUS_FINAL,post,True,Final,Final,Final,4,30,s:40~l:46~t:30,Charlotte,Hornets,CHA,Charlotte Hornets,Hornets,008ca8,1d1060,True,1893.0,https://a.espncdn.com/i/teamlogos/nba/500/scoreboard/cha.png,111,True,15,s:40~l:46~t:15,Milwaukee,Bucks,MIL,Milwaukee Bucks,Bucks,True,100,False,401810068,2026,2,00471b,eee1c6,2099.0,https://a.espncdn.com/i/teamlogos/nba/500/scoreboard/mil.png,,True,https://raw.githubusercontent.com/sportsdataverse/hoopR-nba-raw/main/nba/json/final/401810068.json,2025-11-12 19:00:00,2025-11-12,True,MIL @ CHA
401810069,s:40~l:46~e:401810069~c:401810069,2025-11-13,19023,True,False,False,False,2025-11-13T00:00Z,,,1,STD,5404.0,Little Caesars Arena,Detroit,MI,True,720,12:00,4,3,STATUS_FINAL,post,True,Final,Final,Final,4,8,s:40~l:46~t:8,Detroit,Pistons,DET,Detroit Pistons,Pistons,1d428a,c8102e,True,5311.0,https://a.espncdn.com/i/teamlogos/nba/500/scoreboard/det.png,124,True,4,s:40~l:46~t:4,Chicago,Bulls,CHI,Chicago Bulls,Bulls,True,113,False,401810069,2026,2,ce1141,000000,1847.0,https://a.espncdn.com/i/teamlogos/nba/500/scoreboard/chi.png,,True,https://raw.githubusercontent.com/sportsdataverse/hoopR-nba-raw/main/nba/json/final/401810069.json,2025-11-12 19:00:00,2025-11-12,True,CHI @ DET
401810070,s:40~l:46~e:401810070~c:401810070,2025-11-13,19812,True,False,False,False,2025-11-13T00:00Z,,,1,STD,1830.0,Madison Square Garden,New York,NY,True,720,12:00,4,3,STATUS_FINAL,post,True,Final,Final,Final,4,18,s:40~l:46~t:18,New York,Knicks,NY,New York Knicks,Knicks,1d428a,f58426,True,1830.0,https://a.espncdn.com/i/teamlogos/nba/500/scoreboard/ny.png,107,False,19,s:40~l:46~t:19,Orlando,Magic,ORL,Orlando Magic,Magic,True,124,True,401810070,2026,2,0150b5,9ca0a3,3432.0,https://a.espncdn.com/i/teamlogos/nba/500/scoreboard/orl.png,,True,https://raw.githubusercontent.com/sportsdataverse/hoopR-nba-raw/main/nba/json/final/401810070.json,2025-11-12 19:00:00,2025-11-12,True,ORL @ NYK
401810067,s:40~l:46~e:401810067~c:401810067,2025-11-12,15106,True,False,False,False,2025-11-12T04:00Z,,,1,STD,5310.0,Golden 1 Center,Sacramento,CA,True,720,12:00,4,3,STATUS_FINAL,post,True,Final,Final,Final,4,23,s:40~l:46~t:23,Sacramento,Kings,SAC,Sacramento Kings,Kings,5a2d81,6a7a82,True,2247.0,https://a.espncdn.com/i/teamlogos/nba/500/scoreboard/sac.png,108,False,7,s:40~l:46~t:7,Denver,Nuggets,DEN,Denver Nuggets,Nuggets,True,122,True,401810067,2026,2,0e2240,fec524,892.0,https://a.espncdn.com/i/teamlogos/nba/500/scoreboard/den.png,,True,https://raw.githubusercontent.com/sportsdataverse/hoopR-nba-raw/main/nba/json/final/401810067.json,2025-11-11 23:00:00,2025-11-11,True,DEN @ SAC
401810066,s:40~l:46~e:401810066~c:401810066,2025-11-12,18186,True,False,False,False,2025-11-12T02:00Z,,,1,STD,3093.0,Delta Center,Salt Lake City,UT,True,720,12:00,4,3,STATUS_FINAL,post,True,Final,Final,Final,4,26,s:40~l:46~t:26,Utah,Jazz,UTAH,Utah Jazz,Jazz,4e008e,79a3dc,True,3093.0,https://a.espncdn.com/i/teamlogos/nba/500/scoreboard/utah.png,152,True,11,s:40~l:46~t:11,Indiana,Pacers,IND,Indiana Pacers,Pacers,True,128,False,401810066,2026,2,0c2340,ffd520,2183.0,https://a.espncdn.com/i/teamlogos/nba/500/scoreboard/ind.png,,True,https://raw.githubusercontent.com/sportsdataverse/hoopR-nba-raw/main/nba/json/final/401810066.json,2025-11-11 21:00:00,2025-11-11,True,IND @ UTA
401810064,s:40~l:46~e:401810064~c:401810064,2025-11-12,19746,True,False,False,False,2025-11-12T01:00Z,,,1,STD,1845.0,Xfinity Mobile Arena,Philadelphia,PA,True,720,12:00,4,3,STATUS_FINAL,post,True,Final,Final,Final,4,20,s:40~l:46~t:20,Philadelphia,76ers,PHI,Philadelphia 76ers,76ers,1d428a,e01234,True,1845.0,https://a.espncdn.com/i/teamlogos/nba/500/scoreboard/phi.png,102,True,2,s:40~l:46~t:2,Boston,Celtics,BOS,Boston Celtics,Celtics,True,100,False,401810064,2026,2,008348,ffffff,1824.0,https://a.espncdn.com/i/teamlogos/nba/500/scoreboard/bos.png,,True,https://raw.githubusercontent.com/sportsdataverse/hoopR-nba-raw/main/nba/json/final/401810064.json,2025-11-11 20:00:00,2025-11-11,True,BOS @ PHI
401810065,s:40~l:46~e:401810065~c:401810065,2025-11-12,18203,True,False,False,False,2025-11-12T01:00Z,,,1,STD,2559.0,Paycom Center,Oklahoma City,OK,True,0,0.0,4,3,STATUS_FINAL,post,True,Final,Final,Final,4,25,s:40~l:46~t:25,Oklahoma City,Thunder,OKC,Oklahoma City Thunder,Thunder,007ac1,ef3b24,True,2559.0,https://a.espncdn.com/i/teamlogos/nba/500/scoreboard/okc.png,126,True,9,s:40~l:46~t:9,Golden State,Warriors,GS,Golden State Warriors,Warriors,True,102,False,401810065,2026,2,fdb927,1d428a,2465.0,https://a.espncdn.com/i/teamlogos/nba/500/scoreboard/gs.png,,True,https://raw.githubusercontent.com/sportsdataverse/hoopR-nba-raw/main/nba/json/final/401810065.json,2025-11-11 20:00:00,2025-11-11,True,GSW @ OKC
401810062,s:40~l:46~e:401810062~c:401810062,2025-11-12,17233,True,False,False,False,2025-11-12T00:30Z,,,1,STD,3559.0,Barclays Center,Brooklyn,NY,True,720,12:00,4,3,STATUS_FINAL,post,True,Final,Final,Final,4,17,s:40~l:46~t:17,Brooklyn,Nets,BKN,Brooklyn Nets,Nets,000000,ffffff,True,1826.0,https://a.espncdn.com/i/teamlogos/nba/500/scoreboard/bkn.png,109,False,28,s:40~l:46~t:28,Toronto,Raptors,TOR,Toronto Raptors,Raptors,True,119,True,401810062,2026,2,d91244,000000,1838.0,https://a.espncdn.com/i/teamlogos/nba/500/scoreboard/tor.png,,True,https://raw.githubusercontent.com/sportsdataverse/hoopR-nba-raw/main/nba/json/final/401810062.json,2025-11-11 19:30:00,2025-11-11,True,TOR @ BKN
401810063,s:40~l:46~e:401810063~c:401810063,2025-11-12,19812,True,False,False,False,2025-11-12T00:30Z,,,1,STD,1830.0,Madison Square Garden,New York,NY,True,720,12:00,4,3,STATUS_FINAL,post,True,Final,Final,Final,4,18,s:40~l:46~t:18,New York,Knicks,NY,New York Knicks,Knicks,1d428a,f58426,True,1830.0,https://a.espncdn.com/i/teamlogos/nba/500/scoreboard/ny.png,133,True,29,s:40~l:46~t:29,Memphis,Grizzlies,MEM,Memphis Grizzlies,Grizzlies,True,120,False,401810063,2026,2,5d76a9,12173f,1392.0,https://a.espncdn.com/i/teamlogos/nba/500/scoreboard/mem.png,,True,https://raw.githubusercontent.com/sportsdataverse/hoopR-nba-raw/main/nba/json/final/401810063.json,2025-11-11 19:30:00,2025-11-11,True,MEM @ NYK
401810061,s:40~l:46~e:401810061~c:401810061,2025-11-11,16368,True,False,False,False,2025-11-11T03:30Z,,,1,STD,10642.0,Intuit Dome,Inglewood,CA,True,0,0.0,4,3,STATUS_FINAL,post,True,Final,Final,Final,4,12,s:40~l:46~t:12,LA,Clippers,LAC,LA Clippers,Clippers,12173f,c8102e,True,1841.0,https://a.espncdn.com/i/teamlogos/nba/500/scoreboard/lac.png,102,False,1,s:40~l:46~t:1,Atlanta,Hawks,ATL,Atlanta Hawks,Hawks,True,105,True,401810061,2026,2,c8102e,fdb927,1827.0,https://a.espncdn.com/i/teamlogos/nba/500/scoreboard/atl.png,,True,https://raw.githubusercontent.com/sportsdataverse/hoopR-nba-raw/main/nba/json/final/401810061.json,2025-11-10 22:30:00,2025-11-10,True,ATL @ LAC
401810059,s:40~l:46~e:401810059~c:401810059,2025-11-11,17071,True,False,False,False,2025-11-11T02:00Z,,,1,STD,1949.0,Mortgage Matchup Center,Phoenix,AZ,True,0,0.0,4,3,STATUS_FINAL,post,True,Final,Final,Final,4,21,s:40~l:46~t:21,Phoenix,Suns,PHX,Phoenix Suns,Suns,29127a,e56020,True,1949.0,https://a.espncdn.com/i/teamlogos/nba/500/scoreboard/phx.png,121,True,3,s:40~l:46~t:3,New Orleans,Pelicans,NO,New Orleans Pelicans,Pelicans,True,98,False,401810059,2026,2,0a2240,b4975a,985.0,https://a.espncdn.com/i/teamlogos/nba/500/scoreboard/no.png,,True,https://raw.githubusercontent.com/sportsdataverse/hoopR-nba-raw/main/nba/json/final/401810059.json,2025-11-10 21:00:00,2025-11-10,True,NOP @ PHX
401810060,s:40~l:46~e:401810060~c:401810060,2025-11-11,18186,True,False,False,False,2025-11-11T02:00Z,,,1,STD,3093.0,Delta Center,Salt Lake City,UT,True,0,0.0,4,3,STATUS_FINAL,post,True,Final,Final,Final,4,26,s:40~l:46~t:26,Utah,Jazz,UTAH,Utah Jazz,Jazz,4e008e,79a3dc,True,3093.0,https://a.espncdn.com/i/teamlogos/nba/500/scoreboard/utah.png,113,False,16,s:40~l:46~t:16,Minnesota,Timberwolves,MIN,Minnesota Timberwolves,Timberwolves,True,120,True,401810060,2026,2,266092,79bc43,2029.0,https://a.espncdn.com/i/teamlogos/nba/500/scoreboard/min.png,,True,https://raw.githubusercontent.com/sportsdataverse/hoopR-nba-raw/main/nba/json/final/401810060.json,2025-11-10 21:00:00,2025-11-10,True,MIN @ UTA
401810058,s:40~l:46~e:401810058~c:401810058,2025-11-11,19132,True,False,False,False,2025-11-11T01:30Z,,,1,STD,516.0,American Airlines Center,Dallas,TX,True,0,0.0,4,3,STATUS_FINAL,post,True,Final,Final,Final,4,6,s:40~l:46~t:6,Dallas,Mavericks,DAL,Dallas Mavericks,Mavericks,0064b1,bbc4ca,True,516.0,https://a.espncdn.com/i/teamlogos/nba/500/scoreboard/dal.png,114,False,15,s:40~l:46~t:15,Milwaukee,Bucks,MIL,Milwaukee Bucks,Bucks,True,116,True,401810058,2026,2,00471b,eee1c6,2099.0,https://a.espncdn.com/i/teamlogos/nba/500/scoreboard/mil.png,,True,https://raw.githubusercontent.com/sportsdataverse/hoopR-nba-raw/main/nba/json/final/401810058.json,2025-11-10 20:30:00,2025-11-10,True,MIL @ DAL
401810057,s:40~l:46~e:401810057~c:401810057,2025-11-11,21672,True,False,False,False,2025-11-11T01:00Z,,,1,STD,1847.0,United Center,Chicago,IL,True,0,0.0,4,3,STATUS_FINAL,post,True,Final,Final,Final,4,4,s:40~l:46~t:4,Chicago,Bulls,CHI,Chicago Bulls,Bulls,ce1141,000000,True,1847.0,https://a.espncdn.com/i/teamlogos/nba/500/scoreboard/chi.png,117,False,24,s:40~l:46~t:24,San Antonio,Spurs,SA,San Antonio Spurs,Spurs,True,121,True,401810057,2026,2,000000,c4ced4,780.0,https://a.espncdn.com/i/teamlogos/nba/500/scoreboard/sa.png,,True,https://raw.githubusercontent.com/sportsdataverse/hoopR-nba-raw/main/nba/json/final/401810057.json,2025-11-10 20:00:00,2025-11-10,True,SAS @ CHI
401810056,s:40~l:46~e:401810056~c:401810056,2025-11-11,19600,True,False,False,False,2025-11-11T00:30Z,,,1,STD,3438.0,Kaseya Center,Miami,FL,True,0,0.0,5,3,STATUS_FINAL,post,True,Final,Final/OT,Final/OT,4,14,s:40~l:46~t:14,Miami,Heat,MIA,Miami Heat,Heat,98002e,000000,True,3438.0,https://a.espncdn.com/i/teamlogos/nba/500/scoreboard/mia.png,140,True,5,s:40~l:46~t:5,Cleveland,Cavaliers,CLE,Cleveland Cavaliers,Cavaliers,True,138,False,401810056,2026,2,860038,bc945c,3417.0,https://a.espncdn.com/i/teamlogos/nba/500/scoreboard/cle.png,OT,True,https://raw.githubusercontent.com/sportsdataverse/hoopR-nba-raw/main/nba/json/final/401810056.json,2025-11-10 19:30:00,2025-11-10,True,CLE @ MIA
401810053,s:40~l:46~e:401810053~c:401810053,2025-11-11,19537,True,False,False,False,2025-11-11T00:00Z,,,1,STD,1893.0,Spectrum Center,Charlotte,NC,True,0,0.0,4,3,STATUS_FINAL,post,True,Final,Final,Final,4,30,s:40~l:46~t:30,Charlotte,Hornets,CHA,Charlotte Hornets,Hornets,008ca8,1d1060,True,1893.0,https://a.espncdn.com/i/teamlogos/nba/500/scoreboard/cha.png,111,False,13,s:40~l:46~t:13,Los Angeles,Lakers,LAL,Los Angeles Lakers,Lakers,True,121,True,401810053,2026,2,552583,fdb927,1841.0,https://a.espncdn.com/i/teamlogos/nba/500/scoreboard/lal.png,,True,https://raw.githubusercontent.com/sportsdataverse/hoopR-nba-raw/main/nba/json/final/401810053.json,2025-11-10 19:00:00,2025-11-10,True,LAL @ CHA
401810054,s:40~l:46~e:401810054~c:401810054,2025-11-11,17994,True,False,False,False,2025-11-11T00:00Z,,,1,STD,5404.0,Little Caesars Arena,Detroit,MI,True,0,0.0,5,3,STATUS_FINAL,post,True,Final,Final/OT,Final/OT,4,8,s:40~l:46~t:8,Detroit,Pistons,DET,Detroit Pistons,Pistons,1d428a,c8102e,True,5311.0,https://a.espncdn.com/i/teamlogos/nba/500/scoreboard/det.png,137,True,27,s:40~l:46~t:27,Washington,Wizards,WSH,Washington Wizards,Wizards,True,135,False,401810054,2026,2,e31837,002b5c,1823.0,https://a.espncdn.com/i/teamlogos/nba/500/scoreboard/wsh.png,OT,True,https://raw.githubusercontent.com/sportsdataverse/hoopR-nba-raw/main/nba/json/final/401810054.json,2025-11-10 19:00:00,2025-11-10,True,WAS @ DET
401810055,s:40~l:46~e:401810055~c:401810055,2025-11-11,17989,True,False,False,False,2025-11-11T00:00Z,,,1,STD,3432.0,Kia Center,Orlando,FL,True,0,0.0,4,3,STATUS_FINAL,post,True,Final,Final,Final,4,19,s:40~l:46~t:19,Orlando,Magic,ORL,Orlando Magic,Magic,0150b5,9ca0a3,True,3432.0,https://a.espncdn.com/i/teamlogos/nba/500/scoreboard/orl.png,115,True,22,s:40~l:46~t:22,Portland,Trail Blazers,POR,Portland Trail Blazers,Trail Blazers,True,112,False,401810055,2026,2,e03a3e,000000,3423.0,https://a.espncdn.com/i/teamlogos/nba/500/scoreboard/por.png,,True,https://raw.githubusercontent.com/sportsdataverse/hoopR-nba-raw/main/nba/json/final/401810055.json,2025-11-10 19:00:00,2025-11-10,True,POR @ ORL
401810052,s:40~l:46~e:401810052~c:401810052,2025-11-10,15227,True,False,False,False,2025-11-10T02:00Z,,,1,STD,5310.0,Golden 1 Center,Sacramento,CA,True,720,12:00,4,3,STATUS_FINAL,post,True,Final,Final,Final,4,23,s:40~l:46~t:23,Sacramento,Kings,SAC,Sacramento Kings,Kings,5a2d81,6a7a82,True,2247.0,https://a.espncdn.com/i/teamlogos/nba/500/scoreboard/sac.png,117,False,16,s:40~l:46~t:16,Minnesota,Timberwolves,MIN,Minnesota Timberwolves,Timberwolves,True,144,True,401810052,2026,2,266092,79bc43,2029.0,https://a.espncdn.com/i/teamlogos/nba/500/scoreboard/min.png,,True,https://raw.githubusercontent.com/sportsdataverse/hoopR-nba-raw/main/nba/json/final/401810052.json,2025-11-09 21:00:00,2025-11-09,True,MIN @ SAC
401810051,s:40~l:46~e:401810051~c:401810051,2025-11-10,18064,True,False,False,False,2025-11-10T01:30Z,,,1,STD,6270.0,Chase Center,San Francisco,CA,True,720,12:00,4,3,STATUS_FINAL,post,True,Final,Final,Final,4,9,s:40~l:46~t:9,Golden State,Warriors,GS,Golden State Warriors,Warriors,fdb927,1d428a,True,2465.0,https://a.espncdn.com/i/teamlogos/nba/500/scoreboard/gs.png,114,True,11,s:40~l:46~t:11,Indiana,Pacers,IND,Indiana Pacers,Pacers,True,83,False,401810051,2026,2,0c2340,ffd520,2183.0,https://a.espncdn.com/i/teamlogos/nba/500/scoreboard/ind.png,,True,https://raw.githubusercontent.com/sportsdataverse/hoopR-nba-raw/main/nba/json/final/401810051.json,2025-11-09 20:30:00,2025-11-09,True,IND @ GSW
401810050,s:40~l:46~e:401810050~c:401810050,2025-11-10,18520,True,False,False,False,2025-11-10T00:30Z,,,1,STD,1845.0,Xfinity Mobile Arena,Philadelphia,PA,True,720,12:00,4,3,STATUS_FINAL,post,True,Final,Final,Final,4,20,s:40~l:46~t:20,Philadelphia,76ers,PHI,Philadelphia 76ers,76ers,1d428a,e01234,True,1845.0,https://a.espncdn.com/i/teamlogos/nba/500/scoreboard/phi.png,108,False,8,s:40~l:46~t:8,Detroit,Pistons,DET,Detroit Pistons,Pistons,True,111,True,401810050,2026,2,1d428a,c8102e,5311.0,https://a.espncdn.com/i/teamlogos/nba/500/scoreboard/det.png,,True,https://raw.githubusercontent.com/sportsdataverse/hoopR-nba-raw/main/nba/json/final/401810050.json,2025-11-09 19:30:00,2025-11-09,True,DET @ PHI
401810047,s:40~l:46~e:401810047~c:401810047,2025-11-09,19812,True,False,False,False,2025-11-09T23:00Z,,,1,STD,1830.0,Madison Square Garden,New York,NY,True,720,12:00,4,3,STATUS_FINAL,post,True,Final,Final,Final,4,18,s:40~l:46~t:18,New York,Knicks,NY,New York Knicks,Knicks,1d428a,f58426,True,1830.0,https://a.espncdn.com/i/teamlogos/nba/500/scoreboard/ny.png,134,True,17,s:40~l:46~t:17,Brooklyn,Nets,BKN,Brooklyn Nets,Nets,True,98,False,401810047,2026,2,000000,ffffff,1826.0,https://a.espncdn.com/i/teamlogos/nba/500/scoreboard/bkn.png,,True,https://raw.githubusercontent.com/sportsdataverse/hoopR-nba-raw/main/nba/json/final/401810047.json,2025-11-09 18:00:00,2025-11-09,True,BKN @ NYK
401810048,s:40~l:46~e:401810048~c:401810048,2025-11-09,18096,True,False,False,False,2025-11-09T23:00Z,,,1,STD,3432.0,Kia Center,Orlando,FL,True,720,12:00,4,3,STATUS_FINAL,post,True,Final,Final,Final,4,19,s:40~l:46~t:19,Orlando,Magic,ORL,Orlando Magic,Magic,0150b5,9ca0a3,True,3432.0,https://a.espncdn.com/i/teamlogos/nba/500/scoreboard/orl.png,107,False,2,s:40~l:46~t:2,Boston,Celtics,BOS,Boston Celtics,Celtics,True,111,True,401810048,2026,2,008348,ffffff,1824.0,https://a.espncdn.com/i/teamlogos/nba/500/scoreboard/bos.png,,True,https://raw.githubusercontent.com/sportsdataverse/hoopR-nba-raw/main/nba/json/final/401810048.json,2025-11-09 18:00:00,2025-11-09,True,BOS @ ORL
401810049,s:40~l:46~e:401810049~c:401810049,2025-11-09,14532,True,False,False,False,2025-11-09T23:00Z,,,1,STD,1392.0,FedExForum,Memphis,TN,True,720,12:00,4,3,STATUS_FINAL,post,True,Final,Final,Final,4,29,s:40~l:46~t:29,Memphis,Grizzlies,MEM,Memphis Grizzlies,Grizzlies,5d76a9,12173f,True,1392.0,https://a.espncdn.com/i/teamlogos/nba/500/scoreboard/mem.png,100,False,25,s:40~l:46~t:25,Oklahoma City,Thunder,OKC,Oklahoma City Thunder,Thunder,True,114,True,401810049,2026,2,007ac1,ef3b24,2559.0,https://a.espncdn.com/i/teamlogos/nba/500/scoreboard/okc.png,,True,https://raw.githubusercontent.com/sportsdataverse/hoopR-nba-raw/main/nba/json/final/401810049.json,2025-11-09 18:00:00,2025-11-09,True,OKC @ MEM
401810046,s:40~l:46~e:401810046~c:401810046,2025-11-09,17341,True,False,False,False,2025-11-09T20:30Z,,,1,STD,5777.0,Fiserv Forum,Milwaukee,WI,True,720,12:00,4,3,STATUS_FINAL,post,True,Final,Final,Final,4,15,s:40~l:46~t:15,Milwaukee,Bucks,MIL,Milwaukee Bucks,Bucks,00471b,eee1c6,True,2099.0,https://a.espncdn.com/i/teamlogos/nba/500/scoreboard/mil.png,115,False,10,s:40~l:46~t:10,Houston,Rockets,HOU,Houston Rockets,Rockets,True,122,True,401810046,2026,2,ce1141,000000,1394.0,https://a.espncdn.com/i/teamlogos/nba/500/scoreboard/hou.png,,True,https://raw.githubusercontent.com/sportsdataverse/hoopR-nba-raw/main/nba/json/final/401810046.json,2025-11-09 15:30:00,2025-11-09,True,HOU @ MIL
401810045,s:40~l:46~e:401810045~c:401810045,2025-11-09,18961,True,False,False,False,2025-11-09T03:30Z,,,1,STD,10642.0,Intuit Dome,Inglewood,CA,True,720,12:00,4,3,STATUS_FINAL,post,True,Final,Final,Final,4,12,s:40~l:46~t:12,LA,Clippers,LAC,LA Clippers,Clippers,12173f,c8102e,True,1841.0,https://a.espncdn.com/i/teamlogos/nba/500/scoreboard/lac.png,103,False,21,s:40~l:46~t:21,Phoenix,Suns,PHX,Phoenix Suns,Suns,True,114,True,401810045,2026,2,29127a,e56020,1949.0,https://a.espncdn.com/i/teamlogos/nba/500/scoreboard/phx.png,,True,https://raw.githubusercontent.com/sportsdataverse/hoopR-nba-raw/main/nba/json/final/401810045.json,2025-11-08 22:30:00,2025-11-08,True,PHX @ LAC
401810044,s:40~l:46~e:401810044~c:401810044,2025-11-09,19954,True,False,False,False,2025-11-09T02:00Z,,,1,STD,892.0,Ball Arena,Denver,CO,True,720,12:00,4,3,STATUS_FINAL,post,True,Final,Final,Final,4,7,s:40~l:46~t:7,Denver,Nuggets,DEN,Denver Nuggets,Nuggets,0e2240,fec524,True,892.0,https://a.espncdn.com/i/teamlogos/nba/500/scoreboard/den.png,117,True,11,s:40~l:46~t:11,Indiana,Pacers,IND,Indiana Pacers,Pacers,True,100,False,401810044,2026,2,0c2340,ffd520,2183.0,https://a.espncdn.com/i/teamlogos/nba/500/scoreboard/ind.png,,True,https://raw.githubusercontent.com/sportsdataverse/hoopR-nba-raw/main/nba/json/final/401810044.json,2025-11-08 21:00:00,2025-11-08,True,IND @ DEN
401810040,s:40~l:46~e:401810040~c:401810040,2025-11-09,17194,True,False,False,False,2025-11-09T01:00Z,,,1,STD,1827.0,State Farm Arena,Atlanta,GA,True,720,12:00,4,3,STATUS_FINAL,post,True,Final,Final,Final,4,1,s:40~l:46~t:1,Atlanta,Hawks,ATL,Atlanta Hawks,Hawks,c8102e,fdb927,True,1827.0,https://a.espncdn.com/i/teamlogos/nba/500/scoreboard/atl.png,122,True,13,s:40~l:46~t:13,Los Angeles,Lakers,LAL,Los Angeles Lakers,Lakers,True,102,False,401810040,2026,2,552583,fdb927,1841.0,https://a.espncdn.com/i/teamlogos/nba/500/scoreboard/lal.png,,True,https://raw.githubusercontent.com/sportsdataverse/hoopR-nba-raw/main/nba/json/final/401810040.json,2025-11-08 20:00:00,2025-11-08,True,LAL @ ATL
401810041,s:40~l:46~e:401810041~c:401810041,2025-11-09,19432,True,False,False,False,2025-11-09T01:00Z,,,1,STD,3417.0,Rocket Arena,Cleveland,OH,True,720,12:00,4,3,STATUS_FINAL,post,True,Final,Final,Final,4,5,s:40~l:46~t:5,Cleveland,Cavaliers,CLE,Cleveland Cavaliers,Cavaliers,860038,bc945c,True,3417.0,https://a.espncdn.com/i/teamlogos/nba/500/scoreboard/cle.png,128,True,4,s:40~l:46~t:4,Chicago,Bulls,CHI,Chicago Bulls,Bulls,True,122,False,401810041,2026,2,ce1141,000000,1847.0,https://a.espncdn.com/i/teamlogos/nba/500/scoreboard/chi.png,,True,https://raw.githubusercontent.com/sportsdataverse/hoopR-nba-raw/main/nba/json/final/401810041.json,2025-11-08 20:00:00,2025-11-08,True,CHI @ CLE
401810042,s:40~l:46~e:401810042~c:401810042,2025-11-09,19600,True,False,False,False,2025-11-09T01:00Z,,,1,STD,3438.0,Kaseya Center,Miami,FL,True,720,12:00,4,3,STATUS_FINAL,post,True,Final,Final,Final,4,14,s:40~l:46~t:14,Miami,Heat,MIA,Miami Heat,Heat,98002e,000000,True,3438.0,https://a.espncdn.com/i/teamlogos/nba/500/scoreboard/mia.png,136,True,22,s:40~l:46~t:22,Portland,Trail Blazers,POR,Portland Trail Blazers,Trail Blazers,True,131,False,401810042,2026,2,e03a3e,000000,3423.0,https://a.espncdn.com/i/teamlogos/nba/500/scoreboard/por.png,,True,https://raw.githubusercontent.com/sportsdataverse/hoopR-nba-raw/main/nba/json/final/401810042.json,2025-11-08 20:00:00,2025-11-08,True,POR @ MIA
401810043,s:40~l:46~e:401810043~c:401810043,2025-11-09,18611,True,False,False,False,2025-11-09T01:00Z,,,1,STD,780.0,Frost Bank Center,San Antonio,TX,True,720,12:00,4,3,STATUS_FINAL,post,True,Final,Final,Final,4,24,s:40~l:46~t:24,San Antonio,Spurs,SA,San Antonio Spurs,Spurs,000000,c4ced4,True,780.0,https://a.espncdn.com/i/teamlogos/nba/500/scoreboard/sa.png,126,True,3,s:40~l:46~t:3,New Orleans,Pelicans,NO,New Orleans Pelicans,Pelicans,True,119,False,401810043,2026,2,0a2240,b4975a,985.0,https://a.espncdn.com/i/teamlogos/nba/500/scoreboard/no.png,,True,https://raw.githubusercontent.com/sportsdataverse/hoopR-nba-raw/main/nba/json/final/401810043.json,2025-11-08 20:00:00,2025-11-08,True,NOP @ SAS
401810039,s:40~l:46~e:401810039~c:401810039,2025-11-09,19746,True,False,False,False,2025-11-09T00:30Z,,,1,STD,1845.0,Xfinity Mobile Arena,Philadelphia,PA,True,720,12:00,4,3,STATUS_FINAL,post,True,Final,Final,Final,4,20,s:40~l:46~t:20,Philadelphia,76ers,PHI,Philadelphia 76ers,76ers,1d428a,e01234,True,1845.0,https://a.espncdn.com/i/teamlogos/nba/500/scoreboard/phi.png,130,True,28,s:40~l:46~t:28,Toronto,Raptors,TOR,Toronto Raptors,Raptors,True,120,False,401810039,2026,2,d91244,000000,1838.0,https://a.espncdn.com/i/teamlogos/nba/500/scoreboard/tor.png,,True,https://raw.githubusercontent.com/sportsdataverse/hoopR-nba-raw/main/nba/json/final/401810039.json,2025-11-08 19:30:00,2025-11-08,True,TOR @ PHI
401810038,s:40~l:46~e:401810038~c:401810038,2025-11-09,16258,True,False,False,False,2025-11-09T00:00Z,,,1,STD,1823.0,Capital One Arena,Washington,DC,True,720,12:00,4,3,STATUS_FINAL,post,True,Final,Final,Final,4,27,s:40~l:46~t:27,Washington,Wizards,WSH,Washington Wizards,Wizards,e31837,002b5c,True,1823.0,https://a.espncdn.com/i/teamlogos/nba/500/scoreboard/wsh.png,105,False,6,s:40~l:46~t:6,Dallas,Mavericks,DAL,Dallas Mavericks,Mavericks,True,111,True,401810038,2026,2,0064b1,bbc4ca,516.0,https://a.espncdn.com/i/teamlogos/nba/500/scoreboard/dal.png,,True,https://raw.githubusercontent.com/sportsdataverse/hoopR-nba-raw/main/nba/json/final/401810038.json,2025-11-08 19:00:00,2025-11-08,True,DAL @ WAS
401809779,s:40~l:46~e:401809779~c:401809779,2025-11-08,19969,True,False,False,False,2025-11-08T03:00Z,event,NBA Cup - Group Play,1,STD,892.0,Ball Arena,Denver,CO,True,720,12:00,4,3,STATUS_FINAL,post,True,Final,Final,Final,4,7,s:40~l:46~t:7,Denver,Nuggets,DEN,Denver Nuggets,Nuggets,0e2240,fec524,True,892.0,https://a.espncdn.com/i/teamlogos/nba/500/scoreboard/den.png,129,True,9,s:40~l:46~t:9,Golden State,Warriors,GS,Golden State Warriors,Warriors,True,104,False,401809779,2026,2,fdb927,1d428a,2465.0,https://a.espncdn.com/i/teamlogos/nba/500/scoreboard/gs.png,,True,https://raw.githubusercontent.com/sportsdataverse/hoopR-nba-raw/main/nba/json/final/401809779.json,2025-11-07 22:00:00,2025-11-07,True,GSW @ DEN
401809780,s:40~l:46~e:401809780~c:401809780,2025-11-08,15767,True,False,False,False,2025-11-08T03:00Z,event,NBA Cup - Group Play,1,STD,5310.0,Golden 1 Center,Sacramento,CA,True,720,12:00,4,3,STATUS_FINAL,post,True,Final,Final,Final,4,23,s:40~l:46~t:23,Sacramento,Kings,SAC,Sacramento Kings,Kings,5a2d81,6a7a82,True,2247.0,https://a.espncdn.com/i/teamlogos/nba/500/scoreboard/sac.png,101,False,25,s:40~l:46~t:25,Oklahoma City,Thunder,OKC,Oklahoma City Thunder,Thunder,True,132,True,401809780,2026,2,007ac1,ef3b24,2559.0,https://a.espncdn.com/i/teamlogos/nba/500/scoreboard/okc.png,,True,https://raw.githubusercontent.com/sportsdataverse/hoopR-nba-raw/main/nba/json/final/401809780.json,2025-11-07 22:00:00,2025-11-07,True,OKC @ SAC
401809775,s:40~l:46~e:401809775~c:401809775,2025-11-08,19600,True,False,False,False,2025-11-08T01:00Z,event,NBA Cup - Group Play,1,STD,3438.0,Kaseya Center,Miami,FL,True,720,12:00,4,3,STATUS_FINAL,post,True,Final,Final,Final,4,14,s:40~l:46~t:14,Miami,Heat,MIA,Miami Heat,Heat,98002e,000000,True,3438.0,https://a.espncdn.com/i/teamlogos/nba/500/scoreboard/mia.png,126,True,30,s:40~l:46~t:30,Charlotte,Hornets,CHA,Charlotte Hornets,Hornets,True,108,False,401809775,2026,2,008ca8,1d1060,1893.0,https://a.espncdn.com/i/teamlogos/nba/500/scoreboard/cha.png,,True,https://raw.githubusercontent.com/sportsdataverse/hoopR-nba-raw/main/nba/json/final/401809775.json,2025-11-07 20:00:00,2025-11-07,True,CHA @ MIA
401809776,s:40~l:46~e:401809776~c:401809776,2025-11-08,15028,True,False,False,False,2025-11-08T01:00Z,event,NBA Cup - Group Play,1,STD,1392.0,FedExForum,Memphis,TN,True,720,12:00,4,3,STATUS_FINAL,post,True,Final,Final,Final,4,29,s:40~l:46~t:29,Memphis,Grizzlies,MEM,Memphis Grizzlies,Grizzlies,5d76a9,12173f,True,1392.0,https://a.espncdn.com/i/teamlogos/nba/500/scoreboard/mem.png,118,True,6,s:40~l:46~t:6,Dallas,Mavericks,DAL,Dallas Mavericks,Mavericks,True,104,False,401809776,2026,2,0064b1,bbc4ca,516.0,https://a.espncdn.com/i/teamlogos/nba/500/scoreboard/dal.png,,True,https://raw.githubusercontent.com/sportsdataverse/hoopR-nba-raw/main/nba/json/final/401809776.json,2025-11-07 20:00:00,2025-11-07,True,DAL @ MEM
401809777,s:40~l:46~e:401809777~c:401809777,2025-11-08,17839,True,False,False,False,2025-11-08T01:00Z,event,NBA Cup - Group Play,1,STD,5777.0,Fiserv Forum,Milwaukee,WI,True,720,12:00,4,3,STATUS_FINAL,post,True,Final,Final,Final,4,15,s:40~l:46~t:15,Milwaukee,Bucks,MIL,Milwaukee Bucks,Bucks,00471b,eee1c6,True,2099.0,https://a.espncdn.com/i/teamlogos/nba/500/scoreboard/mil.png,126,True,4,s:40~l:46~t:4,Chicago,Bulls,CHI,Chicago Bulls,Bulls,True,110,False,401809777,2026,2,ce1141,000000,1847.0,https://a.espncdn.com/i/teamlogos/nba/500/scoreboard/chi.png,,True,https://raw.githubusercontent.com/sportsdataverse/hoopR-nba-raw/main/nba/json/final/401809777.json,2025-11-07 20:00:00,2025-11-07,True,CHI @ MIL
401809778,s:40~l:46~e:401809778~c:401809778,2025-11-08,17924,True,False,False,False,2025-11-08T01:00Z,event,NBA Cup - Group Play,1,STD,2029.0,Target Center,Minneapolis,MN,True,720,12:00,4,3,STATUS_FINAL,post,True,Final,Final,Final,4,16,s:40~l:46~t:16,Minnesota,Timberwolves,MIN,Minnesota Timberwolves,Timberwolves,266092,79bc43,True,2029.0,https://a.espncdn.com/i/teamlogos/nba/500/scoreboard/min.png,137,True,26,s:40~l:46~t:26,Utah,Jazz,UTAH,Utah Jazz,Jazz,True,97,False,401809778,2026,2,4e008e,79a3dc,3093.0,https://a.espncdn.com/i/teamlogos/nba/500/scoreboard/utah.png,,True,https://raw.githubusercontent.com/sportsdataverse/hoopR-nba-raw/main/nba/json/final/401809778.json,2025-11-07 20:00:00,2025-11-07,True,UTA @ MIN
401809512,s:40~l:46~e:401809512~c:401809512,2025-11-08,16340,True,False,False,False,2025-11-08T00:30Z,event,NBA Cup - Group Play,1,STD,1827.0,State Farm Arena,Atlanta,GA,True,720,12:00,4,3,STATUS_FINAL,post,True,Final,Final,Final,4,1,s:40~l:46~t:1,Atlanta,Hawks,ATL,Atlanta Hawks,Hawks,c8102e,fdb927,True,1827.0,https://a.espncdn.com/i/teamlogos/nba/500/scoreboard/atl.png,97,False,28,s:40~l:46~t:28,Toronto,Raptors,TOR,Toronto Raptors,Raptors,True,109,True,401809512,2026,2,d91244,000000,1838.0,https://a.espncdn.com/i/teamlogos/nba/500/scoreboard/tor.png,,True,https://raw.githubusercontent.com/sportsdataverse/hoopR-nba-raw/main/nba/json/final/401809512.json,2025-11-07 19:30:00,2025-11-07,True,TOR @ ATL
401809773,s:40~l:46~e:401809773~c:401809773,2025-11-08,17548,True,False,False,False,2025-11-08T00:30Z,event,NBA Cup - Group Play,1,STD,3559.0,Barclays Center,Brooklyn,NY,True,720,12:00,4,3,STATUS_FINAL,post,True,Final,Final,Final,4,17,s:40~l:46~t:17,Brooklyn,Nets,BKN,Brooklyn Nets,Nets,000000,ffffff,True,1826.0,https://a.espncdn.com/i/teamlogos/nba/500/scoreboard/bkn.png,107,False,8,s:40~l:46~t:8,Detroit,Pistons,DET,Detroit Pistons,Pistons,True,125,True,401809773,2026,2,1d428a,c8102e,5311.0,https://a.espncdn.com/i/teamlogos/nba/500/scoreboard/det.png,,True,https://raw.githubusercontent.com/sportsdataverse/hoopR-nba-raw/main/nba/json/final/401809773.json,2025-11-07 19:30:00,2025-11-07,True,DET @ BKN
401809774,s:40~l:46~e:401809774~c:401809774,2025-11-08,19035,True,False,False,False,2025-11-08T00:30Z,event,NBA Cup - Group Play,1,STD,780.0,Frost Bank Center,San Antonio,TX,True,720,12:00,4,3,STATUS_FINAL,post,True,Final,Final,Final,4,24,s:40~l:46~t:24,San Antonio,Spurs,SA,San Antonio Spurs,Spurs,000000,c4ced4,True,780.0,https://a.espncdn.com/i/teamlogos/nba/500/scoreboard/sa.png,121,True,10,s:40~l:46~t:10,Houston,Rockets,HOU,Houston Rockets,Rockets,True,110,False,401809774,2026,2,ce1141,000000,1394.0,https://a.espncdn.com/i/teamlogos/nba/500/scoreboard/hou.png,,True,https://raw.githubusercontent.com/sportsdataverse/hoopR-nba-raw/main/nba/json/final/401809774.json,2025-11-07 19:30:00,2025-11-07,True,HOU @ SAS
401809510,s:40~l:46~e:401809510~c:401809510,2025-11-08,19154,True,False,False,False,2025-11-08T00:00Z,event,NBA Cup - Group Play,1,STD,3432.0,Kia Center,Orlando,FL,True,720,12:00,4,3,STATUS_FINAL,post,True,Final,Final,Final,4,19,s:40~l:46~t:19,Orlando,Magic,ORL,Orlando Magic,Magic,0150b5,9ca0a3,True,3432.0,https://a.espncdn.com/i/teamlogos/nba/500/scoreboard/orl.png,123,True,2,s:40~l:46~t:2,Boston,Celtics,BOS,Boston Celtics,Celtics,True,110,False,401809510,2026,2,008348,ffffff,1824.0,https://a.espncdn.com/i/teamlogos/nba/500/scoreboard/bos.png,,True,https://raw.githubusercontent.com/sportsdataverse/hoopR-nba-raw/main/nba/json/final/401809510.json,2025-11-07 19:00:00,2025-11-07,True,BOS @ ORL
401809511,s:40~l:46~e:401809511~c:401809511,2025-11-08,14054,True,False,False,False,2025-11-08T00:00Z,event,NBA Cup - Group Play,1,STD,1823.0,Capital One Arena,Washington,DC,True,720,12:00,4,3,STATUS_FINAL,post,True,Final,Final,Final,4,27,s:40~l:46~t:27,Washington,Wizards,WSH,Washington Wizards,Wizards,e31837,002b5c,True,1823.0,https://a.espncdn.com/i/teamlogos/nba/500/scoreboard/wsh.png,115,False,5,s:40~l:46~t:5,Cleveland,Cavaliers,CLE,Cleveland Cavaliers,Cavaliers,True,148,True,401809511,2026,2,860038,bc945c,3417.0,https://a.espncdn.com/i/teamlogos/nba/500/scoreboard/cle.png,,True,https://raw.githubusercontent.com/sportsdataverse/hoopR-nba-raw/main/nba/json/final/401809511.json,2025-11-07 19:00:00,2025-11-07,True,CLE @ WAS
401810037,s:40~l:46~e:401810037~c:401810037,2025-11-07,17071,True,False,False,False,2025-11-07T02:00Z,,,1,STD,1949.0,Mortgage Matchup Center,Phoenix,AZ,True,720,12:00,4,3,STATUS_FINAL,post,True,Final,Final,Final,4,21,s:40~l:46~t:21,Phoenix,Suns,PHX,Phoenix Suns,Suns,29127a,e56020,True,1949.0,https://a.espncdn.com/i/teamlogos/nba/500/scoreboard/phx.png,115,True,12,s:40~l:46~t:12,LA,Clippers,LAC,LA Clippers,Clippers,True,102,False,401810037,2026,2,12173f,c8102e,1841.0,https://a.espncdn.com/i/teamlogos/nba/500/scoreboard/lac.png,,True,https://raw.githubusercontent.com/sportsdataverse/hoopR-nba-raw/main/nba/json/final/401810037.json,2025-11-06 21:00:00,2025-11-06,True,LAC @ PHX
401810034,s:40~l:46~e:401810034~c:401810034,2025-11-06,18997,True,False,False,False,2025-11-06T03:00Z,,,1,STD,1841.0,crypto.com Arena,Los Angeles,CA,True,0,0.0,4,3,STATUS_FINAL,post,True,Final,Final,Final,4,13,s:40~l:46~t:13,Los Angeles,Lakers,LAL,Los Angeles Lakers,Lakers,552583,fdb927,True,1841.0,https://a.espncdn.com/i/teamlogos/nba/500/scoreboard/lal.png,118,True,24,s:40~l:46~t:24,San Antonio,Spurs,SA,San Antonio Spurs,Spurs,True,116,False,401810034,2026,2,000000,c4ced4,780.0,https://a.espncdn.com/i/teamlogos/nba/500/scoreboard/sa.png,,True,https://raw.githubusercontent.com/sportsdataverse/hoopR-nba-raw/main/nba/json/final/401810034.json,2025-11-05 22:00:00,2025-11-05,True,SAS @ LAL
401810035,s:40~l:46~e:401810035~c:401810035,2025-11-06,16822,True,False,False,False,2025-11-06T03:00Z,,,1,STD,3423.0,Moda Center,Portland,OR,True,0,0.0,4,3,STATUS_FINAL,post,True,Final,Final,Final,4,22,s:40~l:46~t:22,Portland,Trail Blazers,POR,Portland Trail Blazers,Trail Blazers,e03a3e,000000,True,3423.0,https://a.espncdn.com/i/teamlogos/nba/500/scoreboard/por.png,121,True,25,s:40~l:46~t:25,Oklahoma City,Thunder,OKC,Oklahoma City Thunder,Thunder,True,119,False,401810035,2026,2,007ac1,ef3b24,2559.0,https://a.espncdn.com/i/teamlogos/nba/500/scoreboard/okc.png,,True,https://raw.githubusercontent.com/sportsdataverse/hoopR-nba-raw/main/nba/json/final/401810035.json,2025-11-05 22:00:00,2025-11-05,True,OKC @ POR
401810036,s:40~l:46~e:401810036~c:401810036,2025-11-06,17832,True,False,False,False,2025-11-06T03:00Z,,,1,STD,5310.0,Golden 1 Center,Sacramento,CA,True,0,0.0,4,3,STATUS_FINAL,post,True,Final,Final,Final,4,23,s:40~l:46~t:23,Sacramento,Kings,SAC,Sacramento Kings,Kings,5a2d81,6a7a82,True,2247.0,https://a.espncdn.com/i/teamlogos/nba/500/scoreboard/sac.png,121,True,9,s:40~l:46~t:9,Golden State,Warriors,GS,Golden State Warriors,Warriors,True,116,False,401810036,2026,2,fdb927,1d428a,2465.0,https://a.espncdn.com/i/teamlogos/nba/500/scoreboard/gs.png,,True,https://raw.githubusercontent.com/sportsdataverse/hoopR-nba-raw/main/nba/json/final/401810036.json,2025-11-05 22:00:00,2025-11-05,True,GSW @ SAC
401810033,s:40~l:46~e:401810033~c:401810033,2025-11-06,19862,True,False,False,False,2025-11-06T02:00Z,,,1,STD,892.0,Ball Arena,Denver,CO,True,0,0.0,4,3,STATUS_FINAL,post,True,Final,Final,Final,4,7,s:40~l:46~t:7,Denver,Nuggets,DEN,Denver Nuggets,Nuggets,0e2240,fec524,True,892.0,https://a.espncdn.com/i/teamlogos/nba/500/scoreboard/den.png,122,True,14,s:40~l:46~t:14,Miami,Heat,MIA,Miami Heat,Heat,True,112,False,401810033,2026,2,98002e,000000,3438.0,https://a.espncdn.com/i/teamlogos/nba/500/scoreboard/mia.png,,True,https://raw.githubusercontent.com/sportsdataverse/hoopR-nba-raw/main/nba/json/final/401810033.json,2025-11-05 21:00:00,2025-11-05,True,MIA @ DEN
401810032,s:40~l:46~e:401810032~c:401810032,2025-11-06,18925,True,False,False,False,2025-11-06T01:30Z,,,1,STD,516.0,American Airlines Center,Dallas,TX,True,0,0.0,4,3,STATUS_FINAL,post,True,Final,Final,Final,4,6,s:40~l:46~t:6,Dallas,Mavericks,DAL,Dallas Mavericks,Mavericks,0064b1,bbc4ca,True,516.0,https://a.espncdn.com/i/teamlogos/nba/500/scoreboard/dal.png,99,False,3,s:40~l:46~t:3,New Orleans,Pelicans,NO,New Orleans Pelicans,Pelicans,True,101,True,401810032,2026,2,0a2240,b4975a,985.0,https://a.espncdn.com/i/teamlogos/nba/500/scoreboard/no.png,,True,https://raw.githubusercontent.com/sportsdataverse/hoopR-nba-raw/main/nba/json/final/401810032.json,2025-11-05 20:30:00,2025-11-05,True,NOP @ DAL
401810031,s:40~l:46~e:401810031~c:401810031,2025-11-06,15119,True,False,False,False,2025-11-06T01:00Z,,,1,STD,1392.0,FedExForum,Memphis,TN,True,720,12:00,4,3,STATUS_FINAL,post,True,Final,Final,Final,4,29,s:40~l:46~t:29,Memphis,Grizzlies,MEM,Memphis Grizzlies,Grizzlies,5d76a9,12173f,True,1392.0,https://a.espncdn.com/i/teamlogos/nba/500/scoreboard/mem.png,109,False,10,s:40~l:46~t:10,Houston,Rockets,HOU,Houston Rockets,Rockets,True,124,True,401810031,2026,2,ce1141,000000,1394.0,https://a.espncdn.com/i/teamlogos/nba/500/scoreboard/hou.png,,True,https://raw.githubusercontent.com/sportsdataverse/hoopR-nba-raw/main/nba/json/final/401810031.json,2025-11-05 20:00:00,2025-11-05,True,HOU @ MEM
401810029,s:40~l:46~e:401810029~c:401810029,2025-11-06,19156,True,False,False,False,2025-11-06T00:30Z,,,1,STD,1824.0,TD Garden,Boston,MA,True,0,0.0,4,3,STATUS_FINAL,post,True,Final,Final,Final,4,2,s:40~l:46~t:2,Boston,Celtics,BOS,Boston Celtics,Celtics,008348,ffffff,True,1824.0,https://a.espncdn.com/i/teamlogos/nba/500/scoreboard/bos.png,136,True,27,s:40~l:46~t:27,Washington,Wizards,WSH,Washington Wizards,Wizards,True,107,False,401810029,2026,2,e31837,002b5c,1823.0,https://a.espncdn.com/i/teamlogos/nba/500/scoreboard/wsh.png,,True,https://raw.githubusercontent.com/sportsdataverse/hoopR-nba-raw/main/nba/json/final/401810029.json,2025-11-05 19:30:00,2025-11-05,True,WAS @ BOS
401810030,s:40~l:46~e:401810030~c:401810030,2025-11-06,19812,True,False,False,False,2025-11-06T00:30Z,,,1,STD,1830.0,Madison Square Garden,New York,NY,True,0,0.0,4,3,STATUS_FINAL,post,True,Final,Final,Final,4,18,s:40~l:46~t:18,New York,Knicks,NY,New York Knicks,Knicks,1d428a,f58426,True,1830.0,https://a.espncdn.com/i/teamlogos/nba/500/scoreboard/ny.png,137,True,16,s:40~l:46~t:16,Minnesota,Timberwolves,MIN,Minnesota Timberwolves,Timberwolves,True,114,False,401810030,2026,2,266092,79bc43,2029.0,https://a.espncdn.com/i/teamlogos/nba/500/scoreboard/min.png,,True,https://raw.githubusercontent.com/sportsdataverse/hoopR-nba-raw/main/nba/json/final/401810030.json,2025-11-05 19:30:00,2025-11-05,True,MIN @ NYK
401810026,s:40~l:46~e:401810026~c:401810026,2025-11-06,19432,True,False,False,False,2025-11-06T00:00Z,,,1,STD,3417.0,Rocket Arena,Cleveland,OH,True,0,0.0,4,3,STATUS_FINAL,post,True,Final,Final,Final,4,5,s:40~l:46~t:5,Cleveland,Cavaliers,CLE,Cleveland Cavaliers,Cavaliers,860038,bc945c,True,3417.0,https://a.espncdn.com/i/teamlogos/nba/500/scoreboard/cle.png,132,True,20,s:40~l:46~t:20,Philadelphia,76ers,PHI,Philadelphia 76ers,76ers,True,121,False,401810026,2026,2,1d428a,e01234,1845.0,https://a.espncdn.com/i/teamlogos/nba/500/scoreboard/phi.png,,True,https://raw.githubusercontent.com/sportsdataverse/hoopR-nba-raw/main/nba/json/final/401810026.json,2025-11-05 19:00:00,2025-11-05,True,PHI @ CLE
401810027,s:40~l:46~e:401810027~c:401810027,2025-11-06,18403,True,False,False,False,2025-11-06T00:00Z,,,1,STD,5404.0,Little Caesars Arena,Detroit,MI,True,720,12:00,4,3,STATUS_FINAL,post,True,Final,Final,Final,4,8,s:40~l:46~t:8,Detroit,Pistons,DET,Detroit Pistons,Pistons,1d428a,c8102e,True,5311.0,https://a.espncdn.com/i/teamlogos/nba/500/scoreboard/det.png,114,True,26,s:40~l:46~t:26,Utah,Jazz,UTAH,Utah Jazz,Jazz,True,103,False,401810027,2026,2,4e008e,79a3dc,3093.0,https://a.espncdn.com/i/teamlogos/nba/500/scoreboard/utah.png,,True,https://raw.githubusercontent.com/sportsdataverse/hoopR-nba-raw/main/nba/json/final/401810027.json,2025-11-05 19:00:00,2025-11-05,True,UTA @ DET
401810028,s:40~l:46~e:401810028~c:401810028,2025-11-06,16103,True,False,False,False,2025-11-06T00:00Z,,,1,STD,2183.0,Gainbridge Fieldhouse,Indianapolis,IN,True,720,12:00,4,3,STATUS_FINAL,post,True,Final,Final,Final,4,11,s:40~l:46~t:11,Indiana,Pacers,IND,Indiana Pacers,Pacers,0c2340,ffd520,True,2183.0,https://a.espncdn.com/i/teamlogos/nba/500/scoreboard/ind.png,103,False,17,s:40~l:46~t:17,Brooklyn,Nets,BKN,Brooklyn Nets,Nets,True,112,True,401810028,2026,2,000000,ffffff,1826.0,https://a.espncdn.com/i/teamlogos/nba/500/scoreboard/bkn.png,,True,https://raw.githubusercontent.com/sportsdataverse/hoopR-nba-raw/main/nba/json/final/401810028.json,2025-11-05 19:00:00,2025-11-05,True,BKN @ IND
401810025,s:40~l:46~e:401810025~c:401810025,2025-11-05,17195,True,False,False,False,2025-11-05T04:00Z,,,1,STD,10642.0,Intuit Dome,Inglewood,CA,True,720,12:00,4,3,STATUS_FINAL,post,True,Final,Final,Final,4,12,s:40~l:46~t:12,LA,Clippers,LAC,LA Clippers,Clippers,12173f,c8102e,True,1841.0,https://a.espncdn.com/i/teamlogos/nba/500/scoreboard/lac.png,107,False,25,s:40~l:46~t:25,Oklahoma City,Thunder,OKC,Oklahoma City Thunder,Thunder,True,126,True,401810025,2026,2,007ac1,ef3b24,2559.0,https://a.espncdn.com/i/teamlogos/nba/500/scoreboard/okc.png,,True,https://raw.githubusercontent.com/sportsdataverse/hoopR-nba-raw/main/nba/json/final/401810025.json,2025-11-04 23:00:00,2025-11-04,True,OKC @ LAC
401810024,s:40~l:46~e:401810024~c:401810024,2025-11-05,18064,True,False,False,False,2025-11-05T03:00Z,,,1,STD,6270.0,Chase Center,San Francisco,CA,True,720,12:00,4,3,STATUS_FINAL,post,True,Final,Final,Final,4,9,s:40~l:46~t:9,Golden State,Warriors,GS,Golden State Warriors,Warriors,fdb927,1d428a,True,2465.0,https://a.espncdn.com/i/teamlogos/nba/500/scoreboard/gs.png,118,True,21,s:40~l:46~t:21,Phoenix,Suns,PHX,Phoenix Suns,Suns,True,107,False,401810024,2026,2,29127a,e56020,1949.0,https://a.espncdn.com/i/teamlogos/nba/500/scoreboard/phx.png,,True,https://raw.githubusercontent.com/sportsdataverse/hoopR-nba-raw/main/nba/json/final/401810024.json,2025-11-04 22:00:00,2025-11-04,True,PHX @ GSW
401810021,s:40~l:46~e:401810021~c:401810021,2025-11-05,15821,True,False,False,False,2025-11-05T01:00Z,,,1,STD,1827.0,State Farm Arena,Atlanta,GA,True,720,12:00,4,3,STATUS_FINAL,post,True,Final,Final,Final,4,1,s:40~l:46~t:1,Atlanta,Hawks,ATL,Atlanta Hawks,Hawks,c8102e,fdb927,True,1827.0,https://a.espncdn.com/i/teamlogos/nba/500/scoreboard/atl.png,127,True,19,s:40~l:46~t:19,Orlando,Magic,ORL,Orlando Magic,Magic,True,112,False,401810021,2026,2,0150b5,9ca0a3,3432.0,https://a.espncdn.com/i/teamlogos/nba/500/scoreboard/orl.png,,True,https://raw.githubusercontent.com/sportsdataverse/hoopR-nba-raw/main/nba/json/final/401810021.json,2025-11-04 20:00:00,2025-11-04,True,ORL @ ATL
401810022,s:40~l:46~e:401810022~c:401810022,2025-11-05,21016,True,False,False,False,2025-11-05T01:00Z,,,1,STD,1847.0,United Center,Chicago,IL,True,720,12:00,4,3,STATUS_FINAL,post,True,Final,Final,Final,4,4,s:40~l:46~t:4,Chicago,Bulls,CHI,Chicago Bulls,Bulls,ce1141,000000,True,1847.0,https://a.espncdn.com/i/teamlogos/nba/500/scoreboard/chi.png,113,True,20,s:40~l:46~t:20,Philadelphia,76ers,PHI,Philadelphia 76ers,76ers,True,111,False,401810022,2026,2,1d428a,e01234,1845.0,https://a.espncdn.com/i/teamlogos/nba/500/scoreboard/phi.png,,True,https://raw.githubusercontent.com/sportsdataverse/hoopR-nba-raw/main/nba/json/final/401810022.json,2025-11-04 20:00:00,2025-11-04,True,PHI @ CHI
401810023,s:40~l:46~e:401810023~c:401810023,2025-11-05,15555,True,False,False,False,2025-11-05T01:00Z,,,1,STD,985.0,Smoothie King Center,New Orleans,LA,True,720,12:00,4,3,STATUS_FINAL,post,True,Final,Final,Final,4,3,s:40~l:46~t:3,New Orleans,Pelicans,NO,New Orleans Pelicans,Pelicans,0a2240,b4975a,True,985.0,https://a.espncdn.com/i/teamlogos/nba/500/scoreboard/no.png,116,True,30,s:40~l:46~t:30,Charlotte,Hornets,CHA,Charlotte Hornets,Hornets,True,112,False,401810023,2026,2,008ca8,1d1060,1893.0,https://a.espncdn.com/i/teamlogos/nba/500/scoreboard/cha.png,,True,https://raw.githubusercontent.com/sportsdataverse/hoopR-nba-raw/main/nba/json/final/401810023.json,2025-11-04 20:00:00,2025-11-04,True,CHA @ NOP
401810020,s:40~l:46~e:401810020~c:401810020,2025-11-05,18357,True,False,False,False,2025-11-05T00:30Z,,,1,STD,1838.0,Scotiabank Arena,Toronto,ON,True,720,12:00,4,3,STATUS_FINAL,post,True,Final,Final,Final,4,28,s:40~l:46~t:28,Toronto,Raptors,TOR,Toronto Raptors,Raptors,d91244,000000,True,1838.0,https://a.espncdn.com/i/teamlogos/nba/500/scoreboard/tor.png,128,True,15,s:40~l:46~t:15,Milwaukee,Bucks,MIL,Milwaukee Bucks,Bucks,True,100,False,401810020,2026,2,00471b,eee1c6,2099.0,https://a.espncdn.com/i/teamlogos/nba/500/scoreboard/mil.png,,True,https://raw.githubusercontent.com/sportsdataverse/hoopR-nba-raw/main/nba/json/final/401810020.json,2025-11-04 19:30:00,2025-11-04,True,MIL @ TOR
401810019,s:40~l:46~e:401810019~c:401810019,2025-11-04,17045,True,False,False,False,2025-11-04T03:30Z,,,1,STD,10642.0,Intuit Dome,Inglewood,CA,True,0,0.0,4,3,STATUS_FINAL,post,True,Final,Final,Final,4,12,s:40~l:46~t:12,LA,Clippers,LAC,LA Clippers,Clippers,12173f,c8102e,True,1841.0,https://a.espncdn.com/i/teamlogos/nba/500/scoreboard/lac.png,119,False,14,s:40~l:46~t:14,Miami,Heat,MIA,Miami Heat,Heat,True,120,True,401810019,2026,2,98002e,000000,3438.0,https://a.espncdn.com/i/teamlogos/nba/500/scoreboard/mia.png,,True,https://raw.githubusercontent.com/sportsdataverse/hoopR-nba-raw/main/nba/json/final/401810019.json,2025-11-03 22:30:00,2025-11-03,True,MIA @ LAC
401810018,s:40~l:46~e:401810018~c:401810018,2025-11-04,17083,True,False,False,False,2025-11-04T03:00Z,,,1,STD,3423.0,Moda Center,Portland,OR,True,720,12:00,4,3,STATUS_FINAL,post,True,Final,Final,Final,4,22,s:40~l:46~t:22,Portland,Trail Blazers,POR,Portland Trail Blazers,Trail Blazers,e03a3e,000000,True,3423.0,https://a.espncdn.com/i/teamlogos/nba/500/scoreboard/por.png,115,False,13,s:40~l:46~t:13,Los Angeles,Lakers,LAL,Los Angeles Lakers,Lakers,True,123,True,401810018,2026,2,552583,fdb927,1841.0,https://a.espncdn.com/i/teamlogos/nba/500/scoreboard/lal.png,,True,https://raw.githubusercontent.com/sportsdataverse/hoopR-nba-raw/main/nba/json/final/401810018.json,2025-11-03 22:00:00,2025-11-03,True,LAL @ POR
401810017,s:40~l:46~e:401810017~c:401810017,2025-11-04,19653,True,False,False,False,2025-11-04T02:00Z,,,1,STD,892.0,Ball Arena,Denver,CO,True,720,12:00,4,3,STATUS_FINAL,post,True,Final,Final,Final,4,7,s:40~l:46~t:7,Denver,Nuggets,DEN,Denver Nuggets,Nuggets,0e2240,fec524,True,892.0,https://a.espncdn.com/i/teamlogos/nba/500/scoreboard/den.png,130,True,23,s:40~l:46~t:23,Sacramento,Kings,SAC,Sacramento Kings,Kings,True,124,False,401810017,2026,2,5a2d81,6a7a82,2247.0,https://a.espncdn.com/i/teamlogos/nba/500/scoreboard/sac.png,,True,https://raw.githubusercontent.com/sportsdataverse/hoopR-nba-raw/main/nba/json/final/401810017.json,2025-11-03 21:00:00,2025-11-03,True,SAC @ DEN
401810015,s:40~l:46~e:401810015~c:401810015,2025-11-04,18055,True,False,False,False,2025-11-04T01:00Z,,,1,STD,1394.0,Toyota Center (Houston),Houston,TX,True,720,12:00,4,3,STATUS_FINAL,post,True,Final,Final,Final,4,10,s:40~l:46~t:10,Houston,Rockets,HOU,Houston Rockets,Rockets,ce1141,000000,True,1394.0,https://a.espncdn.com/i/teamlogos/nba/500/scoreboard/hou.png,110,True,6,s:40~l:46~t:6,Dallas,Mavericks,DAL,Dallas Mavericks,Mavericks,True,102,False,401810015,2026,2,0064b1,bbc4ca,516.0,https://a.espncdn.com/i/teamlogos/nba/500/scoreboard/dal.png,,True,https://raw.githubusercontent.com/sportsdataverse/hoopR-nba-raw/main/nba/json/final/401810015.json,2025-11-03 20:00:00,2025-11-03,True,DAL @ HOU
401810016,s:40~l:46~e:401810016~c:401810016,2025-11-04,13822,True,False,False,False,2025-11-04T01:00Z,,,1,STD,1392.0,FedExForum,Memphis,TN,True,720,12:00,4,3,STATUS_FINAL,post,True,Final,Final,Final,4,29,s:40~l:46~t:29,Memphis,Grizzlies,MEM,Memphis Grizzlies,Grizzlies,5d76a9,12173f,True,1392.0,https://a.espncdn.com/i/teamlogos/nba/500/scoreboard/mem.png,106,False,8,s:40~l:46~t:8,Detroit,Pistons,DET,Detroit Pistons,Pistons,True,114,True,401810016,2026,2,1d428a,c8102e,5311.0,https://a.espncdn.com/i/teamlogos/nba/500/scoreboard/det.png,,True,https://raw.githubusercontent.com/sportsdataverse/hoopR-nba-raw/main/nba/json/final/401810016.json,2025-11-03 20:00:00,2025-11-03,True,DET @ MEM
401810013,s:40~l:46~e:401810013~c:401810013,2025-11-04,19156,True,False,False,False,2025-11-04T00:30Z,,,1,STD,1824.0,TD Garden,Boston,MA,True,720,12:00,4,3,STATUS_FINAL,post,True,Final,Final,Final,4,2,s:40~l:46~t:2,Boston,Celtics,BOS,Boston Celtics,Celtics,008348,ffffff,True,1824.0,https://a.espncdn.com/i/teamlogos/nba/500/scoreboard/bos.png,103,False,26,s:40~l:46~t:26,Utah,Jazz,UTAH,Utah Jazz,Jazz,True,105,True,401810013,2026,2,4e008e,79a3dc,3093.0,https://a.espncdn.com/i/teamlogos/nba/500/scoreboard/utah.png,,True,https://raw.githubusercontent.com/sportsdataverse/hoopR-nba-raw/main/nba/json/final/401810013.json,2025-11-03 19:30:00,2025-11-03,True,UTA @ BOS
401810014,s:40~l:46~e:401810014~c:401810014,2025-11-04,19812,True,False,False,False,2025-11-04T00:30Z,,,1,STD,1830.0,Madison Square Garden,New York,NY,True,720,12:00,4,3,STATUS_FINAL,post,True,Final,Final,Final,4,18,s:40~l:46~t:18,New York,Knicks,NY,New York Knicks,Knicks,1d428a,f58426,True,1830.0,https://a.espncdn.com/i/teamlogos/nba/500/scoreboard/ny.png,119,True,27,s:40~l:46~t:27,Washington,Wizards,WSH,Washington Wizards,Wizards,True,102,False,401810014,2026,2,e31837,002b5c,1823.0,https://a.espncdn.com/i/teamlogos/nba/500/scoreboard/wsh.png,,True,https://raw.githubusercontent.com/sportsdataverse/hoopR-nba-raw/main/nba/json/final/401810014.json,2025-11-03 19:30:00,2025-11-03,True,WAS @ NYK
401810011,s:40~l:46~e:401810011~c:401810011,2025-11-04,17287,True,False,False,False,2025-11-04T00:00Z,,,1,STD,3559.0,Barclays Center,Brooklyn,NY,True,720,12:00,4,3,STATUS_FINAL,post,True,Final,Final,Final,4,17,s:40~l:46~t:17,Brooklyn,Nets,BKN,Brooklyn Nets,Nets,000000,ffffff,True,1826.0,https://a.espncdn.com/i/teamlogos/nba/500/scoreboard/bkn.png,109,False,16,s:40~l:46~t:16,Minnesota,Timberwolves,MIN,Minnesota Timberwolves,Timberwolves,True,125,True,401810011,2026,2,266092,79bc43,2029.0,https://a.espncdn.com/i/teamlogos/nba/500/scoreboard/min.png,,True,https://raw.githubusercontent.com/sportsdataverse/hoopR-nba-raw/main/nba/json/final/401810011.json,2025-11-03 19:00:00,2025-11-03,True,MIN @ BKN
401810012,s:40~l:46~e:401810012~c:401810012,2025-11-04,17016,True,False,False,False,2025-11-04T00:00Z,,,1,STD,2183.0,Gainbridge Fieldhouse,Indianapolis,IN,True,720,12:00,4,3,STATUS_FINAL,post,True,Final,Final,Final,4,11,s:40~l:46~t:11,Indiana,Pacers,IND,Indiana Pacers,Pacers,0c2340,ffd520,True,2183.0,https://a.espncdn.com/i/teamlogos/nba/500/scoreboard/ind.png,115,False,15,s:40~l:46~t:15,Milwaukee,Bucks,MIL,Milwaukee Bucks,Bucks,True,117,True,401810012,2026,2,00471b,eee1c6,2099.0,https://a.espncdn.com/i/teamlogos/nba/500/scoreboard/mil.png,,True,https://raw.githubusercontent.com/sportsdataverse/hoopR-nba-raw/main/nba/json/final/401810012.json,2025-11-03 19:00:00,2025-11-03,True,MIL @ IND
401810010,s:40~l:46~e:401810010~c:401810010,2025-11-03,18831,True,False,False,False,2025-11-03T02:30Z,,,1,STD,1841.0,crypto.com Arena,Los Angeles,CA,True,0,0.0,4,3,STATUS_FINAL,post,True,Final,Final,Final,4,13,s:40~l:46~t:13,Los Angeles,Lakers,LAL,Los Angeles Lakers,Lakers,552583,fdb927,True,1841.0,https://a.espncdn.com/i/teamlogos/nba/500/scoreboard/lal.png,130,True,14,s:40~l:46~t:14,Miami,Heat,MIA,Miami Heat,Heat,True,120,False,401810010,2026,2,98002e,000000,3438.0,https://a.espncdn.com/i/teamlogos/nba/500/scoreboard/mia.png,,True,https://raw.githubusercontent.com/sportsdataverse/hoopR-nba-raw/main/nba/json/final/401810010.json,2025-11-02 21:30:00,2025-11-02,True,MIA @ LAL
401810009,s:40~l:46~e:401810009~c:401810009,2025-11-03,17071,True,False,False,False,2025-11-03T01:00Z,,,1,STD,1949.0,Mortgage Matchup Center,Phoenix,AZ,True,0,0.0,4,3,STATUS_FINAL,post,True,Final,Final,Final,4,21,s:40~l:46~t:21,Phoenix,Suns,PHX,Phoenix Suns,Suns,29127a,e56020,True,1949.0,https://a.espncdn.com/i/teamlogos/nba/500/scoreboard/phx.png,130,True,24,s:40~l:46~t:24,San Antonio,Spurs,SA,San Antonio Spurs,Spurs,True,118,False,401810009,2026,2,000000,c4ced4,780.0,https://a.espncdn.com/i/teamlogos/nba/500/scoreboard/sa.png,,True,https://raw.githubusercontent.com/sportsdataverse/hoopR-nba-raw/main/nba/json/final/401810009.json,2025-11-02 20:00:00,2025-11-02,True,SAS @ PHX
401810008,s:40~l:46~e:401810008~c:401810008,2025-11-03,19812,True,False,False,False,2025-11-03T00:00Z,,,1,STD,1830.0,Madison Square Garden,New York,NY,True,720,12:00,4,3,STATUS_FINAL,post,True,Final,Final,Final,4,18,s:40~l:46~t:18,New York,Knicks,NY,New York Knicks,Knicks,1d428a,f58426,True,1830.0,https://a.espncdn.com/i/teamlogos/nba/500/scoreboard/ny.png,128,True,4,s:40~l:46~t:4,Chicago,Bulls,CHI,Chicago Bulls,Bulls,True,116,False,401810008,2026,2,ce1141,000000,1847.0,https://a.espncdn.com/i/teamlogos/nba/500/scoreboard/chi.png,,True,https://raw.githubusercontent.com/sportsdataverse/hoopR-nba-raw/main/nba/json/final/401810008.json,2025-11-02 19:00:00,2025-11-02,True,CHI @ NYK
401810004,s:40~l:46~e:401810004~c:401810004,2025-11-02,17548,True,False,False,False,2025-11-02T23:00Z,,,1,STD,3559.0,Barclays Center,Brooklyn,NY,True,0,0.0,4,3,STATUS_FINAL,post,True,Final,Final,Final,4,17,s:40~l:46~t:17,Brooklyn,Nets,BKN,Brooklyn Nets,Nets,000000,ffffff,True,1826.0,https://a.espncdn.com/i/teamlogos/nba/500/scoreboard/bkn.png,105,False,20,s:40~l:46~t:20,Philadelphia,76ers,PHI,Philadelphia 76ers,76ers,True,129,True,401810004,2026,2,1d428a,e01234,1845.0,https://a.espncdn.com/i/teamlogos/nba/500/scoreboard/phi.png,,True,https://raw.githubusercontent.com/sportsdataverse/hoopR-nba-raw/main/nba/json/final/401810004.json,2025-11-02 18:00:00,2025-11-02,True,PHI @ BKN
401810005,s:40~l:46~e:401810005~c:401810005,2025-11-02,17123,True,False,False,False,2025-11-02T23:00Z,,,1,STD,1893.0,Spectrum Center,Charlotte,NC,True,0,0.0,4,3,STATUS_FINAL,post,True,Final,Final,Final,4,30,s:40~l:46~t:30,Charlotte,Hornets,CHA,Charlotte Hornets,Hornets,008ca8,1d1060,True,1893.0,https://a.espncdn.com/i/teamlogos/nba/500/scoreboard/cha.png,126,True,26,s:40~l:46~t:26,Utah,Jazz,UTAH,Utah Jazz,Jazz,True,103,False,401810005,2026,2,4e008e,79a3dc,3093.0,https://a.espncdn.com/i/teamlogos/nba/500/scoreboard/utah.png,,True,https://raw.githubusercontent.com/sportsdataverse/hoopR-nba-raw/main/nba/json/final/401810005.json,2025-11-02 18:00:00,2025-11-02,True,UTA @ CHA
401810006,s:40~l:46~e:401810006~c:401810006,2025-11-02,19432,True,False,False,False,2025-11-02T23:00Z,,,1,STD,3417.0,Rocket Arena,Cleveland,OH,True,0,0.0,4,3,STATUS_FINAL,post,True,Final,Final,Final,4,5,s:40~l:46~t:5,Cleveland,Cavaliers,CLE,Cleveland Cavaliers,Cavaliers,860038,bc945c,True,3417.0,https://a.espncdn.com/i/teamlogos/nba/500/scoreboard/cle.png,117,True,1,s:40~l:46~t:1,Atlanta,Hawks,ATL,Atlanta Hawks,Hawks,True,109,False,401810006,2026,2,c8102e,fdb927,1827.0,https://a.espncdn.com/i/teamlogos/nba/500/scoreboard/atl.png,,True,https://raw.githubusercontent.com/sportsdataverse/hoopR-nba-raw/main/nba/json/final/401810006.json,2025-11-02 18:00:00,2025-11-02,True,ATL @ CLE
401810007,s:40~l:46~e:401810007~c:401810007,2025-11-02,16746,True,False,False,False,2025-11-02T23:00Z,,,1,STD,1838.0,Scotiabank Arena,Toronto,ON,True,0,0.0,4,3,STATUS_FINAL,post,True,Final,Final,Final,4,28,s:40~l:46~t:28,Toronto,Raptors,TOR,Toronto Raptors,Raptors,d91244,000000,True,1838.0,https://a.espncdn.com/i/teamlogos/nba/500/scoreboard/tor.png,117,True,29,s:40~l:46~t:29,Memphis,Grizzlies,MEM,Memphis Grizzlies,Grizzlies,True,104,False,401810007,2026,2,5d76a9,12173f,1392.0,https://a.espncdn.com/i/teamlogos/nba/500/scoreboard/mem.png,,True,https://raw.githubusercontent.com/sportsdataverse/hoopR-nba-raw/main/nba/json/final/401810007.json,2025-11-02 18:00:00,2025-11-02,True,MEM @ TOR
401810003,s:40~l:46~e:401810003~c:401810003,2025-11-02,18203,True,False,False,False,2025-11-02T20:30Z,,,1,STD,2559.0,Paycom Center,Oklahoma City,OK,True,0,0.0,4,3,STATUS_FINAL,post,True,Final,Final,Final,4,25,s:40~l:46~t:25,Oklahoma City,Thunder,OKC,Oklahoma City Thunder,Thunder,007ac1,ef3b24,True,2559.0,https://a.espncdn.com/i/teamlogos/nba/500/scoreboard/okc.png,137,True,3,s:40~l:46~t:3,New Orleans,Pelicans,NO,New Orleans Pelicans,Pelicans,True,106,False,401810003,2026,2,0a2240,b4975a,985.0,https://a.espncdn.com/i/teamlogos/nba/500/scoreboard/no.png,,True,https://raw.githubusercontent.com/sportsdataverse/hoopR-nba-raw/main/nba/json/final/401810003.json,2025-11-02 15:30:00,2025-11-02,True,NOP @ OKC
401810002,s:40~l:46~e:401810002~c:401810002,2025-11-02,20385,True,True,False,False,2025-11-02T02:00Z,event,NBA Mexico City Game 2025,1,STD,5779.0,Arena CDMX,Mexico City,,True,0,0.0,4,3,STATUS_FINAL,post,True,Final,Final,Final,4,8,s:40~l:46~t:8,Detroit,Pistons,DET,Detroit Pistons,Pistons,1d428a,c8102e,True,5311.0,https://a.espncdn.com/i/teamlogos/nba/500/scoreboard/det.png,122,True,6,s:40~l:46~t:6,Dallas,Mavericks,DAL,Dallas Mavericks,Mavericks,True,110,False,401810002,2026,2,0064b1,bbc4ca,516.0,https://a.espncdn.com/i/teamlogos/nba/500/scoreboard/dal.png,,True,https://raw.githubusercontent.com/sportsdataverse/hoopR-nba-raw/main/nba/json/final/401810002.json,2025-11-01 22:00:00,2025-11-01,True,DAL @ DET
401810001,s:40~l:46~e:401810001~c:401810001,2025-11-02,19156,True,False,False,False,2025-11-02T00:00Z,,,1,STD,1824.0,TD Garden,Boston,MA,True,0,0.0,4,3,STATUS_FINAL,post,True,Final,Final,Final,4,2,s:40~l:46~t:2,Boston,Celtics,BOS,Boston Celtics,Celtics,008348,ffffff,True,1824.0,https://a.espncdn.com/i/teamlogos/nba/500/scoreboard/bos.png,101,False,10,s:40~l:46~t:10,Houston,Rockets,HOU,Houston Rockets,Rockets,True,128,True,401810001,2026,2,ce1141,000000,1394.0,https://a.espncdn.com/i/teamlogos/nba/500/scoreboard/hou.png,,True,https://raw.githubusercontent.com/sportsdataverse/hoopR-nba-raw/main/nba/json/final/401810001.json,2025-11-01 20:00:00,2025-11-01,True,HOU @ BOS
401809999,s:40~l:46~e:401809999~c:401809999,2025-11-01,17274,True,False,False,False,2025-11-01T23:00Z,,,1,STD,2183.0,Gainbridge Fieldhouse,Indianapolis,IN,True,720,12:00,4,3,STATUS_FINAL,post,True,Final,Final,Final,4,11,s:40~l:46~t:11,Indiana,Pacers,IND,Indiana Pacers,Pacers,0c2340,ffd520,True,2183.0,https://a.espncdn.com/i/teamlogos/nba/500/scoreboard/ind.png,114,True,9,s:40~l:46~t:9,Golden State,Warriors,GS,Golden State Warriors,Warriors,True,109,False,401809999,2026,2,fdb927,1d428a,2465.0,https://a.espncdn.com/i/teamlogos/nba/500/scoreboard/gs.png,,True,https://raw.githubusercontent.com/sportsdataverse/hoopR-nba-raw/main/nba/json/final/401809999.json,2025-11-01 19:00:00,2025-11-01,True,GSW @ IND
401810000,s:40~l:46~e:401810000~c:401810000,2025-11-01,14602,True,False,False,False,2025-11-01T23:00Z,,,1,STD,1823.0,Capital One Arena,Washington,DC,True,720,12:00,4,3,STATUS_FINAL,post,True,Final,Final,Final,4,27,s:40~l:46~t:27,Washington,Wizards,WSH,Washington Wizards,Wizards,e31837,002b5c,True,1823.0,https://a.espncdn.com/i/teamlogos/nba/500/scoreboard/wsh.png,94,False,19,s:40~l:46~t:19,Orlando,Magic,ORL,Orlando Magic,Magic,True,125,True,401810000,2026,2,0150b5,9ca0a3,3432.0,https://a.espncdn.com/i/teamlogos/nba/500/scoreboard/orl.png,,True,https://raw.githubusercontent.com/sportsdataverse/hoopR-nba-raw/main/nba/json/final/401810000.json,2025-11-01 19:00:00,2025-11-01,True,ORL @ WAS
401809998,s:40~l:46~e:401809998~c:401809998,2025-11-01,19444,True,False,False,False,2025-11-01T22:00Z,,,1,STD,1893.0,Spectrum Center,Charlotte,NC,True,720,12:00,4,3,STATUS_FINAL,post,True,Final,Final,Final,4,30,s:40~l:46~t:30,Charlotte,Hornets,CHA,Charlotte Hornets,Hornets,008ca8,1d1060,True,1893.0,https://a.espncdn.com/i/teamlogos/nba/500/scoreboard/cha.png,105,False,16,s:40~l:46~t:16,Minnesota,Timberwolves,MIN,Minnesota Timberwolves,Timberwolves,True,122,True,401809998,2026,2,266092,79bc43,2029.0,https://a.espncdn.com/i/teamlogos/nba/500/scoreboard/min.png,,True,https://raw.githubusercontent.com/sportsdataverse/hoopR-nba-raw/main/nba/json/final/401809998.json,2025-11-01 18:00:00,2025-11-01,True,MIN @ CHA
401809997,s:40~l:46~e:401809997~c:401809997,2025-11-01,17341,True,False,False,False,2025-11-01T21:00Z,,,1,STD,5777.0,Fiserv Forum,Milwaukee,WI,True,0,0.0,4,3,STATUS_FINAL,post,True,Final,Final,Final,4,15,s:40~l:46~t:15,Milwaukee,Bucks,MIL,Milwaukee Bucks,Bucks,00471b,eee1c6,True,2099.0,https://a.espncdn.com/i/teamlogos/nba/500/scoreboard/mil.png,133,False,23,s:40~l:46~t:23,Sacramento,Kings,SAC,Sacramento Kings,Kings,True,135,True,401809997,2026,2,5a2d81,6a7a82,2247.0,https://a.espncdn.com/i/teamlogos/nba/500/scoreboard/sac.png,,True,https://raw.githubusercontent.com/sportsdataverse/hoopR-nba-raw/main/nba/json/final/401809997.json,2025-11-01 17:00:00,2025-11-01,True,SAC @ MIL
401809509,s:40~l:46~e:401809509~c:401809509,2025-11-01,16083,True,False,False,False,2025-11-01T02:30Z,event,NBA Cup - Group Play,1,STD,10642.0,Intuit Dome,Inglewood,CA,True,720,12:00,4,3,STATUS_FINAL,post,True,Final,Final,Final,4,12,s:40~l:46~t:12,LA,Clippers,LAC,LA Clippers,Clippers,12173f,c8102e,True,1841.0,https://a.espncdn.com/i/teamlogos/nba/500/scoreboard/lac.png,126,True,3,s:40~l:46~t:3,New Orleans,Pelicans,NO,New Orleans Pelicans,Pelicans,True,124,False,401809509,2026,2,0a2240,b4975a,985.0,https://a.espncdn.com/i/teamlogos/nba/500/scoreboard/no.png,,True,https://raw.githubusercontent.com/sportsdataverse/hoopR-nba-raw/main/nba/json/final/401809509.json,2025-10-31 22:30:00,2025-10-31,True,NOP @ LAC
401809507,s:40~l:46~e:401809507~c:401809507,2025-11-01,17071,True,False,False,False,2025-11-01T02:00Z,event,NBA Cup - Group Play,1,STD,1949.0,Mortgage Matchup Center,Phoenix,AZ,True,720,12:00,4,3,STATUS_FINAL,post,True,Final,Final,Final,4,21,s:40~l:46~t:21,Phoenix,Suns,PHX,Phoenix Suns,Suns,29127a,e56020,True,1949.0,https://a.espncdn.com/i/teamlogos/nba/500/scoreboard/phx.png,118,True,26,s:40~l:46~t:26,Utah,Jazz,UTAH,Utah Jazz,Jazz,True,96,False,401809507,2026,2,4e008e,79a3dc,3093.0,https://a.espncdn.com/i/teamlogos/nba/500/scoreboard/utah.png,,True,https://raw.githubusercontent.com/sportsdataverse/hoopR-nba-raw/main/nba/json/final/401809507.json,2025-10-31 22:00:00,2025-10-31,True,UTA @ PHX
401809508,s:40~l:46~e:401809508~c:401809508,2025-11-01,16382,True,False,False,False,2025-11-01T02:00Z,event,NBA Cup - Group Play,1,STD,3423.0,Moda Center,Portland,OR,True,720,12:00,4,3,STATUS_FINAL,post,True,Final,Final,Final,4,22,s:40~l:46~t:22,Portland,Trail Blazers,POR,Portland Trail Blazers,Trail Blazers,e03a3e,000000,True,3423.0,https://a.espncdn.com/i/teamlogos/nba/500/scoreboard/por.png,109,True,7,s:40~l:46~t:7,Denver,Nuggets,DEN,Denver Nuggets,Nuggets,True,107,False,401809508,2026,2,0e2240,fec524,892.0,https://a.espncdn.com/i/teamlogos/nba/500/scoreboard/den.png,,True,https://raw.githubusercontent.com/sportsdataverse/hoopR-nba-raw/main/nba/json/final/401809508.json,2025-10-31 22:00:00,2025-10-31,True,DEN @ POR
401809506,s:40~l:46~e:401809506~c:401809506,2025-11-01,16122,True,False,False,False,2025-11-01T01:30Z,event,NBA Cup - Group Play,1,STD,1392.0,FedExForum,Memphis,TN,True,720,12:00,4,3,STATUS_FINAL,post,True,Final,Final,Final,4,29,s:40~l:46~t:29,Memphis,Grizzlies,MEM,Memphis Grizzlies,Grizzlies,5d76a9,12173f,True,1392.0,https://a.espncdn.com/i/teamlogos/nba/500/scoreboard/mem.png,112,False,13,s:40~l:46~t:13,Los Angeles,Lakers,LAL,Los Angeles Lakers,Lakers,True,117,True,401809506,2026,2,552583,fdb927,1841.0,https://a.espncdn.com/i/teamlogos/nba/500/scoreboard/lal.png,,True,https://raw.githubusercontent.com/sportsdataverse/hoopR-nba-raw/main/nba/json/final/401809506.json,2025-10-31 21:30:00,2025-10-31,True,LAL @ MEM
401809505,s:40~l:46~e:401809505~c:401809505,2025-11-01,18330,True,False,False,False,2025-11-01T00:00Z,event,NBA Cup - Group Play,1,STD,1847.0,United Center,Chicago,IL,True,720,12:00,4,3,STATUS_FINAL,post,True,Final,Final,Final,4,4,s:40~l:46~t:4,Chicago,Bulls,CHI,Chicago Bulls,Bulls,ce1141,000000,True,1847.0,https://a.espncdn.com/i/teamlogos/nba/500/scoreboard/chi.png,135,True,18,s:40~l:46~t:18,New York,Knicks,NY,New York Knicks,Knicks,True,125,False,401809505,2026,2,1d428a,f58426,1830.0,https://a.espncdn.com/i/teamlogos/nba/500/scoreboard/ny.png,,True,https://raw.githubusercontent.com/sportsdataverse/hoopR-nba-raw/main/nba/json/final/401809505.json,2025-10-31 20:00:00,2025-10-31,True,NYK @ CHI
401809504,s:40~l:46~e:401809504~c:401809504,2025-10-31,19432,True,False,False,False,2025-10-31T23:30Z,event,NBA Cup - Group Play,1,STD,3417.0,Rocket Arena,Cleveland,OH,True,720,12:00,4,3,STATUS_FINAL,post,True,Final,Final,Final,4,5,s:40~l:46~t:5,Cleveland,Cavaliers,CLE,Cleveland Cavaliers,Cavaliers,860038,bc945c,True,3417.0,https://a.espncdn.com/i/teamlogos/nba/500/scoreboard/cle.png,101,False,28,s:40~l:46~t:28,Toronto,Raptors,TOR,Toronto Raptors,Raptors,True,112,True,401809504,2026,2,d91244,000000,1838.0,https://a.espncdn.com/i/teamlogos/nba/500/scoreboard/tor.png,,True,https://raw.githubusercontent.com/sportsdataverse/hoopR-nba-raw/main/nba/json/final/401809504.json,2025-10-31 19:30:00,2025-10-31,True,TOR @ CLE
401809502,s:40~l:46~e:401809502~c:401809502,2025-10-31,16212,True,False,False,False,2025-10-31T23:00Z,event,NBA Cup - Group Play,1,STD,2183.0,Gainbridge Fieldhouse,Indianapolis,IN,True,720,12:00,4,3,STATUS_FINAL,post,True,Final,Final,Final,4,11,s:40~l:46~t:11,Indiana,Pacers,IND,Indiana Pacers,Pacers,0c2340,ffd520,True,2183.0,https://a.espncdn.com/i/teamlogos/nba/500/scoreboard/ind.png,108,False,1,s:40~l:46~t:1,Atlanta,Hawks,ATL,Atlanta Hawks,Hawks,True,128,True,401809502,2026,2,c8102e,fdb927,1827.0,https://a.espncdn.com/i/teamlogos/nba/500/scoreboard/atl.png,,True,https://raw.githubusercontent.com/sportsdataverse/hoopR-nba-raw/main/nba/json/final/401809502.json,2025-10-31 19:00:00,2025-10-31,True,ATL @ IND
401809503,s:40~l:46~e:401809503~c:401809503,2025-10-31,19746,True,False,False,False,2025-10-31T23:00Z,event,NBA Cup - Group Play,1,STD,1845.0,Xfinity Mobile Arena,Philadelphia,PA,True,720,12:00,4,3,STATUS_FINAL,post,True,Final,Final,Final,4,20,s:40~l:46~t:20,Philadelphia,76ers,PHI,Philadelphia 76ers,76ers,1d428a,e01234,True,1845.0,https://a.espncdn.com/i/teamlogos/nba/500/scoreboard/phi.png,108,False,2,s:40~l:46~t:2,Boston,Celtics,BOS,Boston Celtics,Celtics,True,109,True,401809503,2026,2,008348,ffffff,1824.0,https://a.espncdn.com/i/teamlogos/nba/500/scoreboard/bos.png,,True,https://raw.githubusercontent.com/sportsdataverse/hoopR-nba-raw/main/nba/json/final/401809503.json,2025-10-31 19:00:00,2025-10-31,True,BOS @ PHI
401809996,s:40~l:46~e:401809996~c:401809996,2025-10-31,18702,True,False,False,False,2025-10-31T00:30Z,,,1,STD,780.0,Frost Bank Center,San Antonio,TX,True,720,12:00,4,3,STATUS_FINAL,post,True,Final,Final,Final,4,24,s:40~l:46~t:24,San Antonio,Spurs,SA,San Antonio Spurs,Spurs,000000,c4ced4,True,780.0,https://a.espncdn.com/i/teamlogos/nba/500/scoreboard/sa.png,107,True,14,s:40~l:46~t:14,Miami,Heat,MIA,Miami Heat,Heat,True,101,False,401809996,2026,2,98002e,000000,3438.0,https://a.espncdn.com/i/teamlogos/nba/500/scoreboard/mia.png,,True,https://raw.githubusercontent.com/sportsdataverse/hoopR-nba-raw/main/nba/json/final/401809996.json,2025-10-30 20:30:00,2025-10-30,True,MIA @ SAS
401809994,s:40~l:46~e:401809994~c:401809994,2025-10-31,17341,True,False,False,False,2025-10-31T00:00Z,,,1,STD,5777.0,Fiserv Forum,Milwaukee,WI,True,0,0.0,4,3,STATUS_FINAL,post,True,Final,Final,Final,4,15,s:40~l:46~t:15,Milwaukee,Bucks,MIL,Milwaukee Bucks,Bucks,00471b,eee1c6,True,2099.0,https://a.espncdn.com/i/teamlogos/nba/500/scoreboard/mil.png,120,True,9,s:40~l:46~t:9,Golden State,Warriors,GS,Golden State Warriors,Warriors,True,110,False,401809994,2026,2,fdb927,1d428a,2465.0,https://a.espncdn.com/i/teamlogos/nba/500/scoreboard/gs.png,,True,https://raw.githubusercontent.com/sportsdataverse/hoopR-nba-raw/main/nba/json/final/401809994.json,2025-10-30 20:00:00,2025-10-30,True,GSW @ MIL
401809995,s:40~l:46~e:401809995~c:401809995,2025-10-31,18203,True,False,False,False,2025-10-31T00:00Z,,,1,STD,2559.0,Paycom Center,Oklahoma City,OK,True,720,12:00,4,3,STATUS_FINAL,post,True,Final,Final,Final,4,25,s:40~l:46~t:25,Oklahoma City,Thunder,OKC,Oklahoma City Thunder,Thunder,007ac1,ef3b24,True,2559.0,https://a.espncdn.com/i/teamlogos/nba/500/scoreboard/okc.png,127,True,27,s:40~l:46~t:27,Washington,Wizards,WSH,Washington Wizards,Wizards,True,108,False,401809995,2026,2,e31837,002b5c,1823.0,https://a.espncdn.com/i/teamlogos/nba/500/scoreboard/wsh.png,,True,https://raw.githubusercontent.com/sportsdataverse/hoopR-nba-raw/main/nba/json/final/401809995.json,2025-10-30 20:00:00,2025-10-30,True,WAS @ OKC
401809993,s:40~l:46~e:401809993~c:401809993,2025-10-30,18478,True,False,False,False,2025-10-30T23:00Z,,,1,STD,1893.0,Spectrum Center,Charlotte,NC,True,720,12:00,4,3,STATUS_FINAL,post,True,Final,Final,Final,4,30,s:40~l:46~t:30,Charlotte,Hornets,CHA,Charlotte Hornets,Hornets,008ca8,1d1060,True,1893.0,https://a.espncdn.com/i/teamlogos/nba/500/scoreboard/cha.png,107,False,19,s:40~l:46~t:19,Orlando,Magic,ORL,Orlando Magic,Magic,True,123,True,401809993,2026,2,0150b5,9ca0a3,3432.0,https://a.espncdn.com/i/teamlogos/nba/500/scoreboard/orl.png,,True,https://raw.githubusercontent.com/sportsdataverse/hoopR-nba-raw/main/nba/json/final/401809993.json,2025-10-30 19:00:00,2025-10-30,True,ORL @ CHA
401809992,s:40~l:46~e:401809992~c:401809992,2025-10-30,17071,True,False,False,False,2025-10-30T02:00Z,,,1,STD,1949.0,Mortgage Matchup Center,Phoenix,AZ,True,0,0.0,4,3,STATUS_FINAL,post,True,Final,Final,Final,4,21,s:40~l:46~t:21,Phoenix,Suns,PHX,Phoenix Suns,Suns,29127a,e56020,True,1949.0,https://a.espncdn.com/i/teamlogos/nba/500/scoreboard/phx.png,113,False,29,s:40~l:46~t:29,Memphis,Grizzlies,MEM,Memphis Grizzlies,Grizzlies,True,114,True,401809992,2026,2,5d76a9,12173f,1392.0,https://a.espncdn.com/i/teamlogos/nba/500/scoreboard/mem.png,,True,https://raw.githubusercontent.com/sportsdataverse/hoopR-nba-raw/main/nba/json/final/401809992.json,2025-10-29 22:00:00,2025-10-29,True,MEM @ PHX
401809991,s:40~l:46~e:401809991~c:401809991,2025-10-30,15308,True,False,False,False,2025-10-30T01:30Z,,,1,STD,2029.0,Target Center,Minneapolis,MN,True,0,0.0,4,3,STATUS_FINAL,post,True,Final,Final,Final,4,16,s:40~l:46~t:16,Minnesota,Timberwolves,MIN,Minnesota Timberwolves,Timberwolves,266092,79bc43,True,2029.0,https://a.espncdn.com/i/teamlogos/nba/500/scoreboard/min.png,115,False,13,s:40~l:46~t:13,Los Angeles,Lakers,LAL,Los Angeles Lakers,Lakers,True,116,True,401809991,2026,2,552583,fdb927,1841.0,https://a.espncdn.com/i/teamlogos/nba/500/scoreboard/lal.png,,True,https://raw.githubusercontent.com/sportsdataverse/hoopR-nba-raw/main/nba/json/final/401809991.json,2025-10-29 21:30:00,2025-10-29,True,LAL @ MIN
401809989,s:40~l:46~e:401809989~c:401809989,2025-10-30,19533,True,False,False,False,2025-10-30T01:00Z,,,1,STD,892.0,Ball Arena,Denver,CO,True,0,0.0,4,3,STATUS_FINAL,post,True,Final,Final,Final,4,7,s:40~l:46~t:7,Denver,Nuggets,DEN,Denver Nuggets,Nuggets,0e2240,fec524,True,892.0,https://a.espncdn.com/i/teamlogos/nba/500/scoreboard/den.png,122,True,3,s:40~l:46~t:3,New Orleans,Pelicans,NO,New Orleans Pelicans,Pelicans,True,88,False,401809989,2026,2,0a2240,b4975a,985.0,https://a.espncdn.com/i/teamlogos/nba/500/scoreboard/no.png,,True,https://raw.githubusercontent.com/sportsdataverse/hoopR-nba-raw/main/nba/json/final/401809989.json,2025-10-29 21:00:00,2025-10-29,True,NOP @ DEN
401809990,s:40~l:46~e:401809990~c:401809990,2025-10-30,18186,True,False,False,False,2025-10-30T01:00Z,,,1,STD,3093.0,Delta Center,Salt Lake City,UT,True,0,0.0,4,3,STATUS_FINAL,post,True,Final,Final,Final,4,26,s:40~l:46~t:26,Utah,Jazz,UTAH,Utah Jazz,Jazz,4e008e,79a3dc,True,3093.0,https://a.espncdn.com/i/teamlogos/nba/500/scoreboard/utah.png,134,False,22,s:40~l:46~t:22,Portland,Trail Blazers,POR,Portland Trail Blazers,Trail Blazers,True,136,True,401809990,2026,2,e03a3e,000000,3423.0,https://a.espncdn.com/i/teamlogos/nba/500/scoreboard/por.png,,True,https://raw.githubusercontent.com/sportsdataverse/hoopR-nba-raw/main/nba/json/final/401809990.json,2025-10-29 21:00:00,2025-10-29,True,POR @ UTA
401809988,s:40~l:46~e:401809988~c:401809988,2025-10-30,19141,True,False,False,False,2025-10-30T00:30Z,,,1,STD,516.0,American Airlines Center,Dallas,TX,True,720,12:00,4,3,STATUS_FINAL,post,True,Final,Final,Final,4,6,s:40~l:46~t:6,Dallas,Mavericks,DAL,Dallas Mavericks,Mavericks,0064b1,bbc4ca,True,516.0,https://a.espncdn.com/i/teamlogos/nba/500/scoreboard/dal.png,107,True,11,s:40~l:46~t:11,Indiana,Pacers,IND,Indiana Pacers,Pacers,True,105,False,401809988,2026,2,0c2340,ffd520,2183.0,https://a.espncdn.com/i/teamlogos/nba/500/scoreboard/ind.png,,True,https://raw.githubusercontent.com/sportsdataverse/hoopR-nba-raw/main/nba/json/final/401809988.json,2025-10-29 20:30:00,2025-10-29,True,IND @ DAL
401809987,s:40~l:46~e:401809987~c:401809987,2025-10-30,19017,True,False,False,False,2025-10-30T00:00Z,,,1,STD,1847.0,United Center,Chicago,IL,True,0,0.0,4,3,STATUS_FINAL,post,True,Final,Final,Final,4,4,s:40~l:46~t:4,Chicago,Bulls,CHI,Chicago Bulls,Bulls,ce1141,000000,True,1847.0,https://a.espncdn.com/i/teamlogos/nba/500/scoreboard/chi.png,126,True,23,s:40~l:46~t:23,Sacramento,Kings,SAC,Sacramento Kings,Kings,True,113,False,401809987,2026,2,5a2d81,6a7a82,2247.0,https://a.espncdn.com/i/teamlogos/nba/500/scoreboard/sac.png,,True,https://raw.githubusercontent.com/sportsdataverse/hoopR-nba-raw/main/nba/json/final/401809987.json,2025-10-29 20:00:00,2025-10-29,True,SAC @ CHI
401809985,s:40~l:46~e:401809985~c:401809985,2025-10-29,17548,True,False,False,False,2025-10-29T23:30Z,,,1,STD,3559.0,Barclays Center,Brooklyn,NY,True,0,0.0,4,3,STATUS_FINAL,post,True,Final,Final,Final,4,17,s:40~l:46~t:17,Brooklyn,Nets,BKN,Brooklyn Nets,Nets,000000,ffffff,True,1826.0,https://a.espncdn.com/i/teamlogos/nba/500/scoreboard/bkn.png,112,False,1,s:40~l:46~t:1,Atlanta,Hawks,ATL,Atlanta Hawks,Hawks,True,117,True,401809985,2026,2,c8102e,fdb927,1827.0,https://a.espncdn.com/i/teamlogos/nba/500/scoreboard/atl.png,,True,https://raw.githubusercontent.com/sportsdataverse/hoopR-nba-raw/main/nba/json/final/401809985.json,2025-10-29 19:30:00,2025-10-29,True,ATL @ BKN
401809983,s:40~l:46~e:401809983~c:401809983,2025-10-29,19156,True,False,False,False,2025-10-29T23:00Z,,,1,STD,1824.0,TD Garden,Boston,MA,True,0,0.0,4,3,STATUS_FINAL,post,True,Final,Final,Final,4,2,s:40~l:46~t:2,Boston,Celtics,BOS,Boston Celtics,Celtics,008348,ffffff,True,1824.0,https://a.espncdn.com/i/teamlogos/nba/500/scoreboard/bos.png,125,True,5,s:40~l:46~t:5,Cleveland,Cavaliers,CLE,Cleveland Cavaliers,Cavaliers,True,105,False,401809983,2026,2,860038,bc945c,3417.0,https://a.espncdn.com/i/teamlogos/nba/500/scoreboard/cle.png,,True,https://raw.githubusercontent.com/sportsdataverse/hoopR-nba-raw/main/nba/json/final/401809983.json,2025-10-29 19:00:00,2025-10-29,True,CLE @ BOS
401809984,s:40~l:46~e:401809984~c:401809984,2025-10-29,19244,True,False,False,False,2025-10-29T23:00Z,,,1,STD,5404.0,Little Caesars Arena,Detroit,MI,True,0,0.0,4,3,STATUS_FINAL,post,True,Final,Final,Final,4,8,s:40~l:46~t:8,Detroit,Pistons,DET,Detroit Pistons,Pistons,1d428a,c8102e,True,5311.0,https://a.espncdn.com/i/teamlogos/nba/500/scoreboard/det.png,135,True,19,s:40~l:46~t:19,Orlando,Magic,ORL,Orlando Magic,Magic,True,116,False,401809984,2026,2,0150b5,9ca0a3,3432.0,https://a.espncdn.com/i/teamlogos/nba/500/scoreboard/orl.png,,True,https://raw.githubusercontent.com/sportsdataverse/hoopR-nba-raw/main/nba/json/final/401809984.json,2025-10-29 19:00:00,2025-10-29,True,ORL @ DET
401809986,s:40~l:46~e:401809986~c:401809986,2025-10-29,17234,True,False,False,False,2025-10-29T22:30Z,,,1,STD,1838.0,Scotiabank Arena,Toronto,ON,True,0,0.0,4,3,STATUS_FINAL,post,True,Final,Final,Final,4,28,s:40~l:46~t:28,Toronto,Raptors,TOR,Toronto Raptors,Raptors,d91244,000000,True,1838.0,https://a.espncdn.com/i/teamlogos/nba/500/scoreboard/tor.png,121,False,10,s:40~l:46~t:10,Houston,Rockets,HOU,Houston Rockets,Rockets,True,139,True,401809986,2026,2,ce1141,000000,1394.0,https://a.espncdn.com/i/teamlogos/nba/500/scoreboard/hou.png,,True,https://raw.githubusercontent.com/sportsdataverse/hoopR-nba-raw/main/nba/json/final/401809986.json,2025-10-29 18:30:00,2025-10-29,True,HOU @ TOR
401809982,s:40~l:46~e:401809982~c:401809982,2025-10-29,18064,True,False,False,False,2025-10-29T03:00Z,,,1,STD,6270.0,Chase Center,San Francisco,CA,True,720,12:00,4,3,STATUS_FINAL,post,True,Final,Final,Final,4,9,s:40~l:46~t:9,Golden State,Warriors,GS,Golden State Warriors,Warriors,fdb927,1d428a,True,2465.0,https://a.espncdn.com/i/teamlogos/nba/500/scoreboard/gs.png,98,True,12,s:40~l:46~t:12,LA,Clippers,LAC,LA Clippers,Clippers,True,79,False,401809982,2026,2,12173f,c8102e,1841.0,https://a.espncdn.com/i/teamlogos/nba/500/scoreboard/lac.png,,True,https://raw.githubusercontent.com/sportsdataverse/hoopR-nba-raw/main/nba/json/final/401809982.json,2025-10-28 23:00:00,2025-10-28,True,LAC @ GSW
401809980,s:40~l:46~e:401809980~c:401809980,2025-10-29,16309,True,False,False,False,2025-10-29T00:00Z,,,1,STD,5777.0,Fiserv Forum,Milwaukee,WI,True,720,12:00,4,3,STATUS_FINAL,post,True,Final,Final,Final,4,15,s:40~l:46~t:15,Milwaukee,Bucks,MIL,Milwaukee Bucks,Bucks,00471b,eee1c6,True,2099.0,https://a.espncdn.com/i/teamlogos/nba/500/scoreboard/mil.png,121,True,18,s:40~l:46~t:18,New York,Knicks,NY,New York Knicks,Knicks,True,111,False,401809980,2026,2,1d428a,f58426,1830.0,https://a.espncdn.com/i/teamlogos/nba/500/scoreboard/ny.png,,True,https://raw.githubusercontent.com/sportsdataverse/hoopR-nba-raw/main/nba/json/final/401809980.json,2025-10-28 20:00:00,2025-10-28,True,NYK @ MIL
401809981,s:40~l:46~e:401809981~c:401809981,2025-10-29,18203,True,False,False,False,2025-10-29T00:00Z,,,1,STD,2559.0,Paycom Center,Oklahoma City,OK,True,0,0.0,4,3,STATUS_FINAL,post,True,Final,Final,Final,4,25,s:40~l:46~t:25,Oklahoma City,Thunder,OKC,Oklahoma City Thunder,Thunder,007ac1,ef3b24,True,2559.0,https://a.espncdn.com/i/teamlogos/nba/500/scoreboard/okc.png,107,True,23,s:40~l:46~t:23,Sacramento,Kings,SAC,Sacramento Kings,Kings,True,101,False,401809981,2026,2,5a2d81,6a7a82,2247.0,https://a.espncdn.com/i/teamlogos/nba/500/scoreboard/sac.png,,True,https://raw.githubusercontent.com/sportsdataverse/hoopR-nba-raw/main/nba/json/final/401809981.json,2025-10-28 20:00:00,2025-10-28,True,SAC @ OKC
401809979,s:40~l:46~e:401809979~c:401809979,2025-10-28,19600,True,False,False,False,2025-10-28T23:30Z,,,1,STD,3438.0,Kaseya Center,Miami,FL,True,720,12:00,4,3,STATUS_FINAL,post,True,Final,Final,Final,4,14,s:40~l:46~t:14,Miami,Heat,MIA,Miami Heat,Heat,98002e,000000,True,3438.0,https://a.espncdn.com/i/teamlogos/nba/500/scoreboard/mia.png,144,True,30,s:40~l:46~t:30,Charlotte,Hornets,CHA,Charlotte Hornets,Hornets,True,117,False,401809979,2026,2,008ca8,1d1060,1893.0,https://a.espncdn.com/i/teamlogos/nba/500/scoreboard/cha.png,,True,https://raw.githubusercontent.com/sportsdataverse/hoopR-nba-raw/main/nba/json/final/401809979.json,2025-10-28 19:30:00,2025-10-28,True,CHA @ MIA
401809978,s:40~l:46~e:401809978~c:401809978,2025-10-28,15529,True,False,False,False,2025-10-28T23:00Z,,,1,STD,1823.0,Capital One Arena,Washington,DC,True,300,5:00,5,3,STATUS_FINAL,post,True,Final,Final/OT,Final/OT,4,27,s:40~l:46~t:27,Washington,Wizards,WSH,Washington Wizards,Wizards,e31837,002b5c,True,1823.0,https://a.espncdn.com/i/teamlogos/nba/500/scoreboard/wsh.png,134,False,20,s:40~l:46~t:20,Philadelphia,76ers,PHI,Philadelphia 76ers,76ers,True,139,True,401809978,2026,2,1d428a,e01234,1845.0,https://a.espncdn.com/i/teamlogos/nba/500/scoreboard/phi.png,OT,True,https://raw.githubusercontent.com/sportsdataverse/hoopR-nba-raw/main/nba/json/final/401809978.json,2025-10-28 19:00:00,2025-10-28,True,PHI @ WAS
401809977,s:40~l:46~e:401809977~c:401809977,2025-10-28,18512,True,False,False,False,2025-10-28T02:30Z,,,1,STD,1841.0,crypto.com Arena,Los Angeles,CA,True,720,12:00,4,3,STATUS_FINAL,post,True,Final,Final,Final,4,13,s:40~l:46~t:13,Los Angeles,Lakers,LAL,Los Angeles Lakers,Lakers,552583,fdb927,True,1841.0,https://a.espncdn.com/i/teamlogos/nba/500/scoreboard/lal.png,108,False,22,s:40~l:46~t:22,Portland,Trail Blazers,POR,Portland Trail Blazers,Trail Blazers,True,122,True,401809977,2026,2,e03a3e,000000,3423.0,https://a.espncdn.com/i/teamlogos/nba/500/scoreboard/por.png,,True,https://raw.githubusercontent.com/sportsdataverse/hoopR-nba-raw/main/nba/json/final/401809977.json,2025-10-27 22:30:00,2025-10-27,True,POR @ LAL
401809976,s:40~l:46~e:401809976~c:401809976,2025-10-28,18064,True,False,False,False,2025-10-28T02:00Z,,,1,STD,6270.0,Chase Center,San Francisco,CA,True,720,12:00,4,3,STATUS_FINAL,post,True,Final,Final,Final,4,9,s:40~l:46~t:9,Golden State,Warriors,GS,Golden State Warriors,Warriors,fdb927,1d428a,True,2465.0,https://a.espncdn.com/i/teamlogos/nba/500/scoreboard/gs.png,131,True,29,s:40~l:46~t:29,Memphis,Grizzlies,MEM,Memphis Grizzlies,Grizzlies,True,118,False,401809976,2026,2,5d76a9,12173f,1392.0,https://a.espncdn.com/i/teamlogos/nba/500/scoreboard/mem.png,,True,https://raw.githubusercontent.com/sportsdataverse/hoopR-nba-raw/main/nba/json/final/401809976.json,2025-10-27 22:00:00,2025-10-27,True,MEM @ GSW
401809246,s:40~l:46~e:401809246~c:401809246,2025-10-28,14018,True,False,False,False,2025-10-28T01:30Z,,,1,STD,2029.0,Target Center,Minneapolis,MN,True,720,12:00,4,3,STATUS_FINAL,post,True,Final,Final,Final,4,16,s:40~l:46~t:16,Minnesota,Timberwolves,MIN,Minnesota Timberwolves,Timberwolves,266092,79bc43,True,2029.0,https://a.espncdn.com/i/teamlogos/nba/500/scoreboard/min.png,114,False,7,s:40~l:46~t:7,Denver,Nuggets,DEN,Denver Nuggets,Nuggets,True,127,True,401809246,2026,2,0e2240,fec524,892.0,https://a.espncdn.com/i/teamlogos/nba/500/scoreboard/den.png,,True,https://raw.githubusercontent.com/sportsdataverse/hoopR-nba-raw/main/nba/json/final/401809246.json,2025-10-27 21:30:00,2025-10-27,True,DEN @ MIN
401809975,s:40~l:46~e:401809975~c:401809975,2025-10-28,18186,True,False,False,False,2025-10-28T01:00Z,,,1,STD,3093.0,Delta Center,Salt Lake City,UT,True,0,0.0,5,3,STATUS_FINAL,post,True,Final,Final/OT,Final/OT,4,26,s:40~l:46~t:26,Utah,Jazz,UTAH,Utah Jazz,Jazz,4e008e,79a3dc,True,3093.0,https://a.espncdn.com/i/teamlogos/nba/500/scoreboard/utah.png,138,True,21,s:40~l:46~t:21,Phoenix,Suns,PHX,Phoenix Suns,Suns,True,134,False,401809975,2026,2,29127a,e56020,1949.0,https://a.espncdn.com/i/teamlogos/nba/500/scoreboard/phx.png,OT,True,https://raw.githubusercontent.com/sportsdataverse/hoopR-nba-raw/main/nba/json/final/401809975.json,2025-10-27 21:00:00,2025-10-27,True,PHX @ UTA
401809974,s:40~l:46~e:401809974~c:401809974,2025-10-28,19303,True,False,False,False,2025-10-28T00:30Z,,,1,STD,516.0,American Airlines Center,Dallas,TX,True,720,12:00,4,3,STATUS_FINAL,post,True,Final,Final,Final,4,6,s:40~l:46~t:6,Dallas,Mavericks,DAL,Dallas Mavericks,Mavericks,0064b1,bbc4ca,True,516.0,https://a.espncdn.com/i/teamlogos/nba/500/scoreboard/dal.png,94,False,25,s:40~l:46~t:25,Oklahoma City,Thunder,OKC,Oklahoma City Thunder,Thunder,True,101,True,401809974,2026,2,007ac1,ef3b24,2559.0,https://a.espncdn.com/i/teamlogos/nba/500/scoreboard/okc.png,,True,https://raw.githubusercontent.com/sportsdataverse/hoopR-nba-raw/main/nba/json/final/401809974.json,2025-10-27 20:30:00,2025-10-27,True,OKC @ DAL
401809970,s:40~l:46~e:401809970~c:401809970,2025-10-28,18094,True,False,False,False,2025-10-28T00:00Z,,,1,STD,1847.0,United Center,Chicago,IL,True,720,12:00,4,3,STATUS_FINAL,post,True,Final,Final,Final,4,4,s:40~l:46~t:4,Chicago,Bulls,CHI,Chicago Bulls,Bulls,ce1141,000000,True,1847.0,https://a.espncdn.com/i/teamlogos/nba/500/scoreboard/chi.png,128,True,1,s:40~l:46~t:1,Atlanta,Hawks,ATL,Atlanta Hawks,Hawks,True,123,False,401809970,2026,2,c8102e,fdb927,1827.0,https://a.espncdn.com/i/teamlogos/nba/500/scoreboard/atl.png,,True,https://raw.githubusercontent.com/sportsdataverse/hoopR-nba-raw/main/nba/json/final/401809970.json,2025-10-27 20:00:00,2025-10-27,True,ATL @ CHI
401809971,s:40~l:46~e:401809971~c:401809971,2025-10-28,18055,True,False,False,False,2025-10-28T00:00Z,,,1,STD,1394.0,Toyota Center (Houston),Houston,TX,True,720,12:00,4,3,STATUS_FINAL,post,True,Final,Final,Final,4,10,s:40~l:46~t:10,Houston,Rockets,HOU,Houston Rockets,Rockets,ce1141,000000,True,1394.0,https://a.espncdn.com/i/teamlogos/nba/500/scoreboard/hou.png,137,True,17,s:40~l:46~t:17,Brooklyn,Nets,BKN,Brooklyn Nets,Nets,True,109,False,401809971,2026,2,000000,ffffff,1826.0,https://a.espncdn.com/i/teamlogos/nba/500/scoreboard/bkn.png,,True,https://raw.githubusercontent.com/sportsdataverse/hoopR-nba-raw/main/nba/json/final/401809971.json,2025-10-27 20:00:00,2025-10-27,True,BKN @ HOU
401809972,s:40~l:46~e:401809972~c:401809972,2025-10-28,16787,True,False,False,False,2025-10-28T00:00Z,,,1,STD,985.0,Smoothie King Center,New Orleans,LA,True,720,12:00,4,3,STATUS_FINAL,post,True,Final,Final,Final,4,3,s:40~l:46~t:3,New Orleans,Pelicans,NO,New Orleans Pelicans,Pelicans,0a2240,b4975a,True,985.0,https://a.espncdn.com/i/teamlogos/nba/500/scoreboard/no.png,90,False,2,s:40~l:46~t:2,Boston,Celtics,BOS,Boston Celtics,Celtics,True,122,True,401809972,2026,2,008348,ffffff,1824.0,https://a.espncdn.com/i/teamlogos/nba/500/scoreboard/bos.png,,True,https://raw.githubusercontent.com/sportsdataverse/hoopR-nba-raw/main/nba/json/final/401809972.json,2025-10-27 20:00:00,2025-10-27,True,BOS @ NOP
401809973,s:40~l:46~e:401809973~c:401809973,2025-10-28,18354,True,False,False,False,2025-10-28T00:00Z,,,1,STD,780.0,Frost Bank Center,San Antonio,TX,True,720,12:00,4,3,STATUS_FINAL,post,True,Final,Final,Final,4,24,s:40~l:46~t:24,San Antonio,Spurs,SA,San Antonio Spurs,Spurs,000000,c4ced4,True,780.0,https://a.espncdn.com/i/teamlogos/nba/500/scoreboard/sa.png,121,True,28,s:40~l:46~t:28,Toronto,Raptors,TOR,Toronto Raptors,Raptors,True,103,False,401809973,2026,2,d91244,000000,1838.0,https://a.espncdn.com/i/teamlogos/nba/500/scoreboard/tor.png,,True,https://raw.githubusercontent.com/sportsdataverse/hoopR-nba-raw/main/nba/json/final/401809973.json,2025-10-27 20:00:00,2025-10-27,True,TOR @ SAS
401809245,s:40~l:46~e:401809245~c:401809245,2025-10-27,18933,True,False,False,False,2025-10-27T23:00Z,,,1,STD,5404.0,Little Caesars Arena,Detroit,MI,True,720,12:00,4,3,STATUS_FINAL,post,True,Final,Final,Final,4,8,s:40~l:46~t:8,Detroit,Pistons,DET,Detroit Pistons,Pistons,1d428a,c8102e,True,5311.0,https://a.espncdn.com/i/teamlogos/nba/500/scoreboard/det.png,95,False,5,s:40~l:46~t:5,Cleveland,Cavaliers,CLE,Cleveland Cavaliers,Cavaliers,True,116,True,401809245,2026,2,860038,bc945c,3417.0,https://a.espncdn.com/i/teamlogos/nba/500/scoreboard/cle.png,,True,https://raw.githubusercontent.com/sportsdataverse/hoopR-nba-raw/main/nba/json/final/401809245.json,2025-10-27 19:00:00,2025-10-27,True,CLE @ DET
401809969,s:40~l:46~e:401809969~c:401809969,2025-10-27,18377,True,False,False,False,2025-10-27T23:00Z,,,1,STD,1845.0,Xfinity Mobile Arena,Philadelphia,PA,True,720,12:00,4,3,STATUS_FINAL,post,True,Final,Final,Final,4,20,s:40~l:46~t:20,Philadelphia,76ers,PHI,Philadelphia 76ers,76ers,1d428a,e01234,True,1845.0,https://a.espncdn.com/i/teamlogos/nba/500/scoreboard/phi.png,136,True,19,s:40~l:46~t:19,Orlando,Magic,ORL,Orlando Magic,Magic,True,124,False,401809969,2026,2,0150b5,9ca0a3,3432.0,https://a.espncdn.com/i/teamlogos/nba/500/scoreboard/orl.png,,True,https://raw.githubusercontent.com/sportsdataverse/hoopR-nba-raw/main/nba/json/final/401809969.json,2025-10-27 19:00:00,2025-10-27,True,ORL @ PHI
401809967,s:40~l:46~e:401809967~c:401809967,2025-10-27,17927,True,False,False,False,2025-10-27T01:00Z,,,1,STD,10642.0,Intuit Dome,Inglewood,CA,True,0,0.0,4,3,STATUS_FINAL,post,True,Final,Final,Final,4,12,s:40~l:46~t:12,LA,Clippers,LAC,LA Clippers,Clippers,12173f,c8102e,True,1841.0,https://a.espncdn.com/i/teamlogos/nba/500/scoreboard/lac.png,114,True,22,s:40~l:46~t:22,Portland,Trail Blazers,POR,Portland Trail Blazers,Trail Blazers,True,107,False,401809967,2026,2,e03a3e,000000,3423.0,https://a.espncdn.com/i/teamlogos/nba/500/scoreboard/por.png,,True,https://raw.githubusercontent.com/sportsdataverse/hoopR-nba-raw/main/nba/json/final/401809967.json,2025-10-26 21:00:00,2025-10-26,True,POR @ LAC
401809968,s:40~l:46~e:401809968~c:401809968,2025-10-27,17832,True,False,False,False,2025-10-27T01:00Z,,,1,STD,5310.0,Golden 1 Center,Sacramento,CA,True,720,12:00,4,3,STATUS_FINAL,post,True,Final,Final,Final,4,23,s:40~l:46~t:23,Sacramento,Kings,SAC,Sacramento Kings,Kings,5a2d81,6a7a82,True,2247.0,https://a.espncdn.com/i/teamlogos/nba/500/scoreboard/sac.png,120,False,13,s:40~l:46~t:13,Los Angeles,Lakers,LAL,Los Angeles Lakers,Lakers,True,127,True,401809968,2026,2,552583,fdb927,1841.0,https://a.espncdn.com/i/teamlogos/nba/500/scoreboard/lal.png,,True,https://raw.githubusercontent.com/sportsdataverse/hoopR-nba-raw/main/nba/json/final/401809968.json,2025-10-26 21:00:00,2025-10-26,True,LAL @ SAC
401809966,s:40~l:46~e:401809966~c:401809966,2025-10-26,19232,True,False,False,False,2025-10-26T23:30Z,,,1,STD,516.0,American Airlines Center,Dallas,TX,True,0,0.0,4,3,STATUS_FINAL,post,True,Final,Final,Final,4,6,s:40~l:46~t:6,Dallas,Mavericks,DAL,Dallas Mavericks,Mavericks,0064b1,bbc4ca,True,516.0,https://a.espncdn.com/i/teamlogos/nba/500/scoreboard/dal.png,139,True,28,s:40~l:46~t:28,Toronto,Raptors,TOR,Toronto Raptors,Raptors,True,129,False,401809966,2026,2,d91244,000000,1838.0,https://a.espncdn.com/i/teamlogos/nba/500/scoreboard/tor.png,,True,https://raw.githubusercontent.com/sportsdataverse/hoopR-nba-raw/main/nba/json/final/401809966.json,2025-10-26 19:30:00,2025-10-26,True,TOR @ DAL
401809965,s:40~l:46~e:401809965~c:401809965,2025-10-26,18978,True,False,False,False,2025-10-26T23:00Z,,,1,STD,2029.0,Target Center,Minneapolis,MN,True,0,0.0,4,3,STATUS_FINAL,post,True,Final,Final,Final,4,16,s:40~l:46~t:16,Minnesota,Timberwolves,MIN,Minnesota Timberwolves,Timberwolves,266092,79bc43,True,2029.0,https://a.espncdn.com/i/teamlogos/nba/500/scoreboard/min.png,114,True,11,s:40~l:46~t:11,Indiana,Pacers,IND,Indiana Pacers,Pacers,True,110,False,401809965,2026,2,0c2340,ffd520,2183.0,https://a.espncdn.com/i/teamlogos/nba/500/scoreboard/ind.png,,True,https://raw.githubusercontent.com/sportsdataverse/hoopR-nba-raw/main/nba/json/final/401809965.json,2025-10-26 19:00:00,2025-10-26,True,IND @ MIN
401809962,s:40~l:46~e:401809962~c:401809962,2025-10-26,19432,True,False,False,False,2025-10-26T22:00Z,,,1,STD,3417.0,Rocket Arena,Cleveland,OH,True,0,0.0,4,3,STATUS_FINAL,post,True,Final,Final,Final,4,5,s:40~l:46~t:5,Cleveland,Cavaliers,CLE,Cleveland Cavaliers,Cavaliers,860038,bc945c,True,3417.0,https://a.espncdn.com/i/teamlogos/nba/500/scoreboard/cle.png,118,True,15,s:40~l:46~t:15,Milwaukee,Bucks,MIL,Milwaukee Bucks,Bucks,True,113,False,401809962,2026,2,00471b,eee1c6,2099.0,https://a.espncdn.com/i/teamlogos/nba/500/scoreboard/mil.png,,True,https://raw.githubusercontent.com/sportsdataverse/hoopR-nba-raw/main/nba/json/final/401809962.json,2025-10-26 18:00:00,2025-10-26,True,MIL @ CLE
401809963,s:40~l:46~e:401809963~c:401809963,2025-10-26,19600,True,False,False,False,2025-10-26T22:00Z,,,1,STD,3438.0,Kaseya Center,Miami,FL,True,720,12:00,4,3,STATUS_FINAL,post,True,Final,Final,Final,4,14,s:40~l:46~t:14,Miami,Heat,MIA,Miami Heat,Heat,98002e,000000,True,3438.0,https://a.espncdn.com/i/teamlogos/nba/500/scoreboard/mia.png,115,True,18,s:40~l:46~t:18,New York,Knicks,NY,New York Knicks,Knicks,True,107,False,401809963,2026,2,1d428a,f58426,1830.0,https://a.espncdn.com/i/teamlogos/nba/500/scoreboard/ny.png,,True,https://raw.githubusercontent.com/sportsdataverse/hoopR-nba-raw/main/nba/json/final/401809963.json,2025-10-26 18:00:00,2025-10-26,True,NYK @ MIA
401809964,s:40~l:46~e:401809964~c:401809964,2025-10-26,16307,True,False,False,False,2025-10-26T22:00Z,,,1,STD,1823.0,Capital One Arena,Washington,DC,True,720,12:00,4,3,STATUS_FINAL,post,True,Final,Final,Final,4,27,s:40~l:46~t:27,Washington,Wizards,WSH,Washington Wizards,Wizards,e31837,002b5c,True,1823.0,https://a.espncdn.com/i/teamlogos/nba/500/scoreboard/wsh.png,113,False,30,s:40~l:46~t:30,Charlotte,Hornets,CHA,Charlotte Hornets,Hornets,True,139,True,401809964,2026,2,008ca8,1d1060,1893.0,https://a.espncdn.com/i/teamlogos/nba/500/scoreboard/cha.png,,True,https://raw.githubusercontent.com/sportsdataverse/hoopR-nba-raw/main/nba/json/final/401809964.json,2025-10-26 18:00:00,2025-10-26,True,CHA @ WAS
401809961,s:40~l:46~e:401809961~c:401809961,2025-10-26,20062,True,False,False,False,2025-10-26T19:30Z,,,1,STD,5404.0,Little Caesars Arena,Detroit,MI,True,0,0.0,4,3,STATUS_FINAL,post,True,Final,Final,Final,4,8,s:40~l:46~t:8,Detroit,Pistons,DET,Detroit Pistons,Pistons,1d428a,c8102e,True,5311.0,https://a.espncdn.com/i/teamlogos/nba/500/scoreboard/det.png,119,True,2,s:40~l:46~t:2,Boston,Celtics,BOS,Boston Celtics,Celtics,True,113,False,401809961,2026,2,008348,ffffff,1824.0,https://a.espncdn.com/i/teamlogos/nba/500/scoreboard/bos.png,,True,https://raw.githubusercontent.com/sportsdataverse/hoopR-nba-raw/main/nba/json/final/401809961.json,2025-10-26 15:30:00,2025-10-26,True,BOS @ DET
401809960,s:40~l:46~e:401809960~c:401809960,2025-10-26,19016,True,False,False,False,2025-10-26T18:00Z,,,1,STD,780.0,Frost Bank Center,San Antonio,TX,True,720,12:00,4,3,STATUS_FINAL,post,True,Final,Final,Final,4,24,s:40~l:46~t:24,San Antonio,Spurs,SA,San Antonio Spurs,Spurs,000000,c4ced4,True,780.0,https://a.espncdn.com/i/teamlogos/nba/500/scoreboard/sa.png,118,True,17,s:40~l:46~t:17,Brooklyn,Nets,BKN,Brooklyn Nets,Nets,True,107,False,401809960,2026,2,000000,ffffff,1826.0,https://a.espncdn.com/i/teamlogos/nba/500/scoreboard/bkn.png,,True,https://raw.githubusercontent.com/sportsdataverse/hoopR-nba-raw/main/nba/json/final/401809960.json,2025-10-26 14:00:00,2025-10-26,True,BKN @ SAS
401809959,s:40~l:46~e:401809959~c:401809959,2025-10-26,20025,True,False,False,False,2025-10-26T01:00Z,,,1,STD,892.0,Ball Arena,Denver,CO,True,0,0.0,4,3,STATUS_FINAL,post,True,Final,Final,Final,4,7,s:40~l:46~t:7,Denver,Nuggets,DEN,Denver Nuggets,Nuggets,0e2240,fec524,True,892.0,https://a.espncdn.com/i/teamlogos/nba/500/scoreboard/den.png,133,True,21,s:40~l:46~t:21,Phoenix,Suns,PHX,Phoenix Suns,Suns,True,111,False,401809959,2026,2,29127a,e56020,1949.0,https://a.espncdn.com/i/teamlogos/nba/500/scoreboard/phx.png,,True,https://raw.githubusercontent.com/sportsdataverse/hoopR-nba-raw/main/nba/json/final/401809959.json,2025-10-25 21:00:00,2025-10-25,True,PHX @ DEN
401809958,s:40~l:46~e:401809958~c:401809958,2025-10-26,15441,True,False,False,False,2025-10-26T00:00Z,,,1,STD,1392.0,FedExForum,Memphis,TN,True,720,12:00,4,3,STATUS_FINAL,post,True,Final,Final,Final,4,29,s:40~l:46~t:29,Memphis,Grizzlies,MEM,Memphis Grizzlies,Grizzlies,5d76a9,12173f,True,1392.0,https://a.espncdn.com/i/teamlogos/nba/500/scoreboard/mem.png,128,True,11,s:40~l:46~t:11,Indiana,Pacers,IND,Indiana Pacers,Pacers,True,103,False,401809958,2026,2,0c2340,ffd520,2183.0,https://a.espncdn.com/i/teamlogos/nba/500/scoreboard/ind.png,,True,https://raw.githubusercontent.com/sportsdataverse/hoopR-nba-raw/main/nba/json/final/401809958.json,2025-10-25 20:00:00,2025-10-25,True,IND @ MEM
401809956,s:40~l:46~e:401809956~c:401809956,2025-10-25,16450,True,False,False,False,2025-10-25T23:30Z,,,1,STD,1827.0,State Farm Arena,Atlanta,GA,True,720,12:00,4,3,STATUS_FINAL,post,True,Final,Final,Final,4,1,s:40~l:46~t:1,Atlanta,Hawks,ATL,Atlanta Hawks,Hawks,c8102e,fdb927,True,1827.0,https://a.espncdn.com/i/teamlogos/nba/500/scoreboard/atl.png,100,False,25,s:40~l:46~t:25,Oklahoma City,Thunder,OKC,Oklahoma City Thunder,Thunder,True,117,True,401809956,2026,2,007ac1,ef3b24,2559.0,https://a.espncdn.com/i/teamlogos/nba/500/scoreboard/okc.png,,True,https://raw.githubusercontent.com/sportsdataverse/hoopR-nba-raw/main/nba/json/final/401809956.json,2025-10-25 19:30:00,2025-10-25,True,OKC @ ATL
401809957,s:40~l:46~e:401809957~c:401809957,2025-10-25,19124,True,False,False,False,2025-10-25T23:30Z,,,1,STD,1845.0,Xfinity Mobile Arena,Philadelphia,PA,True,720,12:00,4,3,STATUS_FINAL,post,True,Final,Final,Final,4,20,s:40~l:46~t:20,Philadelphia,76ers,PHI,Philadelphia 76ers,76ers,1d428a,e01234,True,1845.0,https://a.espncdn.com/i/teamlogos/nba/500/scoreboard/phi.png,125,True,30,s:40~l:46~t:30,Charlotte,Hornets,CHA,Charlotte Hornets,Hornets,True,121,False,401809957,2026,2,008ca8,1d1060,1893.0,https://a.espncdn.com/i/teamlogos/nba/500/scoreboard/cha.png,,True,https://raw.githubusercontent.com/sportsdataverse/hoopR-nba-raw/main/nba/json/final/401809957.json,2025-10-25 19:30:00,2025-10-25,True,CHA @ PHI
401809955,s:40~l:46~e:401809955~c:401809955,2025-10-25,19117,True,False,False,False,2025-10-25T23:00Z,,,1,STD,3432.0,Kia Center,Orlando,FL,True,720,12:00,4,3,STATUS_FINAL,post,True,Final,Final,Final,4,19,s:40~l:46~t:19,Orlando,Magic,ORL,Orlando Magic,Magic,0150b5,9ca0a3,True,3432.0,https://a.espncdn.com/i/teamlogos/nba/500/scoreboard/orl.png,98,False,4,s:40~l:46~t:4,Chicago,Bulls,CHI,Chicago Bulls,Bulls,True,110,True,401809955,2026,2,ce1141,000000,1847.0,https://a.espncdn.com/i/teamlogos/nba/500/scoreboard/chi.png,,True,https://raw.githubusercontent.com/sportsdataverse/hoopR-nba-raw/main/nba/json/final/401809955.json,2025-10-25 19:00:00,2025-10-25,True,CHI @ ORL
401809954,s:40~l:46~e:401809954~c:401809954,2025-10-25,17927,True,False,False,False,2025-10-25T02:30Z,,,1,STD,10642.0,Intuit Dome,Inglewood,CA,True,720,12:00,4,3,STATUS_FINAL,post,True,Final,Final,Final,4,12,s:40~l:46~t:12,LA,Clippers,LAC,LA Clippers,Clippers,12173f,c8102e,True,1841.0,https://a.espncdn.com/i/teamlogos/nba/500/scoreboard/lac.png,129,True,21,s:40~l:46~t:21,Phoenix,Suns,PHX,Phoenix Suns,Suns,True,102,False,401809954,2026,2,29127a,e56020,1949.0,https://a.espncdn.com/i/teamlogos/nba/500/scoreboard/phx.png,,True,https://raw.githubusercontent.com/sportsdataverse/hoopR-nba-raw/main/nba/json/final/401809954.json,2025-10-24 22:30:00,2025-10-24,True,PHX @ LAC
401809951,s:40~l:46~e:401809951~c:401809951,2025-10-25,18642,True,False,False,False,2025-10-25T02:00Z,,,1,STD,1841.0,crypto.com Arena,Los Angeles,CA,True,720,12:00,4,3,STATUS_FINAL,post,True,Final,Final,Final,4,13,s:40~l:46~t:13,Los Angeles,Lakers,LAL,Los Angeles Lakers,Lakers,552583,fdb927,True,1841.0,https://a.espncdn.com/i/teamlogos/nba/500/scoreboard/lal.png,128,True,16,s:40~l:46~t:16,Minnesota,Timberwolves,MIN,Minnesota Timberwolves,Timberwolves,True,110,False,401809951,2026,2,266092,79bc43,2029.0,https://a.espncdn.com/i/teamlogos/nba/500/scoreboard/min.png,,True,https://raw.githubusercontent.com/sportsdataverse/hoopR-nba-raw/main/nba/json/final/401809951.json,2025-10-24 22:00:00,2025-10-24,True,MIN @ LAL
401809952,s:40~l:46~e:401809952~c:401809952,2025-10-25,18090,True,False,False,False,2025-10-25T02:00Z,,,1,STD,3423.0,Moda Center,Portland,OR,True,720,12:00,4,3,STATUS_FINAL,post,True,Final,Final,Final,4,22,s:40~l:46~t:22,Portland,Trail Blazers,POR,Portland Trail Blazers,Trail Blazers,e03a3e,000000,True,3423.0,https://a.espncdn.com/i/teamlogos/nba/500/scoreboard/por.png,139,True,9,s:40~l:46~t:9,Golden State,Warriors,GS,Golden State Warriors,Warriors,True,119,False,401809952,2026,2,fdb927,1d428a,2465.0,https://a.espncdn.com/i/teamlogos/nba/500/scoreboard/gs.png,,True,https://raw.githubusercontent.com/sportsdataverse/hoopR-nba-raw/main/nba/json/final/401809952.json,2025-10-24 22:00:00,2025-10-24,True,GSW @ POR
401809953,s:40~l:46~e:401809953~c:401809953,2025-10-25,17832,True,False,False,False,2025-10-25T02:00Z,,,1,STD,5310.0,Golden 1 Center,Sacramento,CA,True,720,12:00,4,3,STATUS_FINAL,post,True,Final,Final,Final,4,23,s:40~l:46~t:23,Sacramento,Kings,SAC,Sacramento Kings,Kings,5a2d81,6a7a82,True,2247.0,https://a.espncdn.com/i/teamlogos/nba/500/scoreboard/sac.png,105,True,26,s:40~l:46~t:26,Utah,Jazz,UTAH,Utah Jazz,Jazz,True,104,False,401809953,2026,2,4e008e,79a3dc,3093.0,https://a.espncdn.com/i/teamlogos/nba/500/scoreboard/utah.png,,True,https://raw.githubusercontent.com/sportsdataverse/hoopR-nba-raw/main/nba/json/final/401809953.json,2025-10-24 22:00:00,2025-10-24,True,UTA @ SAC
401809950,s:40~l:46~e:401809950~c:401809950,2025-10-25,19225,True,False,False,False,2025-10-25T00:30Z,,,1,STD,516.0,American Airlines Center,Dallas,TX,True,0,0.0,4,3,STATUS_FINAL,post,True,Final,Final,Final,4,6,s:40~l:46~t:6,Dallas,Mavericks,DAL,Dallas Mavericks,Mavericks,0064b1,bbc4ca,True,516.0,https://a.espncdn.com/i/teamlogos/nba/500/scoreboard/dal.png,107,False,27,s:40~l:46~t:27,Washington,Wizards,WSH,Washington Wizards,Wizards,True,117,True,401809950,2026,2,e31837,002b5c,1823.0,https://a.espncdn.com/i/teamlogos/nba/500/scoreboard/wsh.png,,True,https://raw.githubusercontent.com/sportsdataverse/hoopR-nba-raw/main/nba/json/final/401809950.json,2025-10-24 20:30:00,2025-10-24,True,WAS @ DAL
401809947,s:40~l:46~e:401809947~c:401809947,2025-10-25,18055,True,False,False,False,2025-10-25T00:00Z,,,1,STD,1394.0,Toyota Center (Houston),Houston,TX,True,720,12:00,4,3,STATUS_FINAL,post,True,Final,Final,Final,4,10,s:40~l:46~t:10,Houston,Rockets,HOU,Houston Rockets,Rockets,ce1141,000000,True,1394.0,https://a.espncdn.com/i/teamlogos/nba/500/scoreboard/hou.png,111,False,8,s:40~l:46~t:8,Detroit,Pistons,DET,Detroit Pistons,Pistons,True,115,True,401809947,2026,2,1d428a,c8102e,5311.0,https://a.espncdn.com/i/teamlogos/nba/500/scoreboard/det.png,,True,https://raw.githubusercontent.com/sportsdataverse/hoopR-nba-raw/main/nba/json/final/401809947.json,2025-10-24 20:00:00,2025-10-24,True,DET @ HOU
401809948,s:40~l:46~e:401809948~c:401809948,2025-10-25,14641,True,False,False,False,2025-10-25T00:00Z,,,1,STD,1392.0,FedExForum,Memphis,TN,True,720,12:00,4,3,STATUS_FINAL,post,True,Final,Final,Final,4,29,s:40~l:46~t:29,Memphis,Grizzlies,MEM,Memphis Grizzlies,Grizzlies,5d76a9,12173f,True,1392.0,https://a.espncdn.com/i/teamlogos/nba/500/scoreboard/mem.png,114,False,14,s:40~l:46~t:14,Miami,Heat,MIA,Miami Heat,Heat,True,146,True,401809948,2026,2,98002e,000000,3438.0,https://a.espncdn.com/i/teamlogos/nba/500/scoreboard/mia.png,,True,https://raw.githubusercontent.com/sportsdataverse/hoopR-nba-raw/main/nba/json/final/401809948.json,2025-10-24 20:00:00,2025-10-24,True,MIA @ MEM
401809949,s:40~l:46~e:401809949~c:401809949,2025-10-25,18363,True,False,False,False,2025-10-25T00:00Z,,,1,STD,985.0,Smoothie King Center,New Orleans,LA,True,0,0.0,5,3,STATUS_FINAL,post,True,Final,Final/OT,Final/OT,4,3,s:40~l:46~t:3,New Orleans,Pelicans,NO,New Orleans Pelicans,Pelicans,0a2240,b4975a,True,985.0,https://a.espncdn.com/i/teamlogos/nba/500/scoreboard/no.png,116,False,24,s:40~l:46~t:24,San Antonio,Spurs,SA,San Antonio Spurs,Spurs,True,120,True,401809949,2026,2,000000,c4ced4,780.0,https://a.espncdn.com/i/teamlogos/nba/500/scoreboard/sa.png,OT,True,https://raw.githubusercontent.com/sportsdataverse/hoopR-nba-raw/main/nba/json/final/401809949.json,2025-10-24 20:00:00,2025-10-24,True,SAS @ NOP
401809944,s:40~l:46~e:401809944~c:401809944,2025-10-24,17548,True,False,False,False,2025-10-24T23:30Z,,,1,STD,3559.0,Barclays Center,Brooklyn,NY,True,720,12:00,4,3,STATUS_FINAL,post,True,Final,Final,Final,4,17,s:40~l:46~t:17,Brooklyn,Nets,BKN,Brooklyn Nets,Nets,000000,ffffff,True,1826.0,https://a.espncdn.com/i/teamlogos/nba/500/scoreboard/bkn.png,124,False,5,s:40~l:46~t:5,Cleveland,Cavaliers,CLE,Cleveland Cavaliers,Cavaliers,True,131,True,401809944,2026,2,860038,bc945c,3417.0,https://a.espncdn.com/i/teamlogos/nba/500/scoreboard/cle.png,,True,https://raw.githubusercontent.com/sportsdataverse/hoopR-nba-raw/main/nba/json/final/401809944.json,2025-10-24 19:30:00,2025-10-24,True,CLE @ BKN
401809945,s:40~l:46~e:401809945~c:401809945,2025-10-24,19812,True,False,False,False,2025-10-24T23:30Z,,,1,STD,1830.0,Madison Square Garden,New York,NY,True,720,12:00,4,3,STATUS_FINAL,post,True,Final,Final,Final,4,18,s:40~l:46~t:18,New York,Knicks,NY,New York Knicks,Knicks,1d428a,f58426,True,1830.0,https://a.espncdn.com/i/teamlogos/nba/500/scoreboard/ny.png,105,True,2,s:40~l:46~t:2,Boston,Celtics,BOS,Boston Celtics,Celtics,True,95,False,401809945,2026,2,008348,ffffff,1824.0,https://a.espncdn.com/i/teamlogos/nba/500/scoreboard/bos.png,,True,https://raw.githubusercontent.com/sportsdataverse/hoopR-nba-raw/main/nba/json/final/401809945.json,2025-10-24 19:30:00,2025-10-24,True,BOS @ NYK
401809943,s:40~l:46~e:401809943~c:401809943,2025-10-24,18004,True,False,False,False,2025-10-24T23:00Z,,,1,STD,3432.0,Kia Center,Orlando,FL,True,720,12:00,4,3,STATUS_FINAL,post,True,Final,Final,Final,4,19,s:40~l:46~t:19,Orlando,Magic,ORL,Orlando Magic,Magic,0150b5,9ca0a3,True,3432.0,https://a.espncdn.com/i/teamlogos/nba/500/scoreboard/orl.png,107,False,1,s:40~l:46~t:1,Atlanta,Hawks,ATL,Atlanta Hawks,Hawks,True,111,True,401809943,2026,2,c8102e,fdb927,1827.0,https://a.espncdn.com/i/teamlogos/nba/500/scoreboard/atl.png,,True,https://raw.githubusercontent.com/sportsdataverse/hoopR-nba-raw/main/nba/json/final/401809943.json,2025-10-24 19:00:00,2025-10-24,True,ATL @ ORL
401809946,s:40~l:46~e:401809946~c:401809946,2025-10-24,19615,True,False,False,False,2025-10-24T22:30Z,,,1,STD,1838.0,Scotiabank Arena,Toronto,ON,True,720,12:00,4,3,STATUS_FINAL,post,True,Final,Final,Final,4,28,s:40~l:46~t:28,Toronto,Raptors,TOR,Toronto Raptors,Raptors,d91244,000000,True,1838.0,https://a.espncdn.com/i/teamlogos/nba/500/scoreboard/tor.png,116,False,15,s:40~l:46~t:15,Milwaukee,Bucks,MIL,Milwaukee Bucks,Bucks,True,122,True,401809946,2026,2,00471b,eee1c6,2099.0,https://a.espncdn.com/i/teamlogos/nba/500/scoreboard/mil.png,,True,https://raw.githubusercontent.com/sportsdataverse/hoopR-nba-raw/main/nba/json/final/401809946.json,2025-10-24 18:30:00,2025-10-24,True,MIL @ TOR
401809237,s:40~l:46~e:401809237~c:401809237,2025-10-24,18064,True,False,False,False,2025-10-24T02:17Z,,,1,STD,6270.0,Chase Center,San Francisco,CA,True,300,5:00,5,3,STATUS_FINAL,post,True,Final,Final/OT,Final/OT,4,9,s:40~l:46~t:9,Golden State,Warriors,GS,Golden State Warriors,Warriors,fdb927,1d428a,True,2465.0,https://a.espncdn.com/i/teamlogos/nba/500/scoreboard/gs.png,137,True,7,s:40~l:46~t:7,Denver,Nuggets,DEN,Denver Nuggets,Nuggets,True,131,False,401809237,2026,2,0e2240,fec524,892.0,https://a.espncdn.com/i/teamlogos/nba/500/scoreboard/den.png,OT,True,https://raw.githubusercontent.com/sportsdataverse/hoopR-nba-raw/main/nba/json/final/401809237.json,2025-10-23 22:17:00,2025-10-23,True,DEN @ GSW
401809236,s:40~l:46~e:401809236~c:401809236,2025-10-23,17274,True,False,False,False,2025-10-23T23:30Z,,,1,STD,2183.0,Gainbridge Fieldhouse,Indianapolis,IN,True,0,0.0,6,3,STATUS_FINAL,post,True,Final,Final/2OT,Final/2OT,4,11,s:40~l:46~t:11,Indiana,Pacers,IND,Indiana Pacers,Pacers,0c2340,ffd520,True,2183.0,https://a.espncdn.com/i/teamlogos/nba/500/scoreboard/ind.png,135,False,25,s:40~l:46~t:25,Oklahoma City,Thunder,OKC,Oklahoma City Thunder,Thunder,True,141,True,401809236,2026,2,007ac1,ef3b24,2559.0,https://a.espncdn.com/i/teamlogos/nba/500/scoreboard/okc.png,2OT,True,https://raw.githubusercontent.com/sportsdataverse/hoopR-nba-raw/main/nba/json/final/401809236.json,2025-10-23 19:30:00,2025-10-23,True,OKC @ IND
401809941,s:40~l:46~e:401809941~c:401809941,2025-10-23,17071,True,False,False,False,2025-10-23T02:00Z,,,1,STD,1949.0,Mortgage Matchup Center,Phoenix,AZ,True,0,0.0,4,3,STATUS_FINAL,post,True,Final,Final,Final,4,21,s:40~l:46~t:21,Phoenix,Suns,PHX,Phoenix Suns,Suns,29127a,e56020,True,1949.0,https://a.espncdn.com/i/teamlogos/nba/500/scoreboard/phx.png,120,True,23,s:40~l:46~t:23,Sacramento,Kings,SAC,Sacramento Kings,Kings,True,116,False,401809941,2026,2,5a2d81,6a7a82,2247.0,https://a.espncdn.com/i/teamlogos/nba/500/scoreboard/sac.png,,True,https://raw.githubusercontent.com/sportsdataverse/hoopR-nba-raw/main/nba/json/final/401809941.json,2025-10-22 22:00:00,2025-10-22,True,SAC @ PHX
401809942,s:40~l:46~e:401809942~c:401809942,2025-10-23,19335,True,False,False,False,2025-10-23T02:00Z,,,1,STD,3423.0,Moda Center,Portland,OR,True,0,0.0,4,3,STATUS_FINAL,post,True,Final,Final,Final,4,22,s:40~l:46~t:22,Portland,Trail Blazers,POR,Portland Trail Blazers,Trail Blazers,e03a3e,000000,True,3423.0,https://a.espncdn.com/i/teamlogos/nba/500/scoreboard/por.png,114,False,16,s:40~l:46~t:16,Minnesota,Timberwolves,MIN,Minnesota Timberwolves,Timberwolves,True,118,True,401809942,2026,2,266092,79bc43,2029.0,https://a.espncdn.com/i/teamlogos/nba/500/scoreboard/min.png,,True,https://raw.githubusercontent.com/sportsdataverse/hoopR-nba-raw/main/nba/json/final/401809942.json,2025-10-22 22:00:00,2025-10-22,True,MIN @ POR
401809235,s:40~l:46~e:401809235~c:401809235,2025-10-23,20122,True,False,False,False,2025-10-23T01:47Z,,,1,STD,516.0,American Airlines Center,Dallas,TX,True,0,0.0,4,3,STATUS_FINAL,post,True,Final,Final,Final,4,6,s:40~l:46~t:6,Dallas,Mavericks,DAL,Dallas Mavericks,Mavericks,0064b1,bbc4ca,True,516.0,https://a.espncdn.com/i/teamlogos/nba/500/scoreboard/dal.png,92,False,24,s:40~l:46~t:24,San Antonio,Spurs,SA,San Antonio Spurs,Spurs,True,125,True,401809235,2026,2,000000,c4ced4,780.0,https://a.espncdn.com/i/teamlogos/nba/500/scoreboard/sa.png,,True,https://raw.githubusercontent.com/sportsdataverse/hoopR-nba-raw/main/nba/json/final/401809235.json,2025-10-22 21:47:00,2025-10-22,True,SAS @ DAL
401809940,s:40~l:46~e:401809940~c:401809940,2025-10-23,18186,True,False,False,False,2025-10-23T01:00Z,,,1,STD,3093.0,Delta Center,Salt Lake City,UT,True,0,0.0,4,3,STATUS_FINAL,post,True,Final,Final,Final,4,26,s:40~l:46~t:26,Utah,Jazz,UTAH,Utah Jazz,Jazz,4e008e,79a3dc,True,3093.0,https://a.espncdn.com/i/teamlogos/nba/500/scoreboard/utah.png,129,True,12,s:40~l:46~t:12,LA,Clippers,LAC,LA Clippers,Clippers,True,108,False,401809940,2026,2,12173f,c8102e,1841.0,https://a.espncdn.com/i/teamlogos/nba/500/scoreboard/lac.png,,True,https://raw.githubusercontent.com/sportsdataverse/hoopR-nba-raw/main/nba/json/final/401809940.json,2025-10-22 21:00:00,2025-10-22,True,LAC @ UTA
401809937,s:40~l:46~e:401809937~c:401809937,2025-10-23,21381,True,False,False,False,2025-10-23T00:00Z,,,1,STD,1847.0,United Center,Chicago,IL,True,0,0.0,4,3,STATUS_FINAL,post,True,Final,Final,Final,4,4,s:40~l:46~t:4,Chicago,Bulls,CHI,Chicago Bulls,Bulls,ce1141,000000,True,1847.0,https://a.espncdn.com/i/teamlogos/nba/500/scoreboard/chi.png,115,True,8,s:40~l:46~t:8,Detroit,Pistons,DET,Detroit Pistons,Pistons,True,111,False,401809937,2026,2,1d428a,c8102e,5311.0,https://a.espncdn.com/i/teamlogos/nba/500/scoreboard/det.png,,True,https://raw.githubusercontent.com/sportsdataverse/hoopR-nba-raw/main/nba/json/final/401809937.json,2025-10-22 20:00:00,2025-10-22,True,DET @ CHI
401809938,s:40~l:46~e:401809938~c:401809938,2025-10-23,17794,True,False,False,False,2025-10-23T00:00Z,,,1,STD,1392.0,FedExForum,Memphis,TN,True,0,0.0,4,3,STATUS_FINAL,post,True,Final,Final,Final,4,29,s:40~l:46~t:29,Memphis,Grizzlies,MEM,Memphis Grizzlies,Grizzlies,5d76a9,12173f,True,1392.0,https://a.espncdn.com/i/teamlogos/nba/500/scoreboard/mem.png,128,True,3,s:40~l:46~t:3,New Orleans,Pelicans,NO,New Orleans Pelicans,Pelicans,True,122,False,401809938,2026,2,0a2240,b4975a,985.0,https://a.espncdn.com/i/teamlogos/nba/500/scoreboard/no.png,,True,https://raw.githubusercontent.com/sportsdataverse/hoopR-nba-raw/main/nba/json/final/401809938.json,2025-10-22 20:00:00,2025-10-22,True,NOP @ MEM
401809939,s:40~l:46~e:401809939~c:401809939,2025-10-23,17341,True,False,False,False,2025-10-23T00:00Z,,,1,STD,5777.0,Fiserv Forum,Milwaukee,WI,True,0,0.0,4,3,STATUS_FINAL,post,True,Final,Final,Final,4,15,s:40~l:46~t:15,Milwaukee,Bucks,MIL,Milwaukee Bucks,Bucks,00471b,eee1c6,True,2099.0,https://a.espncdn.com/i/teamlogos/nba/500/scoreboard/mil.png,133,True,27,s:40~l:46~t:27,Washington,Wizards,WSH,Washington Wizards,Wizards,True,120,False,401809939,2026,2,e31837,002b5c,1823.0,https://a.espncdn.com/i/teamlogos/nba/500/scoreboard/wsh.png,,True,https://raw.githubusercontent.com/sportsdataverse/hoopR-nba-raw/main/nba/json/final/401809939.json,2025-10-22 20:00:00,2025-10-22,True,WAS @ MIL
401809935,s:40~l:46~e:401809935~c:401809935,2025-10-22,17811,True,False,False,False,2025-10-22T23:30Z,,,1,STD,1827.0,State Farm Arena,Atlanta,GA,True,0,0.0,4,3,STATUS_FINAL,post,True,Final,Final,Final,4,1,s:40~l:46~t:1,Atlanta,Hawks,ATL,Atlanta Hawks,Hawks,c8102e,fdb927,True,1827.0,https://a.espncdn.com/i/teamlogos/nba/500/scoreboard/atl.png,118,False,28,s:40~l:46~t:28,Toronto,Raptors,TOR,Toronto Raptors,Raptors,True,138,True,401809935,2026,2,d91244,000000,1838.0,https://a.espncdn.com/i/teamlogos/nba/500/scoreboard/tor.png,,True,https://raw.githubusercontent.com/sportsdataverse/hoopR-nba-raw/main/nba/json/final/401809935.json,2025-10-22 19:30:00,2025-10-22,True,TOR @ ATL
401809936,s:40~l:46~e:401809936~c:401809936,2025-10-22,19156,True,False,False,False,2025-10-22T23:30Z,,,1,STD,1824.0,TD Garden,Boston,MA,True,0,0.0,4,3,STATUS_FINAL,post,True,Final,Final,Final,4,2,s:40~l:46~t:2,Boston,Celtics,BOS,Boston Celtics,Celtics,008348,ffffff,True,1824.0,https://a.espncdn.com/i/teamlogos/nba/500/scoreboard/bos.png,116,False,20,s:40~l:46~t:20,Philadelphia,76ers,PHI,Philadelphia 76ers,76ers,True,117,True,401809936,2026,2,1d428a,e01234,1845.0,https://a.espncdn.com/i/teamlogos/nba/500/scoreboard/phi.png,,True,https://raw.githubusercontent.com/sportsdataverse/hoopR-nba-raw/main/nba/json/final/401809936.json,2025-10-22 19:30:00,2025-10-22,True,PHI @ BOS
401809234,s:40~l:46~e:401809234~c:401809234,2025-10-22,19812,True,False,False,False,2025-10-22T23:00Z,,,1,STD,1830.0,Madison Square Garden,New York,NY,True,0,0.0,4,3,STATUS_FINAL,post,True,Final,Final,Final,4,18,s:40~l:46~t:18,New York,Knicks,NY,New York Knicks,Knicks,1d428a,f58426,True,1830.0,https://a.espncdn.com/i/teamlogos/nba/500/scoreboard/ny.png,119,True,5,s:40~l:46~t:5,Cleveland,Cavaliers,CLE,Cleveland Cavaliers,Cavaliers,True,111,False,401809234,2026,2,860038,bc945c,3417.0,https://a.espncdn.com/i/teamlogos/nba/500/scoreboard/cle.png,,True,https://raw.githubusercontent.com/sportsdataverse/hoopR-nba-raw/main/nba/json/final/401809234.json,2025-10-22 19:00:00,2025-10-22,True,CLE @ NYK
401809933,s:40~l:46~e:401809933~c:401809933,2025-10-22,19516,True,False,False,False,2025-10-22T23:00Z,,,1,STD,1893.0,Spectrum Center,Charlotte,NC,True,0,0.0,4,3,STATUS_FINAL,post,True,Final,Final,Final,4,30,s:40~l:46~t:30,Charlotte,Hornets,CHA,Charlotte Hornets,Hornets,008ca8,1d1060,True,1893.0,https://a.espncdn.com/i/teamlogos/nba/500/scoreboard/cha.png,136,True,17,s:40~l:46~t:17,Brooklyn,Nets,BKN,Brooklyn Nets,Nets,True,117,False,401809933,2026,2,000000,ffffff,1826.0,https://a.espncdn.com/i/teamlogos/nba/500/scoreboard/bkn.png,,True,https://raw.githubusercontent.com/sportsdataverse/hoopR-nba-raw/main/nba/json/final/401809933.json,2025-10-22 19:00:00,2025-10-22,True,BKN @ CHA
401809934,s:40~l:46~e:401809934~c:401809934,2025-10-22,19186,True,False,False,False,2025-10-22T23:00Z,,,1,STD,3432.0,Kia Center,Orlando,FL,True,0,0.0,4,3,STATUS_FINAL,post,True,Final,Final,Final,4,19,s:40~l:46~t:19,Orlando,Magic,ORL,Orlando Magic,Magic,0150b5,9ca0a3,True,3432.0,https://a.espncdn.com/i/teamlogos/nba/500/scoreboard/orl.png,125,True,14,s:40~l:46~t:14,Miami,Heat,MIA,Miami Heat,Heat,True,121,False,401809934,2026,2,98002e,000000,3438.0,https://a.espncdn.com/i/teamlogos/nba/500/scoreboard/mia.png,,True,https://raw.githubusercontent.com/sportsdataverse/hoopR-nba-raw/main/nba/json/final/401809934.json,2025-10-22 19:00:00,2025-10-22,True,MIA @ ORL
401809244,s:40~l:46~e:401809244~c:401809244,2025-10-22,18997,True,False,False,False,2025-10-22T02:00Z,,,1,STD,1841.0,crypto.com Arena,Los Angeles,CA,True,0,0.0,4,3,STATUS_FINAL,post,True,Final,Final,Final,4,13,s:40~l:46~t:13,Los Angeles,Lakers,LAL,Los Angeles Lakers,Lakers,552583,fdb927,True,1841.0,https://a.espncdn.com/i/teamlogos/nba/500/scoreboard/lal.png,109,False,9,s:40~l:46~t:9,Golden State,Warriors,GS,Golden State Warriors,Warriors,True,119,True,401809244,2026,2,fdb927,1d428a,2465.0,https://a.espncdn.com/i/teamlogos/nba/500/scoreboard/gs.png,,True,https://raw.githubusercontent.com/sportsdataverse/hoopR-nba-raw/main/nba/json/final/401809244.json,2025-10-21 22:00:00,2025-10-21,True,GSW @ LAL
401809243,s:40~l:46~e:401809243~c:401809243,2025-10-21,18203,True,False,False,False,2025-10-21T23:30Z,,,1,STD,2559.0,Paycom Center,Oklahoma City,OK,True,0,0.0,6,3,STATUS_FINAL,post,True,Final,Final/2OT,Final/2OT,4,25,s:40~l:46~t:25,Oklahoma City,Thunder,OKC,Oklahoma City Thunder,Thunder,007ac1,ef3b24,True,2559.0,https://a.espncdn.com/i/teamlogos/nba/500/scoreboard/okc.png,125,True,10,s:40~l:46~t:10,Houston,Rockets,HOU,Houston Rockets,Rockets,True,124,False,401809243,2026,2,ce1141,000000,1394.0,https://a.espncdn.com/i/teamlogos/nba/500/scoreboard/hou.png,2OT,True,https://raw.githubusercontent.com/sportsdataverse/hoopR-nba-raw/main/nba/json/final/401809243.json,2025-10-21 19:30:00,2025-10-21,True,HOU @ OKC
