game_play_number,id,sequence_number,type_id,type_text,text,away_score,home_score,period_number,period_display_value,clock_display_value,scoring_play,score_value,team_id,athlete_id_1,athlete_id_2,athlete_id_3,wallclock,shooting_play,coordinate_x_raw,coordinate_y_raw,points_attempted,short_description,season,season_type,home_team_id,home_team_name,home_team_mascot,home_team_abbrev,home_team_name_alt,away_team_id,away_team_name,away_team_mascot,away_team_abbrev,away_team_name_alt,game_spread,home_favorite,game_spread_available,home_team_spread,qtr,time,clock_minutes,clock_seconds,home_timeout_called,away_timeout_called,half,game_half,lead_qtr,lead_half,start_quarter_seconds_remaining,start_half_seconds_remaining,start_game_seconds_remaining,end_quarter_seconds_remaining,end_half_seconds_remaining,end_game_seconds_remaining,period,lag_qtr,lag_half,coordinate_x,coordinate_y,game_date,game_date_time,type_abbreviation
1,4018092434,4,615,Jumpball,Steven Adams vs. Chet Holmgren (Amen Thompson gains possession),0,0,1,1st Quarter,12:00,FALSE,0,10,2991235,4433255,4684740,2025-10-21T23:43:27Z,FALSE,-214748340,-214748365,0,Jump Ball,2026,2,25,Oklahoma City,Thunder,OKC,Oklahoma City,10,Houston,Rockets,HOU,Houston,2.5,TRUE,FALSE,2.5,1,12:00,12,0,FALSE,FALSE,1,1,1,1,720,1440,2880,720,1440,2880,1,,,-214748406.75,-214748365,2025-10-21,2025-10-21T23:30:00Z,
2,4018092438,8,92,Jump Shot,Alperen Sengun misses 25-foot three point jumper,0,0,1,1st Quarter,11:36,FALSE,0,10,4871144,,,2025-10-21T23:43:59Z,TRUE,7,18,3,Missed 3PT,2026,2,25,Oklahoma City,Thunder,OKC,Oklahoma City,10,Houston,Rockets,HOU,Houston,2.5,TRUE,FALSE,2.5,1,11:36,11,36,FALSE,FALSE,1,1,1,1,696,1416,2856,691,1411,2851,1,1,1,-23.75,-18,2025-10-21,2025-10-21T23:30:00Z,
3,4018092439,9,155,Defensive Rebound,Cason Wallace defensive rebound,0,0,1,1st Quarter,11:31,FALSE,0,25,4683692,,,2025-10-21T23:44:04Z,FALSE,7,18,0,Rebound,2026,2,25,Oklahoma City,Thunder,OKC,Oklahoma City,10,Houston,Rockets,HOU,Houston,2.5,TRUE,FALSE,2.5,1,11:31,11,31,FALSE,FALSE,1,1,1,1,691,1411,2851,686,1406,2846,1,1,1,23.75,18,2025-10-21,2025-10-21T23:30:00Z,
4,40180924310,10,141,Cutting Layup Shot,Chet Holmgren makes 1-foot layup (Luguentz Dort assists),0,2,1,1st Quarter,11:26,TRUE,2,25,4433255,4397020,,2025-10-21T23:44:12Z,TRUE,25,2,2,+2 Points,2026,2,25,Oklahoma City,Thunder,OKC,Oklahoma City,10,Houston,Rockets,HOU,Houston,2.5,TRUE,FALSE,2.5,1,11:26,11,26,FALSE,FALSE,1,1,1,1,686,1406,2846,686,1406,2846,1,1,1,39.75,-0,2025-10-21,2025-10-21T23:30:00Z,
5,40180924312,12,44,Shooting Foul,Jabari Smith Jr. shooting foul,0,2,1,1st Quarter,11:26,FALSE,0,10,4432639,,,2025-10-21T23:44:14Z,FALSE,26,2,0,Foul,2026,2,25,Oklahoma City,Thunder,OKC,Oklahoma City,10,Houston,Rockets,HOU,Houston,2.5,TRUE,FALSE,2.5,1,11:26,11,26,FALSE,FALSE,1,1,1,1,686,1406,2846,686,1406,2846,1,1,1,-39.75,1,2025-10-21,2025-10-21T23:30:00Z,
6,40180924314,14,97,Free Throw - 1 of 1,Chet Holmgren makes free throw 1 of 1,0,3,1,1st Quarter,11:26,TRUE,1,25,4433255,,,2025-10-21T23:44:48Z,TRUE,25,13.75,1,+1 Point,2026,2,25,Oklahoma City,Thunder,OKC,Oklahoma City,10,Houston,Rockets,HOU,Houston,2.5,TRUE,FALSE,2.5,1,11:26,11,26,FALSE,FALSE,1,1,1,1,686,1406,2846,668,1388,2828,1,1,1,28,-0,2025-10-21,2025-10-21T23:30:00Z,
7,40180924315,15,92,Jump Shot,Amen Thompson misses 23-foot three point jumper,0,3,1,1st Quarter,11:08,FALSE,0,10,4684740,,,2025-10-21T23:45:08Z,TRUE,48,0,3,Missed 3PT,2026,2,25,Oklahoma City,Thunder,OKC,Oklahoma City,10,Houston,Rockets,HOU,Houston,2.5,TRUE,FALSE,2.5,1,11:08,11,8,FALSE,FALSE,1,1,1,1,668,1388,2828,664,1384,2824,1,1,1,-41.75,23,2025-10-21,2025-10-21T23:30:00Z,
8,40180924316,16,156,Offensive Rebound,Jabari Smith Jr. offensive rebound,0,3,1,1st Quarter,11:04,FALSE,0,10,4432639,,,2025-10-21T23:45:12Z,FALSE,48,0,0,Rebound,2026,2,25,Oklahoma City,Thunder,OKC,Oklahoma City,10,Houston,Rockets,HOU,Houston,2.5,TRUE,FALSE,2.5,1,11:04,11,4,FALSE,FALSE,1,1,1,1,664,1384,2824,662,1382,2822,1,1,1,-41.75,23,2025-10-21,2025-10-21T23:30:00Z,
9,40180924317,17,125,Layup Shot Putback,Jabari Smith Jr. makes two point shot,2,3,1,1st Quarter,11:02,TRUE,2,10,4432639,,,2025-10-21T23:45:13Z,TRUE,24,0,2,+2 Points,2026,2,25,Oklahoma City,Thunder,OKC,Oklahoma City,10,Houston,Rockets,HOU,Houston,2.5,TRUE,FALSE,2.5,1,11:02,11,2,FALSE,FALSE,1,1,1,1,662,1382,2822,650,1370,2810,1,1,1,-41.75,-1,2025-10-21,2025-10-21T23:30:00Z,
10,40180924318,18,130,Floating Jump Shot,Chet Holmgren makes 7-foot two point shot (Cason Wallace assists),2,5,1,1st Quarter,10:50,TRUE,2,25,4433255,4683692,,2025-10-21T23:45:25Z,TRUE,31,4,2,+2 Points,2026,2,25,Oklahoma City,Thunder,OKC,Oklahoma City,10,Houston,Rockets,HOU,Houston,2.5,TRUE,FALSE,2.5,1,10:50,10,50,FALSE,FALSE,1,1,1,1,650,1370,2810,640,1360,2800,1,1,1,37.75,-6,2025-10-21,2025-10-21T23:30:00Z,
11,40180924320,20,12,Kicked Ball,Chet Holmgren kicked ball violation,2,5,1,1st Quarter,10:40,FALSE,0,25,4433255,,,2025-10-21T23:45:40Z,FALSE,-214748340,-214748365,0,Violation,2026,2,25,Oklahoma City,Thunder,OKC,Oklahoma City,10,Houston,Rockets,HOU,Houston,2.5,TRUE,FALSE,2.5,1,10:40,10,40,FALSE,FALSE,1,1,1,1,640,1360,2800,624,1344,2784,1,1,1,214748406.75,214748365,2025-10-21,2025-10-21T23:30:00Z,
12,40180924321,21,131,Pullup Jump Shot,Alperen Sengun misses 15-foot pullup jump shot,2,5,1,1st Quarter,10:24,FALSE,0,10,4871144,,,2025-10-21T23:46:25Z,TRUE,32,13,2,Missed FG,2026,2,25,Oklahoma City,Thunder,OKC,Oklahoma City,10,Houston,Rockets,HOU,Houston,2.5,TRUE,FALSE,2.5,1,10:24,10,24,FALSE,FALSE,1,1,1,1,624,1344,2784,624,1344,2784,1,1,1,-28.75,7,2025-10-21,2025-10-21T23:30:00Z,
13,40180924323,23,156,Offensive Rebound,Rockets offensive team rebound,2,5,1,1st Quarter,10:24,FALSE,0,10,,,,2025-10-21T23:46:25Z,FALSE,32,13,0,Rebound,2026,2,25,Oklahoma City,Thunder,OKC,Oklahoma City,10,Houston,Rockets,HOU,Houston,2.5,TRUE,FALSE,2.5,1,10:24,10,24,FALSE,FALSE,1,1,1,1,624,1344,2784,624,1344,2784,1,1,1,-28.75,7,2025-10-21,2025-10-21T23:30:00Z,
14,40180924324,24,70,Shot Clock Turnover,shot clock turnover ,2,5,1,1st Quarter,10:24,FALSE,0,10,,,,2025-10-21T23:46:28Z,FALSE,26,3,0,Turnover,2026,2,25,Oklahoma City,Thunder,OKC,Oklahoma City,10,Houston,Rockets,HOU,Houston,2.5,TRUE,FALSE,2.5,1,10:24,10,24,FALSE,FALSE,1,1,1,1,624,1344,2784,611,1331,2771,1,1,1,-38.75,1,2025-10-21,2025-10-21T23:30:00Z,
15,40180924325,25,62,"Bad Pass
Turnover",Shai Gilgeous-Alexander bad pass (Alperen Sengun steals),2,5,1,1st Quarter,10:11,FALSE,0,25,4278073,4871144,,2025-10-21T23:46:45Z,FALSE,19,4,0,Turnover,2026,2,25,Oklahoma City,Thunder,OKC,Oklahoma City,10,Houston,Rockets,HOU,Houston,2.5,TRUE,FALSE,2.5,1,10:11,10,11,FALSE,FALSE,1,1,1,1,611,1331,2771,607,1327,2767,1,1,1,37.75,6,2025-10-21,2025-10-21T23:30:00Z,
16,40180924327,27,109,Running Layup Shot,Kevin Durant makes two point shot (Amen Thompson assists),4,5,1,1st Quarter,10:07,TRUE,2,10,3202,4684740,,2025-10-21T23:46:50Z,TRUE,25,0,2,+2 Points,2026,2,25,Oklahoma City,Thunder,OKC,Oklahoma City,10,Houston,Rockets,HOU,Houston,2.5,TRUE,FALSE,2.5,1,10:07,10,7,FALSE,FALSE,1,1,1,1,607,1327,2767,592,1312,2752,1,1,1,-41.75,0,2025-10-21,2025-10-21T23:30:00Z,
17,40180924329,29,137,Turnaround Fade Away Jump Shot,Chet Holmgren makes 13-foot two point shot,4,7,1,1st Quarter,9:52,TRUE,2,25,4433255,,,2025-10-21T23:47:04Z,TRUE,31,12,2,+2 Points,2026,2,25,Oklahoma City,Thunder,OKC,Oklahoma City,10,Houston,Rockets,HOU,Houston,2.5,TRUE,FALSE,2.5,1,9:52,9,52,FALSE,FALSE,1,1,1,1,592,1312,2752,575,1295,2735,1,1,1,29.75,-6,2025-10-21,2025-10-21T23:30:00Z,
18,40180924330,30,92,Jump Shot,Jabari Smith Jr. makes 26-foot three point jumper (Amen Thompson assists),7,7,1,1st Quarter,9:35,TRUE,3,10,4432639,4684740,,2025-10-21T23:47:21Z,TRUE,41,20,3,+3 Points,2026,2,25,Oklahoma City,Thunder,OKC,Oklahoma City,10,Houston,Rockets,HOU,Houston,2.5,TRUE,FALSE,2.5,1,9:35,9,35,FALSE,FALSE,1,1,1,1,575,1295,2735,561,1281,2721,1,1,1,-21.75,16,2025-10-21,2025-10-21T23:30:00Z,
19,40180924332,32,92,Jump Shot,Cason Wallace misses 26-foot three point jumper,7,7,1,1st Quarter,9:21,FALSE,0,25,4683692,,,2025-10-21T23:47:35Z,TRUE,32,25,3,Missed 3PT,2026,2,25,Oklahoma City,Thunder,OKC,Oklahoma City,10,Houston,Rockets,HOU,Houston,2.5,TRUE,FALSE,2.5,1,9:21,9,21,FALSE,FALSE,1,1,1,1,561,1281,2721,557,1277,2717,1,1,1,16.75,-7,2025-10-21,2025-10-21T23:30:00Z,
20,40180924333,33,155,Defensive Rebound,Alperen Sengun defensive rebound,7,7,1,1st Quarter,9:17,FALSE,0,10,4871144,,,2025-10-21T23:47:39Z,FALSE,32,25,0,Rebound,2026,2,25,Oklahoma City,Thunder,OKC,Oklahoma City,10,Houston,Rockets,HOU,Houston,2.5,TRUE,FALSE,2.5,1,9:17,9,17,FALSE,FALSE,1,1,1,1,557,1277,2717,546,1266,2706,1,1,1,-16.75,7,2025-10-21,2025-10-21T23:30:00Z,
21,40180924334,34,131,Pullup Jump Shot,Kevin Durant misses 9-foot pullup jump shot,7,7,1,1st Quarter,9:06,FALSE,0,10,3202,,,2025-10-21T23:47:51Z,TRUE,34,4,2,Missed FG,2026,2,25,Oklahoma City,Thunder,OKC,Oklahoma City,10,Houston,Rockets,HOU,Houston,2.5,TRUE,FALSE,2.5,1,9:06,9,6,FALSE,FALSE,1,1,1,1,546,1266,2706,544,1264,2704,1,1,1,-37.75,9,2025-10-21,2025-10-21T23:30:00Z,
22,40180924335,35,155,Defensive Rebound,Chet Holmgren defensive rebound,7,7,1,1st Quarter,9:04,FALSE,0,25,4433255,,,2025-10-21T23:47:53Z,FALSE,34,4,0,Rebound,2026,2,25,Oklahoma City,Thunder,OKC,Oklahoma City,10,Houston,Rockets,HOU,Houston,2.5,TRUE,FALSE,2.5,1,9:04,9,4,FALSE,FALSE,1,1,1,1,544,1264,2704,537,1257,2697,1,1,1,37.75,-9,2025-10-21,2025-10-21T23:30:00Z,
23,40180924336,36,132,Step Back Jump Shot,Shai Gilgeous-Alexander misses 25-foot three point step back jumpshot,7,7,1,1st Quarter,8:57,FALSE,0,25,4278073,,,2025-10-21T23:48:00Z,TRUE,3,13,3,Missed 3PT,2026,2,25,Oklahoma City,Thunder,OKC,Oklahoma City,10,Houston,Rockets,HOU,Houston,2.5,TRUE,FALSE,2.5,1,8:57,8,57,FALSE,FALSE,1,1,1,1,537,1257,2697,534,1254,2694,1,1,1,28.75,22,2025-10-21,2025-10-21T23:30:00Z,
24,40180924337,37,156,Offensive Rebound,Isaiah Hartenstein offensive rebound,7,7,1,1st Quarter,8:54,FALSE,0,25,4222252,,,2025-10-21T23:48:03Z,FALSE,3,13,0,Rebound,2026,2,25,Oklahoma City,Thunder,OKC,Oklahoma City,10,Houston,Rockets,HOU,Houston,2.5,TRUE,FALSE,2.5,1,8:54,8,54,FALSE,FALSE,1,1,1,1,534,1254,2694,529,1249,2689,1,1,1,28.75,22,2025-10-21,2025-10-21T23:30:00Z,
25,40180924338,38,115,Driving Dunk Shot,Luguentz Dort makes 1-foot driving dunk,7,9,1,1st Quarter,8:49,TRUE,2,25,4397020,,,2025-10-21T23:48:07Z,TRUE,24,1,2,+2 Points,2026,2,25,Oklahoma City,Thunder,OKC,Oklahoma City,10,Houston,Rockets,HOU,Houston,2.5,TRUE,FALSE,2.5,1,8:49,8,49,FALSE,FALSE,1,1,1,1,529,1249,2689,500,1220,2660,1,1,1,40.75,1,2025-10-21,2025-10-21T23:30:00Z,
26,40180924339,39,92,Jump Shot,Amen Thompson misses 23-foot three point jumper,7,9,1,1st Quarter,8:20,FALSE,0,10,4684740,,,2025-10-21T23:48:36Z,TRUE,48,4,3,Missed 3PT,2026,2,25,Oklahoma City,Thunder,OKC,Oklahoma City,10,Houston,Rockets,HOU,Houston,2.5,TRUE,FALSE,2.5,1,8:20,8,20,FALSE,FALSE,1,1,1,1,500,1220,2660,498,1218,2658,1,1,1,-37.75,23,2025-10-21,2025-10-21T23:30:00Z,
27,40180924340,40,156,Offensive Rebound,Steven Adams offensive rebound,7,9,1,1st Quarter,8:18,FALSE,0,10,2991235,,,2025-10-21T23:48:38Z,FALSE,48,4,0,Rebound,2026,2,25,Oklahoma City,Thunder,OKC,Oklahoma City,10,Houston,Rockets,HOU,Houston,2.5,TRUE,FALSE,2.5,1,8:18,8,18,FALSE,FALSE,1,1,1,1,498,1218,2658,497,1217,2657,1,1,1,-37.75,23,2025-10-21,2025-10-21T23:30:00Z,
28,40180924341,41,131,Pullup Jump Shot,Amen Thompson makes 3-foot pullup jump shot (Steven Adams assists),9,9,1,1st Quarter,8:17,TRUE,2,10,4684740,2991235,,2025-10-21T23:48:43Z,TRUE,26,4,2,+2 Points,2026,2,25,Oklahoma City,Thunder,OKC,Oklahoma City,10,Houston,Rockets,HOU,Houston,2.5,TRUE,FALSE,2.5,1,8:17,8,17,FALSE,FALSE,1,1,1,1,497,1217,2657,497,1217,2657,1,1,1,-37.75,1,2025-10-21,2025-10-21T23:30:00Z,
29,40180924343,43,44,Shooting Foul,Cason Wallace shooting foul,9,9,1,1st Quarter,8:17,FALSE,0,25,4683692,,,2025-10-21T23:48:45Z,FALSE,25,4,0,Foul,2026,2,25,Oklahoma City,Thunder,OKC,Oklahoma City,10,Houston,Rockets,HOU,Houston,2.5,TRUE,FALSE,2.5,1,8:17,8,17,FALSE,FALSE,1,1,1,1,497,1217,2657,497,1217,2657,1,1,1,37.75,-0,2025-10-21,2025-10-21T23:30:00Z,
30,40180924345,45,97,Free Throw - 1 of 1,Amen Thompson makes free throw 1 of 1,10,9,1,1st Quarter,8:17,TRUE,1,10,4684740,,,2025-10-21T23:49:22Z,TRUE,25,13.75,1,+1 Point,2026,2,25,Oklahoma City,Thunder,OKC,Oklahoma City,10,Houston,Rockets,HOU,Houston,2.5,TRUE,FALSE,2.5,1,8:17,8,17,FALSE,FALSE,1,1,1,1,497,1217,2657,487,1207,2647,1,1,1,-28,0,2025-10-21,2025-10-21T23:30:00Z,
31,40180924346,46,63,Lost Ball Turnover,Chet Holmgren lost ball turnover (Alperen Sengun steals),10,9,1,1st Quarter,8:07,FALSE,0,25,4433255,4871144,,2025-10-21T23:49:35Z,FALSE,20,11,0,Turnover,2026,2,25,Oklahoma City,Thunder,OKC,Oklahoma City,10,Houston,Rockets,HOU,Houston,2.5,TRUE,FALSE,2.5,1,8:07,8,7,FALSE,FALSE,1,1,1,1,487,1207,2647,483,1203,2643,1,1,1,30.75,5,2025-10-21,2025-10-21T23:30:00Z,
32,40180924348,48,146,Running Pullup Jump Shot,Jabari Smith Jr. misses running pullup jump shot,10,9,1,1st Quarter,8:03,FALSE,0,10,4432639,,,2025-10-21T23:49:40Z,TRUE,42,21,3,Missed 3PT,2026,2,25,Oklahoma City,Thunder,OKC,Oklahoma City,10,Houston,Rockets,HOU,Houston,2.5,TRUE,FALSE,2.5,1,8:03,8,3,FALSE,FALSE,1,1,1,1,483,1203,2643,480,1200,2640,1,1,1,-20.75,17,2025-10-21,2025-10-21T23:30:00Z,
33,40180924349,49,155,Defensive Rebound,Isaiah Hartenstein defensive rebound,10,9,1,1st Quarter,8:00,FALSE,0,25,4222252,,,2025-10-21T23:49:43Z,FALSE,42,21,0,Rebound,2026,2,25,Oklahoma City,Thunder,OKC,Oklahoma City,10,Houston,Rockets,HOU,Houston,2.5,TRUE,FALSE,2.5,1,8:00,8,0,FALSE,FALSE,1,1,1,1,480,1200,2640,469,1189,2629,1,1,1,20.75,-17,2025-10-21,2025-10-21T23:30:00Z,
34,40180924350,50,144,Driving Floating Jump Shot,Isaiah Hartenstein misses driving floating jump shot,10,9,1,1st Quarter,7:49,FALSE,0,25,4222252,,,2025-10-21T23:49:54Z,TRUE,26,12,2,Missed FG,2026,2,25,Oklahoma City,Thunder,OKC,Oklahoma City,10,Houston,Rockets,HOU,Houston,2.5,TRUE,FALSE,2.5,1,7:49,7,49,FALSE,FALSE,1,1,1,1,469,1189,2629,467,1187,2627,1,1,1,29.75,-1,2025-10-21,2025-10-21T23:30:00Z,
35,40180924351,51,156,Offensive Rebound,Isaiah Hartenstein offensive rebound,10,9,1,1st Quarter,7:47,FALSE,0,25,4222252,,,2025-10-21T23:49:56Z,FALSE,26,12,0,Rebound,2026,2,25,Oklahoma City,Thunder,OKC,Oklahoma City,10,Houston,Rockets,HOU,Houston,2.5,TRUE,FALSE,2.5,1,7:47,7,47,FALSE,FALSE,1,1,1,1,467,1187,2627,465,1185,2625,1,1,1,29.75,-1,2025-10-21,2025-10-21T23:30:00Z,
36,40180924352,52,92,Jump Shot,Isaiah Hartenstein misses 8-foot jumper,10,9,1,1st Quarter,7:45,FALSE,0,25,4222252,,,2025-10-21T23:49:57Z,TRUE,17,4,2,Missed FG,2026,2,25,Oklahoma City,Thunder,OKC,Oklahoma City,10,Houston,Rockets,HOU,Houston,2.5,TRUE,FALSE,2.5,1,7:45,7,45,FALSE,FALSE,1,1,1,1,465,1185,2625,464,1184,2624,1,1,1,37.75,8,2025-10-21,2025-10-21T23:30:00Z,
37,40180924353,53,156,Offensive Rebound,Thunder offensive team rebound,10,9,1,1st Quarter,7:44,FALSE,0,25,,,,2025-10-21T23:49:58Z,FALSE,17,4,0,Rebound,2026,2,25,Oklahoma City,Thunder,OKC,Oklahoma City,10,Houston,Rockets,HOU,Houston,2.5,TRUE,FALSE,2.5,1,7:44,7,44,FALSE,FALSE,1,1,1,1,464,1184,2624,462,1182,2622,1,1,1,37.75,8,2025-10-21,2025-10-21T23:30:00Z,
38,40180924355,55,92,Jump Shot,Chet Holmgren makes 23-foot jumper (Luguentz Dort assists),10,11,1,1st Quarter,7:42,TRUE,2,25,4433255,4397020,,2025-10-21T23:50:18Z,TRUE,46,10,2,+2 Points,2026,2,25,Oklahoma City,Thunder,OKC,Oklahoma City,10,Houston,Rockets,HOU,Houston,2.5,TRUE,FALSE,2.5,1,7:42,7,42,FALSE,FALSE,1,1,1,1,462,1182,2622,446,1166,2606,1,1,1,31.75,-21,2025-10-21,2025-10-21T23:30:00Z,
39,40180924357,57,131,Pullup Jump Shot,Amen Thompson makes 23-foot pullup jump shot,12,11,1,1st Quarter,7:26,TRUE,2,10,4684740,,,2025-10-21T23:50:33Z,TRUE,25,23,2,+2 Points,2026,2,25,Oklahoma City,Thunder,OKC,Oklahoma City,10,Houston,Rockets,HOU,Houston,2.5,TRUE,FALSE,2.5,1,7:26,7,26,FALSE,FALSE,1,1,1,1,446,1166,2606,430,1150,2590,1,1,1,-18.75,0,2025-10-21,2025-10-21T23:30:00Z,
40,40180924358,58,92,Jump Shot,Chet Holmgren makes 13-foot jumper (Shai Gilgeous-Alexander assists),12,13,1,1st Quarter,7:10,TRUE,2,25,4433255,4278073,,2025-10-21T23:50:49Z,TRUE,25,14,2,+2 Points,2026,2,25,Oklahoma City,Thunder,OKC,Oklahoma City,10,Houston,Rockets,HOU,Houston,2.5,TRUE,FALSE,2.5,1,7:10,7,10,FALSE,FALSE,1,1,1,1,430,1150,2590,430,1150,2590,1,1,1,27.75,-0,2025-10-21,2025-10-21T23:30:00Z,
41,40180924360,60,16,Full Timeout,Rockets Full timeout,12,13,1,1st Quarter,7:10,FALSE,0,10,,,,2025-10-21T23:50:54Z,FALSE,-214748340,-214748365,0,Timeout,2026,2,25,Oklahoma City,Thunder,OKC,Oklahoma City,10,Houston,Rockets,HOU,Houston,2.5,TRUE,FALSE,2.5,1,7:10,7,10,FALSE,FALSE,1,1,1,1,430,1150,2590,430,1150,2590,1,1,1,-214748406.75,-214748365,2025-10-21,2025-10-21T23:30:00Z,
42,40180924361,61,277,Coach's Challenge (replaycenter),(07:10) [Rockets] COACH'S CHALLENGE (CALL REPLAYCENTER),12,13,1,1st Quarter,7:10,FALSE,0,,,,,2025-10-21T23:53:07Z,FALSE,-214748340,-214748365,0,Challenge,2026,2,25,Oklahoma City,Thunder,OKC,Oklahoma City,10,Houston,Rockets,HOU,Houston,2.5,TRUE,FALSE,2.5,1,7:10,7,10,FALSE,FALSE,1,1,1,1,430,1150,2590,412,1132,2572,1,1,1,-214748406.75,-214748365,2025-10-21,2025-10-21T23:30:00Z,
43,40180924362,62,110,Driving Layup Shot,Alperen Sengun makes driving layup,14,13,1,1st Quarter,6:52,TRUE,2,10,4871144,,,2025-10-21T23:54:48Z,TRUE,25,-1,2,+2 Points,2026,2,25,Oklahoma City,Thunder,OKC,Oklahoma City,10,Houston,Rockets,HOU,Houston,2.5,TRUE,FALSE,2.5,1,6:52,6,52,FALSE,FALSE,1,1,1,1,412,1132,2572,400,1120,2560,1,1,1,-42.75,0,2025-10-21,2025-10-21T23:30:00Z,
44,40180924364,64,44,Shooting Foul,Jabari Smith Jr. shooting foul,14,13,1,1st Quarter,6:40,FALSE,0,10,4432639,,,2025-10-21T23:55:00Z,FALSE,20,12,0,Foul,2026,2,25,Oklahoma City,Thunder,OKC,Oklahoma City,10,Houston,Rockets,HOU,Houston,2.5,TRUE,FALSE,2.5,1,6:40,6,40,FALSE,FALSE,1,1,1,1,400,1120,2560,400,1120,2560,1,1,1,-29.75,-5,2025-10-21,2025-10-21T23:30:00Z,
45,40180924366,66,98,Free Throw - 1 of 2,Chet Holmgren makes free throw 1 of 2,14,14,1,1st Quarter,6:40,TRUE,1,25,4433255,,,2025-10-21T23:55:47Z,TRUE,25,13.75,1,+1 Point,2026,2,25,Oklahoma City,Thunder,OKC,Oklahoma City,10,Houston,Rockets,HOU,Houston,2.5,TRUE,FALSE,2.5,1,6:40,6,40,FALSE,FALSE,1,1,1,1,400,1120,2560,400,1120,2560,1,1,1,28,-0,2025-10-21,2025-10-21T23:30:00Z,
46,40180924367,67,584,Substitution,Tari Eason enters the game for Jabari Smith Jr.,14,14,1,1st Quarter,6:40,FALSE,0,10,4433192,4432639,,2025-10-21T23:55:49Z,FALSE,-214748340,-214748365,0,Substitution,2026,2,25,Oklahoma City,Thunder,OKC,Oklahoma City,10,Houston,Rockets,HOU,Houston,2.5,TRUE,FALSE,2.5,1,6:40,6,40,FALSE,FALSE,1,1,1,1,400,1120,2560,400,1120,2560,1,1,1,-214748406.75,-214748365,2025-10-21,2025-10-21T23:30:00Z,
47,40180924369,69,99,Free Throw - 2 of 2,Chet Holmgren makes free throw 2 of 2,14,15,1,1st Quarter,6:40,TRUE,1,25,4433255,,,2025-10-21T23:56:11Z,TRUE,25,13.75,1,+1 Point,2026,2,25,Oklahoma City,Thunder,OKC,Oklahoma City,10,Houston,Rockets,HOU,Houston,2.5,TRUE,FALSE,2.5,1,6:40,6,40,FALSE,FALSE,1,1,1,1,400,1120,2560,389,1109,2549,1,1,1,28,-0,2025-10-21,2025-10-21T23:30:00Z,
48,40180924370,70,144,Driving Floating Jump Shot,Amen Thompson makes 13-foot driving floating jump shot,16,15,1,1st Quarter,6:29,TRUE,2,10,4684740,,,2025-10-21T23:56:25Z,TRUE,27,13,2,+2 Points,2026,2,25,Oklahoma City,Thunder,OKC,Oklahoma City,10,Houston,Rockets,HOU,Houston,2.5,TRUE,FALSE,2.5,1,6:29,6,29,FALSE,FALSE,1,1,1,1,389,1109,2549,389,1109,2549,1,1,1,-28.75,2,2025-10-21,2025-10-21T23:30:00Z,
49,40180924371,71,44,Shooting Foul,Isaiah Hartenstein shooting foul,16,15,1,1st Quarter,6:29,FALSE,0,25,4222252,,,2025-10-21T23:56:28Z,FALSE,27,13,0,Foul,2026,2,25,Oklahoma City,Thunder,OKC,Oklahoma City,10,Houston,Rockets,HOU,Houston,2.5,TRUE,FALSE,2.5,1,6:29,6,29,FALSE,FALSE,1,1,1,1,389,1109,2549,389,1109,2549,1,1,1,28.75,-2,2025-10-21,2025-10-21T23:30:00Z,
50,40180924373,73,97,Free Throw - 1 of 1,Amen Thompson makes free throw 1 of 1,17,15,1,1st Quarter,6:29,TRUE,1,10,4684740,,,2025-10-21T23:56:55Z,TRUE,25,13.75,1,+1 Point,2026,2,25,Oklahoma City,Thunder,OKC,Oklahoma City,10,Houston,Rockets,HOU,Houston,2.5,TRUE,FALSE,2.5,1,6:29,6,29,FALSE,FALSE,1,1,1,1,389,1109,2549,376,1096,2536,1,1,1,-28,0,2025-10-21,2025-10-21T23:30:00Z,
51,40180924374,74,92,Jump Shot,Luguentz Dort misses 26-foot three point jumper,17,15,1,1st Quarter,6:16,FALSE,0,25,4397020,,,2025-10-21T23:57:12Z,TRUE,35,25,3,Missed 3PT,2026,2,25,Oklahoma City,Thunder,OKC,Oklahoma City,10,Houston,Rockets,HOU,Houston,2.5,TRUE,FALSE,2.5,1,6:16,6,16,FALSE,FALSE,1,1,1,1,376,1096,2536,375,1095,2535,1,1,1,16.75,-10,2025-10-21,2025-10-21T23:30:00Z,
52,40180924375,75,155,Defensive Rebound,Rockets defensive team rebound,17,15,1,1st Quarter,6:15,FALSE,0,10,,,,2025-10-21T23:57:13Z,FALSE,35,25,0,Rebound,2026,2,25,Oklahoma City,Thunder,OKC,Oklahoma City,10,Houston,Rockets,HOU,Houston,2.5,TRUE,FALSE,2.5,1,6:15,6,15,FALSE,FALSE,1,1,1,1,375,1095,2535,375,1095,2535,1,1,1,-16.75,10,2025-10-21,2025-10-21T23:30:00Z,
53,40180924376,76,43,Loose Ball Foul,Isaiah Hartenstein loose ball foul,17,15,1,1st Quarter,6:15,FALSE,0,25,4222252,,,2025-10-21T23:57:16Z,FALSE,31,1,0,Foul,2026,2,25,Oklahoma City,Thunder,OKC,Oklahoma City,10,Houston,Rockets,HOU,Houston,2.5,TRUE,FALSE,2.5,1,6:15,6,15,FALSE,FALSE,1,1,1,1,375,1095,2535,375,1095,2535,1,1,1,40.75,-6,2025-10-21,2025-10-21T23:30:00Z,
54,40180924379,79,584,Substitution,Jaylin Williams enters the game for Isaiah Hartenstein,17,15,1,1st Quarter,6:15,FALSE,0,25,4432823,4222252,,2025-10-21T23:57:28Z,FALSE,-214748340,-214748365,0,Substitution,2026,2,25,Oklahoma City,Thunder,OKC,Oklahoma City,10,Houston,Rockets,HOU,Houston,2.5,TRUE,FALSE,2.5,1,6:15,6,15,FALSE,FALSE,1,1,1,1,375,1095,2535,356,1076,2516,1,1,1,214748406.75,214748365,2025-10-21,2025-10-21T23:30:00Z,
55,40180924381,81,144,Driving Floating Jump Shot,Kevin Durant makes 5-foot driving floating jump shot,19,15,1,1st Quarter,5:56,TRUE,2,10,3202,,,2025-10-21T23:57:55Z,TRUE,26,6,2,+2 Points,2026,2,25,Oklahoma City,Thunder,OKC,Oklahoma City,10,Houston,Rockets,HOU,Houston,2.5,TRUE,FALSE,2.5,1,5:56,5,56,FALSE,FALSE,1,1,1,1,356,1076,2516,343,1063,2503,1,1,1,-35.75,1,2025-10-21,2025-10-21T23:30:00Z,
56,40180924382,82,131,Pullup Jump Shot,Jaylin Williams makes 16-foot pullup jump shot (Cason Wallace assists),19,17,1,1st Quarter,5:43,TRUE,2,25,4432823,4683692,,2025-10-21T23:58:08Z,TRUE,8,1,2,+2 Points,2026,2,25,Oklahoma City,Thunder,OKC,Oklahoma City,10,Houston,Rockets,HOU,Houston,2.5,TRUE,FALSE,2.5,1,5:43,5,43,FALSE,FALSE,1,1,1,1,343,1063,2503,331,1051,2491,1,1,1,40.75,17,2025-10-21,2025-10-21T23:30:00Z,
57,40180924384,84,141,Cutting Layup Shot,Amen Thompson makes 1-foot layup (Alperen Sengun assists),21,17,1,1st Quarter,5:31,TRUE,2,10,4684740,4871144,,2025-10-21T23:58:21Z,TRUE,26,0,2,+2 Points,2026,2,25,Oklahoma City,Thunder,OKC,Oklahoma City,10,Houston,Rockets,HOU,Houston,2.5,TRUE,FALSE,2.5,1,5:31,5,31,FALSE,FALSE,1,1,1,1,331,1051,2491,331,1051,2491,1,1,1,-41.75,1,2025-10-21,2025-10-21T23:30:00Z,
58,40180924386,86,16,Full Timeout,Thunder Full timeout,21,17,1,1st Quarter,5:31,FALSE,0,25,,,,2025-10-21T23:58:25Z,FALSE,-214748340,-214748365,0,Timeout,2026,2,25,Oklahoma City,Thunder,OKC,Oklahoma City,10,Houston,Rockets,HOU,Houston,2.5,TRUE,FALSE,2.5,1,5:31,5,31,FALSE,FALSE,1,1,1,1,331,1051,2491,331,1051,2491,1,1,1,214748406.75,214748365,2025-10-21,2025-10-21T23:30:00Z,
59,40180924387,87,584,Substitution,Reed Sheppard enters the game for Alperen Sengun,21,17,1,1st Quarter,5:31,FALSE,0,10,4711272,4871144,,2025-10-21T23:58:41Z,FALSE,-214748340,-214748365,0,Substitution,2026,2,25,Oklahoma City,Thunder,OKC,Oklahoma City,10,Houston,Rockets,HOU,Houston,2.5,TRUE,FALSE,2.5,1,5:31,5,31,FALSE,FALSE,1,1,1,1,331,1051,2491,315,1035,2475,1,1,1,-214748406.75,-214748365,2025-10-21,2025-10-21T23:30:00Z,
60,40180924389,89,44,Shooting Foul,Kevin Durant shooting foul,21,17,1,1st Quarter,5:15,FALSE,0,10,3202,,,2025-10-22T00:02:12Z,FALSE,26,2,0,Foul,2026,2,25,Oklahoma City,Thunder,OKC,Oklahoma City,10,Houston,Rockets,HOU,Houston,2.5,TRUE,FALSE,2.5,1,5:15,5,15,FALSE,FALSE,1,1,1,1,315,1035,2475,315,1035,2475,1,1,1,-39.75,1,2025-10-21,2025-10-21T23:30:00Z,
61,40180924391,91,98,Free Throw - 1 of 2,Luguentz Dort makes free throw 1 of 2,21,18,1,1st Quarter,5:15,TRUE,1,25,4397020,,,2025-10-22T00:02:41Z,TRUE,25,13.75,1,+1 Point,2026,2,25,Oklahoma City,Thunder,OKC,Oklahoma City,10,Houston,Rockets,HOU,Houston,2.5,TRUE,FALSE,2.5,1,5:15,5,15,FALSE,FALSE,1,1,1,1,315,1035,2475,315,1035,2475,1,1,1,28,-0,2025-10-21,2025-10-21T23:30:00Z,
62,40180924392,92,99,Free Throw - 2 of 2,Luguentz Dort makes free throw 2 of 2,21,19,1,1st Quarter,5:15,TRUE,1,25,4397020,,,2025-10-22T00:02:57Z,TRUE,25,13.75,1,+1 Point,2026,2,25,Oklahoma City,Thunder,OKC,Oklahoma City,10,Houston,Rockets,HOU,Houston,2.5,TRUE,FALSE,2.5,1,5:15,5,15,FALSE,FALSE,1,1,1,1,315,1035,2475,293,1013,2453,1,1,1,28,-0,2025-10-21,2025-10-21T23:30:00Z,
63,40180924393,93,92,Jump Shot,Kevin Durant misses 25-foot three point jumper,21,19,1,1st Quarter,4:53,FALSE,0,10,3202,,,2025-10-22T00:03:20Z,TRUE,6,16,3,Missed 3PT,2026,2,25,Oklahoma City,Thunder,OKC,Oklahoma City,10,Houston,Rockets,HOU,Houston,2.5,TRUE,FALSE,2.5,1,4:53,4,53,FALSE,FALSE,1,1,1,1,293,1013,2453,287,1007,2447,1,1,1,-25.75,-19,2025-10-21,2025-10-21T23:30:00Z,
64,40180924394,94,155,Defensive Rebound,Cason Wallace defensive rebound,21,19,1,1st Quarter,4:47,FALSE,0,25,4683692,,,2025-10-22T00:03:26Z,FALSE,6,16,0,Rebound,2026,2,25,Oklahoma City,Thunder,OKC,Oklahoma City,10,Houston,Rockets,HOU,Houston,2.5,TRUE,FALSE,2.5,1,4:47,4,47,FALSE,FALSE,1,1,1,1,287,1007,2447,279,999,2439,1,1,1,25.75,19,2025-10-21,2025-10-21T23:30:00Z,
65,40180924395,95,128,Driving Finger Roll Layup,Shai Gilgeous-Alexander makes 2-foot two point shot (Jaylin Williams assists),21,21,1,1st Quarter,4:39,TRUE,2,25,4278073,4432823,,2025-10-22T00:03:34Z,TRUE,27,2,2,+2 Points,2026,2,25,Oklahoma City,Thunder,OKC,Oklahoma City,10,Houston,Rockets,HOU,Houston,2.5,TRUE,FALSE,2.5,1,4:39,4,39,FALSE,FALSE,1,1,1,1,279,999,2439,265,985,2425,1,1,1,39.75,-2,2025-10-21,2025-10-21T23:30:00Z,
66,40180924397,97,121,Fade Away Jump Shot,Kevin Durant misses 11-foot two point shot,21,21,1,1st Quarter,4:25,FALSE,0,10,3202,,,2025-10-22T00:03:47Z,TRUE,33,8,2,Missed FG,2026,2,25,Oklahoma City,Thunder,OKC,Oklahoma City,10,Houston,Rockets,HOU,Houston,2.5,TRUE,FALSE,2.5,1,4:25,4,25,FALSE,FALSE,1,1,1,1,265,985,2425,263,983,2423,1,1,1,-33.75,8,2025-10-21,2025-10-21T23:30:00Z,
67,40180924398,98,155,Defensive Rebound,Luguentz Dort defensive rebound,21,21,1,1st Quarter,4:23,FALSE,0,25,4397020,,,2025-10-22T00:03:49Z,FALSE,33,8,0,Rebound,2026,2,25,Oklahoma City,Thunder,OKC,Oklahoma City,10,Houston,Rockets,HOU,Houston,2.5,TRUE,FALSE,2.5,1,4:23,4,23,FALSE,FALSE,1,1,1,1,263,983,2423,257,977,2417,1,1,1,33.75,-8,2025-10-21,2025-10-21T23:30:00Z,
68,40180924399,99,110,Driving Layup Shot,Luguentz Dort makes driving layup,21,23,1,1st Quarter,4:17,TRUE,2,25,4397020,,,2025-10-22T00:03:56Z,TRUE,26,1,2,+2 Points,2026,2,25,Oklahoma City,Thunder,OKC,Oklahoma City,10,Houston,Rockets,HOU,Houston,2.5,TRUE,FALSE,2.5,1,4:17,4,17,FALSE,FALSE,1,1,1,1,257,977,2417,248,968,2408,1,1,1,40.75,-1,2025-10-21,2025-10-21T23:30:00Z,
69,401809243100,100,45,Personal Foul,Jaylin Williams personal foul,21,23,1,1st Quarter,4:08,FALSE,0,25,4432823,,,2025-10-22T00:04:10Z,FALSE,18,11,0,Foul,2026,2,25,Oklahoma City,Thunder,OKC,Oklahoma City,10,Houston,Rockets,HOU,Houston,2.5,TRUE,FALSE,2.5,1,4:08,4,8,FALSE,FALSE,1,1,1,1,248,968,2408,248,968,2408,1,1,1,30.75,7,2025-10-21,2025-10-21T23:30:00Z,
70,401809243102,102,584,Substitution,Clint Capela enters the game for Steven Adams,21,23,1,1st Quarter,4:08,FALSE,0,10,3102529,2991235,,2025-10-22T00:04:15Z,FALSE,-214748340,-214748365,0,Substitution,2026,2,25,Oklahoma City,Thunder,OKC,Oklahoma City,10,Houston,Rockets,HOU,Houston,2.5,TRUE,FALSE,2.5,1,4:08,4,8,FALSE,FALSE,1,1,1,1,248,968,2408,243,963,2403,1,1,1,-214748406.75,-214748365,2025-10-21,2025-10-21T23:30:00Z,
71,401809243104,104,45,Personal Foul,Luguentz Dort personal foul,21,23,1,1st Quarter,4:03,FALSE,0,25,4397020,,,2025-10-22T00:04:44Z,FALSE,14,30,0,Foul,2026,2,25,Oklahoma City,Thunder,OKC,Oklahoma City,10,Houston,Rockets,HOU,Houston,2.5,TRUE,FALSE,2.5,1,4:03,4,3,FALSE,FALSE,1,1,1,1,243,963,2403,243,963,2403,1,1,1,11.75,11,2025-10-21,2025-10-21T23:30:00Z,
72,401809243106,106,98,Free Throw - 1 of 2,Kevin Durant makes free throw 1 of 2,22,23,1,1st Quarter,4:03,TRUE,1,10,3202,,,2025-10-22T00:05:12Z,TRUE,25,13.75,1,+1 Point,2026,2,25,Oklahoma City,Thunder,OKC,Oklahoma City,10,Houston,Rockets,HOU,Houston,2.5,TRUE,FALSE,2.5,1,4:03,4,3,FALSE,FALSE,1,1,1,1,243,963,2403,243,963,2403,1,1,1,-28,0,2025-10-21,2025-10-21T23:30:00Z,
73,401809243107,107,584,Substitution,Aaron Wiggins enters the game for Cason Wallace,22,23,1,1st Quarter,4:03,FALSE,0,25,4397183,4683692,,2025-10-22T00:05:12Z,FALSE,-214748340,-214748365,0,Substitution,2026,2,25,Oklahoma City,Thunder,OKC,Oklahoma City,10,Houston,Rockets,HOU,Houston,2.5,TRUE,FALSE,2.5,1,4:03,4,3,FALSE,FALSE,1,1,1,1,243,963,2403,243,963,2403,1,1,1,214748406.75,214748365,2025-10-21,2025-10-21T23:30:00Z,
74,401809243109,109,99,Free Throw - 2 of 2,Kevin Durant makes free throw 2 of 2,23,23,1,1st Quarter,4:03,TRUE,1,10,3202,,,2025-10-22T00:05:36Z,TRUE,25,13.75,1,+1 Point,2026,2,25,Oklahoma City,Thunder,OKC,Oklahoma City,10,Houston,Rockets,HOU,Houston,2.5,TRUE,FALSE,2.5,1,4:03,4,3,FALSE,FALSE,1,1,1,1,243,963,2403,223,943,2383,1,1,1,-28,0,2025-10-21,2025-10-21T23:30:00Z,
75,401809243110,110,92,Jump Shot,Aaron Wiggins misses 22-foot three point jumper,23,23,1,1st Quarter,3:43,FALSE,0,25,4397183,,,2025-10-22T00:05:57Z,TRUE,47,-1,3,Missed 3PT,2026,2,25,Oklahoma City,Thunder,OKC,Oklahoma City,10,Houston,Rockets,HOU,Houston,2.5,TRUE,FALSE,2.5,1,3:43,3,43,FALSE,FALSE,1,1,1,1,223,943,2383,219,939,2379,1,1,1,42.75,-22,2025-10-21,2025-10-21T23:30:00Z,
76,401809243111,111,155,Defensive Rebound,Kevin Durant defensive rebound,23,23,1,1st Quarter,3:39,FALSE,0,10,3202,,,2025-10-22T00:06:01Z,FALSE,47,-1,0,Rebound,2026,2,25,Oklahoma City,Thunder,OKC,Oklahoma City,10,Houston,Rockets,HOU,Houston,2.5,TRUE,FALSE,2.5,1,3:39,3,39,FALSE,FALSE,1,1,1,1,219,939,2379,213,933,2373,1,1,1,-42.75,22,2025-10-21,2025-10-21T23:30:00Z,
77,401809243112,112,90,Out of Bounds - Bad Pass Turnover,Amen Thompson out of bounds bad pass turnover,23,23,1,1st Quarter,3:33,FALSE,0,10,4684740,,,2025-10-22T00:06:07Z,FALSE,26,7,0,Turnover,2026,2,25,Oklahoma City,Thunder,OKC,Oklahoma City,10,Houston,Rockets,HOU,Houston,2.5,TRUE,FALSE,2.5,1,3:33,3,33,FALSE,FALSE,1,1,1,1,213,933,2373,206,926,2366,1,1,1,-34.75,1,2025-10-21,2025-10-21T23:30:00Z,
78,401809243121,121,213,Challenge,Thunder Coach's Challenge,23,23,1,1st Quarter,3:26,FALSE,0,25,,,,2025-10-22T00:06:38Z,FALSE,-214748340,-214748365,0,Challenge,2026,2,25,Oklahoma City,Thunder,OKC,Oklahoma City,10,Houston,Rockets,HOU,Houston,2.5,TRUE,FALSE,2.5,1,3:26,3,26,FALSE,FALSE,1,1,1,1,206,926,2366,206,926,2366,1,1,1,214748406.75,214748365,2025-10-21,2025-10-21T23:30:00Z,
79,401809243122,122,215,Coach's Challenge (Overturned),(03:26) [Thunder] COACH'S CHALLENGE (CALL OVERTURNED) [Thunder] retain their timeout,23,23,1,1st Quarter,3:26,FALSE,0,25,,,,2025-10-22T00:06:44Z,FALSE,-214748340,-214748365,0,Challenge,2026,2,25,Oklahoma City,Thunder,OKC,Oklahoma City,10,Houston,Rockets,HOU,Houston,2.5,TRUE,FALSE,2.5,1,3:26,3,26,FALSE,FALSE,1,1,1,1,206,926,2366,206,926,2366,1,1,1,214748406.75,214748365,2025-10-21,2025-10-21T23:30:00Z,
80,401809243123,123,44,Shooting Foul,Reed Sheppard shooting foul,23,23,1,1st Quarter,3:26,FALSE,0,10,4711272,,,2025-10-22T00:06:37Z,FALSE,23,3,0,Foul,2026,2,25,Oklahoma City,Thunder,OKC,Oklahoma City,10,Houston,Rockets,HOU,Houston,2.5,TRUE,FALSE,2.5,1,3:26,3,26,FALSE,FALSE,1,1,1,1,206,926,2366,206,926,2366,1,1,1,-38.75,-2,2025-10-21,2025-10-21T23:30:00Z,
81,401809243125,125,98,Free Throw - 1 of 2,Shai Gilgeous-Alexander makes free throw 1 of 2,23,24,1,1st Quarter,3:26,TRUE,1,25,4278073,,,2025-10-22T00:09:07Z,TRUE,25,13.75,1,+1 Point,2026,2,25,Oklahoma City,Thunder,OKC,Oklahoma City,10,Houston,Rockets,HOU,Houston,2.5,TRUE,FALSE,2.5,1,3:26,3,26,FALSE,FALSE,1,1,1,1,206,926,2366,206,926,2366,1,1,1,28,-0,2025-10-21,2025-10-21T23:30:00Z,
82,401809243126,126,99,Free Throw - 2 of 2,Shai Gilgeous-Alexander misses free throw 2 of 2,23,24,1,1st Quarter,3:26,FALSE,0,25,4278073,,,2025-10-22T00:09:07Z,TRUE,25,13.75,1,Missed FT,2026,2,25,Oklahoma City,Thunder,OKC,Oklahoma City,10,Houston,Rockets,HOU,Houston,2.5,TRUE,FALSE,2.5,1,3:26,3,26,FALSE,FALSE,1,1,1,1,206,926,2366,206,926,2366,1,1,1,28,-0,2025-10-21,2025-10-21T23:30:00Z,
83,401809243156,156,584,Substitution,Alex Caruso enters the game for Chet Holmgren,23,24,1,1st Quarter,3:26,FALSE,0,25,2991350,4433255,,2025-10-22T00:09:26Z,FALSE,-214748340,-214748365,0,Substitution,2026,2,25,Oklahoma City,Thunder,OKC,Oklahoma City,10,Houston,Rockets,HOU,Houston,2.5,TRUE,FALSE,2.5,1,3:26,3,26,FALSE,FALSE,1,1,1,1,206,926,2366,206,926,2366,1,1,1,214748406.75,214748365,2025-10-21,2025-10-21T23:30:00Z,
84,401809243157,157,584,Substitution,Alperen Sengun enters the game for Amen Thompson,23,24,1,1st Quarter,3:26,FALSE,0,10,4871144,4684740,,2025-10-22T00:09:26Z,FALSE,-214748340,-214748365,0,Substitution,2026,2,25,Oklahoma City,Thunder,OKC,Oklahoma City,10,Houston,Rockets,HOU,Houston,2.5,TRUE,FALSE,2.5,1,3:26,3,26,FALSE,FALSE,1,1,1,1,206,926,2366,204,924,2364,1,1,1,-214748406.75,-214748365,2025-10-21,2025-10-21T23:30:00Z,
85,401809243127,127,155,Defensive Rebound,Tari Eason defensive rebound,23,24,1,1st Quarter,3:24,FALSE,0,10,4433192,,,2025-10-22T00:09:09Z,FALSE,-214748340,-214748365,0,Rebound,2026,2,25,Oklahoma City,Thunder,OKC,Oklahoma City,10,Houston,Rockets,HOU,Houston,2.5,TRUE,FALSE,2.5,1,3:24,3,24,FALSE,FALSE,1,1,1,1,204,924,2364,180,900,2340,1,1,1,-214748406.75,-214748365,2025-10-21,2025-10-21T23:30:00Z,
86,401809243128,128,131,Pullup Jump Shot,Kevin Durant makes 16-foot pullup jump shot (Alperen Sengun assists),25,24,1,1st Quarter,3:00,TRUE,2,10,3202,4871144,,2025-10-22T00:09:45Z,TRUE,20,16,2,+2 Points,2026,2,25,Oklahoma City,Thunder,OKC,Oklahoma City,10,Houston,Rockets,HOU,Houston,2.5,TRUE,FALSE,2.5,1,3:00,3,0,FALSE,FALSE,1,1,1,1,180,900,2340,167,887,2327,1,1,1,-25.75,-5,2025-10-21,2025-10-21T23:30:00Z,
87,401809243130,130,92,Jump Shot,Jaylin Williams misses 26-foot three point jumper,25,24,1,1st Quarter,2:47,FALSE,0,25,4432823,,,2025-10-22T00:09:58Z,TRUE,37,24,3,Missed 3PT,2026,2,25,Oklahoma City,Thunder,OKC,Oklahoma City,10,Houston,Rockets,HOU,Houston,2.5,TRUE,FALSE,2.5,1,2:47,2,47,FALSE,FALSE,1,1,1,1,167,887,2327,163,883,2323,1,1,1,17.75,-12,2025-10-21,2025-10-21T23:30:00Z,
88,401809243131,131,155,Defensive Rebound,Tari Eason defensive rebound,25,24,1,1st Quarter,2:43,FALSE,0,10,4433192,,,2025-10-22T00:10:02Z,FALSE,37,24,0,Rebound,2026,2,25,Oklahoma City,Thunder,OKC,Oklahoma City,10,Houston,Rockets,HOU,Houston,2.5,TRUE,FALSE,2.5,1,2:43,2,43,FALSE,FALSE,1,1,1,1,163,883,2323,141,861,2301,1,1,1,-17.75,12,2025-10-21,2025-10-21T23:30:00Z,
89,401809243133,133,70,Shot Clock Turnover,shot clock turnover ,25,24,1,1st Quarter,2:21,FALSE,0,10,,,,2025-10-22T00:10:47Z,FALSE,24,14,0,Turnover,2026,2,25,Oklahoma City,Thunder,OKC,Oklahoma City,10,Houston,Rockets,HOU,Houston,2.5,TRUE,FALSE,2.5,1,2:21,2,21,FALSE,FALSE,1,1,1,1,141,861,2301,141,861,2301,1,1,1,-27.75,-1,2025-10-21,2025-10-21T23:30:00Z,
90,401809243134,134,584,Substitution,Brooks Barnhizer enters the game for Luguentz Dort,25,24,1,1st Quarter,2:21,FALSE,0,25,4684208,4397020,,2025-10-22T00:10:54Z,FALSE,-214748340,-214748365,0,Substitution,2026,2,25,Oklahoma City,Thunder,OKC,Oklahoma City,10,Houston,Rockets,HOU,Houston,2.5,TRUE,FALSE,2.5,1,2:21,2,21,FALSE,FALSE,1,1,1,1,141,861,2301,130,850,2290,1,1,1,214748406.75,214748365,2025-10-21,2025-10-21T23:30:00Z,
91,401809243136,136,132,Step Back Jump Shot,Shai Gilgeous-Alexander misses 15-foot step back jumpshot,25,24,1,1st Quarter,2:10,FALSE,0,25,4278073,,,2025-10-22T00:11:10Z,TRUE,22,15,2,Missed FG,2026,2,25,Oklahoma City,Thunder,OKC,Oklahoma City,10,Houston,Rockets,HOU,Houston,2.5,TRUE,FALSE,2.5,1,2:10,2,10,FALSE,FALSE,1,1,1,1,130,850,2290,127,847,2287,1,1,1,26.75,3,2025-10-21,2025-10-21T23:30:00Z,
92,401809243137,137,155,Defensive Rebound,Alperen Sengun defensive rebound,25,24,1,1st Quarter,2:07,FALSE,0,10,4871144,,,2025-10-22T00:11:13Z,FALSE,22,15,0,Rebound,2026,2,25,Oklahoma City,Thunder,OKC,Oklahoma City,10,Houston,Rockets,HOU,Houston,2.5,TRUE,FALSE,2.5,1,2:07,2,7,FALSE,FALSE,1,1,1,1,127,847,2287,120,840,2280,1,1,1,-26.75,-3,2025-10-21,2025-10-21T23:30:00Z,
93,401809243180,180,63,Lost Ball Turnover,Kevin Durant lost ball turnover (Jaylin Williams steals),25,24,1,1st Quarter,2:00,FALSE,0,10,3202,4432823,,2025-10-22T00:11:16Z,FALSE,17,5,0,Turnover,2026,2,25,Oklahoma City,Thunder,OKC,Oklahoma City,10,Houston,Rockets,HOU,Houston,2.5,TRUE,FALSE,2.5,1,2:00,2,0,FALSE,FALSE,1,1,1,1,120,840,2280,114,834,2274,1,1,1,-36.75,-8,2025-10-21,2025-10-21T23:30:00Z,
94,401809243141,141,113,Running Jump Shot,Aaron Wiggins makes 25-foot three point shot (Alex Caruso assists),25,27,1,1st Quarter,1:54,TRUE,3,25,4397183,2991350,,2025-10-22T00:11:26Z,TRUE,2,12,3,+3 Points,2026,2,25,Oklahoma City,Thunder,OKC,Oklahoma City,10,Houston,Rockets,HOU,Houston,2.5,TRUE,FALSE,2.5,1,1:54,1,54,FALSE,FALSE,1,1,1,1,114,834,2274,97,817,2257,1,1,1,29.75,23,2025-10-21,2025-10-21T23:30:00Z,
95,401809243143,143,92,Jump Shot,Reed Sheppard makes 28-foot three point jumper (Alperen Sengun assists),28,27,1,1st Quarter,1:37,TRUE,3,10,4711272,4871144,,2025-10-22T00:11:43Z,TRUE,39,26,3,+3 Points,2026,2,25,Oklahoma City,Thunder,OKC,Oklahoma City,10,Houston,Rockets,HOU,Houston,2.5,TRUE,FALSE,2.5,1,1:37,1,37,FALSE,FALSE,1,1,1,1,97,817,2257,83,803,2243,1,1,1,-15.75,14,2025-10-21,2025-10-21T23:30:00Z,
96,401809243145,145,92,Jump Shot,Alex Caruso misses 25-foot three point jumper,28,27,1,1st Quarter,1:23,FALSE,0,25,2991350,,,2025-10-22T00:11:57Z,TRUE,43,17,3,Missed 3PT,2026,2,25,Oklahoma City,Thunder,OKC,Oklahoma City,10,Houston,Rockets,HOU,Houston,2.5,TRUE,FALSE,2.5,1,1:23,1,23,FALSE,FALSE,1,1,1,1,83,803,2243,81,801,2241,1,1,1,24.75,-18,2025-10-21,2025-10-21T23:30:00Z,
97,401809243146,146,155,Defensive Rebound,Tari Eason defensive rebound,28,27,1,1st Quarter,1:21,FALSE,0,10,4433192,,,2025-10-22T00:11:59Z,FALSE,43,17,0,Rebound,2026,2,25,Oklahoma City,Thunder,OKC,Oklahoma City,10,Houston,Rockets,HOU,Houston,2.5,TRUE,FALSE,2.5,1,1:21,1,21,FALSE,FALSE,1,1,1,1,81,801,2241,62,782,2222,1,1,1,-24.75,18,2025-10-21,2025-10-21T23:30:00Z,
98,401809243148,148,93,Hook Shot,Clint Capela makes 2-foot hook shot (Alperen Sengun assists),30,27,1,1st Quarter,1:02,TRUE,2,10,3102529,4871144,,2025-10-22T00:12:28Z,TRUE,25,3,2,+2 Points,2026,2,25,Oklahoma City,Thunder,OKC,Oklahoma City,10,Houston,Rockets,HOU,Houston,2.5,TRUE,FALSE,2.5,1,1:02,1,2,FALSE,FALSE,1,1,1,1,62,782,2222,49.8,769.8,2209.8,1,1,1,-38.75,0,2025-10-21,2025-10-21T23:30:00Z,
99,401809243150,150,63,Lost Ball Turnover,Shai Gilgeous-Alexander lost ball turnover (Reed Sheppard steals),30,27,1,1st Quarter,0:49.8,FALSE,0,25,4278073,4711272,,2025-10-22T00:12:40Z,FALSE,22,24,0,Turnover,2026,2,25,Oklahoma City,Thunder,OKC,Oklahoma City,10,Houston,Rockets,HOU,Houston,2.5,TRUE,FALSE,2.5,1,0:49.8,0,49.8,FALSE,FALSE,1,1,1,1,49.8,769.8,2209.8,46.9,766.9,2206.8999,1,1,1,17.75,3,2025-10-21,2025-10-21T23:30:00Z,
100,401809243152,152,109,Running Layup Shot,Shai Gilgeous-Alexander blocks Tari Eason 's 1-foot two point shot,30,27,1,1st Quarter,0:46.9,FALSE,0,10,4433192,4278073,,2025-10-22T00:12:44Z,TRUE,24,-1,2,Missed FG,2026,2,25,Oklahoma City,Thunder,OKC,Oklahoma City,10,Houston,Rockets,HOU,Houston,2.5,TRUE,FALSE,2.5,1,0:46.9,0,46.9,FALSE,FALSE,1,1,1,1,46.9,766.9,2206.8999,45.7,765.7,2205.7,1,1,1,-42.75,-1,2025-10-21,2025-10-21T23:30:00Z,
101,401809243154,154,156,Offensive Rebound,Rockets offensive team rebound,30,27,1,1st Quarter,0:45.7,FALSE,0,10,,,,2025-10-22T00:12:45Z,FALSE,24,-1,0,Rebound,2026,2,25,Oklahoma City,Thunder,OKC,Oklahoma City,10,Houston,Rockets,HOU,Houston,2.5,TRUE,FALSE,2.5,1,0:45.7,0,45.7,FALSE,FALSE,1,1,1,1,45.7,765.7,2205.7,37,757,2197,1,1,1,-42.75,-1,2025-10-21,2025-10-21T23:30:00Z,
102,401809243160,160,92,Jump Shot,Kevin Durant misses 25-foot three point jumper,30,27,1,1st Quarter,0:37.0,FALSE,0,10,3202,,,2025-10-22T00:13:13Z,TRUE,37,23,3,Missed 3PT,2026,2,25,Oklahoma City,Thunder,OKC,Oklahoma City,10,Houston,Rockets,HOU,Houston,2.5,TRUE,FALSE,2.5,1,0:37.0,0,37,FALSE,FALSE,1,1,1,1,37,757,2197,34.1,754.1,2194.1001,1,1,1,-18.75,12,2025-10-21,2025-10-21T23:30:00Z,
103,401809243161,161,156,Offensive Rebound,Alperen Sengun offensive rebound,30,27,1,1st Quarter,0:34.1,FALSE,0,10,4871144,,,2025-10-22T00:13:16Z,FALSE,37,23,0,Rebound,2026,2,25,Oklahoma City,Thunder,OKC,Oklahoma City,10,Houston,Rockets,HOU,Houston,2.5,TRUE,FALSE,2.5,1,0:34.1,0,34.1,FALSE,FALSE,1,1,1,1,34.1,754.1,2194.1001,19.9,739.9,2179.8999,1,1,1,-18.75,12,2025-10-21,2025-10-21T23:30:00Z,
104,401809243162,162,131,Pullup Jump Shot,Alperen Sengun misses 20-foot pullup jump shot,30,27,1,1st Quarter,0:19.9,FALSE,0,10,4871144,,,2025-10-22T00:13:30Z,TRUE,5,5,2,Missed FG,2026,2,25,Oklahoma City,Thunder,OKC,Oklahoma City,10,Houston,Rockets,HOU,Houston,2.5,TRUE,FALSE,2.5,1,0:19.9,0,19.9,FALSE,FALSE,1,1,1,1,19.9,739.9,2179.8999,17.7,737.7,2177.7,1,1,1,-36.75,-20,2025-10-21,2025-10-21T23:30:00Z,
105,401809243163,163,155,Defensive Rebound,Alex Caruso defensive rebound,30,27,1,1st Quarter,0:17.7,FALSE,0,25,2991350,,,2025-10-22T00:13:32Z,FALSE,5,5,0,Rebound,2026,2,25,Oklahoma City,Thunder,OKC,Oklahoma City,10,Houston,Rockets,HOU,Houston,2.5,TRUE,FALSE,2.5,1,0:17.7,0,17.7,FALSE,FALSE,1,1,1,1,17.7,737.7,2177.7,9.2,729.2,2169.2,1,1,1,36.75,20,2025-10-21,2025-10-21T23:30:00Z,
106,401809243164,164,62,"Bad Pass
Turnover",Shai Gilgeous-Alexander bad pass (Clint Capela steals),30,27,1,1st Quarter,0:9.2,FALSE,0,25,4278073,3102529,,2025-10-22T00:13:40Z,FALSE,8,3,0,Turnover,2026,2,25,Oklahoma City,Thunder,OKC,Oklahoma City,10,Houston,Rockets,HOU,Houston,2.5,TRUE,FALSE,2.5,1,0:9.2,0,9.2,FALSE,FALSE,1,1,1,1,9.2,729.2,2169.2,5.6,725.6,2165.6001,1,1,1,38.75,17,2025-10-21,2025-10-21T23:30:00Z,
107,401809243166,166,24,Offensive Charge,Tari Eason offensive charge,30,27,1,1st Quarter,0:5.6,FALSE,0,10,4433192,,,2025-10-22T00:13:47Z,FALSE,30,3,0,Foul,2026,2,25,Oklahoma City,Thunder,OKC,Oklahoma City,10,Houston,Rockets,HOU,Houston,2.5,TRUE,FALSE,2.5,1,0:5.6,0,5.6,FALSE,FALSE,1,1,1,1,5.6,725.6,2165.6001,5.6,725.6,2165.6001,1,1,1,-38.75,5,2025-10-21,2025-10-21T23:30:00Z,
108,401809243168,168,84,Offensive Foul Turnover,Tari Eason turnover,30,27,1,1st Quarter,0:5.6,FALSE,0,10,4433192,,,2025-10-22T00:13:47Z,FALSE,30,3,0,Turnover,2026,2,25,Oklahoma City,Thunder,OKC,Oklahoma City,10,Houston,Rockets,HOU,Houston,2.5,TRUE,FALSE,2.5,1,0:5.6,0,5.6,FALSE,FALSE,1,1,1,1,5.6,725.6,2165.6001,5.6,725.6,2165.6001,1,1,1,-38.75,5,2025-10-21,2025-10-21T23:30:00Z,
109,401809243169,169,584,Substitution,Ajay Mitchell enters the game for Alex Caruso,30,27,1,1st Quarter,0:5.6,FALSE,0,25,4900671,2991350,,2025-10-22T00:14:00Z,FALSE,-214748340,-214748365,0,Substitution,2026,2,25,Oklahoma City,Thunder,OKC,Oklahoma City,10,Houston,Rockets,HOU,Houston,2.5,TRUE,FALSE,2.5,1,0:5.6,0,5.6,FALSE,FALSE,1,1,1,1,5.6,725.6,2165.6001,5.6,725.6,2165.6001,1,1,1,214748406.75,214748365,2025-10-21,2025-10-21T23:30:00Z,
110,401809243170,170,584,Substitution,Chris Youngblood enters the game for Brooks Barnhizer,30,27,1,1st Quarter,0:5.6,FALSE,0,25,4706557,4684208,,2025-10-22T00:14:00Z,FALSE,-214748340,-214748365,0,Substitution,2026,2,25,Oklahoma City,Thunder,OKC,Oklahoma City,10,Houston,Rockets,HOU,Houston,2.5,TRUE,FALSE,2.5,1,0:5.6,0,5.6,FALSE,FALSE,1,1,1,1,5.6,725.6,2165.6001,5.6,725.6,2165.6001,1,1,1,214748406.75,214748365,2025-10-21,2025-10-21T23:30:00Z,
111,401809243171,171,584,Substitution,Amen Thompson enters the game for Reed Sheppard,30,27,1,1st Quarter,0:5.6,FALSE,0,10,4684740,4711272,,2025-10-22T00:14:00Z,FALSE,-214748340,-214748365,0,Substitution,2026,2,25,Oklahoma City,Thunder,OKC,Oklahoma City,10,Houston,Rockets,HOU,Houston,2.5,TRUE,FALSE,2.5,1,0:5.6,0,5.6,FALSE,FALSE,1,1,1,1,5.6,725.6,2165.6001,5.6,725.6,2165.6001,1,1,1,-214748406.75,-214748365,2025-10-21,2025-10-21T23:30:00Z,
112,401809243172,172,584,Substitution,Josh Okogie enters the game for Clint Capela,30,27,1,1st Quarter,0:5.6,FALSE,0,10,4065663,3102529,,2025-10-22T00:14:00Z,FALSE,-214748340,-214748365,0,Substitution,2026,2,25,Oklahoma City,Thunder,OKC,Oklahoma City,10,Houston,Rockets,HOU,Houston,2.5,TRUE,FALSE,2.5,1,0:5.6,0,5.6,FALSE,FALSE,1,1,1,1,5.6,725.6,2165.6001,0.1,720.1,2160.1001,1,1,1,-214748406.75,-214748365,2025-10-21,2025-10-21T23:30:00Z,
113,401809243177,177,63,Lost Ball Turnover,Aaron Wiggins lost ball turnover (Amen Thompson steals),30,27,1,1st Quarter,0:0.1,FALSE,0,25,4397183,4684740,,2025-10-22T00:14:28Z,FALSE,28,13,0,Turnover,2026,2,25,Oklahoma City,Thunder,OKC,Oklahoma City,10,Houston,Rockets,HOU,Houston,2.5,TRUE,FALSE,2.5,1,0:0.1,0,0.1,FALSE,FALSE,1,1,1,1,0.1,720.1,2160.1001,0,720,2160,1,1,1,28.75,-3,2025-10-21,2025-10-21T23:30:00Z,
114,401809243179,179,412,End Period,End of the 1st Quarter,30,27,1,1st Quarter,0:0.0,FALSE,0,,,,,2025-10-22T00:14:40Z,FALSE,-214748340,-214748365,0,End of 1st,2026,2,25,Oklahoma City,Thunder,OKC,Oklahoma City,10,Houston,Rockets,HOU,Houston,2.5,TRUE,FALSE,2.5,1,0:0.0,0,0,FALSE,FALSE,1,1,2,1,0,720,2160,720,720,2160,1,1,1,-214748406.75,-214748365,2025-10-21,2025-10-21T23:30:00Z,
115,401809243182,182,584,Substitution,Chet Holmgren enters the game for Shai Gilgeous-Alexander,30,27,2,2nd Quarter,12:00,FALSE,0,25,4433255,4278073,,2025-10-22T00:14:45Z,FALSE,-214748340,-214748365,0,Substitution,2026,2,25,Oklahoma City,Thunder,OKC,Oklahoma City,10,Houston,Rockets,HOU,Houston,2.5,TRUE,FALSE,2.5,2,12:00,12,0,FALSE,FALSE,1,1,2,1,720,720,2160,720,720,2160,2,1,1,214748406.75,214748365,2025-10-21,2025-10-21T23:30:00Z,
116,401809243183,183,584,Substitution,Isaiah Hartenstein enters the game for Jaylin Williams,30,27,2,2nd Quarter,12:00,FALSE,0,25,4222252,4432823,,2025-10-22T00:14:45Z,FALSE,-214748340,-214748365,0,Substitution,2026,2,25,Oklahoma City,Thunder,OKC,Oklahoma City,10,Houston,Rockets,HOU,Houston,2.5,TRUE,FALSE,2.5,2,12:00,12,0,FALSE,FALSE,1,1,2,1,720,720,2160,720,720,2160,2,2,1,214748406.75,214748365,2025-10-21,2025-10-21T23:30:00Z,
117,401809243184,184,584,Substitution,Alex Caruso enters the game for Chris Youngblood,30,27,2,2nd Quarter,12:00,FALSE,0,25,2991350,4706557,,2025-10-22T00:14:45Z,FALSE,-214748340,-214748365,0,Substitution,2026,2,25,Oklahoma City,Thunder,OKC,Oklahoma City,10,Houston,Rockets,HOU,Houston,2.5,TRUE,FALSE,2.5,2,12:00,12,0,FALSE,FALSE,1,1,2,1,720,720,2160,720,720,2160,2,2,1,214748406.75,214748365,2025-10-21,2025-10-21T23:30:00Z,
118,401809243185,185,584,Substitution,Jabari Smith Jr. enters the game for Kevin Durant,30,27,2,2nd Quarter,12:00,FALSE,0,10,4432639,3202,,2025-10-22T00:14:45Z,FALSE,-214748340,-214748365,0,Substitution,2026,2,25,Oklahoma City,Thunder,OKC,Oklahoma City,10,Houston,Rockets,HOU,Houston,2.5,TRUE,FALSE,2.5,2,12:00,12,0,FALSE,FALSE,1,1,2,1,720,720,2160,700,700,2140,2,2,1,-214748406.75,-214748365,2025-10-21,2025-10-21T23:30:00Z,
119,401809243191,191,64,Traveling,Chet Holmgren traveling,30,27,2,2nd Quarter,11:40,FALSE,0,25,4433255,,,2025-10-22T00:18:36Z,FALSE,24,14,0,Turnover,2026,2,25,Oklahoma City,Thunder,OKC,Oklahoma City,10,Houston,Rockets,HOU,Houston,2.5,TRUE,FALSE,2.5,2,11:40,11,40,FALSE,FALSE,1,1,2,1,700,700,2140,676,676,2116,2,2,1,27.75,1,2025-10-21,2025-10-21T23:30:00Z,
120,401809243192,192,92,Jump Shot,Amen Thompson misses 24-foot three point jumper,30,27,2,2nd Quarter,11:16,FALSE,0,10,4684740,,,2025-10-22T00:19:19Z,TRUE,2,9,3,Missed 3PT,2026,2,25,Oklahoma City,Thunder,OKC,Oklahoma City,10,Houston,Rockets,HOU,Houston,2.5,TRUE,FALSE,2.5,2,11:16,11,16,FALSE,FALSE,1,1,2,1,676,676,2116,673,673,2113,2,2,1,-32.75,-23,2025-10-21,2025-10-21T23:30:00Z,
121,401809243193,193,155,Defensive Rebound,Isaiah Hartenstein defensive rebound,30,27,2,2nd Quarter,11:13,FALSE,0,25,4222252,,,2025-10-22T00:19:22Z,FALSE,2,9,0,Rebound,2026,2,25,Oklahoma City,Thunder,OKC,Oklahoma City,10,Houston,Rockets,HOU,Houston,2.5,TRUE,FALSE,2.5,2,11:13,11,13,FALSE,FALSE,1,1,2,1,673,673,2113,669,669,2109,2,2,1,32.75,23,2025-10-21,2025-10-21T23:30:00Z,
122,401809243194,194,109,Running Layup Shot,Chet Holmgren makes two point shot (Ajay Mitchell assists),30,29,2,2nd Quarter,11:09,TRUE,2,25,4433255,4900671,,2025-10-22T00:19:28Z,TRUE,24,2,2,+2 Points,2026,2,25,Oklahoma City,Thunder,OKC,Oklahoma City,10,Houston,Rockets,HOU,Houston,2.5,TRUE,FALSE,2.5,2,11:09,11,9,FALSE,FALSE,1,1,2,1,669,669,2109,669,669,2109,2,2,1,39.75,1,2025-10-21,2025-10-21T23:30:00Z,
123,401809243196,196,44,Shooting Foul,Alperen Sengun shooting foul,30,29,2,2nd Quarter,11:09,FALSE,0,10,4871144,,,2025-10-22T00:19:33Z,FALSE,25,2,0,Foul,2026,2,25,Oklahoma City,Thunder,OKC,Oklahoma City,10,Houston,Rockets,HOU,Houston,2.5,TRUE,FALSE,2.5,2,11:09,11,9,FALSE,FALSE,1,1,2,1,669,669,2109,669,669,2109,2,2,1,-39.75,0,2025-10-21,2025-10-21T23:30:00Z,
124,401809243198,198,16,Full Timeout,Rockets Full timeout,30,29,2,2nd Quarter,11:09,FALSE,0,10,,,,2025-10-22T00:20:01Z,FALSE,-214748340,-214748365,0,Timeout,2026,2,25,Oklahoma City,Thunder,OKC,Oklahoma City,10,Houston,Rockets,HOU,Houston,2.5,TRUE,FALSE,2.5,2,11:09,11,9,FALSE,FALSE,1,1,2,1,669,669,2109,669,669,2109,2,2,1,-214748406.75,-214748365,2025-10-21,2025-10-21T23:30:00Z,
125,401809243199,199,97,Free Throw - 1 of 1,Chet Holmgren makes free throw 1 of 1,30,30,2,2nd Quarter,11:09,TRUE,1,25,4433255,,,2025-10-22T00:23:23Z,TRUE,25,13.75,1,+1 Point,2026,2,25,Oklahoma City,Thunder,OKC,Oklahoma City,10,Houston,Rockets,HOU,Houston,2.5,TRUE,FALSE,2.5,2,11:09,11,9,FALSE,FALSE,1,1,2,1,669,669,2109,648,648,2088,2,2,1,28,-0,2025-10-21,2025-10-21T23:30:00Z,
126,401809243200,200,63,Lost Ball Turnover,Alperen Sengun lost ball turnover (Isaiah Hartenstein steals),30,30,2,2nd Quarter,10:48,FALSE,0,10,4871144,4222252,,2025-10-22T00:23:46Z,FALSE,31,11,0,Turnover,2026,2,25,Oklahoma City,Thunder,OKC,Oklahoma City,10,Houston,Rockets,HOU,Houston,2.5,TRUE,FALSE,2.5,2,10:48,10,48,FALSE,FALSE,1,1,2,1,648,648,2088,638,638,2078,2,2,1,-30.75,6,2025-10-21,2025-10-21T23:30:00Z,
127,401809243202,202,90,Out of Bounds - Bad Pass Turnover,Isaiah Hartenstein out of bounds bad pass turnover,30,30,2,2nd Quarter,10:38,FALSE,0,25,4222252,,,2025-10-22T00:23:56Z,FALSE,5,18,0,Turnover,2026,2,25,Oklahoma City,Thunder,OKC,Oklahoma City,10,Houston,Rockets,HOU,Houston,2.5,TRUE,FALSE,2.5,2,10:38,10,38,FALSE,FALSE,1,1,2,1,638,638,2078,621,621,2061,2,2,1,23.75,20,2025-10-21,2025-10-21T23:30:00Z,
128,401809243203,203,92,Jump Shot,Josh Okogie makes 24-foot three point jumper (Alperen Sengun assists),33,30,2,2nd Quarter,10:21,TRUE,3,10,4065663,4871144,,2025-10-22T00:24:20Z,TRUE,7,16,3,+3 Points,2026,2,25,Oklahoma City,Thunder,OKC,Oklahoma City,10,Houston,Rockets,HOU,Houston,2.5,TRUE,FALSE,2.5,2,10:21,10,21,FALSE,FALSE,1,1,2,1,621,621,2061,601,601,2041,2,2,1,-25.75,-18,2025-10-21,2025-10-21T23:30:00Z,
129,401809243205,205,126,Layup Driving Reverse,Aaron Wiggins makes two point shot (Isaiah Hartenstein assists),33,32,2,2nd Quarter,10:01,TRUE,2,25,4397183,4222252,,2025-10-22T00:24:40Z,TRUE,24,3,2,+2 Points,2026,2,25,Oklahoma City,Thunder,OKC,Oklahoma City,10,Houston,Rockets,HOU,Houston,2.5,TRUE,FALSE,2.5,2,10:01,10,1,FALSE,FALSE,1,1,2,1,601,601,2041,592,592,2032,2,2,1,38.75,1,2025-10-21,2025-10-21T23:30:00Z,
130,401809243207,207,92,Jump Shot,Alperen Sengun makes 24-foot three point jumper (Amen Thompson assists),36,32,2,2nd Quarter,9:52,TRUE,3,10,4871144,4684740,,2025-10-22T00:24:48Z,TRUE,24,25,3,+3 Points,2026,2,25,Oklahoma City,Thunder,OKC,Oklahoma City,10,Houston,Rockets,HOU,Houston,2.5,TRUE,FALSE,2.5,2,9:52,9,52,FALSE,FALSE,1,1,2,1,592,592,2032,576,576,2016,2,2,1,-16.75,-1,2025-10-21,2025-10-21T23:30:00Z,
131,401809243209,209,110,Driving Layup Shot,Ajay Mitchell misses driving layup,36,32,2,2nd Quarter,9:36,FALSE,0,25,4900671,,,2025-10-22T00:25:06Z,TRUE,25,5,2,Missed FG,2026,2,25,Oklahoma City,Thunder,OKC,Oklahoma City,10,Houston,Rockets,HOU,Houston,2.5,TRUE,FALSE,2.5,2,9:36,9,36,FALSE,FALSE,1,1,2,1,576,576,2016,573,573,2013,2,2,1,36.75,-0,2025-10-21,2025-10-21T23:30:00Z,
132,401809243210,210,156,Offensive Rebound,Isaiah Hartenstein offensive rebound,36,32,2,2nd Quarter,9:33,FALSE,0,25,4222252,,,2025-10-22T00:25:08Z,FALSE,25,5,0,Rebound,2026,2,25,Oklahoma City,Thunder,OKC,Oklahoma City,10,Houston,Rockets,HOU,Houston,2.5,TRUE,FALSE,2.5,2,9:33,9,33,FALSE,FALSE,1,1,2,1,573,573,2013,572,572,2012,2,2,1,36.75,-0,2025-10-21,2025-10-21T23:30:00Z,
133,401809243211,211,95,Layup Shot,Ajay Mitchell makes layup (Isaiah Hartenstein assists),36,34,2,2nd Quarter,9:32,TRUE,2,25,4900671,4222252,,2025-10-22T00:25:10Z,TRUE,23,2,2,+2 Points,2026,2,25,Oklahoma City,Thunder,OKC,Oklahoma City,10,Houston,Rockets,HOU,Houston,2.5,TRUE,FALSE,2.5,2,9:32,9,32,FALSE,FALSE,1,1,2,1,572,572,2012,554,554,1994,2,2,1,39.75,2,2025-10-21,2025-10-21T23:30:00Z,
134,401809243213,213,92,Jump Shot,Tari Eason makes 26-foot three point jumper (Amen Thompson assists),39,34,2,2nd Quarter,9:14,TRUE,3,10,4433192,4684740,,2025-10-22T00:25:26Z,TRUE,42,20,3,+3 Points,2026,2,25,Oklahoma City,Thunder,OKC,Oklahoma City,10,Houston,Rockets,HOU,Houston,2.5,TRUE,FALSE,2.5,2,9:14,9,14,FALSE,FALSE,1,1,2,1,554,554,1994,539,539,1979,2,2,1,-21.75,17,2025-10-21,2025-10-21T23:30:00Z,
135,401809243215,215,131,Pullup Jump Shot,Alex Caruso makes 24-foot three pointer (Isaiah Hartenstein assists),39,37,2,2nd Quarter,8:59,TRUE,3,25,2991350,4222252,,2025-10-22T00:25:41Z,TRUE,41,19,3,+3 Points,2026,2,25,Oklahoma City,Thunder,OKC,Oklahoma City,10,Houston,Rockets,HOU,Houston,2.5,TRUE,FALSE,2.5,2,8:59,8,59,FALSE,FALSE,1,1,2,1,539,539,1979,523,523,1963,2,2,1,22.75,-16,2025-10-21,2025-10-21T23:30:00Z,
136,401809243217,217,42,Offensive Foul,Alperen Sengun offensive foul,39,37,2,2nd Quarter,8:43,FALSE,0,10,4871144,,,2025-10-22T00:26:00Z,FALSE,11,20,0,Foul,2026,2,25,Oklahoma City,Thunder,OKC,Oklahoma City,10,Houston,Rockets,HOU,Houston,2.5,TRUE,FALSE,2.5,2,8:43,8,43,FALSE,FALSE,1,1,2,1,523,523,1963,523,523,1963,2,2,1,-21.75,-14,2025-10-21,2025-10-21T23:30:00Z,
137,401809243219,219,84,Offensive Foul Turnover,Alperen Sengun turnover,39,37,2,2nd Quarter,8:43,FALSE,0,10,4871144,,,2025-10-22T00:26:00Z,FALSE,11,20,0,Turnover,2026,2,25,Oklahoma City,Thunder,OKC,Oklahoma City,10,Houston,Rockets,HOU,Houston,2.5,TRUE,FALSE,2.5,2,8:43,8,43,FALSE,FALSE,1,1,2,1,523,523,1963,509,509,1949,2,2,1,-21.75,-14,2025-10-21,2025-10-21T23:30:00Z,
138,401809243220,220,132,Step Back Jump Shot,Chet Holmgren makes 22-foot step back jumpshot (Ajay Mitchell assists),39,39,2,2nd Quarter,8:29,TRUE,2,25,4433255,4900671,,2025-10-22T00:26:29Z,TRUE,43,14,2,+2 Points,2026,2,25,Oklahoma City,Thunder,OKC,Oklahoma City,10,Houston,Rockets,HOU,Houston,2.5,TRUE,FALSE,2.5,2,8:29,8,29,FALSE,FALSE,1,1,2,1,509,509,1949,499,499,1939,2,2,1,27.75,-18,2025-10-21,2025-10-21T23:30:00Z,
139,401809243222,222,110,Driving Layup Shot,Ajay Mitchell blocks Amen Thompson 's 1-foot driving layup,39,39,2,2nd Quarter,8:19,FALSE,0,10,4684740,4900671,,2025-10-22T00:26:43Z,TRUE,26,0,2,Missed FG,2026,2,25,Oklahoma City,Thunder,OKC,Oklahoma City,10,Houston,Rockets,HOU,Houston,2.5,TRUE,FALSE,2.5,2,8:19,8,19,FALSE,FALSE,1,1,2,1,499,499,1939,498,498,1938,2,2,1,-41.75,1,2025-10-21,2025-10-21T23:30:00Z,
140,401809243224,224,156,Offensive Rebound,Rockets offensive team rebound,39,39,2,2nd Quarter,8:18,FALSE,0,10,,,,2025-10-22T00:26:44Z,FALSE,26,0,0,Rebound,2026,2,25,Oklahoma City,Thunder,OKC,Oklahoma City,10,Houston,Rockets,HOU,Houston,2.5,TRUE,FALSE,2.5,2,8:18,8,18,FALSE,FALSE,1,1,2,1,498,498,1938,491,491,1931,2,2,1,-41.75,1,2025-10-21,2025-10-21T23:30:00Z,
141,401809243226,226,44,Shooting Foul,Ajay Mitchell shooting foul,39,39,2,2nd Quarter,8:11,FALSE,0,25,4900671,,,2025-10-22T00:27:08Z,FALSE,27,1,0,Foul,2026,2,25,Oklahoma City,Thunder,OKC,Oklahoma City,10,Houston,Rockets,HOU,Houston,2.5,TRUE,FALSE,2.5,2,8:11,8,11,FALSE,FALSE,1,1,2,1,491,491,1931,491,491,1931,2,2,1,40.75,-2,2025-10-21,2025-10-21T23:30:00Z,
142,401809243228,228,98,Free Throw - 1 of 2,Josh Okogie makes free throw 1 of 2,40,39,2,2nd Quarter,8:11,TRUE,1,10,4065663,,,2025-10-22T00:27:42Z,TRUE,25,13.75,1,+1 Point,2026,2,25,Oklahoma City,Thunder,OKC,Oklahoma City,10,Houston,Rockets,HOU,Houston,2.5,TRUE,FALSE,2.5,2,8:11,8,11,FALSE,FALSE,1,1,2,1,491,491,1931,491,491,1931,2,2,1,-28,0,2025-10-21,2025-10-21T23:30:00Z,
143,401809243229,229,584,Substitution,Luguentz Dort enters the game for Aaron Wiggins,40,39,2,2nd Quarter,8:11,FALSE,0,25,4397020,4397183,,2025-10-22T00:27:42Z,FALSE,-214748340,-214748365,0,Substitution,2026,2,25,Oklahoma City,Thunder,OKC,Oklahoma City,10,Houston,Rockets,HOU,Houston,2.5,TRUE,FALSE,2.5,2,8:11,8,11,FALSE,FALSE,1,1,2,1,491,491,1931,491,491,1931,2,2,1,214748406.75,214748365,2025-10-21,2025-10-21T23:30:00Z,
144,401809243230,230,584,Substitution,Steven Adams enters the game for Amen Thompson,40,39,2,2nd Quarter,8:11,FALSE,0,10,2991235,4684740,,2025-10-22T00:27:42Z,FALSE,-214748340,-214748365,0,Substitution,2026,2,25,Oklahoma City,Thunder,OKC,Oklahoma City,10,Houston,Rockets,HOU,Houston,2.5,TRUE,FALSE,2.5,2,8:11,8,11,FALSE,FALSE,1,1,2,1,491,491,1931,491,491,1931,2,2,1,-214748406.75,-214748365,2025-10-21,2025-10-21T23:30:00Z,
145,401809243231,231,584,Substitution,Kevin Durant enters the game for Tari Eason,40,39,2,2nd Quarter,8:11,FALSE,0,10,3202,4433192,,2025-10-22T00:27:42Z,FALSE,-214748340,-214748365,0,Substitution,2026,2,25,Oklahoma City,Thunder,OKC,Oklahoma City,10,Houston,Rockets,HOU,Houston,2.5,TRUE,FALSE,2.5,2,8:11,8,11,FALSE,FALSE,1,1,2,1,491,491,1931,491,491,1931,2,2,1,-214748406.75,-214748365,2025-10-21,2025-10-21T23:30:00Z,
146,401809243232,232,584,Substitution,Reed Sheppard enters the game for Alperen Sengun,40,39,2,2nd Quarter,8:11,FALSE,0,10,4711272,4871144,,2025-10-22T00:27:42Z,FALSE,-214748340,-214748365,0,Substitution,2026,2,25,Oklahoma City,Thunder,OKC,Oklahoma City,10,Houston,Rockets,HOU,Houston,2.5,TRUE,FALSE,2.5,2,8:11,8,11,FALSE,FALSE,1,1,2,1,491,491,1931,491,491,1931,2,2,1,-214748406.75,-214748365,2025-10-21,2025-10-21T23:30:00Z,
147,401809243237,237,99,Free Throw - 2 of 2,Josh Okogie makes free throw 2 of 2,41,39,2,2nd Quarter,8:11,TRUE,1,10,4065663,,,2025-10-22T00:28:14Z,TRUE,25,13.75,1,+1 Point,2026,2,25,Oklahoma City,Thunder,OKC,Oklahoma City,10,Houston,Rockets,HOU,Houston,2.5,TRUE,FALSE,2.5,2,8:11,8,11,FALSE,FALSE,1,1,2,1,491,491,1931,479,479,1919,2,2,1,-28,0,2025-10-21,2025-10-21T23:30:00Z,
148,401809243238,238,144,Driving Floating Jump Shot,Ajay Mitchell misses driving floating jump shot,41,39,2,2nd Quarter,7:59,FALSE,0,25,4900671,,,2025-10-22T00:28:28Z,TRUE,15,8,2,Missed FG,2026,2,25,Oklahoma City,Thunder,OKC,Oklahoma City,10,Houston,Rockets,HOU,Houston,2.5,TRUE,FALSE,2.5,2,7:59,7,59,FALSE,FALSE,1,1,2,1,479,479,1919,475,475,1915,2,2,1,33.75,10,2025-10-21,2025-10-21T23:30:00Z,
149,401809243239,239,155,Defensive Rebound,Steven Adams defensive rebound,41,39,2,2nd Quarter,7:55,FALSE,0,10,2991235,,,2025-10-22T00:28:32Z,FALSE,15,8,0,Rebound,2026,2,25,Oklahoma City,Thunder,OKC,Oklahoma City,10,Houston,Rockets,HOU,Houston,2.5,TRUE,FALSE,2.5,2,7:55,7,55,FALSE,FALSE,1,1,2,1,475,475,1915,462,462,1902,2,2,1,-33.75,-10,2025-10-21,2025-10-21T23:30:00Z,
150,401809243240,240,92,Jump Shot,Reed Sheppard misses 24-foot three point jumper,41,39,2,2nd Quarter,7:42,FALSE,0,10,4711272,,,2025-10-22T00:28:44Z,TRUE,12,21,3,Missed 3PT,2026,2,25,Oklahoma City,Thunder,OKC,Oklahoma City,10,Houston,Rockets,HOU,Houston,2.5,TRUE,FALSE,2.5,2,7:42,7,42,FALSE,FALSE,1,1,2,1,462,462,1902,460,460,1900,2,2,1,-20.75,-13,2025-10-21,2025-10-21T23:30:00Z,
151,401809243241,241,155,Defensive Rebound,Thunder defensive team rebound,41,39,2,2nd Quarter,7:40,FALSE,0,25,,,,2025-10-22T00:28:46Z,FALSE,12,21,0,Rebound,2026,2,25,Oklahoma City,Thunder,OKC,Oklahoma City,10,Houston,Rockets,HOU,Houston,2.5,TRUE,FALSE,2.5,2,7:40,7,40,FALSE,FALSE,1,1,2,1,460,460,1900,445,445,1885,2,2,1,20.75,13,2025-10-21,2025-10-21T23:30:00Z,
152,401809243243,243,92,Jump Shot,Ajay Mitchell makes 25-foot three point jumper (Isaiah Hartenstein assists),41,42,2,2nd Quarter,7:25,TRUE,3,25,4900671,4222252,,2025-10-22T00:29:21Z,TRUE,44,17,3,+3 Points,2026,2,25,Oklahoma City,Thunder,OKC,Oklahoma City,10,Houston,Rockets,HOU,Houston,2.5,TRUE,FALSE,2.5,2,7:25,7,25,FALSE,FALSE,1,1,2,1,445,445,1885,419,419,1859,2,2,1,24.75,-19,2025-10-21,2025-10-21T23:30:00Z,
153,401809243245,245,137,Turnaround Fade Away Jump Shot,Kevin Durant misses 14-foot two point shot,41,42,2,2nd Quarter,6:59,FALSE,0,10,3202,,,2025-10-22T00:29:47Z,TRUE,32,13,2,Missed FG,2026,2,25,Oklahoma City,Thunder,OKC,Oklahoma City,10,Houston,Rockets,HOU,Houston,2.5,TRUE,FALSE,2.5,2,6:59,6,59,FALSE,FALSE,1,1,2,1,419,419,1859,416,416,1856,2,2,1,-28.75,7,2025-10-21,2025-10-21T23:30:00Z,
154,401809243246,246,156,Offensive Rebound,Josh Okogie offensive rebound,41,42,2,2nd Quarter,6:56,FALSE,0,10,4065663,,,2025-10-22T00:29:50Z,FALSE,32,13,0,Rebound,2026,2,25,Oklahoma City,Thunder,OKC,Oklahoma City,10,Houston,Rockets,HOU,Houston,2.5,TRUE,FALSE,2.5,2,6:56,6,56,FALSE,FALSE,1,1,2,1,416,416,1856,414,414,1854,2,2,1,-28.75,7,2025-10-21,2025-10-21T23:30:00Z,
155,401809243247,247,122,Jump Shot Bank,Reed Sheppard makes 26-foot jump bank shot (Josh Okogie assists),44,42,2,2nd Quarter,6:54,TRUE,3,10,4711272,4065663,,2025-10-22T00:29:52Z,TRUE,23,27,3,+3 Points,2026,2,25,Oklahoma City,Thunder,OKC,Oklahoma City,10,Houston,Rockets,HOU,Houston,2.5,TRUE,FALSE,2.5,2,6:54,6,54,FALSE,FALSE,1,1,2,1,414,414,1854,400,400,1840,2,2,1,-14.75,-2,2025-10-21,2025-10-21T23:30:00Z,
156,401809243249,249,92,Jump Shot,Isaiah Hartenstein misses 23-foot three point jumper,44,42,2,2nd Quarter,6:40,FALSE,0,25,4222252,,,2025-10-22T00:30:07Z,TRUE,2,-1,3,Missed 3PT,2026,2,25,Oklahoma City,Thunder,OKC,Oklahoma City,10,Houston,Rockets,HOU,Houston,2.5,TRUE,FALSE,2.5,2,6:40,6,40,FALSE,FALSE,1,1,2,1,400,400,1840,398,398,1838,2,2,1,42.75,23,2025-10-21,2025-10-21T23:30:00Z,
157,401809243250,250,155,Defensive Rebound,Kevin Durant defensive rebound,44,42,2,2nd Quarter,6:38,FALSE,0,10,3202,,,2025-10-22T00:30:09Z,FALSE,2,-1,0,Rebound,2026,2,25,Oklahoma City,Thunder,OKC,Oklahoma City,10,Houston,Rockets,HOU,Houston,2.5,TRUE,FALSE,2.5,2,6:38,6,38,FALSE,FALSE,1,1,2,1,398,398,1838,395,395,1835,2,2,1,-42.75,-23,2025-10-21,2025-10-21T23:30:00Z,
158,401809243251,251,44,Shooting Foul,Ajay Mitchell shooting foul,44,42,2,2nd Quarter,6:35,FALSE,0,25,4900671,,,2025-10-22T00:30:18Z,FALSE,25,2,0,Foul,2026,2,25,Oklahoma City,Thunder,OKC,Oklahoma City,10,Houston,Rockets,HOU,Houston,2.5,TRUE,FALSE,2.5,2,6:35,6,35,FALSE,FALSE,1,1,2,1,395,395,1835,395,395,1835,2,2,1,39.75,-0,2025-10-21,2025-10-21T23:30:00Z,
159,401809243253,253,98,Free Throw - 1 of 2,Steven Adams makes free throw 1 of 2,45,42,2,2nd Quarter,6:35,TRUE,1,10,2991235,,,2025-10-22T00:30:42Z,TRUE,25,13.75,1,+1 Point,2026,2,25,Oklahoma City,Thunder,OKC,Oklahoma City,10,Houston,Rockets,HOU,Houston,2.5,TRUE,FALSE,2.5,2,6:35,6,35,FALSE,FALSE,1,1,2,1,395,395,1835,395,395,1835,2,2,1,-28,0,2025-10-21,2025-10-21T23:30:00Z,
160,401809243254,254,99,Free Throw - 2 of 2,Steven Adams makes free throw 2 of 2,46,42,2,2nd Quarter,6:35,TRUE,1,10,2991235,,,2025-10-22T00:31:00Z,TRUE,25,13.75,1,+1 Point,2026,2,25,Oklahoma City,Thunder,OKC,Oklahoma City,10,Houston,Rockets,HOU,Houston,2.5,TRUE,FALSE,2.5,2,6:35,6,35,FALSE,FALSE,1,1,2,1,395,395,1835,380,380,1820,2,2,1,-28,0,2025-10-21,2025-10-21T23:30:00Z,
161,401809243255,255,144,Driving Floating Jump Shot,Reed Sheppard blocks Ajay Mitchell 's 8-foot driving floating jump shot,46,42,2,2nd Quarter,6:20,FALSE,0,25,4900671,4711272,,2025-10-22T00:31:17Z,TRUE,21,8,2,Missed FG,2026,2,25,Oklahoma City,Thunder,OKC,Oklahoma City,10,Houston,Rockets,HOU,Houston,2.5,TRUE,FALSE,2.5,2,6:20,6,20,FALSE,FALSE,1,1,2,1,380,380,1820,377,377,1817,2,2,1,33.75,4,2025-10-21,2025-10-21T23:30:00Z,
162,401809243257,257,156,Offensive Rebound,Luguentz Dort offensive rebound,46,42,2,2nd Quarter,6:17,FALSE,0,25,4397020,,,2025-10-22T00:31:20Z,FALSE,21,8,0,Rebound,2026,2,25,Oklahoma City,Thunder,OKC,Oklahoma City,10,Houston,Rockets,HOU,Houston,2.5,TRUE,FALSE,2.5,2,6:17,6,17,FALSE,FALSE,1,1,2,1,377,377,1817,375,375,1815,2,2,1,33.75,4,2025-10-21,2025-10-21T23:30:00Z,
163,401809243258,258,92,Jump Shot,Luguentz Dort misses 25-foot three point jumper,46,42,2,2nd Quarter,6:15,FALSE,0,25,4397020,,,2025-10-22T00:31:21Z,TRUE,39,22,3,Missed 3PT,2026,2,25,Oklahoma City,Thunder,OKC,Oklahoma City,10,Houston,Rockets,HOU,Houston,2.5,TRUE,FALSE,2.5,2,6:15,6,15,FALSE,FALSE,1,1,2,1,375,375,1815,372,372,1812,2,2,1,19.75,-14,2025-10-21,2025-10-21T23:30:00Z,
164,401809243259,259,155,Defensive Rebound,Kevin Durant defensive rebound,46,42,2,2nd Quarter,6:12,FALSE,0,10,3202,,,2025-10-22T00:31:24Z,FALSE,39,22,0,Rebound,2026,2,25,Oklahoma City,Thunder,OKC,Oklahoma City,10,Houston,Rockets,HOU,Houston,2.5,TRUE,FALSE,2.5,2,6:12,6,12,FALSE,FALSE,1,1,2,1,372,372,1812,367,367,1807,2,2,1,-19.75,14,2025-10-21,2025-10-21T23:30:00Z,
165,401809243260,260,109,Running Layup Shot,Steven Adams misses two point shot,46,42,2,2nd Quarter,6:07,FALSE,0,10,2991235,,,2025-10-22T00:31:30Z,TRUE,26,1,2,Missed FG,2026,2,25,Oklahoma City,Thunder,OKC,Oklahoma City,10,Houston,Rockets,HOU,Houston,2.5,TRUE,FALSE,2.5,2,6:07,6,7,FALSE,FALSE,1,1,2,1,367,367,1807,364,364,1804,2,2,1,-40.75,1,2025-10-21,2025-10-21T23:30:00Z,
166,401809243262,262,156,Offensive Rebound,Steven Adams offensive rebound,46,42,2,2nd Quarter,6:04,FALSE,0,10,2991235,,,2025-10-22T00:31:33Z,FALSE,26,1,0,Rebound,2026,2,25,Oklahoma City,Thunder,OKC,Oklahoma City,10,Houston,Rockets,HOU,Houston,2.5,TRUE,FALSE,2.5,2,6:04,6,4,FALSE,FALSE,1,1,2,1,364,364,1804,363,363,1803,2,2,1,-40.75,1,2025-10-21,2025-10-21T23:30:00Z,
167,401809243263,263,94,Tip Shot,Steven Adams misses 2-foot tip shot,46,42,2,2nd Quarter,6:03,FALSE,0,10,2991235,,,2025-10-22T00:31:33Z,TRUE,26,2,2,Missed FG,2026,2,25,Oklahoma City,Thunder,OKC,Oklahoma City,10,Houston,Rockets,HOU,Houston,2.5,TRUE,FALSE,2.5,2,6:03,6,3,FALSE,FALSE,1,1,2,1,363,363,1803,361,361,1801,2,2,1,-39.75,1,2025-10-21,2025-10-21T23:30:00Z,
168,401809243264,264,155,Defensive Rebound,Chet Holmgren defensive rebound,46,42,2,2nd Quarter,6:01,FALSE,0,25,4433255,,,2025-10-22T00:31:35Z,FALSE,26,2,0,Rebound,2026,2,25,Oklahoma City,Thunder,OKC,Oklahoma City,10,Houston,Rockets,HOU,Houston,2.5,TRUE,FALSE,2.5,2,6:01,6,1,FALSE,FALSE,1,1,2,1,361,361,1801,351,351,1791,2,2,1,39.75,-1,2025-10-21,2025-10-21T23:30:00Z,
169,401809243265,265,137,Turnaround Fade Away Jump Shot,Chet Holmgren misses 8-foot two point shot,46,42,2,2nd Quarter,5:51,FALSE,0,25,4433255,,,2025-10-22T00:31:45Z,TRUE,30,7,2,Missed FG,2026,2,25,Oklahoma City,Thunder,OKC,Oklahoma City,10,Houston,Rockets,HOU,Houston,2.5,TRUE,FALSE,2.5,2,5:51,5,51,FALSE,FALSE,1,1,2,1,351,351,1791,350,350,1790,2,2,1,34.75,-5,2025-10-21,2025-10-21T23:30:00Z,
170,401809243266,266,155,Defensive Rebound,Reed Sheppard defensive rebound,46,42,2,2nd Quarter,5:50,FALSE,0,10,4711272,,,2025-10-22T00:31:46Z,FALSE,30,7,0,Rebound,2026,2,25,Oklahoma City,Thunder,OKC,Oklahoma City,10,Houston,Rockets,HOU,Houston,2.5,TRUE,FALSE,2.5,2,5:50,5,50,FALSE,FALSE,1,1,2,1,350,350,1790,344,344,1784,2,2,1,-34.75,5,2025-10-21,2025-10-21T23:30:00Z,
171,401809243267,267,42,Offensive Foul,Steven Adams offensive foul,46,42,2,2nd Quarter,5:44,FALSE,0,10,2991235,,,2025-10-22T00:31:58Z,FALSE,26,1,0,Foul,2026,2,25,Oklahoma City,Thunder,OKC,Oklahoma City,10,Houston,Rockets,HOU,Houston,2.5,TRUE,FALSE,2.5,2,5:44,5,44,FALSE,FALSE,1,1,2,1,344,344,1784,344,344,1784,2,2,1,-40.75,1,2025-10-21,2025-10-21T23:30:00Z,
172,401809243269,269,84,Offensive Foul Turnover,Steven Adams turnover,46,42,2,2nd Quarter,5:44,FALSE,0,10,2991235,,,2025-10-22T00:31:58Z,FALSE,26,1,0,Turnover,2026,2,25,Oklahoma City,Thunder,OKC,Oklahoma City,10,Houston,Rockets,HOU,Houston,2.5,TRUE,FALSE,2.5,2,5:44,5,44,FALSE,FALSE,1,1,2,1,344,344,1784,344,344,1784,2,2,1,-40.75,1,2025-10-21,2025-10-21T23:30:00Z,
173,401809243270,270,584,Substitution,Cason Wallace enters the game for Chet Holmgren,46,42,2,2nd Quarter,5:44,FALSE,0,25,4683692,4433255,,2025-10-22T00:32:05Z,FALSE,-214748340,-214748365,0,Substitution,2026,2,25,Oklahoma City,Thunder,OKC,Oklahoma City,10,Houston,Rockets,HOU,Houston,2.5,TRUE,FALSE,2.5,2,5:44,5,44,FALSE,FALSE,1,1,2,1,344,344,1784,344,344,1784,2,2,1,214748406.75,214748365,2025-10-21,2025-10-21T23:30:00Z,
174,401809243271,271,584,Substitution,Shai Gilgeous-Alexander enters the game for Alex Caruso,46,42,2,2nd Quarter,5:44,FALSE,0,25,4278073,2991350,,2025-10-22T00:32:05Z,FALSE,-214748340,-214748365,0,Substitution,2026,2,25,Oklahoma City,Thunder,OKC,Oklahoma City,10,Houston,Rockets,HOU,Houston,2.5,TRUE,FALSE,2.5,2,5:44,5,44,FALSE,FALSE,1,1,2,1,344,344,1784,344,344,1784,2,2,1,214748406.75,214748365,2025-10-21,2025-10-21T23:30:00Z,
175,401809243274,274,584,Substitution,Amen Thompson enters the game for Josh Okogie,46,42,2,2nd Quarter,5:44,FALSE,0,10,4684740,4065663,,2025-10-22T00:32:15Z,FALSE,-214748340,-214748365,0,Substitution,2026,2,25,Oklahoma City,Thunder,OKC,Oklahoma City,10,Houston,Rockets,HOU,Houston,2.5,TRUE,FALSE,2.5,2,5:44,5,44,FALSE,FALSE,1,1,2,1,344,344,1784,331,331,1771,2,2,1,-214748406.75,-214748365,2025-10-21,2025-10-21T23:30:00Z,
176,401809243276,276,137,Turnaround Fade Away Jump Shot,Shai Gilgeous-Alexander misses 16-foot two point shot,46,42,2,2nd Quarter,5:31,FALSE,0,25,4278073,,,2025-10-22T00:32:25Z,TRUE,26,16,2,Missed FG,2026,2,25,Oklahoma City,Thunder,OKC,Oklahoma City,10,Houston,Rockets,HOU,Houston,2.5,TRUE,FALSE,2.5,2,5:31,5,31,FALSE,FALSE,1,1,2,1,331,331,1771,328,328,1768,2,2,1,25.75,-1,2025-10-21,2025-10-21T23:30:00Z,
177,401809243277,277,156,Offensive Rebound,Ajay Mitchell offensive rebound,46,42,2,2nd Quarter,5:28,FALSE,0,25,4900671,,,2025-10-22T00:32:28Z,FALSE,26,16,0,Rebound,2026,2,25,Oklahoma City,Thunder,OKC,Oklahoma City,10,Houston,Rockets,HOU,Houston,2.5,TRUE,FALSE,2.5,2,5:28,5,28,FALSE,FALSE,1,1,2,1,328,328,1768,316,316,1756,2,2,1,25.75,-1,2025-10-21,2025-10-21T23:30:00Z,
178,401809243278,278,121,Fade Away Jump Shot,Luguentz Dort misses 21-foot two point shot,46,42,2,2nd Quarter,5:16,FALSE,0,25,4397020,,,2025-10-22T00:32:45Z,TRUE,4,6,2,Missed FG,2026,2,25,Oklahoma City,Thunder,OKC,Oklahoma City,10,Houston,Rockets,HOU,Houston,2.5,TRUE,FALSE,2.5,2,5:16,5,16,FALSE,FALSE,1,1,2,1,316,316,1756,315,315,1755,2,2,1,35.75,21,2025-10-21,2025-10-21T23:30:00Z,
179,401809243279,279,156,Offensive Rebound,Thunder offensive team rebound,46,42,2,2nd Quarter,5:15,FALSE,0,25,,,,2025-10-22T00:32:46Z,FALSE,4,6,0,Rebound,2026,2,25,Oklahoma City,Thunder,OKC,Oklahoma City,10,Houston,Rockets,HOU,Houston,2.5,TRUE,FALSE,2.5,2,5:15,5,15,FALSE,FALSE,1,1,2,1,315,315,1755,315,315,1755,2,2,1,35.75,21,2025-10-21,2025-10-21T23:30:00Z,
180,401809243280,280,70,Shot Clock Turnover,shot clock turnover ,46,42,2,2nd Quarter,5:15,FALSE,0,25,,,,2025-10-22T00:32:48Z,FALSE,5,7,0,Turnover,2026,2,25,Oklahoma City,Thunder,OKC,Oklahoma City,10,Houston,Rockets,HOU,Houston,2.5,TRUE,FALSE,2.5,2,5:15,5,15,FALSE,FALSE,1,1,2,1,315,315,1755,302,302,1742,2,2,1,34.75,20,2025-10-21,2025-10-21T23:30:00Z,
181,401809243281,281,90,Out of Bounds - Bad Pass Turnover,Reed Sheppard out of bounds bad pass turnover,46,42,2,2nd Quarter,5:02,FALSE,0,10,4711272,,,2025-10-22T00:33:08Z,FALSE,33,15,0,Turnover,2026,2,25,Oklahoma City,Thunder,OKC,Oklahoma City,10,Houston,Rockets,HOU,Houston,2.5,TRUE,FALSE,2.5,2,5:02,5,2,FALSE,FALSE,1,1,2,1,302,302,1742,302,302,1742,2,2,1,-26.75,8,2025-10-21,2025-10-21T23:30:00Z,
182,401809243282,282,584,Substitution,Alperen Sengun enters the game for Jabari Smith Jr.,46,42,2,2nd Quarter,5:02,FALSE,0,10,4871144,4432639,,2025-10-22T00:33:12Z,FALSE,-214748340,-214748365,0,Substitution,2026,2,25,Oklahoma City,Thunder,OKC,Oklahoma City,10,Houston,Rockets,HOU,Houston,2.5,TRUE,FALSE,2.5,2,5:02,5,2,FALSE,FALSE,1,1,2,1,302,302,1742,291,291,1731,2,2,1,-214748406.75,-214748365,2025-10-21,2025-10-21T23:30:00Z,
183,401809243284,284,92,Jump Shot,Ajay Mitchell misses 26-foot three point jumper,46,42,2,2nd Quarter,4:51,FALSE,0,25,4900671,,,2025-10-22T00:33:37Z,TRUE,4,17,3,Missed 3PT,2026,2,25,Oklahoma City,Thunder,OKC,Oklahoma City,10,Houston,Rockets,HOU,Houston,2.5,TRUE,FALSE,2.5,2,4:51,4,51,FALSE,FALSE,1,1,2,1,291,291,1731,287,287,1727,2,2,1,24.75,21,2025-10-21,2025-10-21T23:30:00Z,
184,401809243285,285,155,Defensive Rebound,Steven Adams defensive rebound,46,42,2,2nd Quarter,4:47,FALSE,0,10,2991235,,,2025-10-22T00:33:41Z,FALSE,4,17,0,Rebound,2026,2,25,Oklahoma City,Thunder,OKC,Oklahoma City,10,Houston,Rockets,HOU,Houston,2.5,TRUE,FALSE,2.5,2,4:47,4,47,FALSE,FALSE,1,1,2,1,287,287,1727,275,275,1715,2,2,1,-24.75,-21,2025-10-21,2025-10-21T23:30:00Z,
185,401809243286,286,92,Jump Shot,Amen Thompson misses 23-foot three point jumper,46,42,2,2nd Quarter,4:35,FALSE,0,10,4684740,,,2025-10-22T00:33:51Z,TRUE,2,7,3,Missed 3PT,2026,2,25,Oklahoma City,Thunder,OKC,Oklahoma City,10,Houston,Rockets,HOU,Houston,2.5,TRUE,FALSE,2.5,2,4:35,4,35,FALSE,FALSE,1,1,2,1,275,275,1715,273,273,1713,2,2,1,-34.75,-23,2025-10-21,2025-10-21T23:30:00Z,
186,401809243287,287,155,Defensive Rebound,Isaiah Hartenstein defensive rebound,46,42,2,2nd Quarter,4:33,FALSE,0,25,4222252,,,2025-10-22T00:33:53Z,FALSE,2,7,0,Rebound,2026,2,25,Oklahoma City,Thunder,OKC,Oklahoma City,10,Houston,Rockets,HOU,Houston,2.5,TRUE,FALSE,2.5,2,4:33,4,33,FALSE,FALSE,1,1,2,1,273,273,1713,267,267,1707,2,2,1,34.75,23,2025-10-21,2025-10-21T23:30:00Z,
187,401809243288,288,113,Running Jump Shot,Ajay Mitchell makes 22-foot three point shot (Cason Wallace assists),46,45,2,2nd Quarter,4:27,TRUE,3,25,4900671,4683692,,2025-10-22T00:34:00Z,TRUE,2,0,3,+3 Points,2026,2,25,Oklahoma City,Thunder,OKC,Oklahoma City,10,Houston,Rockets,HOU,Houston,2.5,TRUE,FALSE,2.5,2,4:27,4,27,FALSE,FALSE,1,1,2,1,267,267,1707,246,246,1686,2,2,1,41.75,23,2025-10-21,2025-10-21T23:30:00Z,
188,401809243290,290,92,Jump Shot,Reed Sheppard misses 25-foot three point jumper,46,45,2,2nd Quarter,4:06,FALSE,0,10,4711272,,,2025-10-22T00:34:21Z,TRUE,10,21,3,Missed 3PT,2026,2,25,Oklahoma City,Thunder,OKC,Oklahoma City,10,Houston,Rockets,HOU,Houston,2.5,TRUE,FALSE,2.5,2,4:06,4,6,FALSE,FALSE,1,1,2,1,246,246,1686,245,245,1685,2,2,1,-20.75,-15,2025-10-21,2025-10-21T23:30:00Z,
189,401809243291,291,156,Offensive Rebound,Rockets offensive team rebound,46,45,2,2nd Quarter,4:05,FALSE,0,10,,,,2025-10-22T00:34:22Z,FALSE,10,21,0,Rebound,2026,2,25,Oklahoma City,Thunder,OKC,Oklahoma City,10,Houston,Rockets,HOU,Houston,2.5,TRUE,FALSE,2.5,2,4:05,4,5,FALSE,FALSE,1,1,2,1,245,245,1685,245,245,1685,2,2,1,-20.75,-15,2025-10-21,2025-10-21T23:30:00Z,
190,401809243292,292,43,Loose Ball Foul,Isaiah Hartenstein loose ball foul,46,45,2,2nd Quarter,4:05,FALSE,0,25,4222252,,,2025-10-22T00:34:27Z,FALSE,25,1,0,Foul,2026,2,25,Oklahoma City,Thunder,OKC,Oklahoma City,10,Houston,Rockets,HOU,Houston,2.5,TRUE,FALSE,2.5,2,4:05,4,5,FALSE,FALSE,1,1,2,1,245,245,1685,245,245,1685,2,2,1,40.75,-0,2025-10-21,2025-10-21T23:30:00Z,
191,401809243294,294,584,Substitution,Jaylin Williams enters the game for Isaiah Hartenstein,46,45,2,2nd Quarter,4:05,FALSE,0,25,4432823,4222252,,2025-10-22T00:34:33Z,FALSE,-214748340,-214748365,0,Substitution,2026,2,25,Oklahoma City,Thunder,OKC,Oklahoma City,10,Houston,Rockets,HOU,Houston,2.5,TRUE,FALSE,2.5,2,4:05,4,5,FALSE,FALSE,1,1,2,1,245,245,1685,232,232,1672,2,2,1,214748406.75,214748365,2025-10-21,2025-10-21T23:30:00Z,
192,401809243296,296,137,Turnaround Fade Away Jump Shot,Alperen Sengun misses 15-foot two point shot,46,45,2,2nd Quarter,3:52,FALSE,0,10,4871144,,,2025-10-22T00:35:00Z,TRUE,40,5,2,Missed FG,2026,2,25,Oklahoma City,Thunder,OKC,Oklahoma City,10,Houston,Rockets,HOU,Houston,2.5,TRUE,FALSE,2.5,2,3:52,3,52,FALSE,FALSE,1,1,2,1,232,232,1672,228,228,1668,2,2,1,-36.75,15,2025-10-21,2025-10-21T23:30:00Z,
193,401809243297,297,155,Defensive Rebound,Cason Wallace defensive rebound,46,45,2,2nd Quarter,3:48,FALSE,0,25,4683692,,,2025-10-22T00:35:04Z,FALSE,40,5,0,Rebound,2026,2,25,Oklahoma City,Thunder,OKC,Oklahoma City,10,Houston,Rockets,HOU,Houston,2.5,TRUE,FALSE,2.5,2,3:48,3,48,FALSE,FALSE,1,1,2,1,228,228,1668,211,211,1651,2,2,1,36.75,-15,2025-10-21,2025-10-21T23:30:00Z,
194,401809243298,298,92,Jump Shot,Ajay Mitchell misses 26-foot three point jumper,46,45,2,2nd Quarter,3:31,FALSE,0,25,4900671,,,2025-10-22T00:35:22Z,TRUE,12,23,3,Missed 3PT,2026,2,25,Oklahoma City,Thunder,OKC,Oklahoma City,10,Houston,Rockets,HOU,Houston,2.5,TRUE,FALSE,2.5,2,3:31,3,31,FALSE,FALSE,1,1,2,1,211,211,1651,207,207,1647,2,2,1,18.75,13,2025-10-21,2025-10-21T23:30:00Z,
195,401809243299,299,155,Defensive Rebound,Alperen Sengun defensive rebound,46,45,2,2nd Quarter,3:27,FALSE,0,10,4871144,,,2025-10-22T00:35:26Z,FALSE,12,23,0,Rebound,2026,2,25,Oklahoma City,Thunder,OKC,Oklahoma City,10,Houston,Rockets,HOU,Houston,2.5,TRUE,FALSE,2.5,2,3:27,3,27,FALSE,FALSE,1,1,2,1,207,207,1647,191,191,1631,2,2,1,-18.75,-13,2025-10-21,2025-10-21T23:30:00Z,
196,401809243300,300,45,Personal Foul,Luguentz Dort personal foul,46,45,2,2nd Quarter,3:11,FALSE,0,25,4397020,,,2025-10-22T00:35:44Z,FALSE,36,21,0,Foul,2026,2,25,Oklahoma City,Thunder,OKC,Oklahoma City,10,Houston,Rockets,HOU,Houston,2.5,TRUE,FALSE,2.5,2,3:11,3,11,FALSE,FALSE,1,1,2,1,191,191,1631,191,191,1631,2,2,1,20.75,-11,2025-10-21,2025-10-21T23:30:00Z,
197,401809243302,302,584,Substitution,Jabari Smith Jr. enters the game for Reed Sheppard,46,45,2,2nd Quarter,3:11,FALSE,0,10,4432639,4711272,,2025-10-22T00:35:54Z,FALSE,-214748340,-214748365,0,Substitution,2026,2,25,Oklahoma City,Thunder,OKC,Oklahoma City,10,Houston,Rockets,HOU,Houston,2.5,TRUE,FALSE,2.5,2,3:11,3,11,FALSE,FALSE,1,1,2,1,191,191,1631,184,184,1624,2,2,1,-214748406.75,-214748365,2025-10-21,2025-10-21T23:30:00Z,
198,401809243304,304,92,Jump Shot,Jabari Smith Jr. misses 22-foot three point jumper,46,45,2,2nd Quarter,3:04,FALSE,0,10,4432639,,,2025-10-22T00:36:15Z,TRUE,3,-2,3,Missed 3PT,2026,2,25,Oklahoma City,Thunder,OKC,Oklahoma City,10,Houston,Rockets,HOU,Houston,2.5,TRUE,FALSE,2.5,2,3:04,3,4,FALSE,FALSE,1,1,2,1,184,184,1624,182,182,1622,2,2,1,-43.75,-22,2025-10-21,2025-10-21T23:30:00Z,
199,401809243305,305,156,Offensive Rebound,Alperen Sengun offensive rebound,46,45,2,2nd Quarter,3:02,FALSE,0,10,4871144,,,2025-10-22T00:36:17Z,FALSE,3,-2,0,Rebound,2026,2,25,Oklahoma City,Thunder,OKC,Oklahoma City,10,Houston,Rockets,HOU,Houston,2.5,TRUE,FALSE,2.5,2,3:02,3,2,FALSE,FALSE,1,1,2,1,182,182,1622,182,182,1622,2,2,1,-43.75,-22,2025-10-21,2025-10-21T23:30:00Z,
200,401809243306,306,94,Tip Shot,Alperen Sengun misses tip shot,46,45,2,2nd Quarter,3:02,FALSE,0,10,4871144,,,2025-10-22T00:36:22Z,TRUE,25,0,2,Missed FG,2026,2,25,Oklahoma City,Thunder,OKC,Oklahoma City,10,Houston,Rockets,HOU,Houston,2.5,TRUE,FALSE,2.5,2,3:02,3,2,FALSE,FALSE,1,1,2,1,182,182,1622,180,180,1620,2,2,1,-41.75,0,2025-10-21,2025-10-21T23:30:00Z,
201,401809243307,307,156,Offensive Rebound,Jabari Smith Jr. offensive rebound,46,45,2,2nd Quarter,3:00,FALSE,0,10,4432639,,,2025-10-22T00:36:24Z,FALSE,25,0,0,Rebound,2026,2,25,Oklahoma City,Thunder,OKC,Oklahoma City,10,Houston,Rockets,HOU,Houston,2.5,TRUE,FALSE,2.5,2,3:00,3,0,FALSE,FALSE,1,1,2,1,180,180,1620,166,166,1606,2,2,1,-41.75,0,2025-10-21,2025-10-21T23:30:00Z,
202,401809243308,308,131,Pullup Jump Shot,Kevin Durant makes 13-foot pullup jump shot,48,45,2,2nd Quarter,2:46,TRUE,2,10,3202,,,2025-10-22T00:36:33Z,TRUE,33,11,2,+2 Points,2026,2,25,Oklahoma City,Thunder,OKC,Oklahoma City,10,Houston,Rockets,HOU,Houston,2.5,TRUE,FALSE,2.5,2,2:46,2,46,FALSE,FALSE,1,1,2,1,166,166,1606,166,166,1606,2,2,1,-30.75,8,2025-10-21,2025-10-21T23:30:00Z,
203,401809243310,310,16,Full Timeout,Thunder Full timeout,48,45,2,2nd Quarter,2:46,FALSE,0,25,,,,2025-10-22T00:36:38Z,FALSE,-214748340,-214748365,0,Timeout,2026,2,25,Oklahoma City,Thunder,OKC,Oklahoma City,10,Houston,Rockets,HOU,Houston,2.5,TRUE,FALSE,2.5,2,2:46,2,46,FALSE,FALSE,1,1,2,1,166,166,1606,166,166,1606,2,2,1,214748406.75,214748365,2025-10-21,2025-10-21T23:30:00Z,
204,401809243311,311,584,Substitution,Chet Holmgren enters the game for Ajay Mitchell,48,45,2,2nd Quarter,2:46,FALSE,0,25,4433255,4900671,,2025-10-22T00:39:39Z,FALSE,-214748340,-214748365,0,Substitution,2026,2,25,Oklahoma City,Thunder,OKC,Oklahoma City,10,Houston,Rockets,HOU,Houston,2.5,TRUE,FALSE,2.5,2,2:46,2,46,FALSE,FALSE,1,1,2,1,166,166,1606,155,155,1595,2,2,1,214748406.75,214748365,2025-10-21,2025-10-21T23:30:00Z,
205,401809243313,313,92,Jump Shot,Jaylin Williams misses 25-foot three point jumper,48,45,2,2nd Quarter,2:35,FALSE,0,25,4432823,,,2025-10-22T00:40:27Z,TRUE,7,18,3,Missed 3PT,2026,2,25,Oklahoma City,Thunder,OKC,Oklahoma City,10,Houston,Rockets,HOU,Houston,2.5,TRUE,FALSE,2.5,2,2:35,2,35,FALSE,FALSE,1,1,2,1,155,155,1595,153,153,1593,2,2,1,23.75,18,2025-10-21,2025-10-21T23:30:00Z,
206,401809243314,314,155,Defensive Rebound,Rockets defensive team rebound,48,45,2,2nd Quarter,2:33,FALSE,0,10,,,,2025-10-22T00:40:29Z,FALSE,7,18,0,Rebound,2026,2,25,Oklahoma City,Thunder,OKC,Oklahoma City,10,Houston,Rockets,HOU,Houston,2.5,TRUE,FALSE,2.5,2,2:33,2,33,FALSE,FALSE,1,1,2,1,153,153,1593,135,135,1575,2,2,1,-23.75,-18,2025-10-21,2025-10-21T23:30:00Z,
207,401809243316,316,131,Pullup Jump Shot,Kevin Durant makes 19-foot pullup jump shot,50,45,2,2nd Quarter,2:15,TRUE,2,10,3202,,,2025-10-22T00:40:54Z,TRUE,20,19,2,+2 Points,2026,2,25,Oklahoma City,Thunder,OKC,Oklahoma City,10,Houston,Rockets,HOU,Houston,2.5,TRUE,FALSE,2.5,2,2:15,2,15,FALSE,FALSE,1,1,2,1,135,135,1575,123,123,1563,2,2,1,-22.75,-5,2025-10-21,2025-10-21T23:30:00Z,
208,401809243317,317,92,Jump Shot,Luguentz Dort misses 27-foot three point jumper,50,45,2,2nd Quarter,2:03,FALSE,0,25,4397020,,,2025-10-22T00:41:05Z,TRUE,42,22,3,Missed 3PT,2026,2,25,Oklahoma City,Thunder,OKC,Oklahoma City,10,Houston,Rockets,HOU,Houston,2.5,TRUE,FALSE,2.5,2,2:03,2,3,FALSE,FALSE,1,1,2,1,123,123,1563,121,121,1561,2,2,1,19.75,-17,2025-10-21,2025-10-21T23:30:00Z,
209,401809243318,318,156,Offensive Rebound,Chet Holmgren offensive rebound,50,45,2,2nd Quarter,2:01,FALSE,0,25,4433255,,,2025-10-22T00:41:08Z,FALSE,42,22,0,Rebound,2026,2,25,Oklahoma City,Thunder,OKC,Oklahoma City,10,Houston,Rockets,HOU,Houston,2.5,TRUE,FALSE,2.5,2,2:01,2,1,FALSE,FALSE,1,1,2,1,121,121,1561,118,118,1558,2,2,1,19.75,-17,2025-10-21,2025-10-21T23:30:00Z,
210,401809243319,319,92,Jump Shot,Jaylin Williams misses 27-foot three point jumper,50,45,2,2nd Quarter,1:58,FALSE,0,25,4432823,,,2025-10-22T00:41:11Z,TRUE,10,23,3,Missed 3PT,2026,2,25,Oklahoma City,Thunder,OKC,Oklahoma City,10,Houston,Rockets,HOU,Houston,2.5,TRUE,FALSE,2.5,2,1:58,1,58,FALSE,FALSE,1,1,2,1,118,118,1558,114,114,1554,2,2,1,18.75,15,2025-10-21,2025-10-21T23:30:00Z,
211,401809243320,320,155,Defensive Rebound,Kevin Durant defensive rebound,50,45,2,2nd Quarter,1:54,FALSE,0,10,3202,,,2025-10-22T00:41:15Z,FALSE,10,23,0,Rebound,2026,2,25,Oklahoma City,Thunder,OKC,Oklahoma City,10,Houston,Rockets,HOU,Houston,2.5,TRUE,FALSE,2.5,2,1:54,1,54,FALSE,FALSE,1,1,2,1,114,114,1554,104,104,1544,2,2,1,-18.75,-15,2025-10-21,2025-10-21T23:30:00Z,
212,401809243321,321,92,Jump Shot,Alperen Sengun makes 24-foot three point jumper (Kevin Durant assists),53,45,2,2nd Quarter,1:44,TRUE,3,10,4871144,3202,,2025-10-22T00:41:24Z,TRUE,41,20,3,+3 Points,2026,2,25,Oklahoma City,Thunder,OKC,Oklahoma City,10,Houston,Rockets,HOU,Houston,2.5,TRUE,FALSE,2.5,2,1:44,1,44,FALSE,FALSE,1,1,2,1,104,104,1544,92,92,1532,2,2,1,-21.75,16,2025-10-21,2025-10-21T23:30:00Z,
213,401809243323,323,92,Jump Shot,Jaylin Williams misses 26-foot three point jumper,53,45,2,2nd Quarter,1:32,FALSE,0,25,4432823,,,2025-10-22T00:41:35Z,TRUE,6,19,3,Missed 3PT,2026,2,25,Oklahoma City,Thunder,OKC,Oklahoma City,10,Houston,Rockets,HOU,Houston,2.5,TRUE,FALSE,2.5,2,1:32,1,32,FALSE,FALSE,1,1,2,1,92,92,1532,91,91,1531,2,2,1,22.75,19,2025-10-21,2025-10-21T23:30:00Z,
214,401809243324,324,155,Defensive Rebound,Rockets defensive team rebound,53,45,2,2nd Quarter,1:31,FALSE,0,10,,,,2025-10-22T00:41:36Z,FALSE,6,19,0,Rebound,2026,2,25,Oklahoma City,Thunder,OKC,Oklahoma City,10,Houston,Rockets,HOU,Houston,2.5,TRUE,FALSE,2.5,2,1:31,1,31,FALSE,FALSE,1,1,2,1,91,91,1531,91,91,1531,2,2,1,-22.75,-19,2025-10-21,2025-10-21T23:30:00Z,
215,401809243326,326,213,Challenge,Rockets Coach's Challenge,53,45,2,2nd Quarter,1:31,FALSE,0,10,,,,2025-10-22T00:42:24Z,FALSE,-214748340,-214748365,0,Challenge,2026,2,25,Oklahoma City,Thunder,OKC,Oklahoma City,10,Houston,Rockets,HOU,Houston,2.5,TRUE,FALSE,2.5,2,1:31,1,31,FALSE,FALSE,1,1,2,1,91,91,1531,91,91,1531,2,2,1,-214748406.75,-214748365,2025-10-21,2025-10-21T23:30:00Z,
216,401809243327,327,215,Coach's Challenge (Overturned),(01:31) [Rockets] COACH'S CHALLENGE (CALL OVERTURNED) [Rockets] retain their timeout,53,45,2,2nd Quarter,1:31,FALSE,0,10,,,,2025-10-22T00:42:26Z,FALSE,-214748340,-214748365,0,Challenge,2026,2,25,Oklahoma City,Thunder,OKC,Oklahoma City,10,Houston,Rockets,HOU,Houston,2.5,TRUE,FALSE,2.5,2,1:31,1,31,FALSE,FALSE,1,1,2,1,91,91,1531,91,91,1531,2,2,1,-214748406.75,-214748365,2025-10-21,2025-10-21T23:30:00Z,
217,401809243328,328,584,Substitution,Tari Eason enters the game for Jabari Smith Jr.,53,45,2,2nd Quarter,1:31,FALSE,0,10,4433192,4432639,,2025-10-22T00:44:14Z,FALSE,-214748340,-214748365,0,Substitution,2026,2,25,Oklahoma City,Thunder,OKC,Oklahoma City,10,Houston,Rockets,HOU,Houston,2.5,TRUE,FALSE,2.5,2,1:31,1,31,FALSE,FALSE,1,1,2,1,91,91,1531,69,69,1509,2,2,1,-214748406.75,-214748365,2025-10-21,2025-10-21T23:30:00Z,
218,401809243330,330,92,Jump Shot,Amen Thompson misses 25-foot three point jumper,53,45,2,2nd Quarter,1:09,FALSE,0,10,4684740,,,2025-10-22T00:44:47Z,TRUE,5,15,3,Missed 3PT,2026,2,25,Oklahoma City,Thunder,OKC,Oklahoma City,10,Houston,Rockets,HOU,Houston,2.5,TRUE,FALSE,2.5,2,1:09,1,9,FALSE,FALSE,1,1,2,1,69,69,1509,65,65,1505,2,2,1,-26.75,-20,2025-10-21,2025-10-21T23:30:00Z,
219,401809243331,331,155,Defensive Rebound,Chet Holmgren defensive rebound,53,45,2,2nd Quarter,1:05,FALSE,0,25,4433255,,,2025-10-22T00:44:51Z,FALSE,5,15,0,Rebound,2026,2,25,Oklahoma City,Thunder,OKC,Oklahoma City,10,Houston,Rockets,HOU,Houston,2.5,TRUE,FALSE,2.5,2,1:05,1,5,FALSE,FALSE,1,1,2,1,65,65,1505,56.6,56.6,1496.6,2,2,1,26.75,20,2025-10-21,2025-10-21T23:30:00Z,
220,401809243332,332,128,Driving Finger Roll Layup,Shai Gilgeous-Alexander makes 2-foot two point shot,53,47,2,2nd Quarter,0:56.6,TRUE,2,25,4278073,,,2025-10-22T00:45:01Z,TRUE,27,2,2,+2 Points,2026,2,25,Oklahoma City,Thunder,OKC,Oklahoma City,10,Houston,Rockets,HOU,Houston,2.5,TRUE,FALSE,2.5,2,0:56.6,0,56.6,FALSE,FALSE,1,1,2,1,56.6,56.6,1496.6,38,38,1478,2,2,1,39.75,-2,2025-10-21,2025-10-21T23:30:00Z,
221,401809243333,333,92,Jump Shot,Kevin Durant makes 12-foot jumper (Steven Adams assists),55,47,2,2nd Quarter,0:38.0,TRUE,2,10,3202,2991235,,2025-10-22T00:45:23Z,TRUE,16,8,2,+2 Points,2026,2,25,Oklahoma City,Thunder,OKC,Oklahoma City,10,Houston,Rockets,HOU,Houston,2.5,TRUE,FALSE,2.5,2,0:38.0,0,38,FALSE,FALSE,1,1,2,1,38,38,1478,22.8,22.8,1462.8,2,2,1,-33.75,-9,2025-10-21,2025-10-21T23:30:00Z,
222,401809243335,335,92,Jump Shot,Chet Holmgren misses 26-foot three point jumper,55,47,2,2nd Quarter,0:22.8,FALSE,0,25,4433255,,,2025-10-22T00:45:39Z,TRUE,2,15,3,Missed 3PT,2026,2,25,Oklahoma City,Thunder,OKC,Oklahoma City,10,Houston,Rockets,HOU,Houston,2.5,TRUE,FALSE,2.5,2,0:22.8,0,22.8,FALSE,FALSE,1,1,2,1,22.8,22.8,1462.8,19.3,19.3,1459.3,2,2,1,26.75,23,2025-10-21,2025-10-21T23:30:00Z,
223,401809243336,336,155,Defensive Rebound,Kevin Durant defensive rebound,55,47,2,2nd Quarter,0:19.3,FALSE,0,10,3202,,,2025-10-22T00:45:43Z,FALSE,2,15,0,Rebound,2026,2,25,Oklahoma City,Thunder,OKC,Oklahoma City,10,Houston,Rockets,HOU,Houston,2.5,TRUE,FALSE,2.5,2,0:19.3,0,19.3,FALSE,FALSE,1,1,2,1,19.3,19.3,1459.3,5.9,5.9,1445.9,2,2,1,-26.75,-23,2025-10-21,2025-10-21T23:30:00Z,
224,401809243337,337,12,Kicked Ball,Cason Wallace kicked ball violation,55,47,2,2nd Quarter,0:5.9,FALSE,0,25,4683692,,,2025-10-22T00:45:58Z,FALSE,-214748340,-214748365,0,Violation,2026,2,25,Oklahoma City,Thunder,OKC,Oklahoma City,10,Houston,Rockets,HOU,Houston,2.5,TRUE,FALSE,2.5,2,0:5.9,0,5.9,FALSE,FALSE,1,1,2,1,5.9,5.9,1445.9,5.9,5.9,1445.9,2,2,1,214748406.75,214748365,2025-10-21,2025-10-21T23:30:00Z,
225,401809243338,338,584,Substitution,Alex Caruso enters the game for Luguentz Dort,55,47,2,2nd Quarter,0:5.9,FALSE,0,25,2991350,4397020,,2025-10-22T00:46:02Z,FALSE,-214748340,-214748365,0,Substitution,2026,2,25,Oklahoma City,Thunder,OKC,Oklahoma City,10,Houston,Rockets,HOU,Houston,2.5,TRUE,FALSE,2.5,2,0:5.9,0,5.9,FALSE,FALSE,1,1,2,1,5.9,5.9,1445.9,5.1,5.1,1445.1,2,2,1,214748406.75,214748365,2025-10-21,2025-10-21T23:30:00Z,
226,401809243340,340,45,Personal Foul,Chet Holmgren personal foul,55,47,2,2nd Quarter,0:5.1,FALSE,0,25,4433255,,,2025-10-22T00:46:20Z,FALSE,2,20,0,Foul,2026,2,25,Oklahoma City,Thunder,OKC,Oklahoma City,10,Houston,Rockets,HOU,Houston,2.5,TRUE,FALSE,2.5,2,0:5.1,0,5.1,FALSE,FALSE,1,1,2,1,5.1,5.1,1445.1,5.1,5.1,1445.1,2,2,1,21.75,23,2025-10-21,2025-10-21T23:30:00Z,
227,401809243342,342,98,Free Throw - 1 of 2,Alperen Sengun makes free throw 1 of 2,56,47,2,2nd Quarter,0:5.1,TRUE,1,10,4871144,,,2025-10-22T00:46:44Z,TRUE,25,13.75,1,+1 Point,2026,2,25,Oklahoma City,Thunder,OKC,Oklahoma City,10,Houston,Rockets,HOU,Houston,2.5,TRUE,FALSE,2.5,2,0:5.1,0,5.1,FALSE,FALSE,1,1,2,1,5.1,5.1,1445.1,5.1,5.1,1445.1,2,2,1,-28,0,2025-10-21,2025-10-21T23:30:00Z,
228,401809243343,343,584,Substitution,Ajay Mitchell enters the game for Alex Caruso,56,47,2,2nd Quarter,0:5.1,FALSE,0,25,4900671,2991350,,2025-10-22T00:46:44Z,FALSE,-214748340,-214748365,0,Substitution,2026,2,25,Oklahoma City,Thunder,OKC,Oklahoma City,10,Houston,Rockets,HOU,Houston,2.5,TRUE,FALSE,2.5,2,0:5.1,0,5.1,FALSE,FALSE,1,1,2,1,5.1,5.1,1445.1,5.1,5.1,1445.1,2,2,1,214748406.75,214748365,2025-10-21,2025-10-21T23:30:00Z,
229,401809243344,344,584,Substitution,Josh Okogie enters the game for Steven Adams,56,47,2,2nd Quarter,0:5.1,FALSE,0,10,4065663,2991235,,2025-10-22T00:46:44Z,FALSE,-214748340,-214748365,0,Substitution,2026,2,25,Oklahoma City,Thunder,OKC,Oklahoma City,10,Houston,Rockets,HOU,Houston,2.5,TRUE,FALSE,2.5,2,0:5.1,0,5.1,FALSE,FALSE,1,1,2,1,5.1,5.1,1445.1,5.1,5.1,1445.1,2,2,1,-214748406.75,-214748365,2025-10-21,2025-10-21T23:30:00Z,
230,401809243347,347,99,Free Throw - 2 of 2,Alperen Sengun makes free throw 2 of 2,57,47,2,2nd Quarter,0:5.1,TRUE,1,10,4871144,,,2025-10-22T00:47:09Z,TRUE,25,13.75,1,+1 Point,2026,2,25,Oklahoma City,Thunder,OKC,Oklahoma City,10,Houston,Rockets,HOU,Houston,2.5,TRUE,FALSE,2.5,2,0:5.1,0,5.1,FALSE,FALSE,1,1,2,1,5.1,5.1,1445.1,3.8,3.8,1443.8,2,2,1,-28,0,2025-10-21,2025-10-21T23:30:00Z,
231,401809243348,348,45,Personal Foul,Amen Thompson personal foul,57,47,2,2nd Quarter,0:3.8,FALSE,0,10,4684740,,,2025-10-22T00:47:14Z,FALSE,12,10,0,Foul,2026,2,25,Oklahoma City,Thunder,OKC,Oklahoma City,10,Houston,Rockets,HOU,Houston,2.5,TRUE,FALSE,2.5,2,0:3.8,0,3.8,FALSE,FALSE,1,1,2,1,3.8,3.8,1443.8,0.7,0.7,1440.7,2,2,1,-31.75,-13,2025-10-21,2025-10-21T23:30:00Z,
232,401809243350,350,131,Pullup Jump Shot,Ajay Mitchell makes 25-foot three pointer,57,50,2,2nd Quarter,0:0.7,TRUE,3,25,4900671,,,2025-10-22T00:47:31Z,TRUE,47,13,3,+3 Points,2026,2,25,Oklahoma City,Thunder,OKC,Oklahoma City,10,Houston,Rockets,HOU,Houston,2.5,TRUE,FALSE,2.5,2,0:0.7,0,0.7,FALSE,FALSE,1,1,2,1,0.7,0.7,1440.7,0.7,0.7,1440.7,2,2,1,28.75,-22,2025-10-21,2025-10-21T23:30:00Z,
233,401809243351,351,44,Shooting Foul,Josh Okogie shooting foul,57,50,2,2nd Quarter,0:0.7,FALSE,0,10,4065663,,,2025-10-22T00:47:44Z,FALSE,45,16,0,Foul,2026,2,25,Oklahoma City,Thunder,OKC,Oklahoma City,10,Houston,Rockets,HOU,Houston,2.5,TRUE,FALSE,2.5,2,0:0.7,0,0.7,FALSE,FALSE,1,1,2,1,0.7,0.7,1440.7,0.7,0.7,1440.7,2,2,1,-25.75,20,2025-10-21,2025-10-21T23:30:00Z,
234,401809243353,353,280,Ref-Initiated Review (Stands),(00:00.7) [Rockets] REF-INITIATED REVIEW (CALL STANDS),57,50,2,2nd Quarter,0:0.7,FALSE,0,,,,,2025-10-22T00:48:13Z,FALSE,-214748340,-214748365,0,Challenge,2026,2,25,Oklahoma City,Thunder,OKC,Oklahoma City,10,Houston,Rockets,HOU,Houston,2.5,TRUE,FALSE,2.5,2,0:0.7,0,0.7,FALSE,FALSE,1,1,2,1,0.7,0.7,1440.7,0.7,0.7,1440.7,2,2,1,-214748406.75,-214748365,2025-10-21,2025-10-21T23:30:00Z,
235,401809243354,354,584,Substitution,Steven Adams enters the game for Kevin Durant,57,50,2,2nd Quarter,0:0.7,FALSE,0,10,2991235,3202,,2025-10-22T00:49:22Z,FALSE,-214748340,-214748365,0,Substitution,2026,2,25,Oklahoma City,Thunder,OKC,Oklahoma City,10,Houston,Rockets,HOU,Houston,2.5,TRUE,FALSE,2.5,2,0:0.7,0,0.7,FALSE,FALSE,1,1,2,1,0.7,0.7,1440.7,0.7,0.7,1440.7,2,2,1,-214748406.75,-214748365,2025-10-21,2025-10-21T23:30:00Z,
236,401809243356,356,97,Free Throw - 1 of 1,Ajay Mitchell makes free throw 1 of 1,57,51,2,2nd Quarter,0:0.7,TRUE,1,25,4900671,,,2025-10-22T00:49:49Z,TRUE,25,13.75,1,+1 Point,2026,2,25,Oklahoma City,Thunder,OKC,Oklahoma City,10,Houston,Rockets,HOU,Houston,2.5,TRUE,FALSE,2.5,2,0:0.7,0,0.7,FALSE,FALSE,1,1,2,1,0.7,0.7,1440.7,0.2,0.2,1440.2,2,2,1,28,-0,2025-10-21,2025-10-21T23:30:00Z,
237,401809243357,357,282,Heave Jump Shot,Alperen Sengun misses heave jump shot,57,51,2,2nd Quarter,0:0.2,FALSE,0,10,4871144,,,2025-10-22T00:49:53Z,TRUE,9,82,3,Missed 3PT,2026,2,25,Oklahoma City,Thunder,OKC,Oklahoma City,10,Houston,Rockets,HOU,Houston,2.5,TRUE,FALSE,2.5,2,0:0.2,0,0.2,FALSE,FALSE,1,1,2,1,0.2,0.2,1440.2,0.1,0.1,1440.1,2,2,1,40.25,-16,2025-10-21,2025-10-21T23:30:00Z,
238,401809243358,358,156,Offensive Rebound,Rockets offensive team rebound,57,51,2,2nd Quarter,0:0.1,FALSE,0,10,,,,2025-10-22T00:49:54Z,FALSE,41,2,0,Rebound,2026,2,25,Oklahoma City,Thunder,OKC,Oklahoma City,10,Houston,Rockets,HOU,Houston,2.5,TRUE,FALSE,2.5,2,0:0.1,0,0.1,FALSE,FALSE,1,1,2,1,0.1,0.1,1440.1,0,0,1440,2,2,1,-39.75,16,2025-10-21,2025-10-21T23:30:00Z,
239,401809243359,359,412,End Period,End of the 2nd Quarter,57,51,2,2nd Quarter,0:0.0,FALSE,0,,,,,2025-10-22T00:51:47Z,FALSE,-214748340,-214748365,0,Halftime,2026,2,25,Oklahoma City,Thunder,OKC,Oklahoma City,10,Houston,Rockets,HOU,Houston,2.5,TRUE,FALSE,2.5,2,0:0.0,0,0,FALSE,FALSE,1,1,3,2,0,0,1440,720,1440,1440,2,2,1,-214748406.75,-214748365,2025-10-21,2025-10-21T23:30:00Z,
240,401809243360,360,584,Substitution,Luguentz Dort enters the game for Jaylin Williams,57,51,3,3rd Quarter,12:00,FALSE,0,25,4397020,4432823,,2025-10-22T01:06:16Z,FALSE,-214748340,-214748365,0,Substitution,2026,2,25,Oklahoma City,Thunder,OKC,Oklahoma City,10,Houston,Rockets,HOU,Houston,2.5,TRUE,FALSE,2.5,3,12:00,12,0,FALSE,FALSE,2,2,3,2,720,1440,1440,720,1440,1440,3,2,1,214748406.75,214748365,2025-10-21,2025-10-21T23:30:00Z,
241,401809243361,361,584,Substitution,Alex Caruso enters the game for Ajay Mitchell,57,51,3,3rd Quarter,12:00,FALSE,0,25,2991350,4900671,,2025-10-22T01:06:16Z,FALSE,-214748340,-214748365,0,Substitution,2026,2,25,Oklahoma City,Thunder,OKC,Oklahoma City,10,Houston,Rockets,HOU,Houston,2.5,TRUE,FALSE,2.5,3,12:00,12,0,FALSE,FALSE,2,2,3,2,720,1440,1440,720,1440,1440,3,3,2,214748406.75,214748365,2025-10-21,2025-10-21T23:30:00Z,
242,401809243362,362,584,Substitution,Jabari Smith Jr. enters the game for Tari Eason,57,51,3,3rd Quarter,12:00,FALSE,0,10,4432639,4433192,,2025-10-22T01:06:16Z,FALSE,-214748340,-214748365,0,Substitution,2026,2,25,Oklahoma City,Thunder,OKC,Oklahoma City,10,Houston,Rockets,HOU,Houston,2.5,TRUE,FALSE,2.5,3,12:00,12,0,FALSE,FALSE,2,2,3,2,720,1440,1440,720,1440,1440,3,3,2,-214748406.75,-214748365,2025-10-21,2025-10-21T23:30:00Z,
243,401809243363,363,584,Substitution,Kevin Durant enters the game for Josh Okogie,57,51,3,3rd Quarter,12:00,FALSE,0,10,3202,4065663,,2025-10-22T01:06:16Z,FALSE,-214748340,-214748365,0,Substitution,2026,2,25,Oklahoma City,Thunder,OKC,Oklahoma City,10,Houston,Rockets,HOU,Houston,2.5,TRUE,FALSE,2.5,3,12:00,12,0,FALSE,FALSE,2,2,3,2,720,1440,1440,707,1427,1427,3,3,2,-214748406.75,-214748365,2025-10-21,2025-10-21T23:30:00Z,
244,401809243369,369,92,Jump Shot,Chet Holmgren misses 25-foot three point jumper,57,51,3,3rd Quarter,11:47,FALSE,0,25,4433255,,,2025-10-22T01:06:59Z,TRUE,42,19,3,Missed 3PT,2026,2,25,Oklahoma City,Thunder,OKC,Oklahoma City,10,Houston,Rockets,HOU,Houston,2.5,TRUE,FALSE,2.5,3,11:47,11,47,FALSE,FALSE,2,2,3,2,707,1427,1427,703,1423,1423,3,3,2,22.75,-17,2025-10-21,2025-10-21T23:30:00Z,
245,401809243370,370,155,Defensive Rebound,Kevin Durant defensive rebound,57,51,3,3rd Quarter,11:43,FALSE,0,10,3202,,,2025-10-22T01:07:03Z,FALSE,42,19,0,Rebound,2026,2,25,Oklahoma City,Thunder,OKC,Oklahoma City,10,Houston,Rockets,HOU,Houston,2.5,TRUE,FALSE,2.5,3,11:43,11,43,FALSE,FALSE,2,2,3,2,703,1423,1423,691,1411,1411,3,3,2,-22.75,17,2025-10-21,2025-10-21T23:30:00Z,
246,401809243371,371,124,Finger Roll Layup,Jabari Smith Jr. makes finger roll layup,59,51,3,3rd Quarter,11:31,TRUE,2,10,4432639,,,2025-10-22T01:07:15Z,TRUE,24,2,2,+2 Points,2026,2,25,Oklahoma City,Thunder,OKC,Oklahoma City,10,Houston,Rockets,HOU,Houston,2.5,TRUE,FALSE,2.5,3,11:31,11,31,FALSE,FALSE,2,2,3,2,691,1411,1411,676,1396,1396,3,3,2,-39.75,-1,2025-10-21,2025-10-21T23:30:00Z,
247,401809243372,372,92,Jump Shot,Cason Wallace misses 24-foot three point jumper,59,51,3,3rd Quarter,11:16,FALSE,0,25,4683692,,,2025-10-22T01:07:30Z,TRUE,15,23,3,Missed 3PT,2026,2,25,Oklahoma City,Thunder,OKC,Oklahoma City,10,Houston,Rockets,HOU,Houston,2.5,TRUE,FALSE,2.5,3,11:16,11,16,FALSE,FALSE,2,2,3,2,676,1396,1396,673,1393,1393,3,3,2,18.75,10,2025-10-21,2025-10-21T23:30:00Z,
248,401809243373,373,155,Defensive Rebound,Steven Adams defensive rebound,59,51,3,3rd Quarter,11:13,FALSE,0,10,2991235,,,2025-10-22T01:07:33Z,FALSE,15,23,0,Rebound,2026,2,25,Oklahoma City,Thunder,OKC,Oklahoma City,10,Houston,Rockets,HOU,Houston,2.5,TRUE,FALSE,2.5,3,11:13,11,13,FALSE,FALSE,2,2,3,2,673,1393,1393,662,1382,1382,3,3,2,-18.75,-10,2025-10-21,2025-10-21T23:30:00Z,
249,401809243374,374,137,Turnaround Fade Away Jump Shot,Kevin Durant makes 8-foot two point shot,61,51,3,3rd Quarter,11:02,TRUE,2,10,3202,,,2025-10-22T01:07:44Z,TRUE,33,1,2,+2 Points,2026,2,25,Oklahoma City,Thunder,OKC,Oklahoma City,10,Houston,Rockets,HOU,Houston,2.5,TRUE,FALSE,2.5,3,11:02,11,2,FALSE,FALSE,2,2,3,2,662,1382,1382,647,1367,1367,3,3,2,-40.75,8,2025-10-21,2025-10-21T23:30:00Z,
250,401809243375,375,92,Jump Shot,Luguentz Dort misses 9-foot jumper,61,51,3,3rd Quarter,10:47,FALSE,0,25,4397020,,,2025-10-22T01:07:59Z,TRUE,17,6,2,Missed FG,2026,2,25,Oklahoma City,Thunder,OKC,Oklahoma City,10,Houston,Rockets,HOU,Houston,2.5,TRUE,FALSE,2.5,3,10:47,10,47,FALSE,FALSE,2,2,3,2,647,1367,1367,644,1364,1364,3,3,2,35.75,8,2025-10-21,2025-10-21T23:30:00Z,
251,401809243376,376,155,Defensive Rebound,Steven Adams defensive rebound,61,51,3,3rd Quarter,10:44,FALSE,0,10,2991235,,,2025-10-22T01:08:02Z,FALSE,17,6,0,Rebound,2026,2,25,Oklahoma City,Thunder,OKC,Oklahoma City,10,Houston,Rockets,HOU,Houston,2.5,TRUE,FALSE,2.5,3,10:44,10,44,FALSE,FALSE,2,2,3,2,644,1364,1364,637,1357,1357,3,3,2,-35.75,-8,2025-10-21,2025-10-21T23:30:00Z,
252,401809243377,377,90,Out of Bounds - Bad Pass Turnover,Steven Adams out of bounds bad pass turnover,61,51,3,3rd Quarter,10:37,FALSE,0,10,2991235,,,2025-10-22T01:08:10Z,FALSE,8,21,0,Turnover,2026,2,25,Oklahoma City,Thunder,OKC,Oklahoma City,10,Houston,Rockets,HOU,Houston,2.5,TRUE,FALSE,2.5,3,10:37,10,37,FALSE,FALSE,2,2,3,2,637,1357,1357,621,1341,1341,3,3,2,-20.75,-17,2025-10-21,2025-10-21T23:30:00Z,
253,401809243379,379,90,Out of Bounds - Bad Pass Turnover,Chet Holmgren out of bounds bad pass turnover,61,51,3,3rd Quarter,10:21,FALSE,0,25,4433255,,,2025-10-22T01:08:50Z,FALSE,20,10,0,Turnover,2026,2,25,Oklahoma City,Thunder,OKC,Oklahoma City,10,Houston,Rockets,HOU,Houston,2.5,TRUE,FALSE,2.5,3,10:21,10,21,FALSE,FALSE,2,2,3,2,621,1341,1341,613,1333,1333,3,3,2,31.75,5,2025-10-21,2025-10-21T23:30:00Z,
254,401809243381,381,110,Driving Layup Shot,Amen Thompson makes driving layup,63,51,3,3rd Quarter,10:13,TRUE,2,10,4684740,,,2025-10-22T01:09:23Z,TRUE,25,2,2,+2 Points,2026,2,25,Oklahoma City,Thunder,OKC,Oklahoma City,10,Houston,Rockets,HOU,Houston,2.5,TRUE,FALSE,2.5,3,10:13,10,13,FALSE,FALSE,2,2,3,2,613,1333,1333,611,1331,1331,3,3,2,-39.75,0,2025-10-21,2025-10-21T23:30:00Z,
255,401809243382,382,16,Full Timeout,Thunder Full timeout,63,51,3,3rd Quarter,10:11,FALSE,0,25,,,,2025-10-22T01:09:27Z,FALSE,-214748340,-214748365,0,Timeout,2026,2,25,Oklahoma City,Thunder,OKC,Oklahoma City,10,Houston,Rockets,HOU,Houston,2.5,TRUE,FALSE,2.5,3,10:11,10,11,FALSE,FALSE,2,2,3,2,611,1331,1331,599,1319,1319,3,3,2,214748406.75,214748365,2025-10-21,2025-10-21T23:30:00Z,
256,401809243383,383,62,"Bad Pass
Turnover",Luguentz Dort bad pass (Jabari Smith Jr. steals),63,51,3,3rd Quarter,9:59,FALSE,0,25,4397020,4432639,,2025-10-22T01:13:01Z,FALSE,29,0,0,Turnover,2026,2,25,Oklahoma City,Thunder,OKC,Oklahoma City,10,Houston,Rockets,HOU,Houston,2.5,TRUE,FALSE,2.5,3,9:59,9,59,FALSE,FALSE,2,2,3,2,599,1319,1319,586,1306,1306,3,3,2,41.75,-4,2025-10-21,2025-10-21T23:30:00Z,
257,401809243385,385,92,Jump Shot,Jabari Smith Jr. misses 23-foot three point jumper,63,51,3,3rd Quarter,9:46,FALSE,0,10,4432639,,,2025-10-22T01:13:15Z,TRUE,2,-3,3,Missed 3PT,2026,2,25,Oklahoma City,Thunder,OKC,Oklahoma City,10,Houston,Rockets,HOU,Houston,2.5,TRUE,FALSE,2.5,3,9:46,9,46,FALSE,FALSE,2,2,3,2,586,1306,1306,583,1303,1303,3,3,2,-44.75,-23,2025-10-21,2025-10-21T23:30:00Z,
258,401809243386,386,155,Defensive Rebound,Cason Wallace defensive rebound,63,51,3,3rd Quarter,9:43,FALSE,0,25,4683692,,,2025-10-22T01:13:18Z,FALSE,2,-3,0,Rebound,2026,2,25,Oklahoma City,Thunder,OKC,Oklahoma City,10,Houston,Rockets,HOU,Houston,2.5,TRUE,FALSE,2.5,3,9:43,9,43,FALSE,FALSE,2,2,3,2,583,1303,1303,579,1299,1299,3,3,2,44.75,23,2025-10-21,2025-10-21T23:30:00Z,
259,401809243387,387,113,Running Jump Shot,Shai Gilgeous-Alexander misses 24-foot three point shot,63,51,3,3rd Quarter,9:39,FALSE,0,25,4278073,,,2025-10-22T01:13:22Z,TRUE,27,25,3,Missed 3PT,2026,2,25,Oklahoma City,Thunder,OKC,Oklahoma City,10,Houston,Rockets,HOU,Houston,2.5,TRUE,FALSE,2.5,3,9:39,9,39,FALSE,FALSE,2,2,3,2,579,1299,1299,574,1294,1294,3,3,2,16.75,-2,2025-10-21,2025-10-21T23:30:00Z,
260,401809243388,388,155,Defensive Rebound,Steven Adams defensive rebound,63,51,3,3rd Quarter,9:34,FALSE,0,10,2991235,,,2025-10-22T01:13:27Z,FALSE,27,25,0,Rebound,2026,2,25,Oklahoma City,Thunder,OKC,Oklahoma City,10,Houston,Rockets,HOU,Houston,2.5,TRUE,FALSE,2.5,3,9:34,9,34,FALSE,FALSE,2,2,3,2,574,1294,1294,564,1284,1284,3,3,2,-16.75,2,2025-10-21,2025-10-21T23:30:00Z,
261,401809243389,389,42,Offensive Foul,Amen Thompson offensive foul,63,51,3,3rd Quarter,9:24,FALSE,0,10,4684740,,,2025-10-22T01:13:39Z,FALSE,40,21,0,Foul,2026,2,25,Oklahoma City,Thunder,OKC,Oklahoma City,10,Houston,Rockets,HOU,Houston,2.5,TRUE,FALSE,2.5,3,9:24,9,24,FALSE,FALSE,2,2,3,2,564,1284,1284,564,1284,1284,3,3,2,-20.75,15,2025-10-21,2025-10-21T23:30:00Z,
262,401809243391,391,84,Offensive Foul Turnover,Amen Thompson turnover,63,51,3,3rd Quarter,9:24,FALSE,0,10,4684740,,,2025-10-22T01:13:39Z,FALSE,40,21,0,Turnover,2026,2,25,Oklahoma City,Thunder,OKC,Oklahoma City,10,Houston,Rockets,HOU,Houston,2.5,TRUE,FALSE,2.5,3,9:24,9,24,FALSE,FALSE,2,2,3,2,564,1284,1284,552,1272,1272,3,3,2,-20.75,15,2025-10-21,2025-10-21T23:30:00Z,
263,401809243392,392,92,Jump Shot,Shai Gilgeous-Alexander makes 12-foot jumper (Luguentz Dort assists),63,53,3,3rd Quarter,9:12,TRUE,2,25,4278073,4397020,,2025-10-22T01:14:01Z,TRUE,18,10,2,+2 Points,2026,2,25,Oklahoma City,Thunder,OKC,Oklahoma City,10,Houston,Rockets,HOU,Houston,2.5,TRUE,FALSE,2.5,3,9:12,9,12,FALSE,FALSE,2,2,3,2,552,1272,1272,538,1258,1258,3,3,2,31.75,7,2025-10-21,2025-10-21T23:30:00Z,
264,401809243394,394,62,"Bad Pass
Turnover",Amen Thompson bad pass (Alex Caruso steals),63,53,3,3rd Quarter,8:58,FALSE,0,10,4684740,2991350,,2025-10-22T01:14:15Z,FALSE,25,26,0,Turnover,2026,2,25,Oklahoma City,Thunder,OKC,Oklahoma City,10,Houston,Rockets,HOU,Houston,2.5,TRUE,FALSE,2.5,3,8:58,8,58,FALSE,FALSE,2,2,3,2,538,1258,1258,535,1255,1255,3,3,2,-15.75,0,2025-10-21,2025-10-21T23:30:00Z,
265,401809243396,396,116,Running Dunk Shot,Alex Caruso makes dunk,63,55,3,3rd Quarter,8:55,TRUE,2,25,2991350,,,2025-10-22T01:14:18Z,TRUE,25,0,2,+2 Points,2026,2,25,Oklahoma City,Thunder,OKC,Oklahoma City,10,Houston,Rockets,HOU,Houston,2.5,TRUE,FALSE,2.5,3,8:55,8,55,FALSE,FALSE,2,2,3,2,535,1255,1255,508,1228,1228,3,3,2,41.75,-0,2025-10-21,2025-10-21T23:30:00Z,
266,401809243397,397,121,Fade Away Jump Shot,Jabari Smith Jr. misses 12-foot two point shot,63,55,3,3rd Quarter,8:28,FALSE,0,10,4432639,,,2025-10-22T01:14:45Z,TRUE,30,11,2,Missed FG,2026,2,25,Oklahoma City,Thunder,OKC,Oklahoma City,10,Houston,Rockets,HOU,Houston,2.5,TRUE,FALSE,2.5,3,8:28,8,28,FALSE,FALSE,2,2,3,2,508,1228,1228,506,1226,1226,3,3,2,-30.75,5,2025-10-21,2025-10-21T23:30:00Z,
267,401809243398,398,155,Defensive Rebound,Thunder defensive team rebound,63,55,3,3rd Quarter,8:26,FALSE,0,25,,,,2025-10-22T01:14:49Z,FALSE,30,11,0,Rebound,2026,2,25,Oklahoma City,Thunder,OKC,Oklahoma City,10,Houston,Rockets,HOU,Houston,2.5,TRUE,FALSE,2.5,3,8:26,8,26,FALSE,FALSE,2,2,3,2,506,1226,1226,497,1217,1217,3,3,2,30.75,-5,2025-10-21,2025-10-21T23:30:00Z,
268,401809243400,400,131,Pullup Jump Shot,Shai Gilgeous-Alexander makes 12-foot pullup jump shot,63,57,3,3rd Quarter,8:17,TRUE,2,25,4278073,,,2025-10-22T01:15:01Z,TRUE,31,12,2,+2 Points,2026,2,25,Oklahoma City,Thunder,OKC,Oklahoma City,10,Houston,Rockets,HOU,Houston,2.5,TRUE,FALSE,2.5,3,8:17,8,17,FALSE,FALSE,2,2,3,2,497,1217,1217,477,1197,1197,3,3,2,29.75,-6,2025-10-21,2025-10-21T23:30:00Z,
269,401809243401,401,44,Shooting Foul,Alex Caruso shooting foul,63,57,3,3rd Quarter,7:57,FALSE,0,25,2991350,,,2025-10-22T01:15:24Z,FALSE,25,4,0,Foul,2026,2,25,Oklahoma City,Thunder,OKC,Oklahoma City,10,Houston,Rockets,HOU,Houston,2.5,TRUE,FALSE,2.5,3,7:57,7,57,FALSE,FALSE,2,2,3,2,477,1197,1197,477,1197,1197,3,3,2,37.75,-0,2025-10-21,2025-10-21T23:30:00Z,
270,401809243403,403,98,Free Throw - 1 of 2,Alperen Sengun makes free throw 1 of 2,64,57,3,3rd Quarter,7:57,TRUE,1,10,4871144,,,2025-10-22T01:15:59Z,TRUE,25,13.75,1,+1 Point,2026,2,25,Oklahoma City,Thunder,OKC,Oklahoma City,10,Houston,Rockets,HOU,Houston,2.5,TRUE,FALSE,2.5,3,7:57,7,57,FALSE,FALSE,2,2,3,2,477,1197,1197,477,1197,1197,3,3,2,-28,0,2025-10-21,2025-10-21T23:30:00Z,
271,401809243404,404,584,Substitution,Isaiah Hartenstein enters the game for Alex Caruso,64,57,3,3rd Quarter,7:57,FALSE,0,25,4222252,2991350,,2025-10-22T01:16:00Z,FALSE,-214748340,-214748365,0,Substitution,2026,2,25,Oklahoma City,Thunder,OKC,Oklahoma City,10,Houston,Rockets,HOU,Houston,2.5,TRUE,FALSE,2.5,3,7:57,7,57,FALSE,FALSE,2,2,3,2,477,1197,1197,477,1197,1197,3,3,2,214748406.75,214748365,2025-10-21,2025-10-21T23:30:00Z,
272,401809243406,406,99,Free Throw - 2 of 2,Alperen Sengun makes free throw 2 of 2,65,57,3,3rd Quarter,7:57,TRUE,1,10,4871144,,,2025-10-22T01:16:26Z,TRUE,25,13.75,1,+1 Point,2026,2,25,Oklahoma City,Thunder,OKC,Oklahoma City,10,Houston,Rockets,HOU,Houston,2.5,TRUE,FALSE,2.5,3,7:57,7,57,FALSE,FALSE,2,2,3,2,477,1197,1197,463,1183,1183,3,3,2,-28,0,2025-10-21,2025-10-21T23:30:00Z,
273,401809243407,407,92,Jump Shot,Cason Wallace makes 25-foot three point jumper (Shai Gilgeous-Alexander assists),65,60,3,3rd Quarter,7:43,TRUE,3,25,4683692,4278073,,2025-10-22T01:16:41Z,TRUE,42,19,3,+3 Points,2026,2,25,Oklahoma City,Thunder,OKC,Oklahoma City,10,Houston,Rockets,HOU,Houston,2.5,TRUE,FALSE,2.5,3,7:43,7,43,FALSE,FALSE,2,2,3,2,463,1183,1183,445,1165,1165,3,3,2,22.75,-17,2025-10-21,2025-10-21T23:30:00Z,
274,401809243409,409,144,Driving Floating Jump Shot,Alperen Sengun misses driving floating jump shot,65,60,3,3rd Quarter,7:25,FALSE,0,10,4871144,,,2025-10-22T01:17:00Z,TRUE,31,6,2,Missed FG,2026,2,25,Oklahoma City,Thunder,OKC,Oklahoma City,10,Houston,Rockets,HOU,Houston,2.5,TRUE,FALSE,2.5,3,7:25,7,25,FALSE,FALSE,2,2,3,2,445,1165,1165,445,1165,1165,3,3,2,-35.75,6,2025-10-21,2025-10-21T23:30:00Z,
275,401809243410,410,156,Offensive Rebound,Rockets offensive team rebound,65,60,3,3rd Quarter,7:25,FALSE,0,10,,,,2025-10-22T01:17:00Z,FALSE,31,6,0,Rebound,2026,2,25,Oklahoma City,Thunder,OKC,Oklahoma City,10,Houston,Rockets,HOU,Houston,2.5,TRUE,FALSE,2.5,3,7:25,7,25,FALSE,FALSE,2,2,3,2,445,1165,1165,445,1165,1165,3,3,2,-35.75,6,2025-10-21,2025-10-21T23:30:00Z,
276,401809243411,411,43,Loose Ball Foul,Cason Wallace loose ball foul,65,60,3,3rd Quarter,7:25,FALSE,0,25,4683692,,,2025-10-22T01:17:04Z,FALSE,25,1,0,Foul,2026,2,25,Oklahoma City,Thunder,OKC,Oklahoma City,10,Houston,Rockets,HOU,Houston,2.5,TRUE,FALSE,2.5,3,7:25,7,25,FALSE,FALSE,2,2,3,2,445,1165,1165,441,1161,1161,3,3,2,40.75,-0,2025-10-21,2025-10-21T23:30:00Z,
277,401809243414,414,615,Jumpball,Kevin Durant vs. Luguentz Dort (Steven Adams gains possession),65,60,3,3rd Quarter,7:21,FALSE,0,10,3202,4397020,2991235,2025-10-22T01:18:04Z,FALSE,-214748340,-214748365,0,Jump Ball,2026,2,25,Oklahoma City,Thunder,OKC,Oklahoma City,10,Houston,Rockets,HOU,Houston,2.5,TRUE,FALSE,2.5,3,7:21,7,21,FALSE,FALSE,2,2,3,2,441,1161,1161,433,1153,1153,3,3,2,-214748406.75,-214748365,2025-10-21,2025-10-21T23:30:00Z,
278,401809243417,417,110,Driving Layup Shot,Alperen Sengun makes driving layup,67,60,3,3rd Quarter,7:13,TRUE,2,10,4871144,,,2025-10-22T01:18:10Z,TRUE,23,2,2,+2 Points,2026,2,25,Oklahoma City,Thunder,OKC,Oklahoma City,10,Houston,Rockets,HOU,Houston,2.5,TRUE,FALSE,2.5,3,7:13,7,13,FALSE,FALSE,2,2,3,2,433,1153,1153,422,1142,1142,3,3,2,-39.75,-2,2025-10-21,2025-10-21T23:30:00Z,
279,401809243418,418,131,Pullup Jump Shot,Shai Gilgeous-Alexander misses 24-foot three point pullup jump shot,67,60,3,3rd Quarter,7:02,FALSE,0,25,4278073,,,2025-10-22T01:18:20Z,TRUE,31,24,3,Missed 3PT,2026,2,25,Oklahoma City,Thunder,OKC,Oklahoma City,10,Houston,Rockets,HOU,Houston,2.5,TRUE,FALSE,2.5,3,7:02,7,2,FALSE,FALSE,2,2,3,2,422,1142,1142,420,1140,1140,3,3,2,17.75,-6,2025-10-21,2025-10-21T23:30:00Z,
280,401809243419,419,156,Offensive Rebound,Thunder offensive team rebound,67,60,3,3rd Quarter,7:00,FALSE,0,25,,,,2025-10-22T01:18:22Z,FALSE,31,24,0,Rebound,2026,2,25,Oklahoma City,Thunder,OKC,Oklahoma City,10,Houston,Rockets,HOU,Houston,2.5,TRUE,FALSE,2.5,3,7:00,7,0,FALSE,FALSE,2,2,3,2,420,1140,1140,420,1140,1140,3,3,2,17.75,-6,2025-10-21,2025-10-21T23:30:00Z,
281,401809243420,420,43,Loose Ball Foul,Jabari Smith Jr. loose ball foul,67,60,3,3rd Quarter,7:00,FALSE,0,10,4432639,,,2025-10-22T01:18:33Z,FALSE,26,0,0,Foul,2026,2,25,Oklahoma City,Thunder,OKC,Oklahoma City,10,Houston,Rockets,HOU,Houston,2.5,TRUE,FALSE,2.5,3,7:00,7,0,FALSE,FALSE,2,2,3,2,420,1140,1140,412,1132,1132,3,3,2,-41.75,1,2025-10-21,2025-10-21T23:30:00Z,
282,401809243422,422,92,Jump Shot,Chet Holmgren misses 12-foot jumper,67,60,3,3rd Quarter,6:52,FALSE,0,25,4433255,,,2025-10-22T01:19:01Z,TRUE,19,11,2,Missed FG,2026,2,25,Oklahoma City,Thunder,OKC,Oklahoma City,10,Houston,Rockets,HOU,Houston,2.5,TRUE,FALSE,2.5,3,6:52,6,52,FALSE,FALSE,2,2,3,2,412,1132,1132,410,1130,1130,3,3,2,30.75,6,2025-10-21,2025-10-21T23:30:00Z,
283,401809243423,423,156,Offensive Rebound,Isaiah Hartenstein offensive rebound,67,60,3,3rd Quarter,6:50,FALSE,0,25,4222252,,,2025-10-22T01:19:03Z,FALSE,19,11,0,Rebound,2026,2,25,Oklahoma City,Thunder,OKC,Oklahoma City,10,Houston,Rockets,HOU,Houston,2.5,TRUE,FALSE,2.5,3,6:50,6,50,FALSE,FALSE,2,2,3,2,410,1130,1130,410,1130,1130,3,3,2,30.75,6,2025-10-21,2025-10-21T23:30:00Z,
284,401809243424,424,615,Jumpball,Steven Adams vs. Isaiah Hartenstein,67,60,3,3rd Quarter,6:50,FALSE,0,25,4222252,2991235,,2025-10-22T01:19:45Z,FALSE,-214748340,-214748365,0,Jump Ball,2026,2,25,Oklahoma City,Thunder,OKC,Oklahoma City,10,Houston,Rockets,HOU,Houston,2.5,TRUE,FALSE,2.5,3,6:50,6,50,FALSE,FALSE,2,2,3,2,410,1130,1130,397,1117,1117,3,3,2,214748406.75,214748365,2025-10-21,2025-10-21T23:30:00Z,
285,401809243428,428,92,Jump Shot,Cason Wallace misses 23-foot three point jumper,67,60,3,3rd Quarter,6:37,FALSE,0,25,4683692,,,2025-10-22T01:20:11Z,TRUE,48,-3,3,Missed 3PT,2026,2,25,Oklahoma City,Thunder,OKC,Oklahoma City,10,Houston,Rockets,HOU,Houston,2.5,TRUE,FALSE,2.5,3,6:37,6,37,FALSE,FALSE,2,2,3,2,397,1117,1117,393,1113,1113,3,3,2,44.75,-23,2025-10-21,2025-10-21T23:30:00Z,
286,401809243429,429,155,Defensive Rebound,Steven Adams defensive rebound,67,60,3,3rd Quarter,6:33,FALSE,0,10,2991235,,,2025-10-22T01:20:15Z,FALSE,48,-3,0,Rebound,2026,2,25,Oklahoma City,Thunder,OKC,Oklahoma City,10,Houston,Rockets,HOU,Houston,2.5,TRUE,FALSE,2.5,3,6:33,6,33,FALSE,FALSE,2,2,3,2,393,1113,1113,384,1104,1104,3,3,2,-44.75,23,2025-10-21,2025-10-21T23:30:00Z,
287,401809243430,430,92,Jump Shot,Alperen Sengun misses 23-foot three point jumper,67,60,3,3rd Quarter,6:24,FALSE,0,10,4871144,,,2025-10-22T01:20:24Z,TRUE,2,4,3,Missed 3PT,2026,2,25,Oklahoma City,Thunder,OKC,Oklahoma City,10,Houston,Rockets,HOU,Houston,2.5,TRUE,FALSE,2.5,3,6:24,6,24,FALSE,FALSE,2,2,3,2,384,1104,1104,380,1100,1100,3,3,2,-37.75,-23,2025-10-21,2025-10-21T23:30:00Z,
288,401809243431,431,156,Offensive Rebound,Steven Adams offensive rebound,67,60,3,3rd Quarter,6:20,FALSE,0,10,2991235,,,2025-10-22T01:20:29Z,FALSE,2,4,0,Rebound,2026,2,25,Oklahoma City,Thunder,OKC,Oklahoma City,10,Houston,Rockets,HOU,Houston,2.5,TRUE,FALSE,2.5,3,6:20,6,20,FALSE,FALSE,2,2,3,2,380,1100,1100,376,1096,1096,3,3,2,-37.75,-23,2025-10-21,2025-10-21T23:30:00Z,
289,401809243432,432,63,Lost Ball Turnover,Kevin Durant lost ball turnover (Cason Wallace steals),67,60,3,3rd Quarter,6:16,FALSE,0,10,3202,4683692,,2025-10-22T01:20:33Z,FALSE,9,22,0,Turnover,2026,2,25,Oklahoma City,Thunder,OKC,Oklahoma City,10,Houston,Rockets,HOU,Houston,2.5,TRUE,FALSE,2.5,3,6:16,6,16,FALSE,FALSE,2,2,3,2,376,1096,1096,373,1093,1093,3,3,2,-19.75,-16,2025-10-21,2025-10-21T23:30:00Z,
290,401809243434,434,44,Shooting Foul,Kevin Durant shooting foul,67,60,3,3rd Quarter,6:13,FALSE,0,10,3202,,,2025-10-22T01:20:39Z,FALSE,22,2,0,Foul,2026,2,25,Oklahoma City,Thunder,OKC,Oklahoma City,10,Houston,Rockets,HOU,Houston,2.5,TRUE,FALSE,2.5,3,6:13,6,13,FALSE,FALSE,2,2,3,2,373,1093,1093,373,1093,1093,3,3,2,-39.75,-3,2025-10-21,2025-10-21T23:30:00Z,
291,401809243436,436,98,Free Throw - 1 of 2,Cason Wallace misses free throw 1 of 2,67,60,3,3rd Quarter,6:13,FALSE,0,25,4683692,,,2025-10-22T01:21:11Z,TRUE,25,13.75,1,Missed FT,2026,2,25,Oklahoma City,Thunder,OKC,Oklahoma City,10,Houston,Rockets,HOU,Houston,2.5,TRUE,FALSE,2.5,3,6:13,6,13,FALSE,FALSE,2,2,3,2,373,1093,1093,373,1093,1093,3,3,2,28,-0,2025-10-21,2025-10-21T23:30:00Z,
292,401809243437,437,156,Offensive Rebound,Thunder offensive team rebound,67,60,3,3rd Quarter,6:13,FALSE,0,25,,,,2025-10-22T01:21:11Z,FALSE,-214748340,-214748365,0,Rebound,2026,2,25,Oklahoma City,Thunder,OKC,Oklahoma City,10,Houston,Rockets,HOU,Houston,2.5,TRUE,FALSE,2.5,3,6:13,6,13,FALSE,FALSE,2,2,3,2,373,1093,1093,373,1093,1093,3,3,2,214748406.75,214748365,2025-10-21,2025-10-21T23:30:00Z,
293,401809243438,438,584,Substitution,Reed Sheppard enters the game for Jabari Smith Jr.,67,60,3,3rd Quarter,6:13,FALSE,0,10,4711272,4432639,,2025-10-22T01:21:12Z,FALSE,-214748340,-214748365,0,Substitution,2026,2,25,Oklahoma City,Thunder,OKC,Oklahoma City,10,Houston,Rockets,HOU,Houston,2.5,TRUE,FALSE,2.5,3,6:13,6,13,FALSE,FALSE,2,2,3,2,373,1093,1093,373,1093,1093,3,3,2,-214748406.75,-214748365,2025-10-21,2025-10-21T23:30:00Z,
294,401809243439,439,584,Substitution,Tari Eason enters the game for Alperen Sengun,67,60,3,3rd Quarter,6:13,FALSE,0,10,4433192,4871144,,2025-10-22T01:21:12Z,FALSE,-214748340,-214748365,0,Substitution,2026,2,25,Oklahoma City,Thunder,OKC,Oklahoma City,10,Houston,Rockets,HOU,Houston,2.5,TRUE,FALSE,2.5,3,6:13,6,13,FALSE,FALSE,2,2,3,2,373,1093,1093,373,1093,1093,3,3,2,-214748406.75,-214748365,2025-10-21,2025-10-21T23:30:00Z,
295,401809243442,442,584,Substitution,Aaron Wiggins enters the game for Chet Holmgren,67,60,3,3rd Quarter,6:13,FALSE,0,25,4397183,4433255,,2025-10-22T01:21:24Z,FALSE,-214748340,-214748365,0,Substitution,2026,2,25,Oklahoma City,Thunder,OKC,Oklahoma City,10,Houston,Rockets,HOU,Houston,2.5,TRUE,FALSE,2.5,3,6:13,6,13,FALSE,FALSE,2,2,3,2,373,1093,1093,373,1093,1093,3,3,2,214748406.75,214748365,2025-10-21,2025-10-21T23:30:00Z,
296,401809243444,444,99,Free Throw - 2 of 2,Cason Wallace makes free throw 2 of 2,67,61,3,3rd Quarter,6:13,TRUE,1,25,4683692,,,2025-10-22T01:21:11Z,TRUE,25,13.75,1,+1 Point,2026,2,25,Oklahoma City,Thunder,OKC,Oklahoma City,10,Houston,Rockets,HOU,Houston,2.5,TRUE,FALSE,2.5,3,6:13,6,13,FALSE,FALSE,2,2,3,2,373,1093,1093,355,1075,1075,3,3,2,28,-0,2025-10-21,2025-10-21T23:30:00Z,
297,401809243445,445,92,Jump Shot,Tari Eason misses 22-foot three point jumper,67,61,3,3rd Quarter,5:55,FALSE,0,10,4433192,,,2025-10-22T01:22:13Z,TRUE,48,1,3,Missed 3PT,2026,2,25,Oklahoma City,Thunder,OKC,Oklahoma City,10,Houston,Rockets,HOU,Houston,2.5,TRUE,FALSE,2.5,3,5:55,5,55,FALSE,FALSE,2,2,3,2,355,1075,1075,352,1072,1072,3,3,2,-40.75,23,2025-10-21,2025-10-21T23:30:00Z,
298,401809243446,446,156,Offensive Rebound,Amen Thompson offensive rebound,67,61,3,3rd Quarter,5:52,FALSE,0,10,4684740,,,2025-10-22T01:22:16Z,FALSE,48,1,0,Rebound,2026,2,25,Oklahoma City,Thunder,OKC,Oklahoma City,10,Houston,Rockets,HOU,Houston,2.5,TRUE,FALSE,2.5,3,5:52,5,52,FALSE,FALSE,2,2,3,2,352,1072,1072,345,1065,1065,3,3,2,-40.75,23,2025-10-21,2025-10-21T23:30:00Z,
299,401809243447,447,62,"Bad Pass
Turnover",Tari Eason bad pass (Cason Wallace steals),67,61,3,3rd Quarter,5:45,FALSE,0,10,4433192,4683692,,2025-10-22T01:22:24Z,FALSE,21,8,0,Turnover,2026,2,25,Oklahoma City,Thunder,OKC,Oklahoma City,10,Houston,Rockets,HOU,Houston,2.5,TRUE,FALSE,2.5,3,5:45,5,45,FALSE,FALSE,2,2,3,2,345,1065,1065,338,1058,1058,3,3,2,-33.75,-4,2025-10-21,2025-10-21T23:30:00Z,
300,401809243449,449,113,Running Jump Shot,Aaron Wiggins misses 22-foot three point shot,67,61,3,3rd Quarter,5:38,FALSE,0,25,4397183,,,2025-10-22T01:22:30Z,TRUE,2,-3,3,Missed 3PT,2026,2,25,Oklahoma City,Thunder,OKC,Oklahoma City,10,Houston,Rockets,HOU,Houston,2.5,TRUE,FALSE,2.5,3,5:38,5,38,FALSE,FALSE,2,2,3,2,338,1058,1058,335,1055,1055,3,3,2,44.75,23,2025-10-21,2025-10-21T23:30:00Z,
301,401809243450,450,156,Offensive Rebound,Luguentz Dort offensive rebound,67,61,3,3rd Quarter,5:35,FALSE,0,25,4397020,,,2025-10-22T01:22:33Z,FALSE,2,-3,0,Rebound,2026,2,25,Oklahoma City,Thunder,OKC,Oklahoma City,10,Houston,Rockets,HOU,Houston,2.5,TRUE,FALSE,2.5,3,5:35,5,35,FALSE,FALSE,2,2,3,2,335,1055,1055,333,1053,1053,3,3,2,44.75,23,2025-10-21,2025-10-21T23:30:00Z,
302,401809243451,451,92,Jump Shot,Luguentz Dort misses 26-foot three point jumper,67,61,3,3rd Quarter,5:33,FALSE,0,25,4397020,,,2025-10-22T01:22:35Z,TRUE,39,23,3,Missed 3PT,2026,2,25,Oklahoma City,Thunder,OKC,Oklahoma City,10,Houston,Rockets,HOU,Houston,2.5,TRUE,FALSE,2.5,3,5:33,5,33,FALSE,FALSE,2,2,3,2,333,1053,1053,328,1048,1048,3,3,2,18.75,-14,2025-10-21,2025-10-21T23:30:00Z,
303,401809243452,452,155,Defensive Rebound,Steven Adams defensive rebound,67,61,3,3rd Quarter,5:28,FALSE,0,10,2991235,,,2025-10-22T01:22:40Z,FALSE,39,23,0,Rebound,2026,2,25,Oklahoma City,Thunder,OKC,Oklahoma City,10,Houston,Rockets,HOU,Houston,2.5,TRUE,FALSE,2.5,3,5:28,5,28,FALSE,FALSE,2,2,3,2,328,1048,1048,313,1033,1033,3,3,2,-18.75,14,2025-10-21,2025-10-21T23:30:00Z,
304,401809243453,453,92,Jump Shot,Tari Eason misses 26-foot three point jumper,67,61,3,3rd Quarter,5:13,FALSE,0,10,4433192,,,2025-10-22T01:22:54Z,TRUE,20,26,3,Missed 3PT,2026,2,25,Oklahoma City,Thunder,OKC,Oklahoma City,10,Houston,Rockets,HOU,Houston,2.5,TRUE,FALSE,2.5,3,5:13,5,13,FALSE,FALSE,2,2,3,2,313,1033,1033,310,1030,1030,3,3,2,-15.75,-5,2025-10-21,2025-10-21T23:30:00Z,
305,401809243454,454,155,Defensive Rebound,Shai Gilgeous-Alexander defensive rebound,67,61,3,3rd Quarter,5:10,FALSE,0,25,4278073,,,2025-10-22T01:22:57Z,FALSE,20,26,0,Rebound,2026,2,25,Oklahoma City,Thunder,OKC,Oklahoma City,10,Houston,Rockets,HOU,Houston,2.5,TRUE,FALSE,2.5,3,5:10,5,10,FALSE,FALSE,2,2,3,2,310,1030,1030,303,1023,1023,3,3,2,15.75,5,2025-10-21,2025-10-21T23:30:00Z,
306,401809243455,455,128,Driving Finger Roll Layup,Shai Gilgeous-Alexander makes 2-foot two point shot,67,63,3,3rd Quarter,5:03,TRUE,2,25,4278073,,,2025-10-22T01:23:05Z,TRUE,26,-1,2,+2 Points,2026,2,25,Oklahoma City,Thunder,OKC,Oklahoma City,10,Houston,Rockets,HOU,Houston,2.5,TRUE,FALSE,2.5,3,5:03,5,3,FALSE,FALSE,2,2,3,2,303,1023,1023,287,1007,1007,3,3,2,42.75,-1,2025-10-21,2025-10-21T23:30:00Z,
307,401809243456,456,131,Pullup Jump Shot,Reed Sheppard misses 16-foot pullup jump shot,67,63,3,3rd Quarter,4:47,FALSE,0,10,4711272,,,2025-10-22T01:23:21Z,TRUE,17,15,2,Missed FG,2026,2,25,Oklahoma City,Thunder,OKC,Oklahoma City,10,Houston,Rockets,HOU,Houston,2.5,TRUE,FALSE,2.5,3,4:47,4,47,FALSE,FALSE,2,2,3,2,287,1007,1007,283,1003,1003,3,3,2,-26.75,-8,2025-10-21,2025-10-21T23:30:00Z,
308,401809243457,457,156,Offensive Rebound,Steven Adams offensive rebound,67,63,3,3rd Quarter,4:43,FALSE,0,10,2991235,,,2025-10-22T01:23:25Z,FALSE,17,15,0,Rebound,2026,2,25,Oklahoma City,Thunder,OKC,Oklahoma City,10,Houston,Rockets,HOU,Houston,2.5,TRUE,FALSE,2.5,3,4:43,4,43,FALSE,FALSE,2,2,3,2,283,1003,1003,283,1003,1003,3,3,2,-26.75,-8,2025-10-21,2025-10-21T23:30:00Z,
309,401809243458,458,94,Tip Shot,Steven Adams misses tip shot,67,63,3,3rd Quarter,4:43,FALSE,0,10,2991235,,,2025-10-22T01:23:25Z,TRUE,25,0,2,Missed FG,2026,2,25,Oklahoma City,Thunder,OKC,Oklahoma City,10,Houston,Rockets,HOU,Houston,2.5,TRUE,FALSE,2.5,3,4:43,4,43,FALSE,FALSE,2,2,3,2,283,1003,1003,281,1001,1001,3,3,2,-41.75,0,2025-10-21,2025-10-21T23:30:00Z,
310,401809243459,459,156,Offensive Rebound,Steven Adams offensive rebound,67,63,3,3rd Quarter,4:41,FALSE,0,10,2991235,,,2025-10-22T01:23:26Z,FALSE,25,0,0,Rebound,2026,2,25,Oklahoma City,Thunder,OKC,Oklahoma City,10,Houston,Rockets,HOU,Houston,2.5,TRUE,FALSE,2.5,3,4:41,4,41,FALSE,FALSE,2,2,3,2,281,1001,1001,281,1001,1001,3,3,2,-41.75,0,2025-10-21,2025-10-21T23:30:00Z,
311,401809243460,460,94,Tip Shot,Steven Adams makes tip shot,69,63,3,3rd Quarter,4:41,TRUE,2,10,2991235,,,2025-10-22T01:23:26Z,TRUE,25,0,2,+2 Points,2026,2,25,Oklahoma City,Thunder,OKC,Oklahoma City,10,Houston,Rockets,HOU,Houston,2.5,TRUE,FALSE,2.5,3,4:41,4,41,FALSE,FALSE,2,2,3,2,281,1001,1001,273,993,993,3,3,2,-41.75,0,2025-10-21,2025-10-21T23:30:00Z,
312,401809243461,461,110,Driving Layup Shot,Cason Wallace makes driving layup,69,65,3,3rd Quarter,4:33,TRUE,2,25,4683692,,,2025-10-22T01:23:35Z,TRUE,26,0,2,+2 Points,2026,2,25,Oklahoma City,Thunder,OKC,Oklahoma City,10,Houston,Rockets,HOU,Houston,2.5,TRUE,FALSE,2.5,3,4:33,4,33,FALSE,FALSE,2,2,3,2,273,993,993,273,993,993,3,3,2,41.75,-1,2025-10-21,2025-10-21T23:30:00Z,
313,401809243462,462,16,Full Timeout,Rockets Full timeout,69,65,3,3rd Quarter,4:33,FALSE,0,10,,,,2025-10-22T01:23:38Z,FALSE,-214748340,-214748365,0,Timeout,2026,2,25,Oklahoma City,Thunder,OKC,Oklahoma City,10,Houston,Rockets,HOU,Houston,2.5,TRUE,FALSE,2.5,3,4:33,4,33,FALSE,FALSE,2,2,3,2,273,993,993,273,993,993,3,3,2,-214748406.75,-214748365,2025-10-21,2025-10-21T23:30:00Z,
314,401809243463,463,584,Substitution,Clint Capela enters the game for Steven Adams,69,65,3,3rd Quarter,4:33,FALSE,0,10,3102529,2991235,,2025-10-22T01:26:59Z,FALSE,-214748340,-214748365,0,Substitution,2026,2,25,Oklahoma City,Thunder,OKC,Oklahoma City,10,Houston,Rockets,HOU,Houston,2.5,TRUE,FALSE,2.5,3,4:33,4,33,FALSE,FALSE,2,2,3,2,273,993,993,259,979,979,3,3,2,-214748406.75,-214748365,2025-10-21,2025-10-21T23:30:00Z,
315,401809243465,465,44,Shooting Foul,Shai Gilgeous-Alexander shooting foul,69,65,3,3rd Quarter,4:19,FALSE,0,25,4278073,,,2025-10-22T01:27:35Z,FALSE,25,1,0,Foul,2026,2,25,Oklahoma City,Thunder,OKC,Oklahoma City,10,Houston,Rockets,HOU,Houston,2.5,TRUE,FALSE,2.5,3,4:19,4,19,FALSE,FALSE,2,2,3,2,259,979,979,259,979,979,3,3,2,40.75,-0,2025-10-21,2025-10-21T23:30:00Z,
316,401809243467,467,98,Free Throw - 1 of 2,Clint Capela makes free throw 1 of 2,70,65,3,3rd Quarter,4:19,TRUE,1,10,3102529,,,2025-10-22T01:28:01Z,TRUE,25,13.75,1,+1 Point,2026,2,25,Oklahoma City,Thunder,OKC,Oklahoma City,10,Houston,Rockets,HOU,Houston,2.5,TRUE,FALSE,2.5,3,4:19,4,19,FALSE,FALSE,2,2,3,2,259,979,979,259,979,979,3,3,2,-28,0,2025-10-21,2025-10-21T23:30:00Z,
317,401809243468,468,99,Free Throw - 2 of 2,Clint Capela makes free throw 2 of 2,71,65,3,3rd Quarter,4:19,TRUE,1,10,3102529,,,2025-10-22T01:28:14Z,TRUE,25,13.75,1,+1 Point,2026,2,25,Oklahoma City,Thunder,OKC,Oklahoma City,10,Houston,Rockets,HOU,Houston,2.5,TRUE,FALSE,2.5,3,4:19,4,19,FALSE,FALSE,2,2,3,2,259,979,979,245,965,965,3,3,2,-28,0,2025-10-21,2025-10-21T23:30:00Z,
318,401809243469,469,92,Jump Shot,Cason Wallace misses 23-foot three point jumper,71,65,3,3rd Quarter,4:05,FALSE,0,25,4683692,,,2025-10-22T01:28:30Z,TRUE,48,-1,3,Missed 3PT,2026,2,25,Oklahoma City,Thunder,OKC,Oklahoma City,10,Houston,Rockets,HOU,Houston,2.5,TRUE,FALSE,2.5,3,4:05,4,5,FALSE,FALSE,2,2,3,2,245,965,965,241,961,961,3,3,2,42.75,-23,2025-10-21,2025-10-21T23:30:00Z,
319,401809243470,470,155,Defensive Rebound,Tari Eason defensive rebound,71,65,3,3rd Quarter,4:01,FALSE,0,10,4433192,,,2025-10-22T01:28:34Z,FALSE,48,-1,0,Rebound,2026,2,25,Oklahoma City,Thunder,OKC,Oklahoma City,10,Houston,Rockets,HOU,Houston,2.5,TRUE,FALSE,2.5,3,4:01,4,1,FALSE,FALSE,2,2,3,2,241,961,961,235,955,955,3,3,2,-42.75,23,2025-10-21,2025-10-21T23:30:00Z,
320,401809243471,471,62,"Bad Pass
Turnover",Clint Capela bad pass (Cason Wallace steals),71,65,3,3rd Quarter,3:55,FALSE,0,10,3102529,4683692,,2025-10-22T01:28:40Z,FALSE,30,13,0,Turnover,2026,2,25,Oklahoma City,Thunder,OKC,Oklahoma City,10,Houston,Rockets,HOU,Houston,2.5,TRUE,FALSE,2.5,3,3:55,3,55,FALSE,FALSE,2,2,3,2,235,955,955,232,952,952,3,3,2,-28.75,5,2025-10-21,2025-10-21T23:30:00Z,
321,401809243473,473,116,Running Dunk Shot,Cason Wallace makes dunk,71,67,3,3rd Quarter,3:52,TRUE,2,25,4683692,,,2025-10-22T01:28:43Z,TRUE,26,0,2,+2 Points,2026,2,25,Oklahoma City,Thunder,OKC,Oklahoma City,10,Houston,Rockets,HOU,Houston,2.5,TRUE,FALSE,2.5,3,3:52,3,52,FALSE,FALSE,2,2,3,2,232,952,952,216,936,936,3,3,2,41.75,-1,2025-10-21,2025-10-21T23:30:00Z,
322,401809243474,474,131,Pullup Jump Shot,Reed Sheppard misses 30-foot three point pullup jump shot,71,67,3,3rd Quarter,3:36,FALSE,0,10,4711272,,,2025-10-22T01:28:58Z,TRUE,7,25,3,Missed 3PT,2026,2,25,Oklahoma City,Thunder,OKC,Oklahoma City,10,Houston,Rockets,HOU,Houston,2.5,TRUE,FALSE,2.5,3,3:36,3,36,FALSE,FALSE,2,2,3,2,216,936,936,214,934,934,3,3,2,-16.75,-18,2025-10-21,2025-10-21T23:30:00Z,
323,401809243475,475,155,Defensive Rebound,Luguentz Dort defensive rebound,71,67,3,3rd Quarter,3:34,FALSE,0,25,4397020,,,2025-10-22T01:29:00Z,FALSE,7,25,0,Rebound,2026,2,25,Oklahoma City,Thunder,OKC,Oklahoma City,10,Houston,Rockets,HOU,Houston,2.5,TRUE,FALSE,2.5,3,3:34,3,34,FALSE,FALSE,2,2,3,2,214,934,934,206,926,926,3,3,2,16.75,18,2025-10-21,2025-10-21T23:30:00Z,
324,401809243476,476,92,Jump Shot,Aaron Wiggins makes 26-foot three point jumper (Cason Wallace assists),71,70,3,3rd Quarter,3:26,TRUE,3,25,4397183,4683692,,2025-10-22T01:29:09Z,TRUE,36,24,3,+3 Points,2026,2,25,Oklahoma City,Thunder,OKC,Oklahoma City,10,Houston,Rockets,HOU,Houston,2.5,TRUE,FALSE,2.5,3,3:26,3,26,FALSE,FALSE,2,2,3,2,206,926,926,188,908,908,3,3,2,17.75,-11,2025-10-21,2025-10-21T23:30:00Z,
325,401809243478,478,92,Jump Shot,Amen Thompson misses 26-foot three point jumper,71,70,3,3rd Quarter,3:08,FALSE,0,10,4684740,,,2025-10-22T01:29:26Z,TRUE,12,23,3,Missed 3PT,2026,2,25,Oklahoma City,Thunder,OKC,Oklahoma City,10,Houston,Rockets,HOU,Houston,2.5,TRUE,FALSE,2.5,3,3:08,3,8,FALSE,FALSE,2,2,3,2,188,908,908,186,906,906,3,3,2,-18.75,-13,2025-10-21,2025-10-21T23:30:00Z,
326,401809243479,479,156,Offensive Rebound,Reed Sheppard offensive rebound,71,70,3,3rd Quarter,3:06,FALSE,0,10,4711272,,,2025-10-22T01:29:28Z,FALSE,12,23,0,Rebound,2026,2,25,Oklahoma City,Thunder,OKC,Oklahoma City,10,Houston,Rockets,HOU,Houston,2.5,TRUE,FALSE,2.5,3,3:06,3,6,FALSE,FALSE,2,2,3,2,186,906,906,177,897,897,3,3,2,-18.75,-13,2025-10-21,2025-10-21T23:30:00Z,
327,401809243480,480,92,Jump Shot,Kevin Durant misses 26-foot three point jumper,71,70,3,3rd Quarter,2:57,FALSE,0,10,3202,,,2025-10-22T01:29:38Z,TRUE,12,24,3,Missed 3PT,2026,2,25,Oklahoma City,Thunder,OKC,Oklahoma City,10,Houston,Rockets,HOU,Houston,2.5,TRUE,FALSE,2.5,3,2:57,2,57,FALSE,FALSE,2,2,3,2,177,897,897,171,891,891,3,3,2,-17.75,-13,2025-10-21,2025-10-21T23:30:00Z,
328,401809243481,481,155,Defensive Rebound,Aaron Wiggins defensive rebound,71,70,3,3rd Quarter,2:51,FALSE,0,25,4397183,,,2025-10-22T01:29:44Z,FALSE,12,24,0,Rebound,2026,2,25,Oklahoma City,Thunder,OKC,Oklahoma City,10,Houston,Rockets,HOU,Houston,2.5,TRUE,FALSE,2.5,3,2:51,2,51,FALSE,FALSE,2,2,3,2,171,891,891,161,881,881,3,3,2,17.75,13,2025-10-21,2025-10-21T23:30:00Z,
329,401809243482,482,110,Driving Layup Shot,Aaron Wiggins misses driving layup,71,70,3,3rd Quarter,2:41,FALSE,0,25,4397183,,,2025-10-22T01:29:54Z,TRUE,27,-1,2,Missed FG,2026,2,25,Oklahoma City,Thunder,OKC,Oklahoma City,10,Houston,Rockets,HOU,Houston,2.5,TRUE,FALSE,2.5,3,2:41,2,41,FALSE,FALSE,2,2,3,2,161,881,881,154,874,874,3,3,2,42.75,-2,2025-10-21,2025-10-21T23:30:00Z,
330,401809243483,483,155,Defensive Rebound,Amen Thompson defensive rebound,71,70,3,3rd Quarter,2:34,FALSE,0,10,4684740,,,2025-10-22T01:30:01Z,FALSE,27,-1,0,Rebound,2026,2,25,Oklahoma City,Thunder,OKC,Oklahoma City,10,Houston,Rockets,HOU,Houston,2.5,TRUE,FALSE,2.5,3,2:34,2,34,FALSE,FALSE,2,2,3,2,154,874,874,152,872,872,3,3,2,-42.75,2,2025-10-21,2025-10-21T23:30:00Z,
331,401809243484,484,16,Full Timeout,Rockets Full timeout,71,70,3,3rd Quarter,2:32,FALSE,0,10,,,,2025-10-22T01:30:07Z,FALSE,-214748340,-214748365,0,Timeout,2026,2,25,Oklahoma City,Thunder,OKC,Oklahoma City,10,Houston,Rockets,HOU,Houston,2.5,TRUE,FALSE,2.5,3,2:32,2,32,FALSE,FALSE,2,2,3,2,152,872,872,152,872,872,3,3,2,-214748406.75,-214748365,2025-10-21,2025-10-21T23:30:00Z,
332,401809243485,485,584,Substitution,Alex Caruso enters the game for Cason Wallace,71,70,3,3rd Quarter,2:32,FALSE,0,25,2991350,4683692,,2025-10-22T01:31:20Z,FALSE,-214748340,-214748365,0,Substitution,2026,2,25,Oklahoma City,Thunder,OKC,Oklahoma City,10,Houston,Rockets,HOU,Houston,2.5,TRUE,FALSE,2.5,3,2:32,2,32,FALSE,FALSE,2,2,3,2,152,872,872,152,872,872,3,3,2,214748406.75,214748365,2025-10-21,2025-10-21T23:30:00Z,
333,401809243486,486,584,Substitution,Chet Holmgren enters the game for Isaiah Hartenstein,71,70,3,3rd Quarter,2:32,FALSE,0,25,4433255,4222252,,2025-10-22T01:31:20Z,FALSE,-214748340,-214748365,0,Substitution,2026,2,25,Oklahoma City,Thunder,OKC,Oklahoma City,10,Houston,Rockets,HOU,Houston,2.5,TRUE,FALSE,2.5,3,2:32,2,32,FALSE,FALSE,2,2,3,2,152,872,872,152,872,872,3,3,2,214748406.75,214748365,2025-10-21,2025-10-21T23:30:00Z,
334,401809243487,487,584,Substitution,Alperen Sengun enters the game for Amen Thompson,71,70,3,3rd Quarter,2:32,FALSE,0,10,4871144,4684740,,2025-10-22T01:31:20Z,FALSE,-214748340,-214748365,0,Substitution,2026,2,25,Oklahoma City,Thunder,OKC,Oklahoma City,10,Houston,Rockets,HOU,Houston,2.5,TRUE,FALSE,2.5,3,2:32,2,32,FALSE,FALSE,2,2,3,2,152,872,872,142,862,862,3,3,2,-214748406.75,-214748365,2025-10-21,2025-10-21T23:30:00Z,
335,401809243491,491,92,Jump Shot,Tari Eason misses 26-foot three point jumper,71,70,3,3rd Quarter,2:22,FALSE,0,10,4433192,,,2025-10-22T01:31:57Z,TRUE,8,21,3,Missed 3PT,2026,2,25,Oklahoma City,Thunder,OKC,Oklahoma City,10,Houston,Rockets,HOU,Houston,2.5,TRUE,FALSE,2.5,3,2:22,2,22,FALSE,FALSE,2,2,3,2,142,862,862,138,858,858,3,3,2,-20.75,-17,2025-10-21,2025-10-21T23:30:00Z,
336,401809243492,492,156,Offensive Rebound,Alperen Sengun offensive rebound,71,70,3,3rd Quarter,2:18,FALSE,0,10,4871144,,,2025-10-22T01:32:01Z,FALSE,8,21,0,Rebound,2026,2,25,Oklahoma City,Thunder,OKC,Oklahoma City,10,Houston,Rockets,HOU,Houston,2.5,TRUE,FALSE,2.5,3,2:18,2,18,FALSE,FALSE,2,2,3,2,138,858,858,135,855,855,3,3,2,-20.75,-17,2025-10-21,2025-10-21T23:30:00Z,
337,401809243493,493,131,Pullup Jump Shot,Reed Sheppard makes 14-foot pullup jump shot (Alperen Sengun assists),73,70,3,3rd Quarter,2:15,TRUE,2,10,4711272,4871144,,2025-10-22T01:32:04Z,TRUE,39,2,2,+2 Points,2026,2,25,Oklahoma City,Thunder,OKC,Oklahoma City,10,Houston,Rockets,HOU,Houston,2.5,TRUE,FALSE,2.5,3,2:15,2,15,FALSE,FALSE,2,2,3,2,135,855,855,124,844,844,3,3,2,-39.75,14,2025-10-21,2025-10-21T23:30:00Z,
338,401809243495,495,92,Jump Shot,Alex Caruso makes 24-foot three point jumper (Shai Gilgeous-Alexander assists),73,73,3,3rd Quarter,2:04,TRUE,3,25,2991350,4278073,,2025-10-22T01:32:14Z,TRUE,6,15,3,+3 Points,2026,2,25,Oklahoma City,Thunder,OKC,Oklahoma City,10,Houston,Rockets,HOU,Houston,2.5,TRUE,FALSE,2.5,3,2:04,2,4,FALSE,FALSE,2,2,3,2,124,844,844,108,828,828,3,3,2,26.75,19,2025-10-21,2025-10-21T23:30:00Z,
339,401809243497,497,92,Jump Shot,Alperen Sengun makes 26-foot three point jumper (Reed Sheppard assists),76,73,3,3rd Quarter,1:48,TRUE,3,10,4871144,4711272,,2025-10-22T01:32:31Z,TRUE,4,17,3,+3 Points,2026,2,25,Oklahoma City,Thunder,OKC,Oklahoma City,10,Houston,Rockets,HOU,Houston,2.5,TRUE,FALSE,2.5,3,1:48,1,48,FALSE,FALSE,2,2,3,2,108,828,828,98,818,818,3,3,2,-24.75,-21,2025-10-21,2025-10-21T23:30:00Z,
340,401809243499,499,92,Jump Shot,Chet Holmgren misses 24-foot three point jumper,76,73,3,3rd Quarter,1:38,FALSE,0,25,4433255,,,2025-10-22T01:32:41Z,TRUE,39,21,3,Missed 3PT,2026,2,25,Oklahoma City,Thunder,OKC,Oklahoma City,10,Houston,Rockets,HOU,Houston,2.5,TRUE,FALSE,2.5,3,1:38,1,38,FALSE,FALSE,2,2,3,2,98,818,818,96,816,816,3,3,2,20.75,-14,2025-10-21,2025-10-21T23:30:00Z,
341,401809243500,500,155,Defensive Rebound,Rockets defensive team rebound,76,73,3,3rd Quarter,1:36,FALSE,0,10,,,,2025-10-22T01:32:43Z,FALSE,39,21,0,Rebound,2026,2,25,Oklahoma City,Thunder,OKC,Oklahoma City,10,Houston,Rockets,HOU,Houston,2.5,TRUE,FALSE,2.5,3,1:36,1,36,FALSE,FALSE,2,2,3,2,96,816,816,78,798,798,3,3,2,-20.75,14,2025-10-21,2025-10-21T23:30:00Z,
342,401809243502,502,45,Personal Foul,Aaron Wiggins personal foul,76,73,3,3rd Quarter,1:18,FALSE,0,25,4397183,,,2025-10-22T01:33:12Z,FALSE,19,25,0,Foul,2026,2,25,Oklahoma City,Thunder,OKC,Oklahoma City,10,Houston,Rockets,HOU,Houston,2.5,TRUE,FALSE,2.5,3,1:18,1,18,FALSE,FALSE,2,2,3,2,78,798,798,78,798,798,3,3,2,16.75,6,2025-10-21,2025-10-21T23:30:00Z,
343,401809243504,504,40,Away from Play Foul,Luguentz Dort away from play foul,76,73,3,3rd Quarter,1:18,FALSE,0,25,4397020,,,2025-10-22T01:33:38Z,FALSE,16,24,0,Foul,2026,2,25,Oklahoma City,Thunder,OKC,Oklahoma City,10,Houston,Rockets,HOU,Houston,2.5,TRUE,FALSE,2.5,3,1:18,1,18,FALSE,FALSE,2,2,3,2,78,798,798,78,798,798,3,3,2,17.75,9,2025-10-21,2025-10-21T23:30:00Z,
344,401809243506,506,97,Free Throw - 1 of 1,Kevin Durant makes free throw 1 of 1,77,73,3,3rd Quarter,1:18,TRUE,1,10,3202,,,2025-10-22T01:34:04Z,TRUE,25,13.75,1,+1 Point,2026,2,25,Oklahoma City,Thunder,OKC,Oklahoma City,10,Houston,Rockets,HOU,Houston,2.5,TRUE,FALSE,2.5,3,1:18,1,18,FALSE,FALSE,2,2,3,2,78,798,798,78,798,798,3,3,2,-28,0,2025-10-21,2025-10-21T23:30:00Z,
345,401809243507,507,584,Substitution,Jaylin Williams enters the game for Luguentz Dort,77,73,3,3rd Quarter,1:18,FALSE,0,25,4432823,4397020,,2025-10-22T01:34:10Z,FALSE,-214748340,-214748365,0,Substitution,2026,2,25,Oklahoma City,Thunder,OKC,Oklahoma City,10,Houston,Rockets,HOU,Houston,2.5,TRUE,FALSE,2.5,3,1:18,1,18,FALSE,FALSE,2,2,3,2,78,798,798,65,785,785,3,3,2,214748406.75,214748365,2025-10-21,2025-10-21T23:30:00Z,
346,401809243509,509,110,Driving Layup Shot,Tari Eason misses driving layup,77,73,3,3rd Quarter,1:05,FALSE,0,10,4433192,,,2025-10-22T01:34:41Z,TRUE,27,2,2,Missed FG,2026,2,25,Oklahoma City,Thunder,OKC,Oklahoma City,10,Houston,Rockets,HOU,Houston,2.5,TRUE,FALSE,2.5,3,1:05,1,5,FALSE,FALSE,2,2,3,2,65,785,785,64,784,784,3,3,2,-39.75,2,2025-10-21,2025-10-21T23:30:00Z,
347,401809243510,510,155,Defensive Rebound,Chet Holmgren defensive rebound,77,73,3,3rd Quarter,1:04,FALSE,0,25,4433255,,,2025-10-22T01:34:42Z,FALSE,27,2,0,Rebound,2026,2,25,Oklahoma City,Thunder,OKC,Oklahoma City,10,Houston,Rockets,HOU,Houston,2.5,TRUE,FALSE,2.5,3,1:04,1,4,FALSE,FALSE,2,2,3,2,64,784,784,53.6,773.6,773.6,3,3,2,39.75,-2,2025-10-21,2025-10-21T23:30:00Z,
348,401809243511,511,115,Driving Dunk Shot,Aaron Wiggins makes driving dunk (Chet Holmgren assists),77,75,3,3rd Quarter,0:53.6,TRUE,2,25,4397183,4433255,,2025-10-22T01:34:54Z,TRUE,26,0,2,+2 Points,2026,2,25,Oklahoma City,Thunder,OKC,Oklahoma City,10,Houston,Rockets,HOU,Houston,2.5,TRUE,FALSE,2.5,3,0:53.6,0,53.6,FALSE,FALSE,2,2,3,2,53.6,773.6,773.6,43.8,763.8,763.8,3,3,2,41.75,-1,2025-10-21,2025-10-21T23:30:00Z,
349,401809243513,513,44,Shooting Foul,Chet Holmgren shooting foul,77,75,3,3rd Quarter,0:43.8,FALSE,0,25,4433255,,,2025-10-22T01:35:07Z,FALSE,23,2,0,Foul,2026,2,25,Oklahoma City,Thunder,OKC,Oklahoma City,10,Houston,Rockets,HOU,Houston,2.5,TRUE,FALSE,2.5,3,0:43.8,0,43.8,FALSE,FALSE,2,2,3,2,43.8,763.8,763.8,43.8,763.8,763.8,3,3,2,39.75,2,2025-10-21,2025-10-21T23:30:00Z,
350,401809243515,515,98,Free Throw - 1 of 2,Alperen Sengun makes free throw 1 of 2,78,75,3,3rd Quarter,0:43.8,TRUE,1,10,4871144,,,2025-10-22T01:35:42Z,TRUE,25,13.75,1,+1 Point,2026,2,25,Oklahoma City,Thunder,OKC,Oklahoma City,10,Houston,Rockets,HOU,Houston,2.5,TRUE,FALSE,2.5,3,0:43.8,0,43.8,FALSE,FALSE,2,2,3,2,43.8,763.8,763.8,43.8,763.8,763.8,3,3,2,-28,0,2025-10-21,2025-10-21T23:30:00Z,
351,401809243516,516,584,Substitution,Amen Thompson enters the game for Reed Sheppard,78,75,3,3rd Quarter,0:43.8,FALSE,0,10,4684740,4711272,,2025-10-22T01:35:43Z,FALSE,-214748340,-214748365,0,Substitution,2026,2,25,Oklahoma City,Thunder,OKC,Oklahoma City,10,Houston,Rockets,HOU,Houston,2.5,TRUE,FALSE,2.5,3,0:43.8,0,43.8,FALSE,FALSE,2,2,3,2,43.8,763.8,763.8,43.8,763.8,763.8,3,3,2,-214748406.75,-214748365,2025-10-21,2025-10-21T23:30:00Z,
352,401809243517,517,584,Substitution,Josh Okogie enters the game for Clint Capela,78,75,3,3rd Quarter,0:43.8,FALSE,0,10,4065663,3102529,,2025-10-22T01:35:43Z,FALSE,-214748340,-214748365,0,Substitution,2026,2,25,Oklahoma City,Thunder,OKC,Oklahoma City,10,Houston,Rockets,HOU,Houston,2.5,TRUE,FALSE,2.5,3,0:43.8,0,43.8,FALSE,FALSE,2,2,3,2,43.8,763.8,763.8,43.8,763.8,763.8,3,3,2,-214748406.75,-214748365,2025-10-21,2025-10-21T23:30:00Z,
353,401809243520,520,99,Free Throw - 2 of 2,Alperen Sengun makes free throw 2 of 2,79,75,3,3rd Quarter,0:43.8,TRUE,1,10,4871144,,,2025-10-22T01:36:15Z,TRUE,25,13.75,1,+1 Point,2026,2,25,Oklahoma City,Thunder,OKC,Oklahoma City,10,Houston,Rockets,HOU,Houston,2.5,TRUE,FALSE,2.5,3,0:43.8,0,43.8,FALSE,FALSE,2,2,3,2,43.8,763.8,763.8,34.5,754.5,754.5,3,3,2,-28,0,2025-10-21,2025-10-21T23:30:00Z,
354,401809243521,521,110,Driving Layup Shot,Amen Thompson blocks Shai Gilgeous-Alexander's driving layup,79,75,3,3rd Quarter,0:34.5,FALSE,0,25,4278073,4684740,,2025-10-22T01:36:28Z,TRUE,24,1,2,Missed FG,2026,2,25,Oklahoma City,Thunder,OKC,Oklahoma City,10,Houston,Rockets,HOU,Houston,2.5,TRUE,FALSE,2.5,3,0:34.5,0,34.5,FALSE,FALSE,2,2,3,2,34.5,754.5,754.5,31.5,751.5,751.5,3,3,2,40.75,1,2025-10-21,2025-10-21T23:30:00Z,
355,401809243523,523,155,Defensive Rebound,Kevin Durant defensive rebound,79,75,3,3rd Quarter,0:31.5,FALSE,0,10,3202,,,2025-10-22T01:36:31Z,FALSE,24,1,0,Rebound,2026,2,25,Oklahoma City,Thunder,OKC,Oklahoma City,10,Houston,Rockets,HOU,Houston,2.5,TRUE,FALSE,2.5,3,0:31.5,0,31.5,FALSE,FALSE,2,2,3,2,31.5,751.5,751.5,14.1,734.1,734.1,3,3,2,-40.75,-1,2025-10-21,2025-10-21T23:30:00Z,
356,401809243524,524,62,"Bad Pass
Turnover",Tari Eason bad pass (Alex Caruso steals),79,75,3,3rd Quarter,0:14.1,FALSE,0,10,4433192,2991350,,2025-10-22T01:36:49Z,FALSE,40,0,0,Turnover,2026,2,25,Oklahoma City,Thunder,OKC,Oklahoma City,10,Houston,Rockets,HOU,Houston,2.5,TRUE,FALSE,2.5,3,0:14.1,0,14.1,FALSE,FALSE,2,2,3,2,14.1,734.1,734.1,1,721,721,3,3,2,-41.75,15,2025-10-21,2025-10-21T23:30:00Z,
357,401809243526,526,131,Pullup Jump Shot,Shai Gilgeous-Alexander misses 24-foot three point pullup jump shot,79,75,3,3rd Quarter,0:1.0,FALSE,0,25,4278073,,,2025-10-22T01:37:02Z,TRUE,17,24,3,Missed 3PT,2026,2,25,Oklahoma City,Thunder,OKC,Oklahoma City,10,Houston,Rockets,HOU,Houston,2.5,TRUE,FALSE,2.5,3,0:1.0,0,1,FALSE,FALSE,2,2,3,2,1,721,721,1,721,721,3,3,2,17.75,8,2025-10-21,2025-10-21T23:30:00Z,
358,401809243527,527,156,Offensive Rebound,Thunder offensive team rebound,79,75,3,3rd Quarter,0:1.0,FALSE,0,25,,,,2025-10-22T01:37:02Z,FALSE,17,24,0,Rebound,2026,2,25,Oklahoma City,Thunder,OKC,Oklahoma City,10,Houston,Rockets,HOU,Houston,2.5,TRUE,FALSE,2.5,3,0:1.0,0,1,FALSE,FALSE,2,2,3,2,1,721,721,0,720,720,3,3,2,17.75,8,2025-10-21,2025-10-21T23:30:00Z,
359,401809243528,528,412,End Period,End of the 3rd Quarter,79,75,3,3rd Quarter,0:0.0,FALSE,0,,,,,2025-10-22T01:37:22Z,FALSE,-214748340,-214748365,0,End of 3rd,2026,2,25,Oklahoma City,Thunder,OKC,Oklahoma City,10,Houston,Rockets,HOU,Houston,2.5,TRUE,FALSE,2.5,3,0:0.0,0,0,FALSE,FALSE,2,2,4,2,0,720,720,720,720,720,3,3,2,-214748406.75,-214748365,2025-10-21,2025-10-21T23:30:00Z,
360,401809243529,529,584,Substitution,Isaiah Hartenstein enters the game for Shai Gilgeous-Alexander,79,75,4,4th Quarter,12:00,FALSE,0,25,4222252,4278073,,2025-10-22T01:37:25Z,FALSE,-214748340,-214748365,0,Substitution,2026,2,25,Oklahoma City,Thunder,OKC,Oklahoma City,10,Houston,Rockets,HOU,Houston,2.5,TRUE,FALSE,2.5,4,12:00,12,0,FALSE,FALSE,2,2,4,2,720,720,720,720,720,720,4,3,2,214748406.75,214748365,2025-10-21,2025-10-21T23:30:00Z,
361,401809243530,530,584,Substitution,Ajay Mitchell enters the game for Jaylin Williams,79,75,4,4th Quarter,12:00,FALSE,0,25,4900671,4432823,,2025-10-22T01:37:25Z,FALSE,-214748340,-214748365,0,Substitution,2026,2,25,Oklahoma City,Thunder,OKC,Oklahoma City,10,Houston,Rockets,HOU,Houston,2.5,TRUE,FALSE,2.5,4,12:00,12,0,FALSE,FALSE,2,2,4,2,720,720,720,720,720,720,4,4,2,214748406.75,214748365,2025-10-21,2025-10-21T23:30:00Z,
362,401809243531,531,584,Substitution,Jabari Smith Jr. enters the game for Kevin Durant,79,75,4,4th Quarter,12:00,FALSE,0,10,4432639,3202,,2025-10-22T01:37:25Z,FALSE,-214748340,-214748365,0,Substitution,2026,2,25,Oklahoma City,Thunder,OKC,Oklahoma City,10,Houston,Rockets,HOU,Houston,2.5,TRUE,FALSE,2.5,4,12:00,12,0,FALSE,FALSE,2,2,4,2,720,720,720,720,720,720,4,4,2,-214748406.75,-214748365,2025-10-21,2025-10-21T23:30:00Z,
363,401809243532,532,584,Substitution,Reed Sheppard enters the game for Tari Eason,79,75,4,4th Quarter,12:00,FALSE,0,10,4711272,4433192,,2025-10-22T01:37:25Z,FALSE,-214748340,-214748365,0,Substitution,2026,2,25,Oklahoma City,Thunder,OKC,Oklahoma City,10,Houston,Rockets,HOU,Houston,2.5,TRUE,FALSE,2.5,4,12:00,12,0,FALSE,FALSE,2,2,4,2,720,720,720,720,720,720,4,4,2,-214748406.75,-214748365,2025-10-21,2025-10-21T23:30:00Z,
364,401809243533,533,584,Substitution,Steven Adams enters the game for Amen Thompson,79,75,4,4th Quarter,12:00,FALSE,0,10,2991235,4684740,,2025-10-22T01:37:25Z,FALSE,-214748340,-214748365,0,Substitution,2026,2,25,Oklahoma City,Thunder,OKC,Oklahoma City,10,Houston,Rockets,HOU,Houston,2.5,TRUE,FALSE,2.5,4,12:00,12,0,FALSE,FALSE,2,2,4,2,720,720,720,698,698,698,4,4,2,-214748406.75,-214748365,2025-10-21,2025-10-21T23:30:00Z,
365,401809243541,541,92,Jump Shot,Reed Sheppard misses 22-foot three point jumper,79,75,4,4th Quarter,11:38,FALSE,0,10,4711272,,,2025-10-22T01:41:29Z,TRUE,47,-3,3,Missed 3PT,2026,2,25,Oklahoma City,Thunder,OKC,Oklahoma City,10,Houston,Rockets,HOU,Houston,2.5,TRUE,FALSE,2.5,4,11:38,11,38,FALSE,FALSE,2,2,4,2,698,698,698,694,694,694,4,4,2,-44.75,22,2025-10-21,2025-10-21T23:30:00Z,
366,401809243542,542,155,Defensive Rebound,Alex Caruso defensive rebound,79,75,4,4th Quarter,11:34,FALSE,0,25,2991350,,,2025-10-22T01:41:33Z,FALSE,47,-3,0,Rebound,2026,2,25,Oklahoma City,Thunder,OKC,Oklahoma City,10,Houston,Rockets,HOU,Houston,2.5,TRUE,FALSE,2.5,4,11:34,11,34,FALSE,FALSE,2,2,4,2,694,694,694,691,691,691,4,4,2,44.75,-22,2025-10-21,2025-10-21T23:30:00Z,
367,401809243543,543,116,Running Dunk Shot,Ajay Mitchell makes 1-foot dunk (Alex Caruso assists),79,77,4,4th Quarter,11:31,TRUE,2,25,4900671,2991350,,2025-10-22T01:41:35Z,TRUE,24,-1,2,+2 Points,2026,2,25,Oklahoma City,Thunder,OKC,Oklahoma City,10,Houston,Rockets,HOU,Houston,2.5,TRUE,FALSE,2.5,4,11:31,11,31,FALSE,FALSE,2,2,4,2,691,691,691,683,683,683,4,4,2,42.75,1,2025-10-21,2025-10-21T23:30:00Z,
368,401809243545,545,92,Jump Shot,Alperen Sengun makes 27-foot three point jumper (Reed Sheppard assists),82,77,4,4th Quarter,11:23,TRUE,3,10,4871144,4711272,,2025-10-22T01:41:43Z,TRUE,25,28,3,+3 Points,2026,2,25,Oklahoma City,Thunder,OKC,Oklahoma City,10,Houston,Rockets,HOU,Houston,2.5,TRUE,FALSE,2.5,4,11:23,11,23,FALSE,FALSE,2,2,4,2,683,683,683,663,663,663,4,4,2,-13.75,0,2025-10-21,2025-10-21T23:30:00Z,
369,401809243547,547,130,Floating Jump Shot,Ajay Mitchell makes 4-foot two point shot (Chet Holmgren assists),82,79,4,4th Quarter,11:03,TRUE,2,25,4900671,4433255,,2025-10-22T01:42:04Z,TRUE,21,1,2,+2 Points,2026,2,25,Oklahoma City,Thunder,OKC,Oklahoma City,10,Houston,Rockets,HOU,Houston,2.5,TRUE,FALSE,2.5,4,11:03,11,3,FALSE,FALSE,2,2,4,2,663,663,663,642,642,642,4,4,2,40.75,4,2025-10-21,2025-10-21T23:30:00Z,
370,401809243550,550,92,Jump Shot,Josh Okogie misses 22-foot three point jumper,82,79,4,4th Quarter,10:42,FALSE,0,10,4065663,,,2025-10-22T01:42:24Z,TRUE,48,-2,3,Missed 3PT,2026,2,25,Oklahoma City,Thunder,OKC,Oklahoma City,10,Houston,Rockets,HOU,Houston,2.5,TRUE,FALSE,2.5,4,10:42,10,42,FALSE,FALSE,2,2,4,2,642,642,642,640,640,640,4,4,2,-43.75,23,2025-10-21,2025-10-21T23:30:00Z,
371,401809243551,551,155,Defensive Rebound,Ajay Mitchell defensive rebound,82,79,4,4th Quarter,10:40,FALSE,0,25,4900671,,,2025-10-22T01:42:26Z,FALSE,48,-2,0,Rebound,2026,2,25,Oklahoma City,Thunder,OKC,Oklahoma City,10,Houston,Rockets,HOU,Houston,2.5,TRUE,FALSE,2.5,4,10:40,10,40,FALSE,FALSE,2,2,4,2,640,640,640,632,632,632,4,4,2,43.75,-23,2025-10-21,2025-10-21T23:30:00Z,
372,401809243552,552,131,Pullup Jump Shot,Aaron Wiggins misses 24-foot three point pullup jump shot,82,79,4,4th Quarter,10:32,FALSE,0,25,4397183,,,2025-10-22T01:42:34Z,TRUE,29,25,3,Missed 3PT,2026,2,25,Oklahoma City,Thunder,OKC,Oklahoma City,10,Houston,Rockets,HOU,Houston,2.5,TRUE,FALSE,2.5,4,10:32,10,32,FALSE,FALSE,2,2,4,2,632,632,632,628,628,628,4,4,2,16.75,-4,2025-10-21,2025-10-21T23:30:00Z,
373,401809243553,553,155,Defensive Rebound,Alperen Sengun defensive rebound,82,79,4,4th Quarter,10:28,FALSE,0,10,4871144,,,2025-10-22T01:42:38Z,FALSE,29,25,0,Rebound,2026,2,25,Oklahoma City,Thunder,OKC,Oklahoma City,10,Houston,Rockets,HOU,Houston,2.5,TRUE,FALSE,2.5,4,10:28,10,28,FALSE,FALSE,2,2,4,2,628,628,628,607,607,607,4,4,2,-16.75,4,2025-10-21,2025-10-21T23:30:00Z,
374,401809243554,554,131,Pullup Jump Shot,Jabari Smith Jr. makes 18-foot pullup jump shot (Reed Sheppard assists),84,79,4,4th Quarter,10:07,TRUE,2,10,4432639,4711272,,2025-10-22T01:42:59Z,TRUE,13,15,2,+2 Points,2026,2,25,Oklahoma City,Thunder,OKC,Oklahoma City,10,Houston,Rockets,HOU,Houston,2.5,TRUE,FALSE,2.5,4,10:07,10,7,FALSE,FALSE,2,2,4,2,607,607,607,591,591,591,4,4,2,-26.75,-12,2025-10-21,2025-10-21T23:30:00Z,
375,401809243556,556,92,Jump Shot,Alex Caruso misses 24-foot three point jumper,84,79,4,4th Quarter,9:51,FALSE,0,25,2991350,,,2025-10-22T01:43:14Z,TRUE,6,16,3,Missed 3PT,2026,2,25,Oklahoma City,Thunder,OKC,Oklahoma City,10,Houston,Rockets,HOU,Houston,2.5,TRUE,FALSE,2.5,4,9:51,9,51,FALSE,FALSE,2,2,4,2,591,591,591,590,590,590,4,4,2,25.75,19,2025-10-21,2025-10-21T23:30:00Z,
376,401809243557,557,155,Defensive Rebound,Rockets defensive team rebound,84,79,4,4th Quarter,9:50,FALSE,0,10,,,,2025-10-22T01:43:15Z,FALSE,6,16,0,Rebound,2026,2,25,Oklahoma City,Thunder,OKC,Oklahoma City,10,Houston,Rockets,HOU,Houston,2.5,TRUE,FALSE,2.5,4,9:50,9,50,FALSE,FALSE,2,2,4,2,590,590,590,576,576,576,4,4,2,-25.75,-19,2025-10-21,2025-10-21T23:30:00Z,
377,401809243559,559,137,Turnaround Fade Away Jump Shot,Reed Sheppard misses 14-foot two point shot,84,79,4,4th Quarter,9:36,FALSE,0,10,4711272,,,2025-10-22T01:43:41Z,TRUE,31,13,2,Missed FG,2026,2,25,Oklahoma City,Thunder,OKC,Oklahoma City,10,Houston,Rockets,HOU,Houston,2.5,TRUE,FALSE,2.5,4,9:36,9,36,FALSE,FALSE,2,2,4,2,576,576,576,572,572,572,4,4,2,-28.75,6,2025-10-21,2025-10-21T23:30:00Z,
378,401809243560,560,155,Defensive Rebound,Chet Holmgren defensive rebound,84,79,4,4th Quarter,9:32,FALSE,0,25,4433255,,,2025-10-22T01:43:45Z,FALSE,31,13,0,Rebound,2026,2,25,Oklahoma City,Thunder,OKC,Oklahoma City,10,Houston,Rockets,HOU,Houston,2.5,TRUE,FALSE,2.5,4,9:32,9,32,FALSE,FALSE,2,2,4,2,572,572,572,561,561,561,4,4,2,28.75,-6,2025-10-21,2025-10-21T23:30:00Z,
379,401809243561,561,118,Alley Oop Dunk Shot,Chet Holmgren makes 1-foot alley oop dunk shot (Isaiah Hartenstein assists),84,81,4,4th Quarter,9:21,TRUE,2,25,4433255,4222252,,2025-10-22T01:43:55Z,TRUE,24,0,2,+2 Points,2026,2,25,Oklahoma City,Thunder,OKC,Oklahoma City,10,Houston,Rockets,HOU,Houston,2.5,TRUE,FALSE,2.5,4,9:21,9,21,FALSE,FALSE,2,2,4,2,561,561,561,547,547,547,4,4,2,41.75,1,2025-10-21,2025-10-21T23:30:00Z,
380,401809243563,563,92,Jump Shot,Alperen Sengun makes 25-foot three point jumper (Reed Sheppard assists),87,81,4,4th Quarter,9:07,TRUE,3,10,4871144,4711272,,2025-10-22T01:44:09Z,TRUE,47,13,3,+3 Points,2026,2,25,Oklahoma City,Thunder,OKC,Oklahoma City,10,Houston,Rockets,HOU,Houston,2.5,TRUE,FALSE,2.5,4,9:07,9,7,FALSE,FALSE,2,2,4,2,547,547,547,530,530,530,4,4,2,-28.75,22,2025-10-21,2025-10-21T23:30:00Z,
381,401809243565,565,92,Jump Shot,Isaiah Hartenstein makes 13-foot jumper (Aaron Wiggins assists),87,83,4,4th Quarter,8:50,TRUE,2,25,4222252,4397183,,2025-10-22T01:44:26Z,TRUE,31,12,2,+2 Points,2026,2,25,Oklahoma City,Thunder,OKC,Oklahoma City,10,Houston,Rockets,HOU,Houston,2.5,TRUE,FALSE,2.5,4,8:50,8,50,FALSE,FALSE,2,2,4,2,530,530,530,510,510,510,4,4,2,29.75,-6,2025-10-21,2025-10-21T23:30:00Z,
382,401809243567,567,24,Offensive Charge,Alperen Sengun offensive charge,87,83,4,4th Quarter,8:30,FALSE,0,10,4871144,,,2025-10-22T01:44:50Z,FALSE,27,6,0,Foul,2026,2,25,Oklahoma City,Thunder,OKC,Oklahoma City,10,Houston,Rockets,HOU,Houston,2.5,TRUE,FALSE,2.5,4,8:30,8,30,FALSE,FALSE,2,2,4,2,510,510,510,510,510,510,4,4,2,-35.75,2,2025-10-21,2025-10-21T23:30:00Z,
383,401809243569,569,84,Offensive Foul Turnover,Alperen Sengun turnover,87,83,4,4th Quarter,8:30,FALSE,0,10,4871144,,,2025-10-22T01:44:50Z,FALSE,27,6,0,Turnover,2026,2,25,Oklahoma City,Thunder,OKC,Oklahoma City,10,Houston,Rockets,HOU,Houston,2.5,TRUE,FALSE,2.5,4,8:30,8,30,FALSE,FALSE,2,2,4,2,510,510,510,510,510,510,4,4,2,-35.75,2,2025-10-21,2025-10-21T23:30:00Z,
384,401809243570,570,584,Substitution,Cason Wallace enters the game for Aaron Wiggins,87,83,4,4th Quarter,8:30,FALSE,0,25,4683692,4397183,,2025-10-22T01:44:58Z,FALSE,-214748340,-214748365,0,Substitution,2026,2,25,Oklahoma City,Thunder,OKC,Oklahoma City,10,Houston,Rockets,HOU,Houston,2.5,TRUE,FALSE,2.5,4,8:30,8,30,FALSE,FALSE,2,2,4,2,510,510,510,490,490,490,4,4,2,214748406.75,214748365,2025-10-21,2025-10-21T23:30:00Z,
385,401809243572,572,44,Shooting Foul,Steven Adams shooting foul,87,83,4,4th Quarter,8:10,FALSE,0,10,2991235,,,2025-10-22T01:45:45Z,FALSE,25,1,0,Foul,2026,2,25,Oklahoma City,Thunder,OKC,Oklahoma City,10,Houston,Rockets,HOU,Houston,2.5,TRUE,FALSE,2.5,4,8:10,8,10,FALSE,FALSE,2,2,4,2,490,490,490,490,490,490,4,4,2,-40.75,0,2025-10-21,2025-10-21T23:30:00Z,
386,401809243574,574,98,Free Throw - 1 of 2,Isaiah Hartenstein makes free throw 1 of 2,87,84,4,4th Quarter,8:10,TRUE,1,25,4222252,,,2025-10-22T01:46:11Z,TRUE,25,13.75,1,+1 Point,2026,2,25,Oklahoma City,Thunder,OKC,Oklahoma City,10,Houston,Rockets,HOU,Houston,2.5,TRUE,FALSE,2.5,4,8:10,8,10,FALSE,FALSE,2,2,4,2,490,490,490,490,490,490,4,4,2,28,-0,2025-10-21,2025-10-21T23:30:00Z,
387,401809243575,575,584,Substitution,Amen Thompson enters the game for Steven Adams,87,84,4,4th Quarter,8:10,FALSE,0,10,4684740,2991235,,2025-10-22T01:46:12Z,FALSE,-214748340,-214748365,0,Substitution,2026,2,25,Oklahoma City,Thunder,OKC,Oklahoma City,10,Houston,Rockets,HOU,Houston,2.5,TRUE,FALSE,2.5,4,8:10,8,10,FALSE,FALSE,2,2,4,2,490,490,490,490,490,490,4,4,2,-214748406.75,-214748365,2025-10-21,2025-10-21T23:30:00Z,
388,401809243577,577,99,Free Throw - 2 of 2,Isaiah Hartenstein makes free throw 2 of 2,87,85,4,4th Quarter,8:10,TRUE,1,25,4222252,,,2025-10-22T01:46:33Z,TRUE,25,13.75,1,+1 Point,2026,2,25,Oklahoma City,Thunder,OKC,Oklahoma City,10,Houston,Rockets,HOU,Houston,2.5,TRUE,FALSE,2.5,4,8:10,8,10,FALSE,FALSE,2,2,4,2,490,490,490,476,476,476,4,4,2,28,-0,2025-10-21,2025-10-21T23:30:00Z,
389,401809243578,578,92,Jump Shot,Josh Okogie misses 23-foot three point jumper,87,85,4,4th Quarter,7:56,FALSE,0,10,4065663,,,2025-10-22T01:46:50Z,TRUE,2,-2,3,Missed 3PT,2026,2,25,Oklahoma City,Thunder,OKC,Oklahoma City,10,Houston,Rockets,HOU,Houston,2.5,TRUE,FALSE,2.5,4,7:56,7,56,FALSE,FALSE,2,2,4,2,476,476,476,473,473,473,4,4,2,-43.75,-23,2025-10-21,2025-10-21T23:30:00Z,
390,401809243579,579,155,Defensive Rebound,Cason Wallace defensive rebound,87,85,4,4th Quarter,7:53,FALSE,0,25,4683692,,,2025-10-22T01:46:53Z,FALSE,2,-2,0,Rebound,2026,2,25,Oklahoma City,Thunder,OKC,Oklahoma City,10,Houston,Rockets,HOU,Houston,2.5,TRUE,FALSE,2.5,4,7:53,7,53,FALSE,FALSE,2,2,4,2,473,473,473,466,466,466,4,4,2,43.75,23,2025-10-21,2025-10-21T23:30:00Z,
391,401809243580,580,90,Out of Bounds - Bad Pass Turnover,Cason Wallace out of bounds bad pass turnover,87,85,4,4th Quarter,7:46,FALSE,0,25,4683692,,,2025-10-22T01:47:01Z,FALSE,21,-2,0,Turnover,2026,2,25,Oklahoma City,Thunder,OKC,Oklahoma City,10,Houston,Rockets,HOU,Houston,2.5,TRUE,FALSE,2.5,4,7:46,7,46,FALSE,FALSE,2,2,4,2,466,466,466,449,449,449,4,4,2,43.75,4,2025-10-21,2025-10-21T23:30:00Z,
392,401809243581,581,133,Pullup Bank Jump Shot,Alperen Sengun makes 20-foot two point shot,89,85,4,4th Quarter,7:29,TRUE,2,10,4871144,,,2025-10-22T01:47:27Z,TRUE,25,21,2,+2 Points,2026,2,25,Oklahoma City,Thunder,OKC,Oklahoma City,10,Houston,Rockets,HOU,Houston,2.5,TRUE,FALSE,2.5,4,7:29,7,29,FALSE,FALSE,2,2,4,2,449,449,449,449,449,449,4,4,2,-20.75,0,2025-10-21,2025-10-21T23:30:00Z,
393,401809243583,583,44,Shooting Foul,Chet Holmgren shooting foul,89,85,4,4th Quarter,7:29,FALSE,0,25,4433255,,,2025-10-22T01:47:30Z,FALSE,25,22,0,Foul,2026,2,25,Oklahoma City,Thunder,OKC,Oklahoma City,10,Houston,Rockets,HOU,Houston,2.5,TRUE,FALSE,2.5,4,7:29,7,29,FALSE,FALSE,2,2,4,2,449,449,449,449,449,449,4,4,2,19.75,-0,2025-10-21,2025-10-21T23:30:00Z,
394,401809243585,585,584,Substitution,Shai Gilgeous-Alexander enters the game for Chet Holmgren,89,85,4,4th Quarter,7:29,FALSE,0,25,4278073,4433255,,2025-10-22T01:47:42Z,FALSE,-214748340,-214748365,0,Substitution,2026,2,25,Oklahoma City,Thunder,OKC,Oklahoma City,10,Houston,Rockets,HOU,Houston,2.5,TRUE,FALSE,2.5,4,7:29,7,29,FALSE,FALSE,2,2,4,2,449,449,449,449,449,449,4,4,2,214748406.75,214748365,2025-10-21,2025-10-21T23:30:00Z,
395,401809243586,586,584,Substitution,Tari Eason enters the game for Reed Sheppard,89,85,4,4th Quarter,7:29,FALSE,0,10,4433192,4711272,,2025-10-22T01:47:42Z,FALSE,-214748340,-214748365,0,Substitution,2026,2,25,Oklahoma City,Thunder,OKC,Oklahoma City,10,Houston,Rockets,HOU,Houston,2.5,TRUE,FALSE,2.5,4,7:29,7,29,FALSE,FALSE,2,2,4,2,449,449,449,449,449,449,4,4,2,-214748406.75,-214748365,2025-10-21,2025-10-21T23:30:00Z,
396,401809243589,589,97,Free Throw - 1 of 1,Alperen Sengun makes free throw 1 of 1,90,85,4,4th Quarter,7:29,TRUE,1,10,4871144,,,2025-10-22T01:48:08Z,TRUE,25,13.75,1,+1 Point,2026,2,25,Oklahoma City,Thunder,OKC,Oklahoma City,10,Houston,Rockets,HOU,Houston,2.5,TRUE,FALSE,2.5,4,7:29,7,29,FALSE,FALSE,2,2,4,2,449,449,449,427,427,427,4,4,2,-28,0,2025-10-21,2025-10-21T23:30:00Z,
397,401809243590,590,92,Jump Shot,Ajay Mitchell misses 23-foot three point jumper,90,85,4,4th Quarter,7:07,FALSE,0,25,4900671,,,2025-10-22T01:48:32Z,TRUE,48,5,3,Missed 3PT,2026,2,25,Oklahoma City,Thunder,OKC,Oklahoma City,10,Houston,Rockets,HOU,Houston,2.5,TRUE,FALSE,2.5,4,7:07,7,7,FALSE,FALSE,2,2,4,2,427,427,427,426,426,426,4,4,2,36.75,-23,2025-10-21,2025-10-21T23:30:00Z,
398,401809243591,591,155,Defensive Rebound,Rockets defensive team rebound,90,85,4,4th Quarter,7:06,FALSE,0,10,,,,2025-10-22T01:48:33Z,FALSE,48,5,0,Rebound,2026,2,25,Oklahoma City,Thunder,OKC,Oklahoma City,10,Houston,Rockets,HOU,Houston,2.5,TRUE,FALSE,2.5,4,7:06,7,6,FALSE,FALSE,2,2,4,2,426,426,426,426,426,426,4,4,2,-36.75,23,2025-10-21,2025-10-21T23:30:00Z,
399,401809243593,593,43,Loose Ball Foul,Isaiah Hartenstein loose ball foul,90,85,4,4th Quarter,7:06,FALSE,0,25,4222252,,,2025-10-22T01:48:40Z,FALSE,25,1,0,Foul,2026,2,25,Oklahoma City,Thunder,OKC,Oklahoma City,10,Houston,Rockets,HOU,Houston,2.5,TRUE,FALSE,2.5,4,7:06,7,6,FALSE,FALSE,2,2,4,2,426,426,426,409,409,409,4,4,2,40.75,-0,2025-10-21,2025-10-21T23:30:00Z,
400,401809243595,595,44,Shooting Foul,Alex Caruso shooting foul,90,85,4,4th Quarter,6:49,FALSE,0,25,2991350,,,2025-10-22T01:49:12Z,FALSE,26,4,0,Foul,2026,2,25,Oklahoma City,Thunder,OKC,Oklahoma City,10,Houston,Rockets,HOU,Houston,2.5,TRUE,FALSE,2.5,4,6:49,6,49,FALSE,FALSE,2,2,4,2,409,409,409,409,409,409,4,4,2,37.75,-1,2025-10-21,2025-10-21T23:30:00Z,
401,401809243597,597,16,Full Timeout,Thunder Full timeout,90,85,4,4th Quarter,6:49,FALSE,0,25,,,,2025-10-22T01:49:21Z,FALSE,-214748340,-214748365,0,Timeout,2026,2,25,Oklahoma City,Thunder,OKC,Oklahoma City,10,Houston,Rockets,HOU,Houston,2.5,TRUE,FALSE,2.5,4,6:49,6,49,FALSE,FALSE,2,2,4,2,409,409,409,409,409,409,4,4,2,214748406.75,214748365,2025-10-21,2025-10-21T23:30:00Z,
402,401809243598,598,584,Substitution,Luguentz Dort enters the game for Alex Caruso,90,85,4,4th Quarter,6:49,FALSE,0,25,4397020,2991350,,2025-10-22T01:52:08Z,FALSE,-214748340,-214748365,0,Substitution,2026,2,25,Oklahoma City,Thunder,OKC,Oklahoma City,10,Houston,Rockets,HOU,Houston,2.5,TRUE,FALSE,2.5,4,6:49,6,49,FALSE,FALSE,2,2,4,2,409,409,409,409,409,409,4,4,2,214748406.75,214748365,2025-10-21,2025-10-21T23:30:00Z,
403,401809243599,599,584,Substitution,Aaron Wiggins enters the game for Ajay Mitchell,90,85,4,4th Quarter,6:49,FALSE,0,25,4397183,4900671,,2025-10-22T01:52:08Z,FALSE,-214748340,-214748365,0,Substitution,2026,2,25,Oklahoma City,Thunder,OKC,Oklahoma City,10,Houston,Rockets,HOU,Houston,2.5,TRUE,FALSE,2.5,4,6:49,6,49,FALSE,FALSE,2,2,4,2,409,409,409,409,409,409,4,4,2,214748406.75,214748365,2025-10-21,2025-10-21T23:30:00Z,
404,401809243602,602,98,Free Throw - 1 of 2,Josh Okogie misses free throw 1 of 2,90,85,4,4th Quarter,6:49,FALSE,0,10,4065663,,,2025-10-22T01:52:55Z,TRUE,25,13.75,1,Missed FT,2026,2,25,Oklahoma City,Thunder,OKC,Oklahoma City,10,Houston,Rockets,HOU,Houston,2.5,TRUE,FALSE,2.5,4,6:49,6,49,FALSE,FALSE,2,2,4,2,409,409,409,409,409,409,4,4,2,-28,0,2025-10-21,2025-10-21T23:30:00Z,
405,401809243603,603,156,Offensive Rebound,Rockets offensive team rebound,90,85,4,4th Quarter,6:49,FALSE,0,10,,,,2025-10-22T01:52:55Z,FALSE,-214748340,-214748365,0,Rebound,2026,2,25,Oklahoma City,Thunder,OKC,Oklahoma City,10,Houston,Rockets,HOU,Houston,2.5,TRUE,FALSE,2.5,4,6:49,6,49,FALSE,FALSE,2,2,4,2,409,409,409,409,409,409,4,4,2,-214748406.75,-214748365,2025-10-21,2025-10-21T23:30:00Z,
406,401809243604,604,99,Free Throw - 2 of 2,Josh Okogie makes free throw 2 of 2,91,85,4,4th Quarter,6:49,TRUE,1,10,4065663,,,2025-10-22T01:53:10Z,TRUE,25,13.75,1,+1 Point,2026,2,25,Oklahoma City,Thunder,OKC,Oklahoma City,10,Houston,Rockets,HOU,Houston,2.5,TRUE,FALSE,2.5,4,6:49,6,49,FALSE,FALSE,2,2,4,2,409,409,409,393,393,393,4,4,2,-28,0,2025-10-21,2025-10-21T23:30:00Z,
407,401809243605,605,92,Jump Shot,Luguentz Dort misses 24-foot three point jumper,91,85,4,4th Quarter,6:33,FALSE,0,25,4397020,,,2025-10-22T01:53:29Z,TRUE,46,14,3,Missed 3PT,2026,2,25,Oklahoma City,Thunder,OKC,Oklahoma City,10,Houston,Rockets,HOU,Houston,2.5,TRUE,FALSE,2.5,4,6:33,6,33,FALSE,FALSE,2,2,4,2,393,393,393,390,390,390,4,4,2,27.75,-21,2025-10-21,2025-10-21T23:30:00Z,
408,401809243606,606,155,Defensive Rebound,Amen Thompson defensive rebound,91,85,4,4th Quarter,6:30,FALSE,0,10,4684740,,,2025-10-22T01:53:32Z,FALSE,46,14,0,Rebound,2026,2,25,Oklahoma City,Thunder,OKC,Oklahoma City,10,Houston,Rockets,HOU,Houston,2.5,TRUE,FALSE,2.5,4,6:30,6,30,FALSE,FALSE,2,2,4,2,390,390,390,375,375,375,4,4,2,-27.75,21,2025-10-21,2025-10-21T23:30:00Z,
409,401809243607,607,131,Pullup Jump Shot,Alperen Sengun misses 18-foot pullup jump shot,91,85,4,4th Quarter,6:15,FALSE,0,10,4871144,,,2025-10-22T01:53:47Z,TRUE,33,17,2,Missed FG,2026,2,25,Oklahoma City,Thunder,OKC,Oklahoma City,10,Houston,Rockets,HOU,Houston,2.5,TRUE,FALSE,2.5,4,6:15,6,15,FALSE,FALSE,2,2,4,2,375,375,375,372,372,372,4,4,2,-24.75,8,2025-10-21,2025-10-21T23:30:00Z,
410,401809243608,608,155,Defensive Rebound,Shai Gilgeous-Alexander defensive rebound,91,85,4,4th Quarter,6:12,FALSE,0,25,4278073,,,2025-10-22T01:53:50Z,FALSE,33,17,0,Rebound,2026,2,25,Oklahoma City,Thunder,OKC,Oklahoma City,10,Houston,Rockets,HOU,Houston,2.5,TRUE,FALSE,2.5,4,6:12,6,12,FALSE,FALSE,2,2,4,2,372,372,372,364,364,364,4,4,2,24.75,-8,2025-10-21,2025-10-21T23:30:00Z,
411,401809243609,609,110,Driving Layup Shot,Shai Gilgeous-Alexander makes driving layup,91,87,4,4th Quarter,6:04,TRUE,2,25,4278073,,,2025-10-22T01:53:58Z,TRUE,27,0,2,+2 Points,2026,2,25,Oklahoma City,Thunder,OKC,Oklahoma City,10,Houston,Rockets,HOU,Houston,2.5,TRUE,FALSE,2.5,4,6:04,6,4,FALSE,FALSE,2,2,4,2,364,364,364,349,349,349,4,4,2,41.75,-2,2025-10-21,2025-10-21T23:30:00Z,
412,401809243610,610,95,Layup Shot,Jabari Smith Jr. makes layup (Alperen Sengun assists),93,87,4,4th Quarter,5:49,TRUE,2,10,4432639,4871144,,2025-10-22T01:54:14Z,TRUE,25,2,2,+2 Points,2026,2,25,Oklahoma City,Thunder,OKC,Oklahoma City,10,Houston,Rockets,HOU,Houston,2.5,TRUE,FALSE,2.5,4,5:49,5,49,FALSE,FALSE,2,2,4,2,349,349,349,327,327,327,4,4,2,-39.75,0,2025-10-21,2025-10-21T23:30:00Z,
413,401809243612,612,92,Jump Shot,Luguentz Dort misses 22-foot three point jumper,93,87,4,4th Quarter,5:27,FALSE,0,25,4397020,,,2025-10-22T01:54:35Z,TRUE,2,-1,3,Missed 3PT,2026,2,25,Oklahoma City,Thunder,OKC,Oklahoma City,10,Houston,Rockets,HOU,Houston,2.5,TRUE,FALSE,2.5,4,5:27,5,27,FALSE,FALSE,2,2,4,2,327,327,327,321,321,321,4,4,2,42.75,23,2025-10-21,2025-10-21T23:30:00Z,
414,401809243613,613,155,Defensive Rebound,Tari Eason defensive rebound,93,87,4,4th Quarter,5:21,FALSE,0,10,4433192,,,2025-10-22T01:54:41Z,FALSE,2,-1,0,Rebound,2026,2,25,Oklahoma City,Thunder,OKC,Oklahoma City,10,Houston,Rockets,HOU,Houston,2.5,TRUE,FALSE,2.5,4,5:21,5,21,FALSE,FALSE,2,2,4,2,321,321,321,304,304,304,4,4,2,-42.75,-23,2025-10-21,2025-10-21T23:30:00Z,
415,401809243614,614,92,Jump Shot,Alperen Sengun misses 28-foot three point jumper,93,87,4,4th Quarter,5:04,FALSE,0,10,4871144,,,2025-10-22T01:54:58Z,TRUE,7,22,3,Missed 3PT,2026,2,25,Oklahoma City,Thunder,OKC,Oklahoma City,10,Houston,Rockets,HOU,Houston,2.5,TRUE,FALSE,2.5,4,5:04,5,4,FALSE,FALSE,2,2,4,2,304,304,304,301,301,301,4,4,2,-19.75,-18,2025-10-21,2025-10-21T23:30:00Z,
416,401809243615,615,155,Defensive Rebound,Shai Gilgeous-Alexander defensive rebound,93,87,4,4th Quarter,5:01,FALSE,0,25,4278073,,,2025-10-22T01:55:01Z,FALSE,7,22,0,Rebound,2026,2,25,Oklahoma City,Thunder,OKC,Oklahoma City,10,Houston,Rockets,HOU,Houston,2.5,TRUE,FALSE,2.5,4,5:01,5,1,FALSE,FALSE,2,2,4,2,301,301,301,295,295,295,4,4,2,19.75,18,2025-10-21,2025-10-21T23:30:00Z,
417,401809243616,616,44,Shooting Foul,Alperen Sengun shooting foul,93,87,4,4th Quarter,4:55,FALSE,0,10,4871144,,,2025-10-22T01:55:10Z,FALSE,33,4,0,Foul,2026,2,25,Oklahoma City,Thunder,OKC,Oklahoma City,10,Houston,Rockets,HOU,Houston,2.5,TRUE,FALSE,2.5,4,4:55,4,55,FALSE,FALSE,2,2,4,2,295,295,295,295,295,295,4,4,2,-37.75,8,2025-10-21,2025-10-21T23:30:00Z,
418,401809243618,618,98,Free Throw - 1 of 2,Shai Gilgeous-Alexander makes free throw 1 of 2,93,88,4,4th Quarter,4:55,TRUE,1,25,4278073,,,2025-10-22T01:55:36Z,TRUE,25,13.75,1,+1 Point,2026,2,25,Oklahoma City,Thunder,OKC,Oklahoma City,10,Houston,Rockets,HOU,Houston,2.5,TRUE,FALSE,2.5,4,4:55,4,55,FALSE,FALSE,2,2,4,2,295,295,295,295,295,295,4,4,2,28,-0,2025-10-21,2025-10-21T23:30:00Z,
419,401809243621,621,584,Substitution,Kevin Durant enters the game for Tari Eason,93,88,4,4th Quarter,4:55,FALSE,0,10,3202,4433192,,2025-10-22T01:55:36Z,FALSE,-214748340,-214748365,0,Substitution,2026,2,25,Oklahoma City,Thunder,OKC,Oklahoma City,10,Houston,Rockets,HOU,Houston,2.5,TRUE,FALSE,2.5,4,4:55,4,55,FALSE,FALSE,2,2,4,2,295,295,295,295,295,295,4,4,2,-214748406.75,-214748365,2025-10-21,2025-10-21T23:30:00Z,
420,401809243622,622,99,Free Throw - 2 of 2,Shai Gilgeous-Alexander makes free throw 2 of 2,93,89,4,4th Quarter,4:55,TRUE,1,25,4278073,,,2025-10-22T01:55:59Z,TRUE,25,13.75,1,+1 Point,2026,2,25,Oklahoma City,Thunder,OKC,Oklahoma City,10,Houston,Rockets,HOU,Houston,2.5,TRUE,FALSE,2.5,4,4:55,4,55,FALSE,FALSE,2,2,4,2,295,295,295,277,277,277,4,4,2,28,-0,2025-10-21,2025-10-21T23:30:00Z,
421,401809243623,623,92,Jump Shot,Jabari Smith Jr. misses 26-foot three point jumper,93,89,4,4th Quarter,4:37,FALSE,0,10,4432639,,,2025-10-22T01:56:19Z,TRUE,37,24,3,Missed 3PT,2026,2,25,Oklahoma City,Thunder,OKC,Oklahoma City,10,Houston,Rockets,HOU,Houston,2.5,TRUE,FALSE,2.5,4,4:37,4,37,FALSE,FALSE,2,2,4,2,277,277,277,275,275,275,4,4,2,-17.75,12,2025-10-21,2025-10-21T23:30:00Z,
422,401809243624,624,156,Offensive Rebound,Amen Thompson offensive rebound,93,89,4,4th Quarter,4:35,FALSE,0,10,4684740,,,2025-10-22T01:56:22Z,FALSE,37,24,0,Rebound,2026,2,25,Oklahoma City,Thunder,OKC,Oklahoma City,10,Houston,Rockets,HOU,Houston,2.5,TRUE,FALSE,2.5,4,4:35,4,35,FALSE,FALSE,2,2,4,2,275,275,275,272,272,272,4,4,2,-17.75,12,2025-10-21,2025-10-21T23:30:00Z,
423,401809243625,625,131,Pullup Jump Shot,Kevin Durant makes 19-foot pullup jump shot (Amen Thompson assists),95,89,4,4th Quarter,4:32,TRUE,2,10,3202,4684740,,2025-10-22T01:56:24Z,TRUE,12,15,2,+2 Points,2026,2,25,Oklahoma City,Thunder,OKC,Oklahoma City,10,Houston,Rockets,HOU,Houston,2.5,TRUE,FALSE,2.5,4,4:32,4,32,FALSE,FALSE,2,2,4,2,272,272,272,260,260,260,4,4,2,-26.75,-13,2025-10-21,2025-10-21T23:30:00Z,
424,401809243626,626,131,Pullup Jump Shot,Shai Gilgeous-Alexander makes 14-foot pullup jump shot (Cason Wallace assists),95,91,4,4th Quarter,4:20,TRUE,2,25,4278073,4683692,,2025-10-22T01:56:36Z,TRUE,17,12,2,+2 Points,2026,2,25,Oklahoma City,Thunder,OKC,Oklahoma City,10,Houston,Rockets,HOU,Houston,2.5,TRUE,FALSE,2.5,4,4:20,4,20,FALSE,FALSE,2,2,4,2,260,260,260,240,240,240,4,4,2,29.75,8,2025-10-21,2025-10-21T23:30:00Z,
425,401809243628,628,144,Driving Floating Jump Shot,Amen Thompson makes 6-foot driving floating jump shot,97,91,4,4th Quarter,4:00,TRUE,2,10,4684740,,,2025-10-22T01:56:56Z,TRUE,31,4,2,+2 Points,2026,2,25,Oklahoma City,Thunder,OKC,Oklahoma City,10,Houston,Rockets,HOU,Houston,2.5,TRUE,FALSE,2.5,4,4:00,4,0,FALSE,FALSE,2,2,4,2,240,240,240,232,232,232,4,4,2,-37.75,6,2025-10-21,2025-10-21T23:30:00Z,
426,401809243629,629,44,Shooting Foul,Amen Thompson shooting foul,97,91,4,4th Quarter,3:52,FALSE,0,10,4684740,,,2025-10-22T01:57:06Z,FALSE,27,1,0,Foul,2026,2,25,Oklahoma City,Thunder,OKC,Oklahoma City,10,Houston,Rockets,HOU,Houston,2.5,TRUE,FALSE,2.5,4,3:52,3,52,FALSE,FALSE,2,2,4,2,232,232,232,232,232,232,4,4,2,-40.75,2,2025-10-21,2025-10-21T23:30:00Z,
427,401809243632,632,98,Free Throw - 1 of 2,Shai Gilgeous-Alexander makes free throw 1 of 2,97,92,4,4th Quarter,3:52,TRUE,1,25,4278073,,,2025-10-22T01:57:43Z,TRUE,25,13.75,1,+1 Point,2026,2,25,Oklahoma City,Thunder,OKC,Oklahoma City,10,Houston,Rockets,HOU,Houston,2.5,TRUE,FALSE,2.5,4,3:52,3,52,FALSE,FALSE,2,2,4,2,232,232,232,232,232,232,4,4,2,28,-0,2025-10-21,2025-10-21T23:30:00Z,
428,401809243633,633,584,Substitution,Chet Holmgren enters the game for Aaron Wiggins,97,92,4,4th Quarter,3:52,FALSE,0,25,4433255,4397183,,2025-10-22T01:57:43Z,FALSE,-214748340,-214748365,0,Substitution,2026,2,25,Oklahoma City,Thunder,OKC,Oklahoma City,10,Houston,Rockets,HOU,Houston,2.5,TRUE,FALSE,2.5,4,3:52,3,52,FALSE,FALSE,2,2,4,2,232,232,232,232,232,232,4,4,2,214748406.75,214748365,2025-10-21,2025-10-21T23:30:00Z,
429,401809243635,635,99,Free Throw - 2 of 2,Shai Gilgeous-Alexander makes free throw 2 of 2,97,93,4,4th Quarter,3:52,TRUE,1,25,4278073,,,2025-10-22T01:58:03Z,TRUE,25,13.75,1,+1 Point,2026,2,25,Oklahoma City,Thunder,OKC,Oklahoma City,10,Houston,Rockets,HOU,Houston,2.5,TRUE,FALSE,2.5,4,3:52,3,52,FALSE,FALSE,2,2,4,2,232,232,232,216,216,216,4,4,2,28,-0,2025-10-21,2025-10-21T23:30:00Z,
430,401809243636,636,62,"Bad Pass
Turnover",Kevin Durant bad pass (Cason Wallace steals),97,93,4,4th Quarter,3:36,FALSE,0,10,3202,4683692,,2025-10-22T01:58:21Z,FALSE,21,26,0,Turnover,2026,2,25,Oklahoma City,Thunder,OKC,Oklahoma City,10,Houston,Rockets,HOU,Houston,2.5,TRUE,FALSE,2.5,4,3:36,3,36,FALSE,FALSE,2,2,4,2,216,216,216,200,200,200,4,4,2,-15.75,-4,2025-10-21,2025-10-21T23:30:00Z,
431,401809243638,638,132,Step Back Jump Shot,Shai Gilgeous-Alexander misses 12-foot step back jumpshot,97,93,4,4th Quarter,3:20,FALSE,0,25,4278073,,,2025-10-22T01:58:36Z,TRUE,13,-1,2,Missed FG,2026,2,25,Oklahoma City,Thunder,OKC,Oklahoma City,10,Houston,Rockets,HOU,Houston,2.5,TRUE,FALSE,2.5,4,3:20,3,20,FALSE,FALSE,2,2,4,2,200,200,200,197,197,197,4,4,2,42.75,12,2025-10-21,2025-10-21T23:30:00Z,
432,401809243639,639,156,Offensive Rebound,Isaiah Hartenstein offensive rebound,97,93,4,4th Quarter,3:17,FALSE,0,25,4222252,,,2025-10-22T01:58:39Z,FALSE,13,-1,0,Rebound,2026,2,25,Oklahoma City,Thunder,OKC,Oklahoma City,10,Houston,Rockets,HOU,Houston,2.5,TRUE,FALSE,2.5,4,3:17,3,17,FALSE,FALSE,2,2,4,2,197,197,197,197,197,197,4,4,2,42.75,12,2025-10-21,2025-10-21T23:30:00Z,
433,401809243640,640,94,Tip Shot,Isaiah Hartenstein makes tip shot,97,95,4,4th Quarter,3:17,TRUE,2,25,4222252,,,2025-10-22T01:58:40Z,TRUE,25,0,2,+2 Points,2026,2,25,Oklahoma City,Thunder,OKC,Oklahoma City,10,Houston,Rockets,HOU,Houston,2.5,TRUE,FALSE,2.5,4,3:17,3,17,FALSE,FALSE,2,2,4,2,197,197,197,187,187,187,4,4,2,41.75,-0,2025-10-21,2025-10-21T23:30:00Z,
434,401809243641,641,16,Full Timeout,Rockets Full timeout,97,95,4,4th Quarter,3:07,FALSE,0,10,,,,2025-10-22T01:58:54Z,FALSE,-214748340,-214748365,0,Timeout,2026,2,25,Oklahoma City,Thunder,OKC,Oklahoma City,10,Houston,Rockets,HOU,Houston,2.5,TRUE,FALSE,2.5,4,3:07,3,7,FALSE,FALSE,2,2,4,2,187,187,187,187,187,187,4,4,2,-214748406.75,-214748365,2025-10-21,2025-10-21T23:30:00Z,
435,401809243642,642,584,Substitution,Alex Caruso enters the game for Isaiah Hartenstein,97,95,4,4th Quarter,3:07,FALSE,0,25,2991350,4222252,,2025-10-22T01:59:07Z,FALSE,-214748340,-214748365,0,Substitution,2026,2,25,Oklahoma City,Thunder,OKC,Oklahoma City,10,Houston,Rockets,HOU,Houston,2.5,TRUE,FALSE,2.5,4,3:07,3,7,FALSE,FALSE,2,2,4,2,187,187,187,187,187,187,4,4,2,214748406.75,214748365,2025-10-21,2025-10-21T23:30:00Z,
436,401809243643,643,584,Substitution,Steven Adams enters the game for Josh Okogie,97,95,4,4th Quarter,3:07,FALSE,0,10,2991235,4065663,,2025-10-22T01:59:07Z,FALSE,-214748340,-214748365,0,Substitution,2026,2,25,Oklahoma City,Thunder,OKC,Oklahoma City,10,Houston,Rockets,HOU,Houston,2.5,TRUE,FALSE,2.5,4,3:07,3,7,FALSE,FALSE,2,2,4,2,187,187,187,178,178,178,4,4,2,-214748406.75,-214748365,2025-10-21,2025-10-21T23:30:00Z,
437,401809243646,646,128,Driving Finger Roll Layup,Amen Thompson makes 2-foot two point shot,99,95,4,4th Quarter,2:58,TRUE,2,10,4684740,,,2025-10-22T02:02:34Z,TRUE,25,3,2,+2 Points,2026,2,25,Oklahoma City,Thunder,OKC,Oklahoma City,10,Houston,Rockets,HOU,Houston,2.5,TRUE,FALSE,2.5,4,2:58,2,58,FALSE,FALSE,2,2,4,2,178,178,178,153,153,153,4,4,2,-38.75,0,2025-10-21,2025-10-21T23:30:00Z,
438,401809243647,647,130,Floating Jump Shot,Chet Holmgren makes 4-foot two point shot (Luguentz Dort assists),99,97,4,4th Quarter,2:33,TRUE,2,25,4433255,4397020,,2025-10-22T02:02:59Z,TRUE,29,-1,2,+2 Points,2026,2,25,Oklahoma City,Thunder,OKC,Oklahoma City,10,Houston,Rockets,HOU,Houston,2.5,TRUE,FALSE,2.5,4,2:33,2,33,FALSE,FALSE,2,2,4,2,153,153,153,130,130,130,4,4,2,42.75,-4,2025-10-21,2025-10-21T23:30:00Z,
439,401809243649,649,110,Driving Layup Shot,Amen Thompson makes driving layup,101,97,4,4th Quarter,2:10,TRUE,2,10,4684740,,,2025-10-22T02:03:22Z,TRUE,26,3,2,+2 Points,2026,2,25,Oklahoma City,Thunder,OKC,Oklahoma City,10,Houston,Rockets,HOU,Houston,2.5,TRUE,FALSE,2.5,4,2:10,2,10,FALSE,FALSE,2,2,4,2,130,130,130,121,121,121,4,4,2,-38.75,1,2025-10-21,2025-10-21T23:30:00Z,
440,401809243650,650,92,Jump Shot,Cason Wallace makes 26-foot three point jumper (Shai Gilgeous-Alexander assists),101,100,4,4th Quarter,2:01,TRUE,3,25,4683692,4278073,,2025-10-22T02:03:31Z,TRUE,43,19,3,+3 Points,2026,2,25,Oklahoma City,Thunder,OKC,Oklahoma City,10,Houston,Rockets,HOU,Houston,2.5,TRUE,FALSE,2.5,4,2:01,2,1,FALSE,FALSE,2,2,4,2,121,121,121,107,107,107,4,4,2,22.75,-18,2025-10-21,2025-10-21T23:30:00Z,
441,401809243652,652,63,Lost Ball Turnover,Amen Thompson lost ball turnover (Shai Gilgeous-Alexander steals),101,100,4,4th Quarter,1:47,FALSE,0,10,4684740,4278073,,2025-10-22T02:03:56Z,FALSE,29,7,0,Turnover,2026,2,25,Oklahoma City,Thunder,OKC,Oklahoma City,10,Houston,Rockets,HOU,Houston,2.5,TRUE,FALSE,2.5,4,1:47,1,47,FALSE,FALSE,2,2,4,2,107,107,107,103,103,103,4,4,2,-34.75,4,2025-10-21,2025-10-21T23:30:00Z,
442,401809243656,656,16,Full Timeout,Rockets Full timeout,101,100,4,4th Quarter,1:43,FALSE,0,10,,,,2025-10-22T02:04:24Z,FALSE,-214748340,-214748365,0,Timeout,2026,2,25,Oklahoma City,Thunder,OKC,Oklahoma City,10,Houston,Rockets,HOU,Houston,2.5,TRUE,FALSE,2.5,4,1:43,1,43,FALSE,FALSE,2,2,4,2,103,103,103,103,103,103,4,4,2,-214748406.75,-214748365,2025-10-21,2025-10-21T23:30:00Z,
443,401809243657,657,215,Coach's Challenge (Overturned),(01:43) [Rockets] COACH'S CHALLENGE (CALL OVERTURNED) [Rockets] retain their timeout,101,100,4,4th Quarter,1:43,FALSE,0,10,,,,2025-10-22T02:04:25Z,FALSE,-214748340,-214748365,0,Challenge,2026,2,25,Oklahoma City,Thunder,OKC,Oklahoma City,10,Houston,Rockets,HOU,Houston,2.5,TRUE,FALSE,2.5,4,1:43,1,43,FALSE,FALSE,2,2,4,2,103,103,103,94,94,94,4,4,2,-214748406.75,-214748365,2025-10-21,2025-10-21T23:30:00Z,
444,401809243659,659,132,Step Back Jump Shot,Shai Gilgeous-Alexander makes 18-foot step back jumpshot,101,102,4,4th Quarter,1:34,TRUE,2,25,4278073,,,2025-10-22T02:08:31Z,TRUE,10,11,2,+2 Points,2026,2,25,Oklahoma City,Thunder,OKC,Oklahoma City,10,Houston,Rockets,HOU,Houston,2.5,TRUE,FALSE,2.5,4,1:34,1,34,FALSE,FALSE,2,2,4,2,94,94,94,74,74,74,4,4,2,30.75,15,2025-10-21,2025-10-21T23:30:00Z,
445,401809243660,660,131,Pullup Jump Shot,Amen Thompson misses 7-foot pullup jump shot,101,102,4,4th Quarter,1:14,FALSE,0,10,4684740,,,2025-10-22T02:09:00Z,TRUE,18,-1,2,Missed FG,2026,2,25,Oklahoma City,Thunder,OKC,Oklahoma City,10,Houston,Rockets,HOU,Houston,2.5,TRUE,FALSE,2.5,4,1:14,1,14,FALSE,FALSE,2,2,4,2,74,74,74,70,70,70,4,4,2,-42.75,-7,2025-10-21,2025-10-21T23:30:00Z,
446,401809243662,662,155,Defensive Rebound,Shai Gilgeous-Alexander defensive rebound,101,102,4,4th Quarter,1:10,FALSE,0,25,4278073,,,2025-10-22T02:09:04Z,FALSE,18,-1,0,Rebound,2026,2,25,Oklahoma City,Thunder,OKC,Oklahoma City,10,Houston,Rockets,HOU,Houston,2.5,TRUE,FALSE,2.5,4,1:10,1,10,FALSE,FALSE,2,2,4,2,70,70,70,55.3,55.3,55.3,4,4,2,42.75,7,2025-10-21,2025-10-21T23:30:00Z,
447,401809243663,663,92,Jump Shot,Luguentz Dort misses 26-foot three point jumper,101,102,4,4th Quarter,0:55.3,FALSE,0,25,4397020,,,2025-10-22T02:09:19Z,TRUE,40,22,3,Missed 3PT,2026,2,25,Oklahoma City,Thunder,OKC,Oklahoma City,10,Houston,Rockets,HOU,Houston,2.5,TRUE,FALSE,2.5,4,0:55.3,0,55.3,FALSE,FALSE,2,2,4,2,55.3,55.3,55.3,53.1,53.1,53.1,4,4,2,19.75,-15,2025-10-21,2025-10-21T23:30:00Z,
448,401809243664,664,155,Defensive Rebound,Rockets defensive team rebound,101,102,4,4th Quarter,0:53.1,FALSE,0,10,,,,2025-10-22T02:09:21Z,FALSE,40,22,0,Rebound,2026,2,25,Oklahoma City,Thunder,OKC,Oklahoma City,10,Houston,Rockets,HOU,Houston,2.5,TRUE,FALSE,2.5,4,0:53.1,0,53.1,FALSE,FALSE,2,2,4,2,53.1,53.1,53.1,53.1,53.1,53.1,4,4,2,-19.75,15,2025-10-21,2025-10-21T23:30:00Z,
449,401809243665,665,43,Loose Ball Foul,Chet Holmgren loose ball foul,101,102,4,4th Quarter,0:53.1,FALSE,0,25,4433255,,,2025-10-22T02:09:26Z,FALSE,26,1,0,Foul,2026,2,25,Oklahoma City,Thunder,OKC,Oklahoma City,10,Houston,Rockets,HOU,Houston,2.5,TRUE,FALSE,2.5,4,0:53.1,0,53.1,FALSE,FALSE,2,2,4,2,53.1,53.1,53.1,53.1,53.1,53.1,4,4,2,40.75,-1,2025-10-21,2025-10-21T23:30:00Z,
450,401809243667,667,16,Full Timeout,Thunder Full timeout,101,102,4,4th Quarter,0:53.1,FALSE,0,25,,,,2025-10-22T02:09:47Z,FALSE,-214748340,-214748365,0,Timeout,2026,2,25,Oklahoma City,Thunder,OKC,Oklahoma City,10,Houston,Rockets,HOU,Houston,2.5,TRUE,FALSE,2.5,4,0:53.1,0,53.1,FALSE,FALSE,2,2,4,2,53.1,53.1,53.1,53.1,53.1,53.1,4,4,2,214748406.75,214748365,2025-10-21,2025-10-21T23:30:00Z,
451,401809243668,668,214,Coach's Challenge (Supported),(00:53.1) [Thunder] COACH'S CHALLENGE (REPLAY SUPPORTS CALL) [Thunder] charged with a timeout,101,102,4,4th Quarter,0:53.1,FALSE,0,25,,,,2025-10-22T02:09:48Z,FALSE,-214748340,-214748365,0,Challenge,2026,2,25,Oklahoma City,Thunder,OKC,Oklahoma City,10,Houston,Rockets,HOU,Houston,2.5,TRUE,FALSE,2.5,4,0:53.1,0,53.1,FALSE,FALSE,2,2,4,2,53.1,53.1,53.1,38.4,38.4,38.4,4,4,2,214748406.75,214748365,2025-10-21,2025-10-21T23:30:00Z,
452,401809243669,669,120,Turnaround Hook Shot,Alperen Sengun makes 6-foot two point shot,103,102,4,4th Quarter,0:38.4,TRUE,2,10,4871144,,,2025-10-22T02:12:53Z,TRUE,26,7,2,+2 Points,2026,2,25,Oklahoma City,Thunder,OKC,Oklahoma City,10,Houston,Rockets,HOU,Houston,2.5,TRUE,FALSE,2.5,4,0:38.4,0,38.4,FALSE,FALSE,2,2,4,2,38.4,38.4,38.4,33.5,33.5,33.5,4,4,2,-34.75,1,2025-10-21,2025-10-21T23:30:00Z,
453,401809243670,670,92,Jump Shot,Cason Wallace misses 25-foot three point jumper,103,102,4,4th Quarter,0:33.5,FALSE,0,25,4683692,,,2025-10-22T02:13:05Z,TRUE,41,20,3,Missed 3PT,2026,2,25,Oklahoma City,Thunder,OKC,Oklahoma City,10,Houston,Rockets,HOU,Houston,2.5,TRUE,FALSE,2.5,4,0:33.5,0,33.5,FALSE,FALSE,2,2,4,2,33.5,33.5,33.5,29.4,29.4,29.4,4,4,2,21.75,-16,2025-10-21,2025-10-21T23:30:00Z,
454,401809243671,671,155,Defensive Rebound,Steven Adams defensive rebound,103,102,4,4th Quarter,0:29.4,FALSE,0,10,2991235,,,2025-10-22T02:13:09Z,FALSE,41,20,0,Rebound,2026,2,25,Oklahoma City,Thunder,OKC,Oklahoma City,10,Houston,Rockets,HOU,Houston,2.5,TRUE,FALSE,2.5,4,0:29.4,0,29.4,FALSE,FALSE,2,2,4,2,29.4,29.4,29.4,9.5,9.5,9.5,4,4,2,-21.75,16,2025-10-21,2025-10-21T23:30:00Z,
455,401809243672,672,44,Shooting Foul,Luguentz Dort shooting foul,103,102,4,4th Quarter,0:9.5,FALSE,0,25,4397020,,,2025-10-22T02:13:34Z,FALSE,8,14,0,Foul,2026,2,25,Oklahoma City,Thunder,OKC,Oklahoma City,10,Houston,Rockets,HOU,Houston,2.5,TRUE,FALSE,2.5,4,0:9.5,0,9.5,FALSE,FALSE,2,2,4,2,9.5,9.5,9.5,9.5,9.5,9.5,4,4,2,27.75,17,2025-10-21,2025-10-21T23:30:00Z,
456,401809243674,674,98,Free Throw - 1 of 2,Kevin Durant misses free throw 1 of 2,103,102,4,4th Quarter,0:9.5,FALSE,0,10,3202,,,2025-10-22T02:14:05Z,TRUE,25,13.75,1,Missed FT,2026,2,25,Oklahoma City,Thunder,OKC,Oklahoma City,10,Houston,Rockets,HOU,Houston,2.5,TRUE,FALSE,2.5,4,0:9.5,0,9.5,FALSE,FALSE,2,2,4,2,9.5,9.5,9.5,9.5,9.5,9.5,4,4,2,-28,0,2025-10-21,2025-10-21T23:30:00Z,
457,401809243675,675,156,Offensive Rebound,Rockets offensive team rebound,103,102,4,4th Quarter,0:9.5,FALSE,0,10,,,,2025-10-22T02:14:05Z,FALSE,-214748340,-214748365,0,Rebound,2026,2,25,Oklahoma City,Thunder,OKC,Oklahoma City,10,Houston,Rockets,HOU,Houston,2.5,TRUE,FALSE,2.5,4,0:9.5,0,9.5,FALSE,FALSE,2,2,4,2,9.5,9.5,9.5,9.5,9.5,9.5,4,4,2,-214748406.75,-214748365,2025-10-21,2025-10-21T23:30:00Z,
458,401809243676,676,584,Substitution,Isaiah Hartenstein enters the game for Alex Caruso,103,102,4,4th Quarter,0:9.5,FALSE,0,25,4222252,2991350,,2025-10-22T02:14:06Z,FALSE,-214748340,-214748365,0,Substitution,2026,2,25,Oklahoma City,Thunder,OKC,Oklahoma City,10,Houston,Rockets,HOU,Houston,2.5,TRUE,FALSE,2.5,4,0:9.5,0,9.5,FALSE,FALSE,2,2,4,2,9.5,9.5,9.5,9.5,9.5,9.5,4,4,2,214748406.75,214748365,2025-10-21,2025-10-21T23:30:00Z,
459,401809243677,677,584,Substitution,Tari Eason enters the game for Alperen Sengun,103,102,4,4th Quarter,0:9.5,FALSE,0,10,4433192,4871144,,2025-10-22T02:14:06Z,FALSE,-214748340,-214748365,0,Substitution,2026,2,25,Oklahoma City,Thunder,OKC,Oklahoma City,10,Houston,Rockets,HOU,Houston,2.5,TRUE,FALSE,2.5,4,0:9.5,0,9.5,FALSE,FALSE,2,2,4,2,9.5,9.5,9.5,9.5,9.5,9.5,4,4,2,-214748406.75,-214748365,2025-10-21,2025-10-21T23:30:00Z,
460,401809243678,678,584,Substitution,Josh Okogie enters the game for Steven Adams,103,102,4,4th Quarter,0:9.5,FALSE,0,10,4065663,2991235,,2025-10-22T02:14:06Z,FALSE,-214748340,-214748365,0,Substitution,2026,2,25,Oklahoma City,Thunder,OKC,Oklahoma City,10,Houston,Rockets,HOU,Houston,2.5,TRUE,FALSE,2.5,4,0:9.5,0,9.5,FALSE,FALSE,2,2,4,2,9.5,9.5,9.5,9.5,9.5,9.5,4,4,2,-214748406.75,-214748365,2025-10-21,2025-10-21T23:30:00Z,
461,401809243682,682,99,Free Throw - 2 of 2,Kevin Durant makes free throw 2 of 2,104,102,4,4th Quarter,0:9.5,TRUE,1,10,3202,,,2025-10-22T02:14:33Z,TRUE,25,13.75,1,+1 Point,2026,2,25,Oklahoma City,Thunder,OKC,Oklahoma City,10,Houston,Rockets,HOU,Houston,2.5,TRUE,FALSE,2.5,4,0:9.5,0,9.5,FALSE,FALSE,2,2,4,2,9.5,9.5,9.5,2.6,2.6,2.6,4,4,2,-28,0,2025-10-21,2025-10-21T23:30:00Z,
462,401809243683,683,131,Pullup Jump Shot,Shai Gilgeous-Alexander makes 15-foot pullup jump shot,104,104,4,4th Quarter,0:2.6,TRUE,2,25,4278073,,,2025-10-22T02:14:42Z,TRUE,12,10,2,+2 Points,2026,2,25,Oklahoma City,Thunder,OKC,Oklahoma City,10,Houston,Rockets,HOU,Houston,2.5,TRUE,FALSE,2.5,4,0:2.6,0,2.6,FALSE,FALSE,2,2,4,2,2.6,2.6,2.6,2,2,2,4,4,2,31.75,13,2025-10-21,2025-10-21T23:30:00Z,
463,401809243684,684,16,Full Timeout,Rockets Full timeout,104,104,4,4th Quarter,0:2.0,FALSE,0,10,,,,2025-10-22T02:14:50Z,FALSE,-214748340,-214748365,0,Timeout,2026,2,25,Oklahoma City,Thunder,OKC,Oklahoma City,10,Houston,Rockets,HOU,Houston,2.5,TRUE,FALSE,2.5,4,0:2.0,0,2,FALSE,FALSE,2,2,4,2,2,2,2,2,2,2,4,4,2,-214748406.75,-214748365,2025-10-21,2025-10-21T23:30:00Z,
464,401809243685,685,584,Substitution,Alex Caruso enters the game for Isaiah Hartenstein,104,104,4,4th Quarter,0:2.0,FALSE,0,25,2991350,4222252,,2025-10-22T02:15:27Z,FALSE,-214748340,-214748365,0,Substitution,2026,2,25,Oklahoma City,Thunder,OKC,Oklahoma City,10,Houston,Rockets,HOU,Houston,2.5,TRUE,FALSE,2.5,4,0:2.0,0,2,FALSE,FALSE,2,2,4,2,2,2,2,2,2,2,4,4,2,214748406.75,214748365,2025-10-21,2025-10-21T23:30:00Z,
465,401809243686,686,584,Substitution,Alperen Sengun enters the game for Tari Eason,104,104,4,4th Quarter,0:2.0,FALSE,0,10,4871144,4433192,,2025-10-22T02:15:27Z,FALSE,-214748340,-214748365,0,Substitution,2026,2,25,Oklahoma City,Thunder,OKC,Oklahoma City,10,Houston,Rockets,HOU,Houston,2.5,TRUE,FALSE,2.5,4,0:2.0,0,2,FALSE,FALSE,2,2,4,2,2,2,2,2,2,2,4,4,2,-214748406.75,-214748365,2025-10-21,2025-10-21T23:30:00Z,
466,401809243687,687,584,Substitution,Reed Sheppard enters the game for Josh Okogie,104,104,4,4th Quarter,0:2.0,FALSE,0,10,4711272,4065663,,2025-10-22T02:15:27Z,FALSE,-214748340,-214748365,0,Substitution,2026,2,25,Oklahoma City,Thunder,OKC,Oklahoma City,10,Houston,Rockets,HOU,Houston,2.5,TRUE,FALSE,2.5,4,0:2.0,0,2,FALSE,FALSE,2,2,4,2,2,2,2,0.5,0.5,0.5,4,4,2,-214748406.75,-214748365,2025-10-21,2025-10-21T23:30:00Z,
467,401809243691,691,114,Turnaround Jump Shot,Alperen Sengun misses 12-foot two point shot,104,104,4,4th Quarter,0:0.5,FALSE,0,10,4871144,,,2025-10-22T02:16:48Z,TRUE,30,12,2,Missed FG,2026,2,25,Oklahoma City,Thunder,OKC,Oklahoma City,10,Houston,Rockets,HOU,Houston,2.5,TRUE,FALSE,2.5,4,0:0.5,0,0.5,FALSE,FALSE,2,2,4,2,0.5,0.5,0.5,0.5,0.5,0.5,4,4,2,-29.75,5,2025-10-21,2025-10-21T23:30:00Z,
468,401809243692,692,156,Offensive Rebound,Rockets offensive team rebound,104,104,4,4th Quarter,0:0.5,FALSE,0,10,,,,2025-10-22T02:16:48Z,FALSE,30,12,0,Rebound,2026,2,25,Oklahoma City,Thunder,OKC,Oklahoma City,10,Houston,Rockets,HOU,Houston,2.5,TRUE,FALSE,2.5,4,0:0.5,0,0.5,FALSE,FALSE,2,2,4,2,0.5,0.5,0.5,0,0,0,4,4,2,-29.75,5,2025-10-21,2025-10-21T23:30:00Z,
469,401809243693,693,412,End Period,End of the 4th Quarter,104,104,4,4th Quarter,0:0.0,FALSE,0,,,,,2025-10-22T02:17:07Z,FALSE,-214748340,-214748365,0,End of 4th,2026,2,25,Oklahoma City,Thunder,OKC,Oklahoma City,10,Houston,Rockets,HOU,Houston,2.5,TRUE,FALSE,2.5,4,0:0.0,0,0,FALSE,FALSE,2,2,5,2,0,0,0,300,300,300,4,4,2,-214748406.75,-214748365,2025-10-21,2025-10-21T23:30:00Z,
470,401809243694,694,584,Substitution,Isaiah Hartenstein enters the game for Alex Caruso,104,104,5,OT,5:00,FALSE,0,25,4222252,2991350,,2025-10-22T02:17:26Z,FALSE,-214748340,-214748365,0,Substitution,2026,2,25,Oklahoma City,Thunder,OKC,Oklahoma City,10,Houston,Rockets,HOU,Houston,2.5,TRUE,FALSE,2.5,5,5:00,5,0,FALSE,FALSE,2,2,5,2,300,300,300,300,300,300,5,4,2,214748406.75,214748365,2025-10-21,2025-10-21T23:30:00Z,
471,401809243695,695,584,Substitution,Steven Adams enters the game for Reed Sheppard,104,104,5,OT,5:00,FALSE,0,10,2991235,4711272,,2025-10-22T02:17:26Z,FALSE,-214748340,-214748365,0,Substitution,2026,2,25,Oklahoma City,Thunder,OKC,Oklahoma City,10,Houston,Rockets,HOU,Houston,2.5,TRUE,FALSE,2.5,5,5:00,5,0,FALSE,FALSE,2,2,5,2,300,300,300,300,300,300,5,5,2,-214748406.75,-214748365,2025-10-21,2025-10-21T23:30:00Z,
472,401809243700,700,615,Jumpball,Steven Adams vs. Chet Holmgren (Jabari Smith Jr. gains possession),104,104,5,OT,5:00,FALSE,0,10,2991235,4433255,4432639,2025-10-22T02:20:02Z,FALSE,-214748340,-214748365,0,Jump Ball,2026,2,25,Oklahoma City,Thunder,OKC,Oklahoma City,10,Houston,Rockets,HOU,Houston,2.5,TRUE,FALSE,2.5,5,5:00,5,0,FALSE,FALSE,2,2,5,2,300,300,300,285,285,285,5,5,2,-214748406.75,-214748365,2025-10-21,2025-10-21T23:30:00Z,
473,401809243703,703,92,Jump Shot,Amen Thompson misses 23-foot three point jumper,104,104,5,OT,4:45,FALSE,0,10,4684740,,,2025-10-22T02:20:14Z,TRUE,48,0,3,Missed 3PT,2026,2,25,Oklahoma City,Thunder,OKC,Oklahoma City,10,Houston,Rockets,HOU,Houston,2.5,TRUE,FALSE,2.5,5,4:45,4,45,FALSE,FALSE,2,2,5,2,285,285,285,284,284,284,5,5,2,-41.75,23,2025-10-21,2025-10-21T23:30:00Z,
474,401809243704,704,156,Offensive Rebound,Rockets offensive team rebound,104,104,5,OT,4:44,FALSE,0,10,,,,2025-10-22T02:20:15Z,FALSE,48,0,0,Rebound,2026,2,25,Oklahoma City,Thunder,OKC,Oklahoma City,10,Houston,Rockets,HOU,Houston,2.5,TRUE,FALSE,2.5,5,4:44,4,44,FALSE,FALSE,2,2,5,2,284,284,284,284,284,284,5,5,2,-41.75,23,2025-10-21,2025-10-21T23:30:00Z,
475,401809243705,705,43,Loose Ball Foul,Shai Gilgeous-Alexander loose ball foul,104,104,5,OT,4:44,FALSE,0,25,4278073,,,2025-10-22T02:20:18Z,FALSE,25,2,0,Foul,2026,2,25,Oklahoma City,Thunder,OKC,Oklahoma City,10,Houston,Rockets,HOU,Houston,2.5,TRUE,FALSE,2.5,5,4:44,4,44,FALSE,FALSE,2,2,5,2,284,284,284,278,278,278,5,5,2,39.75,-0,2025-10-21,2025-10-21T23:30:00Z,
476,401809243707,707,72,Back Court Turnover,Kevin Durant back court turnover,104,104,5,OT,4:38,FALSE,0,10,3202,,,2025-10-22T02:20:43Z,FALSE,21,40,0,Turnover,2026,2,25,Oklahoma City,Thunder,OKC,Oklahoma City,10,Houston,Rockets,HOU,Houston,2.5,TRUE,FALSE,2.5,5,4:38,4,38,FALSE,FALSE,2,2,5,2,278,278,278,267,267,267,5,5,2,-1.75,-4,2025-10-21,2025-10-21T23:30:00Z,
477,401809243708,708,114,Turnaround Jump Shot,Shai Gilgeous-Alexander misses 16-foot two point shot,104,104,5,OT,4:27,FALSE,0,25,4278073,,,2025-10-22T02:21:08Z,TRUE,18,15,2,Missed FG,2026,2,25,Oklahoma City,Thunder,OKC,Oklahoma City,10,Houston,Rockets,HOU,Houston,2.5,TRUE,FALSE,2.5,5,4:27,4,27,FALSE,FALSE,2,2,5,2,267,267,267,265,265,265,5,5,2,26.75,7,2025-10-21,2025-10-21T23:30:00Z,
478,401809243709,709,156,Offensive Rebound,Thunder offensive team rebound,104,104,5,OT,4:25,FALSE,0,25,,,,2025-10-22T02:21:10Z,FALSE,18,15,0,Rebound,2026,2,25,Oklahoma City,Thunder,OKC,Oklahoma City,10,Houston,Rockets,HOU,Houston,2.5,TRUE,FALSE,2.5,5,4:25,4,25,FALSE,FALSE,2,2,5,2,265,265,265,265,265,265,5,5,2,26.75,7,2025-10-21,2025-10-21T23:30:00Z,
479,401809243710,710,43,Loose Ball Foul,Kevin Durant loose ball foul,104,104,5,OT,4:25,FALSE,0,10,3202,,,2025-10-22T02:21:16Z,FALSE,26,0,0,Foul,2026,2,25,Oklahoma City,Thunder,OKC,Oklahoma City,10,Houston,Rockets,HOU,Houston,2.5,TRUE,FALSE,2.5,5,4:25,4,25,FALSE,FALSE,2,2,5,2,265,265,265,255,255,255,5,5,2,-41.75,1,2025-10-21,2025-10-21T23:30:00Z,
480,401809243712,712,92,Jump Shot,Chet Holmgren makes 22-foot three point jumper (Luguentz Dort assists),104,107,5,OT,4:15,TRUE,3,25,4433255,4397020,,2025-10-22T02:21:42Z,TRUE,3,1,3,+3 Points,2026,2,25,Oklahoma City,Thunder,OKC,Oklahoma City,10,Houston,Rockets,HOU,Houston,2.5,TRUE,FALSE,2.5,5,4:15,4,15,FALSE,FALSE,2,2,5,2,255,255,255,236,236,236,5,5,2,40.75,22,2025-10-21,2025-10-21T23:30:00Z,
481,401809243714,714,131,Pullup Jump Shot,Jabari Smith Jr. misses 14-foot pullup jump shot,104,107,5,OT,3:56,FALSE,0,10,4432639,,,2025-10-22T02:22:01Z,TRUE,10,-1,2,Missed FG,2026,2,25,Oklahoma City,Thunder,OKC,Oklahoma City,10,Houston,Rockets,HOU,Houston,2.5,TRUE,FALSE,2.5,5,3:56,3,56,FALSE,FALSE,2,2,5,2,236,236,236,233,233,233,5,5,2,-42.75,-15,2025-10-21,2025-10-21T23:30:00Z,
482,401809243715,715,155,Defensive Rebound,Luguentz Dort defensive rebound,104,107,5,OT,3:53,FALSE,0,25,4397020,,,2025-10-22T02:22:04Z,FALSE,10,-1,0,Rebound,2026,2,25,Oklahoma City,Thunder,OKC,Oklahoma City,10,Houston,Rockets,HOU,Houston,2.5,TRUE,FALSE,2.5,5,3:53,3,53,FALSE,FALSE,2,2,5,2,233,233,233,226,226,226,5,5,2,42.75,15,2025-10-21,2025-10-21T23:30:00Z,
483,401809243716,716,16,Full Timeout,Thunder Full timeout,104,107,5,OT,3:46,FALSE,0,25,,,,2025-10-22T02:22:35Z,FALSE,-214748340,-214748365,0,Timeout,2026,2,25,Oklahoma City,Thunder,OKC,Oklahoma City,10,Houston,Rockets,HOU,Houston,2.5,TRUE,FALSE,2.5,5,3:46,3,46,FALSE,FALSE,2,2,5,2,226,226,226,226,226,226,5,5,2,214748406.75,214748365,2025-10-21,2025-10-21T23:30:00Z,
484,401809243717,717,584,Substitution,Josh Okogie enters the game for Steven Adams,104,107,5,OT,3:46,FALSE,0,10,4065663,2991235,,2025-10-22T02:23:46Z,FALSE,-214748340,-214748365,0,Substitution,2026,2,25,Oklahoma City,Thunder,OKC,Oklahoma City,10,Houston,Rockets,HOU,Houston,2.5,TRUE,FALSE,2.5,5,3:46,3,46,FALSE,FALSE,2,2,5,2,226,226,226,223,223,223,5,5,2,-214748406.75,-214748365,2025-10-21,2025-10-21T23:30:00Z,
485,401809243719,719,45,Personal Foul,Alperen Sengun personal foul,104,107,5,OT,3:43,FALSE,0,10,4871144,,,2025-10-22T02:24:09Z,FALSE,35,22,0,Foul,2026,2,25,Oklahoma City,Thunder,OKC,Oklahoma City,10,Houston,Rockets,HOU,Houston,2.5,TRUE,FALSE,2.5,5,3:43,3,43,FALSE,FALSE,2,2,5,2,223,223,223,216,216,216,5,5,2,-19.75,10,2025-10-21,2025-10-21T23:30:00Z,
486,401809243721,721,131,Pullup Jump Shot,Shai Gilgeous-Alexander makes 25-foot three pointer,104,110,5,OT,3:36,TRUE,3,25,4278073,,,2025-10-22T02:24:40Z,TRUE,30,25,3,+3 Points,2026,2,25,Oklahoma City,Thunder,OKC,Oklahoma City,10,Houston,Rockets,HOU,Houston,2.5,TRUE,FALSE,2.5,5,3:36,3,36,FALSE,FALSE,2,2,5,2,216,216,216,194,194,194,5,5,2,16.75,-5,2025-10-21,2025-10-21T23:30:00Z,
487,401809243722,722,120,Turnaround Hook Shot,Alperen Sengun makes 7-foot two point shot,106,110,5,OT,3:14,TRUE,2,10,4871144,,,2025-10-22T02:25:01Z,TRUE,23,7,2,+2 Points,2026,2,25,Oklahoma City,Thunder,OKC,Oklahoma City,10,Houston,Rockets,HOU,Houston,2.5,TRUE,FALSE,2.5,5,3:14,3,14,FALSE,FALSE,2,2,5,2,194,194,194,178,178,178,5,5,2,-34.75,-2,2025-10-21,2025-10-21T23:30:00Z,
488,401809243723,723,12,Kicked Ball,Alperen Sengun kicked ball violation,106,110,5,OT,2:58,FALSE,0,10,4871144,,,2025-10-22T02:25:19Z,FALSE,-214748340,-214748365,0,Violation,2026,2,25,Oklahoma City,Thunder,OKC,Oklahoma City,10,Houston,Rockets,HOU,Houston,2.5,TRUE,FALSE,2.5,5,2:58,2,58,FALSE,FALSE,2,2,5,2,178,178,178,178,178,178,5,5,2,-214748406.75,-214748365,2025-10-21,2025-10-21T23:30:00Z,
489,401809243724,724,16,Full Timeout,Rockets Full timeout,106,110,5,OT,2:58,FALSE,0,10,,,,2025-10-22T02:25:57Z,FALSE,-214748340,-214748365,0,Timeout,2026,2,25,Oklahoma City,Thunder,OKC,Oklahoma City,10,Houston,Rockets,HOU,Houston,2.5,TRUE,FALSE,2.5,5,2:58,2,58,FALSE,FALSE,2,2,5,2,178,178,178,178,178,178,5,5,2,-214748406.75,-214748365,2025-10-21,2025-10-21T23:30:00Z,
490,401809243725,725,584,Substitution,Reed Sheppard enters the game for Amen Thompson,106,110,5,OT,2:58,FALSE,0,10,4711272,4684740,,2025-10-22T02:27:08Z,FALSE,-214748340,-214748365,0,Substitution,2026,2,25,Oklahoma City,Thunder,OKC,Oklahoma City,10,Houston,Rockets,HOU,Houston,2.5,TRUE,FALSE,2.5,5,2:58,2,58,FALSE,FALSE,2,2,5,2,178,178,178,166,166,166,5,5,2,-214748406.75,-214748365,2025-10-21,2025-10-21T23:30:00Z,
491,401809243727,727,131,Pullup Jump Shot,Shai Gilgeous-Alexander makes 14-foot pullup jump shot,106,112,5,OT,2:46,TRUE,2,25,4278073,,,2025-10-22T02:27:51Z,TRUE,20,13,2,+2 Points,2026,2,25,Oklahoma City,Thunder,OKC,Oklahoma City,10,Houston,Rockets,HOU,Houston,2.5,TRUE,FALSE,2.5,5,2:46,2,46,FALSE,FALSE,2,2,5,2,166,166,166,150,150,150,5,5,2,28.75,5,2025-10-21,2025-10-21T23:30:00Z,
492,401809243728,728,44,Shooting Foul,Cason Wallace shooting foul,106,112,5,OT,2:30,FALSE,0,25,4683692,,,2025-10-22T02:28:10Z,FALSE,11,3,0,Foul,2026,2,25,Oklahoma City,Thunder,OKC,Oklahoma City,10,Houston,Rockets,HOU,Houston,2.5,TRUE,FALSE,2.5,5,2:30,2,30,FALSE,FALSE,2,2,5,2,150,150,150,150,150,150,5,5,2,38.75,14,2025-10-21,2025-10-21T23:30:00Z,
493,401809243730,730,98,Free Throw - 1 of 2,Reed Sheppard makes free throw 1 of 2,107,112,5,OT,2:30,TRUE,1,10,4711272,,,2025-10-22T02:28:38Z,TRUE,25,13.75,1,+1 Point,2026,2,25,Oklahoma City,Thunder,OKC,Oklahoma City,10,Houston,Rockets,HOU,Houston,2.5,TRUE,FALSE,2.5,5,2:30,2,30,FALSE,FALSE,2,2,5,2,150,150,150,150,150,150,5,5,2,-28,0,2025-10-21,2025-10-21T23:30:00Z,
494,401809243731,731,99,Free Throw - 2 of 2,Reed Sheppard misses free throw 2 of 2,107,112,5,OT,2:30,FALSE,0,10,4711272,,,2025-10-22T02:28:38Z,TRUE,25,13.75,1,Missed FT,2026,2,25,Oklahoma City,Thunder,OKC,Oklahoma City,10,Houston,Rockets,HOU,Houston,2.5,TRUE,FALSE,2.5,5,2:30,2,30,FALSE,FALSE,2,2,5,2,150,150,150,147,147,147,5,5,2,-28,0,2025-10-21,2025-10-21T23:30:00Z,
495,401809243732,732,155,Defensive Rebound,Shai Gilgeous-Alexander defensive rebound,107,112,5,OT,2:27,FALSE,0,25,4278073,,,2025-10-22T02:28:41Z,FALSE,-214748340,-214748365,0,Rebound,2026,2,25,Oklahoma City,Thunder,OKC,Oklahoma City,10,Houston,Rockets,HOU,Houston,2.5,TRUE,FALSE,2.5,5,2:27,2,27,FALSE,FALSE,2,2,5,2,147,147,147,136,136,136,5,5,2,214748406.75,214748365,2025-10-21,2025-10-21T23:30:00Z,
496,401809243733,733,132,Step Back Jump Shot,Shai Gilgeous-Alexander misses 25-foot three point step back jumpshot,107,112,5,OT,2:16,FALSE,0,25,4278073,,,2025-10-22T02:29:07Z,TRUE,9,21,3,Missed 3PT,2026,2,25,Oklahoma City,Thunder,OKC,Oklahoma City,10,Houston,Rockets,HOU,Houston,2.5,TRUE,FALSE,2.5,5,2:16,2,16,FALSE,FALSE,2,2,5,2,136,136,136,135,135,135,5,5,2,20.75,16,2025-10-21,2025-10-21T23:30:00Z,
497,401809243734,734,155,Defensive Rebound,Kevin Durant defensive rebound,107,112,5,OT,2:15,FALSE,0,10,3202,,,2025-10-22T02:29:08Z,FALSE,9,21,0,Rebound,2026,2,25,Oklahoma City,Thunder,OKC,Oklahoma City,10,Houston,Rockets,HOU,Houston,2.5,TRUE,FALSE,2.5,5,2:15,2,15,FALSE,FALSE,2,2,5,2,135,135,135,120,120,120,5,5,2,-20.75,-16,2025-10-21,2025-10-21T23:30:00Z,
498,401809243735,735,92,Jump Shot,Jabari Smith Jr. makes 23-foot three point jumper (Kevin Durant assists),110,112,5,OT,2:00,TRUE,3,10,4432639,3202,,2025-10-22T02:29:24Z,TRUE,2,0,3,+3 Points,2026,2,25,Oklahoma City,Thunder,OKC,Oklahoma City,10,Houston,Rockets,HOU,Houston,2.5,TRUE,FALSE,2.5,5,2:00,2,0,FALSE,FALSE,2,2,5,2,120,120,120,97,97,97,5,5,2,-41.75,-23,2025-10-21,2025-10-21T23:30:00Z,
499,401809243737,737,92,Jump Shot,Shai Gilgeous-Alexander misses 25-foot three point jumper,110,112,5,OT,1:37,FALSE,0,25,4278073,,,2025-10-22T02:29:49Z,TRUE,19,25,3,Missed 3PT,2026,2,25,Oklahoma City,Thunder,OKC,Oklahoma City,10,Houston,Rockets,HOU,Houston,2.5,TRUE,FALSE,2.5,5,1:37,1,37,FALSE,FALSE,2,2,5,2,97,97,97,94,94,94,5,5,2,16.75,6,2025-10-21,2025-10-21T23:30:00Z,
500,401809243738,738,155,Defensive Rebound,Jabari Smith Jr. defensive rebound,110,112,5,OT,1:34,FALSE,0,10,4432639,,,2025-10-22T02:29:52Z,FALSE,19,25,0,Rebound,2026,2,25,Oklahoma City,Thunder,OKC,Oklahoma City,10,Houston,Rockets,HOU,Houston,2.5,TRUE,FALSE,2.5,5,1:34,1,34,FALSE,FALSE,2,2,5,2,94,94,94,85,85,85,5,5,2,-16.75,-6,2025-10-21,2025-10-21T23:30:00Z,
501,401809243739,739,44,Shooting Foul,Chet Holmgren shooting foul,110,112,5,OT,1:25,FALSE,0,25,4433255,,,2025-10-22T02:30:03Z,FALSE,25,4,0,Foul,2026,2,25,Oklahoma City,Thunder,OKC,Oklahoma City,10,Houston,Rockets,HOU,Houston,2.5,TRUE,FALSE,2.5,5,1:25,1,25,FALSE,FALSE,2,2,5,2,85,85,85,85,85,85,5,5,2,37.75,-0,2025-10-21,2025-10-21T23:30:00Z,
502,401809243741,741,98,Free Throw - 1 of 2,Alperen Sengun misses free throw 1 of 2,110,112,5,OT,1:25,FALSE,0,10,4871144,,,2025-10-22T02:30:37Z,TRUE,25,13.75,1,Missed FT,2026,2,25,Oklahoma City,Thunder,OKC,Oklahoma City,10,Houston,Rockets,HOU,Houston,2.5,TRUE,FALSE,2.5,5,1:25,1,25,FALSE,FALSE,2,2,5,2,85,85,85,85,85,85,5,5,2,-28,0,2025-10-21,2025-10-21T23:30:00Z,
503,401809243742,742,156,Offensive Rebound,Rockets offensive team rebound,110,112,5,OT,1:25,FALSE,0,10,,,,2025-10-22T02:30:37Z,FALSE,-214748340,-214748365,0,Rebound,2026,2,25,Oklahoma City,Thunder,OKC,Oklahoma City,10,Houston,Rockets,HOU,Houston,2.5,TRUE,FALSE,2.5,5,1:25,1,25,FALSE,FALSE,2,2,5,2,85,85,85,85,85,85,5,5,2,-214748406.75,-214748365,2025-10-21,2025-10-21T23:30:00Z,
504,401809243743,743,99,Free Throw - 2 of 2,Alperen Sengun makes free throw 2 of 2,111,112,5,OT,1:25,TRUE,1,10,4871144,,,2025-10-22T02:30:55Z,TRUE,25,13.75,1,+1 Point,2026,2,25,Oklahoma City,Thunder,OKC,Oklahoma City,10,Houston,Rockets,HOU,Houston,2.5,TRUE,FALSE,2.5,5,1:25,1,25,FALSE,FALSE,2,2,5,2,85,85,85,71,71,71,5,5,2,-28,0,2025-10-21,2025-10-21T23:30:00Z,
505,401809243744,744,92,Jump Shot,Chet Holmgren makes 25-foot three point jumper (Shai Gilgeous-Alexander assists),111,115,5,OT,1:11,TRUE,3,25,4433255,4278073,,2025-10-22T02:31:10Z,TRUE,39,21,3,+3 Points,2026,2,25,Oklahoma City,Thunder,OKC,Oklahoma City,10,Houston,Rockets,HOU,Houston,2.5,TRUE,FALSE,2.5,5,1:11,1,11,FALSE,FALSE,2,2,5,2,71,71,71,62,62,62,5,5,2,20.75,-14,2025-10-21,2025-10-21T23:30:00Z,
506,401809243746,746,62,"Bad Pass
Turnover",Alperen Sengun bad pass (Shai Gilgeous-Alexander steals),111,115,5,OT,1:02,FALSE,0,10,4871144,4278073,,2025-10-22T02:31:23Z,FALSE,27,13,0,Turnover,2026,2,25,Oklahoma City,Thunder,OKC,Oklahoma City,10,Houston,Rockets,HOU,Houston,2.5,TRUE,FALSE,2.5,5,1:02,1,2,FALSE,FALSE,2,2,5,2,62,62,62,52.9,52.9,52.9,5,5,2,-28.75,2,2025-10-21,2025-10-21T23:30:00Z,
507,401809243748,748,92,Jump Shot,Luguentz Dort misses 23-foot three point jumper,111,115,5,OT,0:52.9,FALSE,0,25,4397020,,,2025-10-22T02:31:33Z,TRUE,2,-1,3,Missed 3PT,2026,2,25,Oklahoma City,Thunder,OKC,Oklahoma City,10,Houston,Rockets,HOU,Houston,2.5,TRUE,FALSE,2.5,5,0:52.9,0,52.9,FALSE,FALSE,2,2,5,2,52.9,52.9,52.9,50.4,50.4,50.4,5,5,2,42.75,23,2025-10-21,2025-10-21T23:30:00Z,
508,401809243749,749,156,Offensive Rebound,Chet Holmgren offensive rebound,111,115,5,OT,0:50.4,FALSE,0,25,4433255,,,2025-10-22T02:31:36Z,FALSE,2,-1,0,Rebound,2026,2,25,Oklahoma City,Thunder,OKC,Oklahoma City,10,Houston,Rockets,HOU,Houston,2.5,TRUE,FALSE,2.5,5,0:50.4,0,50.4,FALSE,FALSE,2,2,5,2,50.4,50.4,50.4,49.1,49.1,49.1,5,5,2,42.75,23,2025-10-21,2025-10-21T23:30:00Z,
509,401809243750,750,96,Dunk Shot,Josh Okogie blocks Chet Holmgren's dunk,111,115,5,OT,0:49.1,FALSE,0,25,4433255,4065663,,2025-10-22T02:31:37Z,TRUE,26,0,2,Missed FG,2026,2,25,Oklahoma City,Thunder,OKC,Oklahoma City,10,Houston,Rockets,HOU,Houston,2.5,TRUE,FALSE,2.5,5,0:49.1,0,49.1,FALSE,FALSE,2,2,5,2,49.1,49.1,49.1,49.1,49.1,49.1,5,5,2,41.75,-1,2025-10-21,2025-10-21T23:30:00Z,
510,401809243752,752,155,Defensive Rebound,Josh Okogie defensive rebound,111,115,5,OT,0:49.1,FALSE,0,10,4065663,,,2025-10-22T02:31:37Z,FALSE,26,0,0,Rebound,2026,2,25,Oklahoma City,Thunder,OKC,Oklahoma City,10,Houston,Rockets,HOU,Houston,2.5,TRUE,FALSE,2.5,5,0:49.1,0,49.1,FALSE,FALSE,2,2,5,2,49.1,49.1,49.1,48.1,48.1,48.1,5,5,2,-41.75,1,2025-10-21,2025-10-21T23:30:00Z,
511,401809243753,753,45,Personal Foul,Chet Holmgren personal foul,111,115,5,OT,0:48.1,FALSE,0,25,4433255,,,2025-10-22T02:31:45Z,FALSE,32,9,0,Foul,2026,2,25,Oklahoma City,Thunder,OKC,Oklahoma City,10,Houston,Rockets,HOU,Houston,2.5,TRUE,FALSE,2.5,5,0:48.1,0,48.1,FALSE,FALSE,2,2,5,2,48.1,48.1,48.1,48.1,48.1,48.1,5,5,2,32.75,-7,2025-10-21,2025-10-21T23:30:00Z,
512,401809243755,755,584,Substitution,Alex Caruso enters the game for Chet Holmgren,111,115,5,OT,0:48.1,FALSE,0,25,2991350,4433255,,2025-10-22T02:31:54Z,FALSE,-214748340,-214748365,0,Substitution,2026,2,25,Oklahoma City,Thunder,OKC,Oklahoma City,10,Houston,Rockets,HOU,Houston,2.5,TRUE,FALSE,2.5,5,0:48.1,0,48.1,FALSE,FALSE,2,2,5,2,48.1,48.1,48.1,48.1,48.1,48.1,5,5,2,214748406.75,214748365,2025-10-21,2025-10-21T23:30:00Z,
513,401809243757,757,98,Free Throw - 1 of 2,Josh Okogie makes free throw 1 of 2,112,115,5,OT,0:48.1,TRUE,1,10,4065663,,,2025-10-22T02:32:21Z,TRUE,25,13.75,1,+1 Point,2026,2,25,Oklahoma City,Thunder,OKC,Oklahoma City,10,Houston,Rockets,HOU,Houston,2.5,TRUE,FALSE,2.5,5,0:48.1,0,48.1,FALSE,FALSE,2,2,5,2,48.1,48.1,48.1,48.1,48.1,48.1,5,5,2,-28,0,2025-10-21,2025-10-21T23:30:00Z,
514,401809243758,758,99,Free Throw - 2 of 2,Josh Okogie makes free throw 2 of 2,113,115,5,OT,0:48.1,TRUE,1,10,4065663,,,2025-10-22T02:32:37Z,TRUE,25,13.75,1,+1 Point,2026,2,25,Oklahoma City,Thunder,OKC,Oklahoma City,10,Houston,Rockets,HOU,Houston,2.5,TRUE,FALSE,2.5,5,0:48.1,0,48.1,FALSE,FALSE,2,2,5,2,48.1,48.1,48.1,24.1,24.1,24.1,5,5,2,-28,0,2025-10-21,2025-10-21T23:30:00Z,
515,401809243759,759,115,Driving Dunk Shot,Alperen Sengun blocks Alex Caruso 's 1-foot driving dunk,113,115,5,OT,0:24.1,FALSE,0,25,2991350,4871144,,2025-10-22T02:33:03Z,TRUE,26,1,2,Missed FG,2026,2,25,Oklahoma City,Thunder,OKC,Oklahoma City,10,Houston,Rockets,HOU,Houston,2.5,TRUE,FALSE,2.5,5,0:24.1,0,24.1,FALSE,FALSE,2,2,5,2,24.1,24.1,24.1,21.5,21.5,21.5,5,5,2,40.75,-1,2025-10-21,2025-10-21T23:30:00Z,
516,401809243761,761,155,Defensive Rebound,Jabari Smith Jr. defensive rebound,113,115,5,OT,0:21.5,FALSE,0,10,4432639,,,2025-10-22T02:33:05Z,FALSE,26,1,0,Rebound,2026,2,25,Oklahoma City,Thunder,OKC,Oklahoma City,10,Houston,Rockets,HOU,Houston,2.5,TRUE,FALSE,2.5,5,0:21.5,0,21.5,FALSE,FALSE,2,2,5,2,21.5,21.5,21.5,16.7,16.7,16.7,5,5,2,-40.75,1,2025-10-21,2025-10-21T23:30:00Z,
517,401809243762,762,16,Full Timeout,Rockets Full timeout,113,115,5,OT,0:16.7,FALSE,0,10,,,,2025-10-22T02:33:13Z,FALSE,-214748340,-214748365,0,Timeout,2026,2,25,Oklahoma City,Thunder,OKC,Oklahoma City,10,Houston,Rockets,HOU,Houston,2.5,TRUE,FALSE,2.5,5,0:16.7,0,16.7,FALSE,FALSE,2,2,5,2,16.7,16.7,16.7,16.7,16.7,16.7,5,5,2,-214748406.75,-214748365,2025-10-21,2025-10-21T23:30:00Z,
518,401809243763,763,584,Substitution,Steven Adams enters the game for Josh Okogie,113,115,5,OT,0:16.7,FALSE,0,10,2991235,4065663,,2025-10-22T02:33:50Z,FALSE,-214748340,-214748365,0,Substitution,2026,2,25,Oklahoma City,Thunder,OKC,Oklahoma City,10,Houston,Rockets,HOU,Houston,2.5,TRUE,FALSE,2.5,5,0:16.7,0,16.7,FALSE,FALSE,2,2,5,2,16.7,16.7,16.7,9.6,9.6,9.6,5,5,2,-214748406.75,-214748365,2025-10-21,2025-10-21T23:30:00Z,
519,401809243765,765,144,Driving Floating Jump Shot,Alperen Sengun misses driving floating jump shot,113,115,5,OT,0:9.6,FALSE,0,10,4871144,,,2025-10-22T02:35:09Z,TRUE,29,8,2,Missed FG,2026,2,25,Oklahoma City,Thunder,OKC,Oklahoma City,10,Houston,Rockets,HOU,Houston,2.5,TRUE,FALSE,2.5,5,0:9.6,0,9.6,FALSE,FALSE,2,2,5,2,9.6,9.6,9.6,8.8,8.8,8.8,5,5,2,-33.75,4,2025-10-21,2025-10-21T23:30:00Z,
520,401809243766,766,156,Offensive Rebound,Alperen Sengun offensive rebound,113,115,5,OT,0:8.8,FALSE,0,10,4871144,,,2025-10-22T02:35:09Z,FALSE,29,8,0,Rebound,2026,2,25,Oklahoma City,Thunder,OKC,Oklahoma City,10,Houston,Rockets,HOU,Houston,2.5,TRUE,FALSE,2.5,5,0:8.8,0,8.8,FALSE,FALSE,2,2,5,2,8.8,8.8,8.8,8.8,8.8,8.8,5,5,2,-33.75,4,2025-10-21,2025-10-21T23:30:00Z,
521,401809243767,767,138,Putback Dunk Shot,Alperen Sengun makes 1-foot dunk,115,115,5,OT,0:8.8,TRUE,2,10,4871144,,,2025-10-22T02:35:10Z,TRUE,25,2,2,+2 Points,2026,2,25,Oklahoma City,Thunder,OKC,Oklahoma City,10,Houston,Rockets,HOU,Houston,2.5,TRUE,FALSE,2.5,5,0:8.8,0,8.8,FALSE,FALSE,2,2,5,2,8.8,8.8,8.8,8.8,8.8,8.8,5,5,2,-39.75,0,2025-10-21,2025-10-21T23:30:00Z,
522,401809243768,768,16,Full Timeout,Thunder Full timeout,115,115,5,OT,0:8.8,FALSE,0,25,,,,2025-10-22T02:35:14Z,FALSE,-214748340,-214748365,0,Timeout,2026,2,25,Oklahoma City,Thunder,OKC,Oklahoma City,10,Houston,Rockets,HOU,Houston,2.5,TRUE,FALSE,2.5,5,0:8.8,0,8.8,FALSE,FALSE,2,2,5,2,8.8,8.8,8.8,8.8,8.8,8.8,5,5,2,214748406.75,214748365,2025-10-21,2025-10-21T23:30:00Z,
523,401809243769,769,584,Substitution,Josh Okogie enters the game for Reed Sheppard,115,115,5,OT,0:8.8,FALSE,0,10,4065663,4711272,,2025-10-22T02:36:30Z,FALSE,-214748340,-214748365,0,Substitution,2026,2,25,Oklahoma City,Thunder,OKC,Oklahoma City,10,Houston,Rockets,HOU,Houston,2.5,TRUE,FALSE,2.5,5,0:8.8,0,8.8,FALSE,FALSE,2,2,5,2,8.8,8.8,8.8,8.8,8.8,8.8,5,5,2,-214748406.75,-214748365,2025-10-21,2025-10-21T23:30:00Z,
524,401809243770,770,584,Substitution,Tari Eason enters the game for Alperen Sengun,115,115,5,OT,0:8.8,FALSE,0,10,4433192,4871144,,2025-10-22T02:36:30Z,FALSE,-214748340,-214748365,0,Substitution,2026,2,25,Oklahoma City,Thunder,OKC,Oklahoma City,10,Houston,Rockets,HOU,Houston,2.5,TRUE,FALSE,2.5,5,0:8.8,0,8.8,FALSE,FALSE,2,2,5,2,8.8,8.8,8.8,4.7,4.7,4.7,5,5,2,-214748406.75,-214748365,2025-10-21,2025-10-21T23:30:00Z,
525,401809243773,773,45,Personal Foul,Josh Okogie personal foul,115,115,5,OT,0:4.7,FALSE,0,10,4065663,,,2025-10-22T02:37:12Z,FALSE,39,31,0,Foul,2026,2,25,Oklahoma City,Thunder,OKC,Oklahoma City,10,Houston,Rockets,HOU,Houston,2.5,TRUE,FALSE,2.5,5,0:4.7,0,4.7,FALSE,FALSE,2,2,5,2,4.7,4.7,4.7,4.7,4.7,4.7,5,5,2,-10.75,14,2025-10-21,2025-10-21T23:30:00Z,
526,401809243775,775,584,Substitution,Alperen Sengun enters the game for Steven Adams,115,115,5,OT,0:4.7,FALSE,0,10,4871144,2991235,,2025-10-22T02:37:18Z,FALSE,-214748340,-214748365,0,Substitution,2026,2,25,Oklahoma City,Thunder,OKC,Oklahoma City,10,Houston,Rockets,HOU,Houston,2.5,TRUE,FALSE,2.5,5,0:4.7,0,4.7,FALSE,FALSE,2,2,5,2,4.7,4.7,4.7,2.2,2.2,2.2,5,5,2,-214748406.75,-214748365,2025-10-21,2025-10-21T23:30:00Z,
527,401809243777,777,92,Jump Shot,Tari Eason blocks Shai Gilgeous-Alexander 's 18-foot jumper,115,115,5,OT,0:2.2,FALSE,0,25,4278073,4433192,,2025-10-22T02:37:40Z,TRUE,43,2,2,Missed FG,2026,2,25,Oklahoma City,Thunder,OKC,Oklahoma City,10,Houston,Rockets,HOU,Houston,2.5,TRUE,FALSE,2.5,5,0:2.2,0,2.2,FALSE,FALSE,2,2,5,2,2.2,2.2,2.2,2.2,2.2,2.2,5,5,2,39.75,-18,2025-10-21,2025-10-21T23:30:00Z,
528,401809243779,779,155,Defensive Rebound,Kevin Durant defensive rebound,115,115,5,OT,0:2.2,FALSE,0,10,3202,,,2025-10-22T02:37:40Z,FALSE,43,2,0,Rebound,2026,2,25,Oklahoma City,Thunder,OKC,Oklahoma City,10,Houston,Rockets,HOU,Houston,2.5,TRUE,FALSE,2.5,5,0:2.2,0,2.2,FALSE,FALSE,2,2,5,2,2.2,2.2,2.2,0,0,0,5,5,2,-39.75,18,2025-10-21,2025-10-21T23:30:00Z,
529,401809243780,780,412,End Period,End of the 1st  Overtime,115,115,5,OT,0:0.0,FALSE,0,,,,,2025-10-22T02:38:41Z,FALSE,-214748340,-214748365,0,End of 1st OT,2026,2,25,Oklahoma City,Thunder,OKC,Oklahoma City,10,Houston,Rockets,HOU,Houston,2.5,TRUE,FALSE,2.5,5,0:0.0,0,0,FALSE,FALSE,2,2,6,2,0,0,0,300,300,300,5,5,2,-214748406.75,-214748365,2025-10-21,2025-10-21T23:30:00Z,
530,401809243781,781,584,Substitution,Reed Sheppard enters the game for Tari Eason,115,115,6,2OT,5:00,FALSE,0,10,4711272,4433192,,2025-10-22T02:38:45Z,FALSE,-214748340,-214748365,0,Substitution,2026,2,25,Oklahoma City,Thunder,OKC,Oklahoma City,10,Houston,Rockets,HOU,Houston,2.5,TRUE,FALSE,2.5,6,5:00,5,0,FALSE,FALSE,2,2,6,2,300,300,300,300,300,300,6,5,2,-214748406.75,-214748365,2025-10-21,2025-10-21T23:30:00Z,
531,401809243782,782,584,Substitution,Steven Adams enters the game for Josh Okogie,115,115,6,2OT,5:00,FALSE,0,10,2991235,4065663,,2025-10-22T02:38:45Z,FALSE,-214748340,-214748365,0,Substitution,2026,2,25,Oklahoma City,Thunder,OKC,Oklahoma City,10,Houston,Rockets,HOU,Houston,2.5,TRUE,FALSE,2.5,6,5:00,5,0,FALSE,FALSE,2,2,6,2,300,300,300,300,300,300,6,6,2,-214748406.75,-214748365,2025-10-21,2025-10-21T23:30:00Z,
532,401809243787,787,615,Jumpball,Steven Adams vs. Isaiah Hartenstein (Jabari Smith Jr. gains possession),115,115,6,2OT,5:00,FALSE,0,10,2991235,4222252,4432639,2025-10-22T02:41:01Z,FALSE,-214748340,-214748365,0,Jump Ball,2026,2,25,Oklahoma City,Thunder,OKC,Oklahoma City,10,Houston,Rockets,HOU,Houston,2.5,TRUE,FALSE,2.5,6,5:00,5,0,FALSE,FALSE,2,2,6,2,300,300,300,279,279,279,6,6,2,-214748406.75,-214748365,2025-10-21,2025-10-21T23:30:00Z,
533,401809243790,790,92,Jump Shot,Reed Sheppard misses 27-foot three point jumper,115,115,6,2OT,4:39,FALSE,0,10,4711272,,,2025-10-22T02:41:19Z,TRUE,38,25,3,Missed 3PT,2026,2,25,Oklahoma City,Thunder,OKC,Oklahoma City,10,Houston,Rockets,HOU,Houston,2.5,TRUE,FALSE,2.5,6,4:39,4,39,FALSE,FALSE,2,2,6,2,279,279,279,276,276,276,6,6,2,-16.75,13,2025-10-21,2025-10-21T23:30:00Z,
534,401809243791,791,155,Defensive Rebound,Luguentz Dort defensive rebound,115,115,6,2OT,4:36,FALSE,0,25,4397020,,,2025-10-22T02:41:22Z,FALSE,38,25,0,Rebound,2026,2,25,Oklahoma City,Thunder,OKC,Oklahoma City,10,Houston,Rockets,HOU,Houston,2.5,TRUE,FALSE,2.5,6,4:36,4,36,FALSE,FALSE,2,2,6,2,276,276,276,268,268,268,6,6,2,16.75,-13,2025-10-21,2025-10-21T23:30:00Z,
535,401809243792,792,45,Personal Foul,Steven Adams personal foul,115,115,6,2OT,4:28,FALSE,0,10,2991235,,,2025-10-22T02:41:33Z,FALSE,32,11,0,Foul,2026,2,25,Oklahoma City,Thunder,OKC,Oklahoma City,10,Houston,Rockets,HOU,Houston,2.5,TRUE,FALSE,2.5,6,4:28,4,28,FALSE,FALSE,2,2,6,2,268,268,268,260,260,260,6,6,2,-30.75,7,2025-10-21,2025-10-21T23:30:00Z,
536,401809243794,794,92,Jump Shot,Shai Gilgeous-Alexander misses 24-foot three point jumper,115,115,6,2OT,4:20,FALSE,0,25,4278073,,,2025-10-22T02:41:57Z,TRUE,30,24,3,Missed 3PT,2026,2,25,Oklahoma City,Thunder,OKC,Oklahoma City,10,Houston,Rockets,HOU,Houston,2.5,TRUE,FALSE,2.5,6,4:20,4,20,FALSE,FALSE,2,2,6,2,260,260,260,257,257,257,6,6,2,17.75,-5,2025-10-21,2025-10-21T23:30:00Z,
537,401809243795,795,155,Defensive Rebound,Alperen Sengun defensive rebound,115,115,6,2OT,4:17,FALSE,0,10,4871144,,,2025-10-22T02:42:00Z,FALSE,30,24,0,Rebound,2026,2,25,Oklahoma City,Thunder,OKC,Oklahoma City,10,Houston,Rockets,HOU,Houston,2.5,TRUE,FALSE,2.5,6,4:17,4,17,FALSE,FALSE,2,2,6,2,257,257,257,240,240,240,6,6,2,-17.75,5,2025-10-21,2025-10-21T23:30:00Z,
538,401809243796,796,87,Out of Bounds - Lost Ball Turnover,Steven Adams out of bounds lost ball turnover,115,115,6,2OT,4:00,FALSE,0,10,2991235,,,2025-10-22T02:42:21Z,FALSE,22,1,0,Turnover,2026,2,25,Oklahoma City,Thunder,OKC,Oklahoma City,10,Houston,Rockets,HOU,Houston,2.5,TRUE,FALSE,2.5,6,4:00,4,0,FALSE,FALSE,2,2,6,2,240,240,240,229,229,229,6,6,2,-40.75,-3,2025-10-21,2025-10-21T23:30:00Z,
539,401809243797,797,87,Out of Bounds - Lost Ball Turnover,Cason Wallace out of bounds lost ball turnover,115,115,6,2OT,3:49,FALSE,0,25,4683692,,,2025-10-22T02:42:35Z,FALSE,32,-3,0,Turnover,2026,2,25,Oklahoma City,Thunder,OKC,Oklahoma City,10,Houston,Rockets,HOU,Houston,2.5,TRUE,FALSE,2.5,6,3:49,3,49,FALSE,FALSE,2,2,6,2,229,229,229,221,221,221,6,6,2,44.75,-7,2025-10-21,2025-10-21T23:30:00Z,
540,401809243798,798,44,Shooting Foul,Isaiah Hartenstein shooting foul,115,115,6,2OT,3:41,FALSE,0,25,4222252,,,2025-10-22T02:42:59Z,FALSE,25,3,0,Foul,2026,2,25,Oklahoma City,Thunder,OKC,Oklahoma City,10,Houston,Rockets,HOU,Houston,2.5,TRUE,FALSE,2.5,6,3:41,3,41,FALSE,FALSE,2,2,6,2,221,221,221,221,221,221,6,6,2,38.75,-0,2025-10-21,2025-10-21T23:30:00Z,
541,401809243800,800,98,Free Throw - 1 of 2,Alperen Sengun makes free throw 1 of 2,116,115,6,2OT,3:41,TRUE,1,10,4871144,,,2025-10-22T02:43:29Z,TRUE,25,13.75,1,+1 Point,2026,2,25,Oklahoma City,Thunder,OKC,Oklahoma City,10,Houston,Rockets,HOU,Houston,2.5,TRUE,FALSE,2.5,6,3:41,3,41,FALSE,FALSE,2,2,6,2,221,221,221,221,221,221,6,6,2,-28,0,2025-10-21,2025-10-21T23:30:00Z,
542,401809243801,801,99,Free Throw - 2 of 2,Alperen Sengun makes free throw 2 of 2,117,115,6,2OT,3:41,TRUE,1,10,4871144,,,2025-10-22T02:43:43Z,TRUE,25,13.75,1,+1 Point,2026,2,25,Oklahoma City,Thunder,OKC,Oklahoma City,10,Houston,Rockets,HOU,Houston,2.5,TRUE,FALSE,2.5,6,3:41,3,41,FALSE,FALSE,2,2,6,2,221,221,221,213,213,213,6,6,2,-28,0,2025-10-21,2025-10-21T23:30:00Z,
543,401809243802,802,44,Shooting Foul,Jabari Smith Jr. shooting foul,117,115,6,2OT,3:33,FALSE,0,10,4432639,,,2025-10-22T02:43:57Z,FALSE,26,1,0,Foul,2026,2,25,Oklahoma City,Thunder,OKC,Oklahoma City,10,Houston,Rockets,HOU,Houston,2.5,TRUE,FALSE,2.5,6,3:33,3,33,FALSE,FALSE,2,2,6,2,213,213,213,213,213,213,6,6,2,-40.75,1,2025-10-21,2025-10-21T23:30:00Z,
544,401809243804,804,98,Free Throw - 1 of 2,Shai Gilgeous-Alexander misses free throw 1 of 2,117,115,6,2OT,3:33,FALSE,0,25,4278073,,,2025-10-22T02:44:26Z,TRUE,25,13.75,1,Missed FT,2026,2,25,Oklahoma City,Thunder,OKC,Oklahoma City,10,Houston,Rockets,HOU,Houston,2.5,TRUE,FALSE,2.5,6,3:33,3,33,FALSE,FALSE,2,2,6,2,213,213,213,213,213,213,6,6,2,28,-0,2025-10-21,2025-10-21T23:30:00Z,
545,401809243805,805,156,Offensive Rebound,Thunder offensive team rebound,117,115,6,2OT,3:33,FALSE,0,25,,,,2025-10-22T02:44:26Z,FALSE,-214748340,-214748365,0,Rebound,2026,2,25,Oklahoma City,Thunder,OKC,Oklahoma City,10,Houston,Rockets,HOU,Houston,2.5,TRUE,FALSE,2.5,6,3:33,3,33,FALSE,FALSE,2,2,6,2,213,213,213,213,213,213,6,6,2,214748406.75,214748365,2025-10-21,2025-10-21T23:30:00Z,
546,401809243806,806,99,Free Throw - 2 of 2,Shai Gilgeous-Alexander makes free throw 2 of 2,117,116,6,2OT,3:33,TRUE,1,25,4278073,,,2025-10-22T02:44:39Z,TRUE,25,13.75,1,+1 Point,2026,2,25,Oklahoma City,Thunder,OKC,Oklahoma City,10,Houston,Rockets,HOU,Houston,2.5,TRUE,FALSE,2.5,6,3:33,3,33,FALSE,FALSE,2,2,6,2,213,213,213,198,198,198,6,6,2,28,-0,2025-10-21,2025-10-21T23:30:00Z,
547,401809243807,807,144,Driving Floating Jump Shot,Reed Sheppard misses driving floating jump shot,117,116,6,2OT,3:18,FALSE,0,10,4711272,,,2025-10-22T02:45:01Z,TRUE,33,1,2,Missed FG,2026,2,25,Oklahoma City,Thunder,OKC,Oklahoma City,10,Houston,Rockets,HOU,Houston,2.5,TRUE,FALSE,2.5,6,3:18,3,18,FALSE,FALSE,2,2,6,2,198,198,198,197,197,197,6,6,2,-40.75,8,2025-10-21,2025-10-21T23:30:00Z,
548,401809243808,808,155,Defensive Rebound,Cason Wallace defensive rebound,117,116,6,2OT,3:17,FALSE,0,25,4683692,,,2025-10-22T02:45:02Z,FALSE,33,1,0,Rebound,2026,2,25,Oklahoma City,Thunder,OKC,Oklahoma City,10,Houston,Rockets,HOU,Houston,2.5,TRUE,FALSE,2.5,6,3:17,3,17,FALSE,FALSE,2,2,6,2,197,197,197,192,192,192,6,6,2,40.75,-8,2025-10-21,2025-10-21T23:30:00Z,
549,401809243809,809,113,Running Jump Shot,Alex Caruso misses 22-foot three point shot,117,116,6,2OT,3:12,FALSE,0,25,2991350,,,2025-10-22T02:45:07Z,TRUE,2,-1,3,Missed 3PT,2026,2,25,Oklahoma City,Thunder,OKC,Oklahoma City,10,Houston,Rockets,HOU,Houston,2.5,TRUE,FALSE,2.5,6,3:12,3,12,FALSE,FALSE,2,2,6,2,192,192,192,190,190,190,6,6,2,42.75,23,2025-10-21,2025-10-21T23:30:00Z,
550,401809243810,810,156,Offensive Rebound,Thunder offensive team rebound,117,116,6,2OT,3:10,FALSE,0,25,,,,2025-10-22T02:45:09Z,FALSE,2,-1,0,Rebound,2026,2,25,Oklahoma City,Thunder,OKC,Oklahoma City,10,Houston,Rockets,HOU,Houston,2.5,TRUE,FALSE,2.5,6,3:10,3,10,FALSE,FALSE,2,2,6,2,190,190,190,190,190,190,6,6,2,42.75,23,2025-10-21,2025-10-21T23:30:00Z,
551,401809243811,811,43,Loose Ball Foul,Kevin Durant loose ball foul,117,116,6,2OT,3:10,FALSE,0,10,3202,,,2025-10-22T02:45:17Z,FALSE,32,-1,0,Foul,2026,2,25,Oklahoma City,Thunder,OKC,Oklahoma City,10,Houston,Rockets,HOU,Houston,2.5,TRUE,FALSE,2.5,6,3:10,3,10,FALSE,FALSE,2,2,6,2,190,190,190,177,177,177,6,6,2,-42.75,7,2025-10-21,2025-10-21T23:30:00Z,
552,401809243813,813,130,Floating Jump Shot,Alex Caruso misses 8-foot two point shot,117,116,6,2OT,2:57,FALSE,0,25,2991350,,,2025-10-22T02:45:50Z,TRUE,29,8,2,Missed FG,2026,2,25,Oklahoma City,Thunder,OKC,Oklahoma City,10,Houston,Rockets,HOU,Houston,2.5,TRUE,FALSE,2.5,6,2:57,2,57,FALSE,FALSE,2,2,6,2,177,177,177,174,174,174,6,6,2,33.75,-4,2025-10-21,2025-10-21T23:30:00Z,
553,401809243814,814,156,Offensive Rebound,Isaiah Hartenstein offensive rebound,117,116,6,2OT,2:54,FALSE,0,25,4222252,,,2025-10-22T02:45:53Z,FALSE,29,8,0,Rebound,2026,2,25,Oklahoma City,Thunder,OKC,Oklahoma City,10,Houston,Rockets,HOU,Houston,2.5,TRUE,FALSE,2.5,6,2:54,2,54,FALSE,FALSE,2,2,6,2,174,174,174,167,167,167,6,6,2,33.75,-4,2025-10-21,2025-10-21T23:30:00Z,
554,401809243815,815,132,Step Back Jump Shot,Shai Gilgeous-Alexander misses 24-foot three point step back jumpshot,117,116,6,2OT,2:47,FALSE,0,25,4278073,,,2025-10-22T02:45:59Z,TRUE,20,25,3,Missed 3PT,2026,2,25,Oklahoma City,Thunder,OKC,Oklahoma City,10,Houston,Rockets,HOU,Houston,2.5,TRUE,FALSE,2.5,6,2:47,2,47,FALSE,FALSE,2,2,6,2,167,167,167,165,165,165,6,6,2,16.75,5,2025-10-21,2025-10-21T23:30:00Z,
555,401809243816,816,155,Defensive Rebound,Alperen Sengun defensive rebound,117,116,6,2OT,2:45,FALSE,0,10,4871144,,,2025-10-22T02:46:01Z,FALSE,20,25,0,Rebound,2026,2,25,Oklahoma City,Thunder,OKC,Oklahoma City,10,Houston,Rockets,HOU,Houston,2.5,TRUE,FALSE,2.5,6,2:45,2,45,FALSE,FALSE,2,2,6,2,165,165,165,148,148,148,6,6,2,-16.75,-5,2025-10-21,2025-10-21T23:30:00Z,
556,401809243817,817,114,Turnaround Jump Shot,Jabari Smith Jr. makes 6-foot two point shot (Steven Adams assists),119,116,6,2OT,2:28,TRUE,2,10,4432639,2991235,,2025-10-22T02:46:19Z,TRUE,24,7,2,+2 Points,2026,2,25,Oklahoma City,Thunder,OKC,Oklahoma City,10,Houston,Rockets,HOU,Houston,2.5,TRUE,FALSE,2.5,6,2:28,2,28,FALSE,FALSE,2,2,6,2,148,148,148,139,139,139,6,6,2,-34.75,-1,2025-10-21,2025-10-21T23:30:00Z,
557,401809243819,819,44,Shooting Foul,Kevin Durant shooting foul,119,116,6,2OT,2:19,FALSE,0,10,3202,,,2025-10-22T02:46:31Z,FALSE,28,2,0,Foul,2026,2,25,Oklahoma City,Thunder,OKC,Oklahoma City,10,Houston,Rockets,HOU,Houston,2.5,TRUE,FALSE,2.5,6,2:19,2,19,FALSE,FALSE,2,2,6,2,139,139,139,139,139,139,6,6,2,-39.75,3,2025-10-21,2025-10-21T23:30:00Z,
558,401809243821,821,98,Free Throw - 1 of 2,Shai Gilgeous-Alexander makes free throw 1 of 2,119,117,6,2OT,2:19,TRUE,1,25,4278073,,,2025-10-22T02:47:05Z,TRUE,25,13.75,1,+1 Point,2026,2,25,Oklahoma City,Thunder,OKC,Oklahoma City,10,Houston,Rockets,HOU,Houston,2.5,TRUE,FALSE,2.5,6,2:19,2,19,FALSE,FALSE,2,2,6,2,139,139,139,139,139,139,6,6,2,28,-0,2025-10-21,2025-10-21T23:30:00Z,
559,401809243822,822,99,Free Throw - 2 of 2,Shai Gilgeous-Alexander misses free throw 2 of 2,119,117,6,2OT,2:19,FALSE,0,25,4278073,,,2025-10-22T02:47:05Z,TRUE,25,13.75,1,Missed FT,2026,2,25,Oklahoma City,Thunder,OKC,Oklahoma City,10,Houston,Rockets,HOU,Houston,2.5,TRUE,FALSE,2.5,6,2:19,2,19,FALSE,FALSE,2,2,6,2,139,139,139,137,137,137,6,6,2,28,-0,2025-10-21,2025-10-21T23:30:00Z,
560,401809243823,823,155,Defensive Rebound,Alperen Sengun defensive rebound,119,117,6,2OT,2:17,FALSE,0,10,4871144,,,2025-10-22T02:47:07Z,FALSE,-214748340,-214748365,0,Rebound,2026,2,25,Oklahoma City,Thunder,OKC,Oklahoma City,10,Houston,Rockets,HOU,Houston,2.5,TRUE,FALSE,2.5,6,2:17,2,17,FALSE,FALSE,2,2,6,2,137,137,137,115,115,115,6,6,2,-214748406.75,-214748365,2025-10-21,2025-10-21T23:30:00Z,
561,401809243824,824,137,Turnaround Fade Away Jump Shot,Alex Caruso blocks Alperen Sengun 's 9-foot two point shot,119,117,6,2OT,1:55,FALSE,0,10,4871144,2991350,,2025-10-22T02:47:45Z,TRUE,16,-1,2,Missed FG,2026,2,25,Oklahoma City,Thunder,OKC,Oklahoma City,10,Houston,Rockets,HOU,Houston,2.5,TRUE,FALSE,2.5,6,1:55,1,55,FALSE,FALSE,2,2,6,2,115,115,115,114,114,114,6,6,2,-42.75,-9,2025-10-21,2025-10-21T23:30:00Z,
562,401809243826,826,156,Offensive Rebound,Rockets offensive team rebound,119,117,6,2OT,1:54,FALSE,0,10,,,,2025-10-22T02:47:46Z,FALSE,16,-1,0,Rebound,2026,2,25,Oklahoma City,Thunder,OKC,Oklahoma City,10,Houston,Rockets,HOU,Houston,2.5,TRUE,FALSE,2.5,6,1:54,1,54,FALSE,FALSE,2,2,6,2,114,114,114,114,114,114,6,6,2,-42.75,-9,2025-10-21,2025-10-21T23:30:00Z,
563,401809243828,828,111,Alley Oop Layup Shot,Shai Gilgeous-Alexander blocks Jabari Smith Jr. 's 9-foot alley oop layup,119,117,6,2OT,1:54,FALSE,0,10,4432639,4278073,,2025-10-22T02:48:12Z,TRUE,32,6,2,Missed FG,2026,2,25,Oklahoma City,Thunder,OKC,Oklahoma City,10,Houston,Rockets,HOU,Houston,2.5,TRUE,FALSE,2.5,6,1:54,1,54,FALSE,FALSE,2,2,6,2,114,114,114,114,114,114,6,6,2,-35.75,7,2025-10-21,2025-10-21T23:30:00Z,
564,401809243830,830,156,Offensive Rebound,Rockets offensive team rebound,119,117,6,2OT,1:54,FALSE,0,10,,,,2025-10-22T02:48:12Z,FALSE,32,6,0,Rebound,2026,2,25,Oklahoma City,Thunder,OKC,Oklahoma City,10,Houston,Rockets,HOU,Houston,2.5,TRUE,FALSE,2.5,6,1:54,1,54,FALSE,FALSE,2,2,6,2,114,114,114,114,114,114,6,6,2,-35.75,7,2025-10-21,2025-10-21T23:30:00Z,
565,401809243831,831,70,Shot Clock Turnover,shot clock turnover ,119,117,6,2OT,1:54,FALSE,0,10,,,,2025-10-22T02:48:15Z,FALSE,30,3,0,Turnover,2026,2,25,Oklahoma City,Thunder,OKC,Oklahoma City,10,Houston,Rockets,HOU,Houston,2.5,TRUE,FALSE,2.5,6,1:54,1,54,FALSE,FALSE,2,2,6,2,114,114,114,105,105,105,6,6,2,-38.75,5,2025-10-21,2025-10-21T23:30:00Z,
566,401809243832,832,92,Jump Shot,Alex Caruso misses 24-foot three point jumper,119,117,6,2OT,1:45,FALSE,0,25,2991350,,,2025-10-22T02:48:32Z,TRUE,10,20,3,Missed 3PT,2026,2,25,Oklahoma City,Thunder,OKC,Oklahoma City,10,Houston,Rockets,HOU,Houston,2.5,TRUE,FALSE,2.5,6,1:45,1,45,FALSE,FALSE,2,2,6,2,105,105,105,102,102,102,6,6,2,21.75,15,2025-10-21,2025-10-21T23:30:00Z,
567,401809243833,833,156,Offensive Rebound,Cason Wallace offensive rebound,119,117,6,2OT,1:42,FALSE,0,25,4683692,,,2025-10-22T02:48:34Z,FALSE,10,20,0,Rebound,2026,2,25,Oklahoma City,Thunder,OKC,Oklahoma City,10,Houston,Rockets,HOU,Houston,2.5,TRUE,FALSE,2.5,6,1:42,1,42,FALSE,FALSE,2,2,6,2,102,102,102,92,92,92,6,6,2,21.75,15,2025-10-21,2025-10-21T23:30:00Z,
568,401809243834,834,132,Step Back Jump Shot,Cason Wallace makes 24-foot three point step back jumpshot (Alex Caruso assists),119,120,6,2OT,1:32,TRUE,3,25,4683692,2991350,,2025-10-22T02:48:45Z,TRUE,43,18,3,+3 Points,2026,2,25,Oklahoma City,Thunder,OKC,Oklahoma City,10,Houston,Rockets,HOU,Houston,2.5,TRUE,FALSE,2.5,6,1:32,1,32,FALSE,FALSE,2,2,6,2,92,92,92,75,75,75,6,6,2,23.75,-18,2025-10-21,2025-10-21T23:30:00Z,
569,401809243836,836,110,Driving Layup Shot,Kevin Durant makes driving layup,121,120,6,2OT,1:15,TRUE,2,10,3202,,,2025-10-22T02:49:07Z,TRUE,22,4,2,+2 Points,2026,2,25,Oklahoma City,Thunder,OKC,Oklahoma City,10,Houston,Rockets,HOU,Houston,2.5,TRUE,FALSE,2.5,6,1:15,1,15,FALSE,FALSE,2,2,6,2,75,75,75,75,75,75,6,6,2,-37.75,-3,2025-10-21,2025-10-21T23:30:00Z,
570,401809243837,837,44,Shooting Foul,Isaiah Hartenstein shooting foul,121,120,6,2OT,1:15,FALSE,0,25,4222252,,,2025-10-22T02:49:10Z,FALSE,22,4,0,Foul,2026,2,25,Oklahoma City,Thunder,OKC,Oklahoma City,10,Houston,Rockets,HOU,Houston,2.5,TRUE,FALSE,2.5,6,1:15,1,15,FALSE,FALSE,2,2,6,2,75,75,75,75,75,75,6,6,2,37.75,3,2025-10-21,2025-10-21T23:30:00Z,
571,401809243839,839,584,Substitution,Jaylin Williams enters the game for Isaiah Hartenstein,121,120,6,2OT,1:15,FALSE,0,25,4432823,4222252,,2025-10-22T02:49:22Z,FALSE,-214748340,-214748365,0,Substitution,2026,2,25,Oklahoma City,Thunder,OKC,Oklahoma City,10,Houston,Rockets,HOU,Houston,2.5,TRUE,FALSE,2.5,6,1:15,1,15,FALSE,FALSE,2,2,6,2,75,75,75,75,75,75,6,6,2,214748406.75,214748365,2025-10-21,2025-10-21T23:30:00Z,
572,401809243841,841,97,Free Throw - 1 of 1,Kevin Durant makes free throw 1 of 1,122,120,6,2OT,1:15,TRUE,1,10,3202,,,2025-10-22T02:49:48Z,TRUE,25,13.75,1,+1 Point,2026,2,25,Oklahoma City,Thunder,OKC,Oklahoma City,10,Houston,Rockets,HOU,Houston,2.5,TRUE,FALSE,2.5,6,1:15,1,15,FALSE,FALSE,2,2,6,2,75,75,75,59.7,59.7,59.7,6,6,2,-28,0,2025-10-21,2025-10-21T23:30:00Z,
573,401809243842,842,132,Step Back Jump Shot,Shai Gilgeous-Alexander makes 19-foot step back jumpshot,122,122,6,2OT,0:59.7,TRUE,2,25,4278073,,,2025-10-22T02:50:08Z,TRUE,16,17,2,+2 Points,2026,2,25,Oklahoma City,Thunder,OKC,Oklahoma City,10,Houston,Rockets,HOU,Houston,2.5,TRUE,FALSE,2.5,6,0:59.7,0,59.7,FALSE,FALSE,2,2,6,2,59.7,59.7,59.7,40.8,40.8,40.8,6,6,2,24.75,9,2025-10-21,2025-10-21T23:30:00Z,
574,401809243843,843,62,"Bad Pass
Turnover",Reed Sheppard bad pass (Luguentz Dort steals),122,122,6,2OT,0:40.8,FALSE,0,10,4711272,4397020,,2025-10-22T02:50:34Z,FALSE,7,20,0,Turnover,2026,2,25,Oklahoma City,Thunder,OKC,Oklahoma City,10,Houston,Rockets,HOU,Houston,2.5,TRUE,FALSE,2.5,6,0:40.8,0,40.8,FALSE,FALSE,2,2,6,2,40.8,40.8,40.8,32.6,32.6,32.6,6,6,2,-21.75,-18,2025-10-21,2025-10-21T23:30:00Z,
575,401809243845,845,45,Personal Foul,Steven Adams personal foul,122,122,6,2OT,0:32.6,FALSE,0,10,2991235,,,2025-10-22T02:50:44Z,FALSE,34,26,0,Foul,2026,2,25,Oklahoma City,Thunder,OKC,Oklahoma City,10,Houston,Rockets,HOU,Houston,2.5,TRUE,FALSE,2.5,6,0:32.6,0,32.6,FALSE,FALSE,2,2,6,2,32.6,32.6,32.6,32.6,32.6,32.6,6,6,2,-15.75,9,2025-10-21,2025-10-21T23:30:00Z,
576,401809243847,847,98,Free Throw - 1 of 2,Shai Gilgeous-Alexander misses free throw 1 of 2,122,122,6,2OT,0:32.6,FALSE,0,25,4278073,,,2025-10-22T02:51:15Z,TRUE,25,13.75,1,Missed FT,2026,2,25,Oklahoma City,Thunder,OKC,Oklahoma City,10,Houston,Rockets,HOU,Houston,2.5,TRUE,FALSE,2.5,6,0:32.6,0,32.6,FALSE,FALSE,2,2,6,2,32.6,32.6,32.6,32.6,32.6,32.6,6,6,2,28,-0,2025-10-21,2025-10-21T23:30:00Z,
577,401809243848,848,156,Offensive Rebound,Thunder offensive team rebound,122,122,6,2OT,0:32.6,FALSE,0,25,,,,2025-10-22T02:51:15Z,FALSE,-214748340,-214748365,0,Rebound,2026,2,25,Oklahoma City,Thunder,OKC,Oklahoma City,10,Houston,Rockets,HOU,Houston,2.5,TRUE,FALSE,2.5,6,0:32.6,0,32.6,FALSE,FALSE,2,2,6,2,32.6,32.6,32.6,32.6,32.6,32.6,6,6,2,214748406.75,214748365,2025-10-21,2025-10-21T23:30:00Z,
578,401809243849,849,584,Substitution,Tari Eason enters the game for Reed Sheppard,122,122,6,2OT,0:32.6,FALSE,0,10,4433192,4711272,,2025-10-22T02:51:17Z,FALSE,-214748340,-214748365,0,Substitution,2026,2,25,Oklahoma City,Thunder,OKC,Oklahoma City,10,Houston,Rockets,HOU,Houston,2.5,TRUE,FALSE,2.5,6,0:32.6,0,32.6,FALSE,FALSE,2,2,6,2,32.6,32.6,32.6,32.6,32.6,32.6,6,6,2,-214748406.75,-214748365,2025-10-21,2025-10-21T23:30:00Z,
579,401809243851,851,99,Free Throw - 2 of 2,Shai Gilgeous-Alexander makes free throw 2 of 2,122,123,6,2OT,0:32.6,TRUE,1,25,4278073,,,2025-10-22T02:51:31Z,TRUE,25,13.75,1,+1 Point,2026,2,25,Oklahoma City,Thunder,OKC,Oklahoma City,10,Houston,Rockets,HOU,Houston,2.5,TRUE,FALSE,2.5,6,0:32.6,0,32.6,FALSE,FALSE,2,2,6,2,32.6,32.6,32.6,32.6,32.6,32.6,6,6,2,28,-0,2025-10-21,2025-10-21T23:30:00Z,
580,401809243852,852,16,Full Timeout,Rockets Full timeout,122,123,6,2OT,0:32.6,FALSE,0,10,,,,2025-10-22T02:51:35Z,FALSE,-214748340,-214748365,0,Timeout,2026,2,25,Oklahoma City,Thunder,OKC,Oklahoma City,10,Houston,Rockets,HOU,Houston,2.5,TRUE,FALSE,2.5,6,0:32.6,0,32.6,FALSE,FALSE,2,2,6,2,32.6,32.6,32.6,24.8,24.8,24.8,6,6,2,-214748406.75,-214748365,2025-10-21,2025-10-21T23:30:00Z,
581,401809243853,853,131,Pullup Jump Shot,Kevin Durant misses 25-foot three point pullup jump shot,122,123,6,2OT,0:24.8,FALSE,0,10,3202,,,2025-10-22T02:53:32Z,TRUE,24,26,3,Missed 3PT,2026,2,25,Oklahoma City,Thunder,OKC,Oklahoma City,10,Houston,Rockets,HOU,Houston,2.5,TRUE,FALSE,2.5,6,0:24.8,0,24.8,FALSE,FALSE,2,2,6,2,24.8,24.8,24.8,22,22,22,6,6,2,-15.75,-1,2025-10-21,2025-10-21T23:30:00Z,
582,401809243854,854,156,Offensive Rebound,Jabari Smith Jr. offensive rebound,122,123,6,2OT,0:22.0,FALSE,0,10,4432639,,,2025-10-22T02:53:35Z,FALSE,24,26,0,Rebound,2026,2,25,Oklahoma City,Thunder,OKC,Oklahoma City,10,Houston,Rockets,HOU,Houston,2.5,TRUE,FALSE,2.5,6,0:22.0,0,22,FALSE,FALSE,2,2,6,2,22,22,22,11,11,11,6,6,2,-15.75,-1,2025-10-21,2025-10-21T23:30:00Z,
583,401809243855,855,128,Driving Finger Roll Layup,Alperen Sengun makes 2-foot two point shot (Kevin Durant assists),124,123,6,2OT,0:11.0,TRUE,2,10,4871144,3202,,2025-10-22T02:53:46Z,TRUE,23,2,2,+2 Points,2026,2,25,Oklahoma City,Thunder,OKC,Oklahoma City,10,Houston,Rockets,HOU,Houston,2.5,TRUE,FALSE,2.5,6,0:11.0,0,11,FALSE,FALSE,2,2,6,2,11,11,11,11,11,11,6,6,2,-39.75,-2,2025-10-21,2025-10-21T23:30:00Z,
584,401809243857,857,16,Full Timeout,Thunder Full timeout,124,123,6,2OT,0:11.0,FALSE,0,25,,,,2025-10-22T02:53:55Z,FALSE,-214748340,-214748365,0,Timeout,2026,2,25,Oklahoma City,Thunder,OKC,Oklahoma City,10,Houston,Rockets,HOU,Houston,2.5,TRUE,FALSE,2.5,6,0:11.0,0,11,FALSE,FALSE,2,2,6,2,11,11,11,11,11,11,6,6,2,214748406.75,214748365,2025-10-21,2025-10-21T23:30:00Z,
585,401809243858,858,584,Substitution,Josh Okogie enters the game for Steven Adams,124,123,6,2OT,0:11.0,FALSE,0,10,4065663,2991235,,2025-10-22T02:55:04Z,FALSE,-214748340,-214748365,0,Substitution,2026,2,25,Oklahoma City,Thunder,OKC,Oklahoma City,10,Houston,Rockets,HOU,Houston,2.5,TRUE,FALSE,2.5,6,0:11.0,0,11,FALSE,FALSE,2,2,6,2,11,11,11,2.3,2.3,2.3,6,6,2,-214748406.75,-214748365,2025-10-21,2025-10-21T23:30:00Z,
586,401809243860,860,44,Shooting Foul,Kevin Durant shooting foul,124,123,6,2OT,0:2.3,FALSE,0,10,3202,,,2025-10-22T02:55:45Z,FALSE,15,16,0,Foul,2026,2,25,Oklahoma City,Thunder,OKC,Oklahoma City,10,Houston,Rockets,HOU,Houston,2.5,TRUE,FALSE,2.5,6,0:2.3,0,2.3,FALSE,FALSE,2,2,6,2,2.3,2.3,2.3,2.3,2.3,2.3,6,6,2,-25.75,-10,2025-10-21,2025-10-21T23:30:00Z,
587,401809243862,862,584,Substitution,Steven Adams enters the game for Kevin Durant,124,123,6,2OT,0:2.3,FALSE,0,10,2991235,3202,,2025-10-22T02:55:51Z,FALSE,-214748340,-214748365,0,Substitution,2026,2,25,Oklahoma City,Thunder,OKC,Oklahoma City,10,Houston,Rockets,HOU,Houston,2.5,TRUE,FALSE,2.5,6,0:2.3,0,2.3,FALSE,FALSE,2,2,6,2,2.3,2.3,2.3,2.3,2.3,2.3,6,6,2,-214748406.75,-214748365,2025-10-21,2025-10-21T23:30:00Z,
588,401809243864,864,98,Free Throw - 1 of 2,Shai Gilgeous-Alexander makes free throw 1 of 2,124,124,6,2OT,0:2.3,TRUE,1,25,4278073,,,2025-10-22T02:56:34Z,TRUE,25,13.75,1,+1 Point,2026,2,25,Oklahoma City,Thunder,OKC,Oklahoma City,10,Houston,Rockets,HOU,Houston,2.5,TRUE,FALSE,2.5,6,0:2.3,0,2.3,FALSE,FALSE,2,2,6,2,2.3,2.3,2.3,2.3,2.3,2.3,6,6,2,28,-0,2025-10-21,2025-10-21T23:30:00Z,
589,401809243865,865,99,Free Throw - 2 of 2,Shai Gilgeous-Alexander makes free throw 2 of 2,124,125,6,2OT,0:2.3,TRUE,1,25,4278073,,,2025-10-22T02:56:49Z,TRUE,25,13.75,1,+1 Point,2026,2,25,Oklahoma City,Thunder,OKC,Oklahoma City,10,Houston,Rockets,HOU,Houston,2.5,TRUE,FALSE,2.5,6,0:2.3,0,2.3,FALSE,FALSE,2,2,6,2,2.3,2.3,2.3,2.3,2.3,2.3,6,6,2,28,-0,2025-10-21,2025-10-21T23:30:00Z,
590,401809243866,866,16,Full Timeout,Rockets Full timeout,124,125,6,2OT,0:2.3,FALSE,0,10,,,,2025-10-22T02:56:53Z,FALSE,-214748340,-214748365,0,Timeout,2026,2,25,Oklahoma City,Thunder,OKC,Oklahoma City,10,Houston,Rockets,HOU,Houston,2.5,TRUE,FALSE,2.5,6,0:2.3,0,2.3,FALSE,FALSE,2,2,6,2,2.3,2.3,2.3,2.3,2.3,2.3,6,6,2,-214748406.75,-214748365,2025-10-21,2025-10-21T23:30:00Z,
591,401809243867,867,584,Substitution,Reed Sheppard enters the game for Josh Okogie,124,125,6,2OT,0:2.3,FALSE,0,10,4711272,4065663,,2025-10-22T02:57:57Z,FALSE,-214748340,-214748365,0,Substitution,2026,2,25,Oklahoma City,Thunder,OKC,Oklahoma City,10,Houston,Rockets,HOU,Houston,2.5,TRUE,FALSE,2.5,6,0:2.3,0,2.3,FALSE,FALSE,2,2,6,2,2.3,2.3,2.3,0.3,0.3,0.3,6,6,2,-214748406.75,-214748365,2025-10-21,2025-10-21T23:30:00Z,
592,401809243869,869,137,Turnaround Fade Away Jump Shot,Jabari Smith Jr. misses 19-foot two point shot,124,125,6,2OT,0:0.3,FALSE,0,10,4432639,,,2025-10-22T02:58:48Z,TRUE,5,-1,2,Missed FG,2026,2,25,Oklahoma City,Thunder,OKC,Oklahoma City,10,Houston,Rockets,HOU,Houston,2.5,TRUE,FALSE,2.5,6,0:0.3,0,0.3,FALSE,FALSE,2,2,6,2,0.3,0.3,0.3,0.1,0.1,0.1,6,6,2,-42.75,-20,2025-10-21,2025-10-21T23:30:00Z,
593,401809243870,870,156,Offensive Rebound,Rockets offensive team rebound,124,125,6,2OT,0:0.1,FALSE,0,10,,,,2025-10-22T02:58:48Z,FALSE,5,-1,0,Rebound,2026,2,25,Oklahoma City,Thunder,OKC,Oklahoma City,10,Houston,Rockets,HOU,Houston,2.5,TRUE,FALSE,2.5,6,0:0.1,0,0.1,FALSE,FALSE,2,2,6,2,0.1,0.1,0.1,0,0,0,6,6,2,-42.75,-20,2025-10-21,2025-10-21T23:30:00Z,
594,401809243871,871,412,End Period,End of the 2nd  Overtime,124,125,6,2OT,0:0.0,FALSE,0,,,,,2025-10-22T02:59:49Z,FALSE,-214748340,-214748365,0,End of 2nd OT,2026,2,25,Oklahoma City,Thunder,OKC,Oklahoma City,10,Houston,Rockets,HOU,Houston,2.5,TRUE,FALSE,2.5,6,0:0.0,0,0,FALSE,FALSE,2,2,6,2,0,0,0,0,0,0,6,6,2,-214748406.75,-214748365,2025-10-21,2025-10-21T23:30:00Z,
595,401809243872,872,402,End Game,End of Game,124,125,6,2OT,0:0.0,FALSE,0,,,,,2025-10-22T02:59:51Z,FALSE,-214748340,-214748365,0,End of Game,2026,2,25,Oklahoma City,Thunder,OKC,Oklahoma City,10,Houston,Rockets,HOU,Houston,2.5,TRUE,FALSE,2.5,6,0:0.0,0,0,FALSE,FALSE,2,2,,,0,0,0,,,,6,6,2,-214748406.75,-214748365,2025-10-21,2025-10-21T23:30:00Z,
