game_play_number,id,sequence_number,type_id,type_text,text,away_score,home_score,period_number,period_display_value,clock_display_value,scoring_play,score_value,team_id,athlete_id_1,athlete_id_2,athlete_id_3,wallclock,shooting_play,coordinate_x_raw,coordinate_y_raw,points_attempted,short_description,season,season_type,home_team_id,home_team_name,home_team_mascot,home_team_abbrev,home_team_name_alt,away_team_id,away_team_name,away_team_mascot,away_team_abbrev,away_team_name_alt,game_spread,home_favorite,game_spread_available,home_team_spread,qtr,time,clock_minutes,clock_seconds,home_timeout_called,away_timeout_called,half,game_half,lead_qtr,lead_half,start_quarter_seconds_remaining,start_half_seconds_remaining,start_game_seconds_remaining,end_quarter_seconds_remaining,end_half_seconds_remaining,end_game_seconds_remaining,period,lag_qtr,lag_half,coordinate_x,coordinate_y,game_date,game_date_time,type_abbreviation
1,4018100794,4,615,Jumpball,Nikola Jokic vs. Ivica Zubac (Derrick Jones Jr. gains possession),0,0,1,1st Quarter,12:00,FALSE,0,12,4017837,3112335,3936099,2025-11-13T03:40:37Z,FALSE,-214748340,-214748365,0,Jump Ball,2026,2,12,LA,Clippers,LAC,LA,7,Denver,Nuggets,DEN,Denver,2.5,TRUE,FALSE,2.5,1,12:00,12,0,FALSE,FALSE,1,1,1,1,720,1440,2880,720,1440,2880,1,,,214748406.75,214748365,2025-11-12,2025-11-13T03:30:00Z,
2,4018100797,7,92,Jump Shot,John Collins misses 27-foot three point jumper,0,0,1,1st Quarter,11:45,FALSE,0,12,3908845,,,2025-11-13T03:40:48Z,TRUE,4,19,3,Missed 3PT,2026,2,12,LA,Clippers,LAC,LA,7,Denver,Nuggets,DEN,Denver,2.5,TRUE,FALSE,2.5,1,11:45,11,45,FALSE,FALSE,1,1,1,1,705,1425,2865,702,1422,2862,1,1,1,22.75,21,2025-11-12,2025-11-13T03:30:00Z,
3,4018100798,8,155,Defensive Rebound,Cameron Johnson defensive rebound,0,0,1,1st Quarter,11:42,FALSE,0,7,3138196,,,2025-11-13T03:40:51Z,FALSE,4,19,0,Rebound,2026,2,12,LA,Clippers,LAC,LA,7,Denver,Nuggets,DEN,Denver,2.5,TRUE,FALSE,2.5,1,11:42,11,42,FALSE,FALSE,1,1,1,1,702,1422,2862,693,1413,2853,1,1,1,-22.75,-21,2025-11-12,2025-11-13T03:30:00Z,
4,4018100799,9,141,Cutting Layup Shot,John Collins blocks Nikola Jokic 's 3-foot layup,0,0,1,1st Quarter,11:33,FALSE,0,7,3112335,3908845,,2025-11-13T03:41:00Z,TRUE,24,4,2,Missed FG,2026,2,12,LA,Clippers,LAC,LA,7,Denver,Nuggets,DEN,Denver,2.5,TRUE,FALSE,2.5,1,11:33,11,33,FALSE,FALSE,1,1,1,1,693,1413,2853,692,1412,2852,1,1,1,-37.75,-1,2025-11-12,2025-11-13T03:30:00Z,
5,40181007911,11,156,Offensive Rebound,Aaron Gordon offensive rebound,0,0,1,1st Quarter,11:32,FALSE,0,7,3064290,,,2025-11-13T03:41:01Z,FALSE,24,4,0,Rebound,2026,2,12,LA,Clippers,LAC,LA,7,Denver,Nuggets,DEN,Denver,2.5,TRUE,FALSE,2.5,1,11:32,11,32,FALSE,FALSE,1,1,1,1,692,1412,2852,688,1408,2848,1,1,1,-37.75,-1,2025-11-12,2025-11-13T03:30:00Z,
6,40181007912,12,132,Step Back Jump Shot,Jamal Murray misses 26-foot three point step back jumpshot,0,0,1,1st Quarter,11:28,FALSE,0,7,3936299,,,2025-11-13T03:41:06Z,TRUE,34,25,3,Missed 3PT,2026,2,12,LA,Clippers,LAC,LA,7,Denver,Nuggets,DEN,Denver,2.5,TRUE,FALSE,2.5,1,11:28,11,28,FALSE,FALSE,1,1,1,1,688,1408,2848,685,1405,2845,1,1,1,-16.75,9,2025-11-12,2025-11-13T03:30:00Z,
7,40181007913,13,156,Offensive Rebound,Nikola Jokic offensive rebound,0,0,1,1st Quarter,11:25,FALSE,0,7,3112335,,,2025-11-13T03:41:09Z,FALSE,34,25,0,Rebound,2026,2,12,LA,Clippers,LAC,LA,7,Denver,Nuggets,DEN,Denver,2.5,TRUE,FALSE,2.5,1,11:25,11,25,FALSE,FALSE,1,1,1,1,685,1405,2845,682,1402,2842,1,1,1,-16.75,9,2025-11-12,2025-11-13T03:30:00Z,
8,40181007914,14,120,Turnaround Hook Shot,Nikola Jokic misses 6-foot two point shot,0,0,1,1st Quarter,11:22,FALSE,0,7,3112335,,,2025-11-13T03:41:14Z,TRUE,26,7,2,Missed FG,2026,2,12,LA,Clippers,LAC,LA,7,Denver,Nuggets,DEN,Denver,2.5,TRUE,FALSE,2.5,1,11:22,11,22,FALSE,FALSE,1,1,1,1,682,1402,2842,681,1401,2841,1,1,1,-34.75,1,2025-11-12,2025-11-13T03:30:00Z,
9,40181007915,15,155,Defensive Rebound,Ivica Zubac defensive rebound,0,0,1,1st Quarter,11:21,FALSE,0,12,4017837,,,2025-11-13T03:41:15Z,FALSE,26,7,0,Rebound,2026,2,12,LA,Clippers,LAC,LA,7,Denver,Nuggets,DEN,Denver,2.5,TRUE,FALSE,2.5,1,11:21,11,21,FALSE,FALSE,1,1,1,1,681,1401,2841,662,1382,2822,1,1,1,34.75,-1,2025-11-12,2025-11-13T03:30:00Z,
10,40181007916,16,139,Hook Driving Bank,Ivica Zubac makes 2-foot two point shot,0,2,1,1st Quarter,11:02,TRUE,2,12,4017837,,,2025-11-13T03:41:31Z,TRUE,24,2,2,+2 Points,2026,2,12,LA,Clippers,LAC,LA,7,Denver,Nuggets,DEN,Denver,2.5,TRUE,FALSE,2.5,1,11:02,11,2,FALSE,FALSE,1,1,1,1,662,1382,2822,644,1364,2804,1,1,1,39.75,1,2025-11-12,2025-11-13T03:30:00Z,
11,40181007917,17,92,Jump Shot,Jamal Murray misses 25-foot three point jumper,0,2,1,1st Quarter,10:44,FALSE,0,7,3936299,,,2025-11-13T03:41:49Z,TRUE,5,15,3,Missed 3PT,2026,2,12,LA,Clippers,LAC,LA,7,Denver,Nuggets,DEN,Denver,2.5,TRUE,FALSE,2.5,1,10:44,10,44,FALSE,FALSE,1,1,1,1,644,1364,2804,641,1361,2801,1,1,1,-26.75,-20,2025-11-12,2025-11-13T03:30:00Z,
12,40181007918,18,155,Defensive Rebound,John Collins defensive rebound,0,2,1,1st Quarter,10:41,FALSE,0,12,3908845,,,2025-11-13T03:41:52Z,FALSE,5,15,0,Rebound,2026,2,12,LA,Clippers,LAC,LA,7,Denver,Nuggets,DEN,Denver,2.5,TRUE,FALSE,2.5,1,10:41,10,41,FALSE,FALSE,1,1,1,1,641,1361,2801,638,1358,2798,1,1,1,26.75,20,2025-11-12,2025-11-13T03:30:00Z,
13,40181007919,19,116,Running Dunk Shot,Derrick Jones Jr. makes 2-foot dunk (James Harden assists),0,4,1,1st Quarter,10:38,TRUE,2,12,3936099,3992,,2025-11-13T03:41:55Z,TRUE,26,3,2,+2 Points,2026,2,12,LA,Clippers,LAC,LA,7,Denver,Nuggets,DEN,Denver,2.5,TRUE,FALSE,2.5,1,10:38,10,38,FALSE,FALSE,1,1,1,1,638,1358,2798,611,1331,2771,1,1,1,38.75,-1,2025-11-12,2025-11-13T03:30:00Z,
14,40181007921,21,92,Jump Shot,Aaron Gordon misses 23-foot three point jumper,0,4,1,1st Quarter,10:11,FALSE,0,7,3064290,,,2025-11-13T03:42:22Z,TRUE,2,4,3,Missed 3PT,2026,2,12,LA,Clippers,LAC,LA,7,Denver,Nuggets,DEN,Denver,2.5,TRUE,FALSE,2.5,1,10:11,10,11,FALSE,FALSE,1,1,1,1,611,1331,2771,608,1328,2768,1,1,1,-37.75,-23,2025-11-12,2025-11-13T03:30:00Z,
15,40181007922,22,156,Offensive Rebound,Cameron Johnson offensive rebound,0,4,1,1st Quarter,10:08,FALSE,0,7,3138196,,,2025-11-13T03:42:25Z,FALSE,2,4,0,Rebound,2026,2,12,LA,Clippers,LAC,LA,7,Denver,Nuggets,DEN,Denver,2.5,TRUE,FALSE,2.5,1,10:08,10,8,FALSE,FALSE,1,1,1,1,608,1328,2768,603,1323,2763,1,1,1,-37.75,-23,2025-11-12,2025-11-13T03:30:00Z,
16,40181007923,23,110,Driving Layup Shot,Jamal Murray makes driving layup,2,4,1,1st Quarter,10:03,TRUE,2,7,3936299,,,2025-11-13T03:42:33Z,TRUE,25,4,2,+2 Points,2026,2,12,LA,Clippers,LAC,LA,7,Denver,Nuggets,DEN,Denver,2.5,TRUE,FALSE,2.5,1,10:03,10,3,FALSE,FALSE,1,1,1,1,603,1323,2763,603,1323,2763,1,1,1,-37.75,0,2025-11-12,2025-11-13T03:30:00Z,
17,40181007925,25,44,Shooting Foul,Kris Dunn shooting foul,2,4,1,1st Quarter,10:03,FALSE,0,12,2991139,,,2025-11-13T03:42:36Z,FALSE,25,3,0,Foul,2026,2,12,LA,Clippers,LAC,LA,7,Denver,Nuggets,DEN,Denver,2.5,TRUE,FALSE,2.5,1,10:03,10,3,FALSE,FALSE,1,1,1,1,603,1323,2763,603,1323,2763,1,1,1,38.75,-0,2025-11-12,2025-11-13T03:30:00Z,
18,40181007927,27,97,Free Throw - 1 of 1,Jamal Murray makes free throw 1 of 1,3,4,1,1st Quarter,10:03,TRUE,1,7,3936299,,,2025-11-13T03:43:03Z,TRUE,25,13.75,1,+1 Point,2026,2,12,LA,Clippers,LAC,LA,7,Denver,Nuggets,DEN,Denver,2.5,TRUE,FALSE,2.5,1,10:03,10,3,FALSE,FALSE,1,1,1,1,603,1323,2763,587,1307,2747,1,1,1,-28,0,2025-11-12,2025-11-13T03:30:00Z,
19,40181007928,28,42,Offensive Foul,Derrick Jones Jr. offensive foul,3,4,1,1st Quarter,9:47,FALSE,0,12,3936099,,,2025-11-13T03:43:26Z,FALSE,15,18,0,Foul,2026,2,12,LA,Clippers,LAC,LA,7,Denver,Nuggets,DEN,Denver,2.5,TRUE,FALSE,2.5,1,9:47,9,47,FALSE,FALSE,1,1,1,1,587,1307,2747,587,1307,2747,1,1,1,23.75,10,2025-11-12,2025-11-13T03:30:00Z,
20,40181007930,30,84,Offensive Foul Turnover,Derrick Jones Jr. turnover,3,4,1,1st Quarter,9:47,FALSE,0,12,3936099,,,2025-11-13T03:43:26Z,FALSE,15,18,0,Turnover,2026,2,12,LA,Clippers,LAC,LA,7,Denver,Nuggets,DEN,Denver,2.5,TRUE,FALSE,2.5,1,9:47,9,47,FALSE,FALSE,1,1,1,1,587,1307,2747,572,1292,2732,1,1,1,23.75,10,2025-11-12,2025-11-13T03:30:00Z,
21,40181007931,31,92,Jump Shot,Cameron Johnson misses 28-foot three point jumper,3,4,1,1st Quarter,9:32,FALSE,0,7,3138196,,,2025-11-13T03:43:52Z,TRUE,39,25,3,Missed 3PT,2026,2,12,LA,Clippers,LAC,LA,7,Denver,Nuggets,DEN,Denver,2.5,TRUE,FALSE,2.5,1,9:32,9,32,FALSE,FALSE,1,1,1,1,572,1292,2732,571,1291,2731,1,1,1,-16.75,14,2025-11-12,2025-11-13T03:30:00Z,
22,40181007932,32,155,Defensive Rebound,Derrick Jones Jr. defensive rebound,3,4,1,1st Quarter,9:31,FALSE,0,12,3936099,,,2025-11-13T03:43:53Z,FALSE,39,25,0,Rebound,2026,2,12,LA,Clippers,LAC,LA,7,Denver,Nuggets,DEN,Denver,2.5,TRUE,FALSE,2.5,1,9:31,9,31,FALSE,FALSE,1,1,1,1,571,1291,2731,561,1281,2721,1,1,1,16.75,-14,2025-11-12,2025-11-13T03:30:00Z,
23,40181007933,33,114,Turnaround Jump Shot,John Collins makes 8-foot two point shot (Kris Dunn assists),3,6,1,1st Quarter,9:21,TRUE,2,12,3908845,2991139,,2025-11-13T03:44:03Z,TRUE,33,3,2,+2 Points,2026,2,12,LA,Clippers,LAC,LA,7,Denver,Nuggets,DEN,Denver,2.5,TRUE,FALSE,2.5,1,9:21,9,21,FALSE,FALSE,1,1,1,1,561,1281,2721,547,1267,2707,1,1,1,38.75,-8,2025-11-12,2025-11-13T03:30:00Z,
24,40181007935,35,132,Step Back Jump Shot,Jamal Murray misses 17-foot step back jumpshot,3,6,1,1st Quarter,9:07,FALSE,0,7,3936299,,,2025-11-13T03:44:17Z,TRUE,18,16,2,Missed FG,2026,2,12,LA,Clippers,LAC,LA,7,Denver,Nuggets,DEN,Denver,2.5,TRUE,FALSE,2.5,1,9:07,9,7,FALSE,FALSE,1,1,1,1,547,1267,2707,544,1264,2704,1,1,1,-25.75,-7,2025-11-12,2025-11-13T03:30:00Z,
25,40181007936,36,155,Defensive Rebound,James Harden defensive rebound,3,6,1,1st Quarter,9:04,FALSE,0,12,3992,,,2025-11-13T03:44:20Z,FALSE,18,16,0,Rebound,2026,2,12,LA,Clippers,LAC,LA,7,Denver,Nuggets,DEN,Denver,2.5,TRUE,FALSE,2.5,1,9:04,9,4,FALSE,FALSE,1,1,1,1,544,1264,2704,532,1252,2692,1,1,1,25.75,7,2025-11-12,2025-11-13T03:30:00Z,
26,40181007937,37,119,Driving Hook Shot,Ivica Zubac makes 6-foot two point shot (Kris Dunn assists),3,8,1,1st Quarter,8:52,TRUE,2,12,4017837,2991139,,2025-11-13T03:44:32Z,TRUE,31,4,2,+2 Points,2026,2,12,LA,Clippers,LAC,LA,7,Denver,Nuggets,DEN,Denver,2.5,TRUE,FALSE,2.5,1,8:52,8,52,FALSE,FALSE,1,1,1,1,532,1252,2692,515,1235,2675,1,1,1,37.75,-6,2025-11-12,2025-11-13T03:30:00Z,
27,40181007939,39,120,Turnaround Hook Shot,Nikola Jokic makes 3-foot two point shot,5,8,1,1st Quarter,8:35,TRUE,2,7,3112335,,,2025-11-13T03:44:49Z,TRUE,24,4,2,+2 Points,2026,2,12,LA,Clippers,LAC,LA,7,Denver,Nuggets,DEN,Denver,2.5,TRUE,FALSE,2.5,1,8:35,8,35,FALSE,FALSE,1,1,1,1,515,1235,2675,504,1224,2664,1,1,1,-37.75,-1,2025-11-12,2025-11-13T03:30:00Z,
28,40181007940,40,110,Driving Layup Shot,James Harden makes driving layup,5,10,1,1st Quarter,8:24,TRUE,2,12,3992,,,2025-11-13T03:45:00Z,TRUE,24,4,2,+2 Points,2026,2,12,LA,Clippers,LAC,LA,7,Denver,Nuggets,DEN,Denver,2.5,TRUE,FALSE,2.5,1,8:24,8,24,FALSE,FALSE,1,1,1,1,504,1224,2664,494,1214,2654,1,1,1,37.75,1,2025-11-12,2025-11-13T03:30:00Z,
29,40181007941,41,86,Out of Bounds - Step Turnover,Christian Braun steps out of bounds turnover,5,10,1,1st Quarter,8:14,FALSE,0,7,4431767,,,2025-11-13T03:45:14Z,FALSE,48,8,0,Turnover,2026,2,12,LA,Clippers,LAC,LA,7,Denver,Nuggets,DEN,Denver,2.5,TRUE,FALSE,2.5,1,8:14,8,14,FALSE,FALSE,1,1,1,1,494,1214,2654,486,1206,2646,1,1,1,-33.75,23,2025-11-12,2025-11-13T03:30:00Z,
30,40181007942,42,144,Driving Floating Jump Shot,James Harden makes 12-foot driving floating jump shot,5,12,1,1st Quarter,8:06,TRUE,2,12,3992,,,2025-11-13T03:45:29Z,TRUE,20,11,2,+2 Points,2026,2,12,LA,Clippers,LAC,LA,7,Denver,Nuggets,DEN,Denver,2.5,TRUE,FALSE,2.5,1,8:06,8,6,FALSE,FALSE,1,1,1,1,486,1206,2646,466,1186,2626,1,1,1,30.75,5,2025-11-12,2025-11-13T03:30:00Z,
31,40181007943,43,92,Jump Shot,Nikola Jokic misses 25-foot three point jumper,5,12,1,1st Quarter,7:46,FALSE,0,7,3112335,,,2025-11-13T03:45:48Z,TRUE,38,22,3,Missed 3PT,2026,2,12,LA,Clippers,LAC,LA,7,Denver,Nuggets,DEN,Denver,2.5,TRUE,FALSE,2.5,1,7:46,7,46,FALSE,FALSE,1,1,1,1,466,1186,2626,465,1185,2625,1,1,1,-19.75,13,2025-11-12,2025-11-13T03:30:00Z,
32,40181007944,44,156,Offensive Rebound,Christian Braun offensive rebound,5,12,1,1st Quarter,7:45,FALSE,0,7,4431767,,,2025-11-13T03:45:49Z,FALSE,38,22,0,Rebound,2026,2,12,LA,Clippers,LAC,LA,7,Denver,Nuggets,DEN,Denver,2.5,TRUE,FALSE,2.5,1,7:45,7,45,FALSE,FALSE,1,1,1,1,465,1185,2625,465,1185,2625,1,1,1,-19.75,13,2025-11-12,2025-11-13T03:30:00Z,
33,40181007945,45,44,Shooting Foul,Kris Dunn shooting foul,5,12,1,1st Quarter,7:45,FALSE,0,12,2991139,,,2025-11-13T03:45:53Z,FALSE,25,4,0,Foul,2026,2,12,LA,Clippers,LAC,LA,7,Denver,Nuggets,DEN,Denver,2.5,TRUE,FALSE,2.5,1,7:45,7,45,FALSE,FALSE,1,1,1,1,465,1185,2625,465,1185,2625,1,1,1,37.75,-0,2025-11-12,2025-11-13T03:30:00Z,
34,40181007947,47,98,Free Throw - 1 of 2,Christian Braun makes free throw 1 of 2,6,12,1,1st Quarter,7:45,TRUE,1,7,4431767,,,2025-11-13T03:46:19Z,TRUE,25,13.75,1,+1 Point,2026,2,12,LA,Clippers,LAC,LA,7,Denver,Nuggets,DEN,Denver,2.5,TRUE,FALSE,2.5,1,7:45,7,45,FALSE,FALSE,1,1,1,1,465,1185,2625,465,1185,2625,1,1,1,-28,0,2025-11-12,2025-11-13T03:30:00Z,
35,40181007948,48,99,Free Throw - 2 of 2,Christian Braun makes free throw 2 of 2,7,12,1,1st Quarter,7:45,TRUE,1,7,4431767,,,2025-11-13T03:46:38Z,TRUE,25,13.75,1,+1 Point,2026,2,12,LA,Clippers,LAC,LA,7,Denver,Nuggets,DEN,Denver,2.5,TRUE,FALSE,2.5,1,7:45,7,45,FALSE,FALSE,1,1,1,1,465,1185,2625,457,1177,2617,1,1,1,-28,0,2025-11-12,2025-11-13T03:30:00Z,
36,40181007949,49,62,"Bad Pass
Turnover",James Harden bad pass (Jamal Murray steals),7,12,1,1st Quarter,7:37,FALSE,0,12,3992,3936299,,2025-11-13T03:46:48Z,FALSE,12,11,0,Turnover,2026,2,12,LA,Clippers,LAC,LA,7,Denver,Nuggets,DEN,Denver,2.5,TRUE,FALSE,2.5,1,7:37,7,37,FALSE,FALSE,1,1,1,1,457,1177,2617,453,1173,2613,1,1,1,30.75,13,2025-11-12,2025-11-13T03:30:00Z,
37,40181007951,51,127,Layup Running Reverse,Derrick Jones Jr. blocks Jamal Murray 's 2-foot two point shot,7,12,1,1st Quarter,7:33,FALSE,0,7,3936299,3936099,,2025-11-13T03:46:52Z,TRUE,24,2,2,Missed FG,2026,2,12,LA,Clippers,LAC,LA,7,Denver,Nuggets,DEN,Denver,2.5,TRUE,FALSE,2.5,1,7:33,7,33,FALSE,FALSE,1,1,1,1,453,1173,2613,452,1172,2612,1,1,1,-39.75,-1,2025-11-12,2025-11-13T03:30:00Z,
38,40181007953,53,156,Offensive Rebound,Christian Braun offensive rebound,7,12,1,1st Quarter,7:32,FALSE,0,7,4431767,,,2025-11-13T03:46:53Z,FALSE,24,2,0,Rebound,2026,2,12,LA,Clippers,LAC,LA,7,Denver,Nuggets,DEN,Denver,2.5,TRUE,FALSE,2.5,1,7:32,7,32,FALSE,FALSE,1,1,1,1,452,1172,2612,451,1171,2611,1,1,1,-39.75,-1,2025-11-12,2025-11-13T03:30:00Z,
39,40181007954,54,125,Layup Shot Putback,Christian Braun makes two point shot,9,12,1,1st Quarter,7:31,TRUE,2,7,4431767,,,2025-11-13T03:46:58Z,TRUE,25,2,2,+2 Points,2026,2,12,LA,Clippers,LAC,LA,7,Denver,Nuggets,DEN,Denver,2.5,TRUE,FALSE,2.5,1,7:31,7,31,FALSE,FALSE,1,1,1,1,451,1171,2611,442,1162,2602,1,1,1,-39.75,0,2025-11-12,2025-11-13T03:30:00Z,
40,40181007955,55,110,Driving Layup Shot,Kris Dunn misses driving layup,9,12,1,1st Quarter,7:22,FALSE,0,12,2991139,,,2025-11-13T03:47:03Z,TRUE,23,4,2,Missed FG,2026,2,12,LA,Clippers,LAC,LA,7,Denver,Nuggets,DEN,Denver,2.5,TRUE,FALSE,2.5,1,7:22,7,22,FALSE,FALSE,1,1,1,1,442,1162,2602,442,1162,2602,1,1,1,37.75,2,2025-11-12,2025-11-13T03:30:00Z,
41,40181007957,57,155,Defensive Rebound,Nikola Jokic defensive rebound,9,12,1,1st Quarter,7:22,FALSE,0,7,3112335,,,2025-11-13T03:47:03Z,FALSE,23,4,0,Rebound,2026,2,12,LA,Clippers,LAC,LA,7,Denver,Nuggets,DEN,Denver,2.5,TRUE,FALSE,2.5,1,7:22,7,22,FALSE,FALSE,1,1,1,1,442,1162,2602,436,1156,2596,1,1,1,-37.75,-2,2025-11-12,2025-11-13T03:30:00Z,
42,40181007958,58,116,Running Dunk Shot,Nikola Jokic makes dunk (Christian Braun assists),11,12,1,1st Quarter,7:16,TRUE,2,7,3112335,4431767,,2025-11-13T03:47:10Z,TRUE,25,0,2,+2 Points,2026,2,12,LA,Clippers,LAC,LA,7,Denver,Nuggets,DEN,Denver,2.5,TRUE,FALSE,2.5,1,7:16,7,16,FALSE,FALSE,1,1,1,1,436,1156,2596,436,1156,2596,1,1,1,-41.75,0,2025-11-12,2025-11-13T03:30:00Z,
43,40181007960,60,16,Full Timeout,Clippers Full timeout,11,12,1,1st Quarter,7:16,FALSE,0,12,,,,2025-11-13T03:47:17Z,FALSE,-214748340,-214748365,0,Timeout,2026,2,12,LA,Clippers,LAC,LA,7,Denver,Nuggets,DEN,Denver,2.5,TRUE,FALSE,2.5,1,7:16,7,16,FALSE,FALSE,1,1,1,1,436,1156,2596,416,1136,2576,1,1,1,214748406.75,214748365,2025-11-12,2025-11-13T03:30:00Z,
44,40181007961,61,119,Driving Hook Shot,Ivica Zubac makes 9-foot two point shot (Derrick Jones Jr. assists),11,14,1,1st Quarter,6:56,TRUE,2,12,4017837,3936099,,2025-11-13T03:50:27Z,TRUE,20,8,2,+2 Points,2026,2,12,LA,Clippers,LAC,LA,7,Denver,Nuggets,DEN,Denver,2.5,TRUE,FALSE,2.5,1,6:56,6,56,FALSE,FALSE,1,1,1,1,416,1136,2576,395,1115,2555,1,1,1,33.75,5,2025-11-12,2025-11-13T03:30:00Z,
45,40181007963,63,110,Driving Layup Shot,Nikola Jokic makes driving layup,13,14,1,1st Quarter,6:35,TRUE,2,7,3112335,,,2025-11-13T03:50:48Z,TRUE,27,2,2,+2 Points,2026,2,12,LA,Clippers,LAC,LA,7,Denver,Nuggets,DEN,Denver,2.5,TRUE,FALSE,2.5,1,6:35,6,35,FALSE,FALSE,1,1,1,1,395,1115,2555,381,1101,2541,1,1,1,-39.75,2,2025-11-12,2025-11-13T03:30:00Z,
46,40181007964,64,131,Pullup Jump Shot,James Harden misses 28-foot three point pullup jump shot,13,14,1,1st Quarter,6:21,FALSE,0,12,3992,,,2025-11-13T03:51:04Z,TRUE,22,28,3,Missed 3PT,2026,2,12,LA,Clippers,LAC,LA,7,Denver,Nuggets,DEN,Denver,2.5,TRUE,FALSE,2.5,1,6:21,6,21,FALSE,FALSE,1,1,1,1,381,1101,2541,378,1098,2538,1,1,1,13.75,3,2025-11-12,2025-11-13T03:30:00Z,
47,40181007965,65,155,Defensive Rebound,Jamal Murray defensive rebound,13,14,1,1st Quarter,6:18,FALSE,0,7,3936299,,,2025-11-13T03:51:07Z,FALSE,22,28,0,Rebound,2026,2,12,LA,Clippers,LAC,LA,7,Denver,Nuggets,DEN,Denver,2.5,TRUE,FALSE,2.5,1,6:18,6,18,FALSE,FALSE,1,1,1,1,378,1098,2538,367,1087,2527,1,1,1,-13.75,-3,2025-11-12,2025-11-13T03:30:00Z,
48,40181007966,66,90,Out of Bounds - Bad Pass Turnover,Jamal Murray out of bounds bad pass turnover,13,14,1,1st Quarter,6:07,FALSE,0,7,3936299,,,2025-11-13T03:51:19Z,FALSE,36,2,0,Turnover,2026,2,12,LA,Clippers,LAC,LA,7,Denver,Nuggets,DEN,Denver,2.5,TRUE,FALSE,2.5,1,6:07,6,7,FALSE,FALSE,1,1,1,1,367,1087,2527,367,1087,2527,1,1,1,-39.75,11,2025-11-12,2025-11-13T03:30:00Z,
49,40181007967,67,584,Substitution,Nicolas Batum enters the game for Kris Dunn,13,14,1,1st Quarter,6:07,FALSE,0,12,3416,2991139,,2025-11-13T03:51:24Z,FALSE,-214748340,-214748365,0,Substitution,2026,2,12,LA,Clippers,LAC,LA,7,Denver,Nuggets,DEN,Denver,2.5,TRUE,FALSE,2.5,1,6:07,6,7,FALSE,FALSE,1,1,1,1,367,1087,2527,367,1087,2527,1,1,1,214748406.75,214748365,2025-11-12,2025-11-13T03:30:00Z,
50,40181007968,68,584,Substitution,Tim Hardaway Jr. enters the game for Jamal Murray,13,14,1,1st Quarter,6:07,FALSE,0,7,2528210,3936299,,2025-11-13T03:51:24Z,FALSE,-214748340,-214748365,0,Substitution,2026,2,12,LA,Clippers,LAC,LA,7,Denver,Nuggets,DEN,Denver,2.5,TRUE,FALSE,2.5,1,6:07,6,7,FALSE,FALSE,1,1,1,1,367,1087,2527,357,1077,2517,1,1,1,-214748406.75,-214748365,2025-11-12,2025-11-13T03:30:00Z,
51,40181007971,71,92,Jump Shot,Derrick Jones Jr. misses 26-foot three point jumper,13,14,1,1st Quarter,5:57,FALSE,0,12,3936099,,,2025-11-13T03:51:45Z,TRUE,20,26,3,Missed 3PT,2026,2,12,LA,Clippers,LAC,LA,7,Denver,Nuggets,DEN,Denver,2.5,TRUE,FALSE,2.5,1,5:57,5,57,FALSE,FALSE,1,1,1,1,357,1077,2517,353,1073,2513,1,1,1,15.75,5,2025-11-12,2025-11-13T03:30:00Z,
52,40181007972,72,155,Defensive Rebound,Nikola Jokic defensive rebound,13,14,1,1st Quarter,5:53,FALSE,0,7,3112335,,,2025-11-13T03:51:49Z,FALSE,20,26,0,Rebound,2026,2,12,LA,Clippers,LAC,LA,7,Denver,Nuggets,DEN,Denver,2.5,TRUE,FALSE,2.5,1,5:53,5,53,FALSE,FALSE,1,1,1,1,353,1073,2513,346,1066,2506,1,1,1,-15.75,-5,2025-11-12,2025-11-13T03:30:00Z,
53,40181007973,73,132,Step Back Jump Shot,Derrick Jones Jr. blocks Aaron Gordon 's 26-foot three point step back jumpshot,13,14,1,1st Quarter,5:46,FALSE,0,7,3064290,3936099,,2025-11-13T03:51:56Z,TRUE,4,16,3,Missed 3PT,2026,2,12,LA,Clippers,LAC,LA,7,Denver,Nuggets,DEN,Denver,2.5,TRUE,FALSE,2.5,1,5:46,5,46,FALSE,FALSE,1,1,1,1,346,1066,2506,345,1065,2505,1,1,1,-25.75,-21,2025-11-12,2025-11-13T03:30:00Z,
54,40181007975,75,155,Defensive Rebound,James Harden defensive rebound,13,14,1,1st Quarter,5:45,FALSE,0,12,3992,,,2025-11-13T03:51:57Z,FALSE,4,16,0,Rebound,2026,2,12,LA,Clippers,LAC,LA,7,Denver,Nuggets,DEN,Denver,2.5,TRUE,FALSE,2.5,1,5:45,5,45,FALSE,FALSE,1,1,1,1,345,1065,2505,343,1063,2503,1,1,1,25.75,21,2025-11-12,2025-11-13T03:30:00Z,
55,40181007976,76,24,Offensive Charge,Derrick Jones Jr. offensive charge,13,14,1,1st Quarter,5:43,FALSE,0,12,3936099,,,2025-11-13T03:52:04Z,FALSE,28,4,0,Foul,2026,2,12,LA,Clippers,LAC,LA,7,Denver,Nuggets,DEN,Denver,2.5,TRUE,FALSE,2.5,1,5:43,5,43,FALSE,FALSE,1,1,1,1,343,1063,2503,343,1063,2503,1,1,1,37.75,-3,2025-11-12,2025-11-13T03:30:00Z,
56,40181007978,78,84,Offensive Foul Turnover,Derrick Jones Jr. turnover,13,14,1,1st Quarter,5:43,FALSE,0,12,3936099,,,2025-11-13T03:52:04Z,FALSE,28,4,0,Turnover,2026,2,12,LA,Clippers,LAC,LA,7,Denver,Nuggets,DEN,Denver,2.5,TRUE,FALSE,2.5,1,5:43,5,43,FALSE,FALSE,1,1,1,1,343,1063,2503,343,1063,2503,1,1,1,37.75,-3,2025-11-12,2025-11-13T03:30:00Z,
57,40181007979,79,584,Substitution,Kobe Sanders enters the game for Derrick Jones Jr.,13,14,1,1st Quarter,5:43,FALSE,0,12,4702352,3936099,,2025-11-13T03:52:20Z,FALSE,-214748340,-214748365,0,Substitution,2026,2,12,LA,Clippers,LAC,LA,7,Denver,Nuggets,DEN,Denver,2.5,TRUE,FALSE,2.5,1,5:43,5,43,FALSE,FALSE,1,1,1,1,343,1063,2503,322,1042,2482,1,1,1,214748406.75,214748365,2025-11-12,2025-11-13T03:30:00Z,
58,40181007981,81,141,Cutting Layup Shot,Ivica Zubac blocks Cameron Johnson 's 2-foot layup,13,14,1,1st Quarter,5:22,FALSE,0,7,3138196,4017837,,2025-11-13T03:52:52Z,TRUE,27,2,2,Missed FG,2026,2,12,LA,Clippers,LAC,LA,7,Denver,Nuggets,DEN,Denver,2.5,TRUE,FALSE,2.5,1,5:22,5,22,FALSE,FALSE,1,1,1,1,322,1042,2482,321,1041,2481,1,1,1,-39.75,2,2025-11-12,2025-11-13T03:30:00Z,
59,40181007983,83,156,Offensive Rebound,Cameron Johnson offensive rebound,13,14,1,1st Quarter,5:21,FALSE,0,7,3138196,,,2025-11-13T03:52:53Z,FALSE,27,2,0,Rebound,2026,2,12,LA,Clippers,LAC,LA,7,Denver,Nuggets,DEN,Denver,2.5,TRUE,FALSE,2.5,1,5:21,5,21,FALSE,FALSE,1,1,1,1,321,1041,2481,320,1040,2480,1,1,1,-39.75,2,2025-11-12,2025-11-13T03:30:00Z,
60,40181007984,84,125,Layup Shot Putback,Cameron Johnson makes two point shot,15,14,1,1st Quarter,5:20,TRUE,2,7,3138196,,,2025-11-13T03:52:58Z,TRUE,26,1,2,+2 Points,2026,2,12,LA,Clippers,LAC,LA,7,Denver,Nuggets,DEN,Denver,2.5,TRUE,FALSE,2.5,1,5:20,5,20,FALSE,FALSE,1,1,1,1,320,1040,2480,302,1022,2462,1,1,1,-40.75,1,2025-11-12,2025-11-13T03:30:00Z,
61,40181007985,85,92,Jump Shot,Kobe Sanders makes 24-foot three point jumper (Nicolas Batum assists),15,17,1,1st Quarter,5:02,TRUE,3,12,4702352,3416,,2025-11-13T03:53:12Z,TRUE,1,4,3,+3 Points,2026,2,12,LA,Clippers,LAC,LA,7,Denver,Nuggets,DEN,Denver,2.5,TRUE,FALSE,2.5,1,5:02,5,2,FALSE,FALSE,1,1,1,1,302,1022,2462,293,1013,2453,1,1,1,37.75,24,2025-11-12,2025-11-13T03:30:00Z,
62,40181007987,87,44,Shooting Foul,Kobe Sanders shooting foul,15,17,1,1st Quarter,4:53,FALSE,0,12,4702352,,,2025-11-13T03:53:24Z,FALSE,31,6,0,Foul,2026,2,12,LA,Clippers,LAC,LA,7,Denver,Nuggets,DEN,Denver,2.5,TRUE,FALSE,2.5,1,4:53,4,53,FALSE,FALSE,1,1,1,1,293,1013,2453,293,1013,2453,1,1,1,35.75,-6,2025-11-12,2025-11-13T03:30:00Z,
63,40181007989,89,98,Free Throw - 1 of 2,Nikola Jokic makes free throw 1 of 2,16,17,1,1st Quarter,4:53,TRUE,1,7,3112335,,,2025-11-13T03:53:47Z,TRUE,25,13.75,1,+1 Point,2026,2,12,LA,Clippers,LAC,LA,7,Denver,Nuggets,DEN,Denver,2.5,TRUE,FALSE,2.5,1,4:53,4,53,FALSE,FALSE,1,1,1,1,293,1013,2453,293,1013,2453,1,1,1,-28,0,2025-11-12,2025-11-13T03:30:00Z,
64,40181007990,90,99,Free Throw - 2 of 2,Nikola Jokic makes free throw 2 of 2,17,17,1,1st Quarter,4:53,TRUE,1,7,3112335,,,2025-11-13T03:54:05Z,TRUE,25,13.75,1,+1 Point,2026,2,12,LA,Clippers,LAC,LA,7,Denver,Nuggets,DEN,Denver,2.5,TRUE,FALSE,2.5,1,4:53,4,53,FALSE,FALSE,1,1,1,1,293,1013,2453,281,1001,2441,1,1,1,-28,0,2025-11-12,2025-11-13T03:30:00Z,
65,40181007991,91,92,Jump Shot,Kobe Sanders misses 27-foot three point jumper,17,17,1,1st Quarter,4:41,FALSE,0,12,4702352,,,2025-11-13T03:54:18Z,TRUE,37,25,3,Missed 3PT,2026,2,12,LA,Clippers,LAC,LA,7,Denver,Nuggets,DEN,Denver,2.5,TRUE,FALSE,2.5,1,4:41,4,41,FALSE,FALSE,1,1,1,1,281,1001,2441,277,997,2437,1,1,1,16.75,-12,2025-11-12,2025-11-13T03:30:00Z,
66,40181007992,92,156,Offensive Rebound,John Collins offensive rebound,17,17,1,1st Quarter,4:37,FALSE,0,12,3908845,,,2025-11-13T03:54:21Z,FALSE,37,25,0,Rebound,2026,2,12,LA,Clippers,LAC,LA,7,Denver,Nuggets,DEN,Denver,2.5,TRUE,FALSE,2.5,1,4:37,4,37,FALSE,FALSE,1,1,1,1,277,997,2437,275,995,2435,1,1,1,16.75,-12,2025-11-12,2025-11-13T03:30:00Z,
67,40181007993,93,119,Driving Hook Shot,John Collins misses 7-foot two point shot,17,17,1,1st Quarter,4:35,FALSE,0,12,3908845,,,2025-11-13T03:54:23Z,TRUE,32,3,2,Missed FG,2026,2,12,LA,Clippers,LAC,LA,7,Denver,Nuggets,DEN,Denver,2.5,TRUE,FALSE,2.5,1,4:35,4,35,FALSE,FALSE,1,1,1,1,275,995,2435,274,994,2434,1,1,1,38.75,-7,2025-11-12,2025-11-13T03:30:00Z,
68,40181007994,94,156,Offensive Rebound,Ivica Zubac offensive rebound,17,17,1,1st Quarter,4:34,FALSE,0,12,4017837,,,2025-11-13T03:54:24Z,FALSE,32,3,0,Rebound,2026,2,12,LA,Clippers,LAC,LA,7,Denver,Nuggets,DEN,Denver,2.5,TRUE,FALSE,2.5,1,4:34,4,34,FALSE,FALSE,1,1,1,1,274,994,2434,273,993,2433,1,1,1,38.75,-7,2025-11-12,2025-11-13T03:30:00Z,
69,40181007995,95,138,Putback Dunk Shot,Ivica Zubac makes 1-foot dunk,17,19,1,1st Quarter,4:33,TRUE,2,12,4017837,,,2025-11-13T03:54:28Z,TRUE,26,1,2,+2 Points,2026,2,12,LA,Clippers,LAC,LA,7,Denver,Nuggets,DEN,Denver,2.5,TRUE,FALSE,2.5,1,4:33,4,33,FALSE,FALSE,1,1,1,1,273,993,2433,254,974,2414,1,1,1,40.75,-1,2025-11-12,2025-11-13T03:30:00Z,
70,40181007996,96,110,Driving Layup Shot,Nikola Jokic makes driving layup,19,19,1,1st Quarter,4:14,TRUE,2,7,3112335,,,2025-11-13T03:54:45Z,TRUE,24,2,2,+2 Points,2026,2,12,LA,Clippers,LAC,LA,7,Denver,Nuggets,DEN,Denver,2.5,TRUE,FALSE,2.5,1,4:14,4,14,FALSE,FALSE,1,1,1,1,254,974,2414,250,970,2410,1,1,1,-39.75,-1,2025-11-12,2025-11-13T03:30:00Z,
71,40181007997,97,257,Transition Take Foul,Cameron Johnson transition take foul,19,19,1,1st Quarter,4:10,FALSE,0,7,3138196,,,2025-11-13T03:54:52Z,FALSE,8,34,0,Foul,2026,2,12,LA,Clippers,LAC,LA,7,Denver,Nuggets,DEN,Denver,2.5,TRUE,FALSE,2.5,1,4:10,4,10,FALSE,FALSE,1,1,1,1,250,970,2410,250,970,2410,1,1,1,-7.75,-17,2025-11-12,2025-11-13T03:30:00Z,
72,40181007999,99,97,Free Throw - 1 of 1,James Harden makes free throw 1 of 1,19,20,1,1st Quarter,4:10,TRUE,1,12,3992,,,2025-11-13T03:55:33Z,TRUE,25,13.75,1,+1 Point,2026,2,12,LA,Clippers,LAC,LA,7,Denver,Nuggets,DEN,Denver,2.5,TRUE,FALSE,2.5,1,4:10,4,10,FALSE,FALSE,1,1,1,1,250,970,2410,250,970,2410,1,1,1,28,-0,2025-11-12,2025-11-13T03:30:00Z,
73,401810079100,100,584,Substitution,Brook Lopez enters the game for Ivica Zubac,19,20,1,1st Quarter,4:10,FALSE,0,12,3448,4017837,,2025-11-13T03:55:34Z,FALSE,-214748340,-214748365,0,Substitution,2026,2,12,LA,Clippers,LAC,LA,7,Denver,Nuggets,DEN,Denver,2.5,TRUE,FALSE,2.5,1,4:10,4,10,FALSE,FALSE,1,1,1,1,250,970,2410,250,970,2410,1,1,1,214748406.75,214748365,2025-11-12,2025-11-13T03:30:00Z,
74,401810079101,101,584,Substitution,Peyton Watson enters the game for Cameron Johnson,19,20,1,1st Quarter,4:10,FALSE,0,7,4576087,3138196,,2025-11-13T03:55:34Z,FALSE,-214748340,-214748365,0,Substitution,2026,2,12,LA,Clippers,LAC,LA,7,Denver,Nuggets,DEN,Denver,2.5,TRUE,FALSE,2.5,1,4:10,4,10,FALSE,FALSE,1,1,1,1,250,970,2410,246,966,2406,1,1,1,-214748406.75,-214748365,2025-11-12,2025-11-13T03:30:00Z,
75,401810079104,104,92,Jump Shot,Nicolas Batum misses 23-foot three point jumper,19,20,1,1st Quarter,4:06,FALSE,0,12,3416,,,2025-11-13T03:56:06Z,TRUE,48,3,3,Missed 3PT,2026,2,12,LA,Clippers,LAC,LA,7,Denver,Nuggets,DEN,Denver,2.5,TRUE,FALSE,2.5,1,4:06,4,6,FALSE,FALSE,1,1,1,1,246,966,2406,245,965,2405,1,1,1,38.75,-23,2025-11-12,2025-11-13T03:30:00Z,
76,401810079105,105,155,Defensive Rebound,Nikola Jokic defensive rebound,19,20,1,1st Quarter,4:05,FALSE,0,7,3112335,,,2025-11-13T03:56:07Z,FALSE,48,3,0,Rebound,2026,2,12,LA,Clippers,LAC,LA,7,Denver,Nuggets,DEN,Denver,2.5,TRUE,FALSE,2.5,1,4:05,4,5,FALSE,FALSE,1,1,1,1,245,965,2405,234,954,2394,1,1,1,-38.75,23,2025-11-12,2025-11-13T03:30:00Z,
77,401810079106,106,92,Jump Shot,Nikola Jokic makes 17-foot jumper,21,20,1,1st Quarter,3:54,TRUE,2,7,3112335,,,2025-11-13T03:56:22Z,TRUE,12,12,2,+2 Points,2026,2,12,LA,Clippers,LAC,LA,7,Denver,Nuggets,DEN,Denver,2.5,TRUE,FALSE,2.5,1,3:54,3,54,FALSE,FALSE,1,1,1,1,234,954,2394,234,954,2394,1,1,1,-29.75,-13,2025-11-12,2025-11-13T03:30:00Z,
78,401810079107,107,44,Shooting Foul,Brook Lopez shooting foul,21,20,1,1st Quarter,3:54,FALSE,0,12,3448,,,2025-11-13T03:56:26Z,FALSE,11,12,0,Foul,2026,2,12,LA,Clippers,LAC,LA,7,Denver,Nuggets,DEN,Denver,2.5,TRUE,FALSE,2.5,1,3:54,3,54,FALSE,FALSE,1,1,1,1,234,954,2394,234,954,2394,1,1,1,29.75,14,2025-11-12,2025-11-13T03:30:00Z,
79,401810079109,109,584,Substitution,Bruce Brown enters the game for Aaron Gordon,21,20,1,1st Quarter,3:54,FALSE,0,7,4065670,3064290,,2025-11-13T03:56:33Z,FALSE,-214748340,-214748365,0,Substitution,2026,2,12,LA,Clippers,LAC,LA,7,Denver,Nuggets,DEN,Denver,2.5,TRUE,FALSE,2.5,1,3:54,3,54,FALSE,FALSE,1,1,1,1,234,954,2394,234,954,2394,1,1,1,-214748406.75,-214748365,2025-11-12,2025-11-13T03:30:00Z,
80,401810079111,111,97,Free Throw - 1 of 1,Nikola Jokic makes free throw 1 of 1,22,20,1,1st Quarter,3:54,TRUE,1,7,3112335,,,2025-11-13T03:56:59Z,TRUE,25,13.75,1,+1 Point,2026,2,12,LA,Clippers,LAC,LA,7,Denver,Nuggets,DEN,Denver,2.5,TRUE,FALSE,2.5,1,3:54,3,54,FALSE,FALSE,1,1,1,1,234,954,2394,225,945,2385,1,1,1,-28,0,2025-11-12,2025-11-13T03:30:00Z,
81,401810079112,112,62,"Bad Pass
Turnover",Kobe Sanders bad pass,22,20,1,1st Quarter,3:45,FALSE,0,12,4702352,,,2025-11-13T03:57:17Z,FALSE,12,38,0,Turnover,2026,2,12,LA,Clippers,LAC,LA,7,Denver,Nuggets,DEN,Denver,2.5,TRUE,FALSE,2.5,1,3:45,3,45,FALSE,FALSE,1,1,1,1,225,945,2385,225,945,2385,1,1,1,3.75,13,2025-11-12,2025-11-13T03:30:00Z,
82,401810079113,113,43,Loose Ball Foul,Brook Lopez loose ball foul,22,20,1,1st Quarter,3:45,FALSE,0,12,3448,,,2025-11-13T03:57:21Z,FALSE,8,37,0,Foul,2026,2,12,LA,Clippers,LAC,LA,7,Denver,Nuggets,DEN,Denver,2.5,TRUE,FALSE,2.5,1,3:45,3,45,FALSE,FALSE,1,1,1,1,225,945,2385,225,945,2385,1,1,1,4.75,17,2025-11-12,2025-11-13T03:30:00Z,
83,401810079115,115,98,Free Throw - 1 of 2,Nikola Jokic makes free throw 1 of 2,23,20,1,1st Quarter,3:45,TRUE,1,7,3112335,,,2025-11-13T03:57:53Z,TRUE,25,13.75,1,+1 Point,2026,2,12,LA,Clippers,LAC,LA,7,Denver,Nuggets,DEN,Denver,2.5,TRUE,FALSE,2.5,1,3:45,3,45,FALSE,FALSE,1,1,1,1,225,945,2385,225,945,2385,1,1,1,-28,0,2025-11-12,2025-11-13T03:30:00Z,
84,401810079116,116,584,Substitution,Jordan Miller enters the game for John Collins,23,20,1,1st Quarter,3:45,FALSE,0,12,4396818,3908845,,2025-11-13T03:58:01Z,FALSE,-214748340,-214748365,0,Substitution,2026,2,12,LA,Clippers,LAC,LA,7,Denver,Nuggets,DEN,Denver,2.5,TRUE,FALSE,2.5,1,3:45,3,45,FALSE,FALSE,1,1,1,1,225,945,2385,225,945,2385,1,1,1,214748406.75,214748365,2025-11-12,2025-11-13T03:30:00Z,
85,401810079118,118,99,Free Throw - 2 of 2,Nikola Jokic makes free throw 2 of 2,24,20,1,1st Quarter,3:45,TRUE,1,7,3112335,,,2025-11-13T03:58:19Z,TRUE,25,13.75,1,+1 Point,2026,2,12,LA,Clippers,LAC,LA,7,Denver,Nuggets,DEN,Denver,2.5,TRUE,FALSE,2.5,1,3:45,3,45,FALSE,FALSE,1,1,1,1,225,945,2385,203,923,2363,1,1,1,-28,0,2025-11-12,2025-11-13T03:30:00Z,
86,401810079119,119,110,Driving Layup Shot,Brook Lopez misses driving layup,24,20,1,1st Quarter,3:23,FALSE,0,12,3448,,,2025-11-13T03:58:42Z,TRUE,24,2,2,Missed FG,2026,2,12,LA,Clippers,LAC,LA,7,Denver,Nuggets,DEN,Denver,2.5,TRUE,FALSE,2.5,1,3:23,3,23,FALSE,FALSE,1,1,1,1,203,923,2363,201,921,2361,1,1,1,39.75,1,2025-11-12,2025-11-13T03:30:00Z,
87,401810079120,120,155,Defensive Rebound,Tim Hardaway Jr. defensive rebound,24,20,1,1st Quarter,3:21,FALSE,0,7,2528210,,,2025-11-13T03:58:44Z,FALSE,24,2,0,Rebound,2026,2,12,LA,Clippers,LAC,LA,7,Denver,Nuggets,DEN,Denver,2.5,TRUE,FALSE,2.5,1,3:21,3,21,FALSE,FALSE,1,1,1,1,201,921,2361,198,918,2358,1,1,1,-39.75,-1,2025-11-12,2025-11-13T03:30:00Z,
88,401810079121,121,109,Running Layup Shot,Christian Braun makes two point shot (Nikola Jokic assists),26,20,1,1st Quarter,3:18,TRUE,2,7,4431767,3112335,,2025-11-13T03:58:49Z,TRUE,24,1,2,+2 Points,2026,2,12,LA,Clippers,LAC,LA,7,Denver,Nuggets,DEN,Denver,2.5,TRUE,FALSE,2.5,1,3:18,3,18,FALSE,FALSE,1,1,1,1,198,918,2358,179,899,2339,1,1,1,-40.75,-1,2025-11-12,2025-11-13T03:30:00Z,
89,401810079122,122,110,Driving Layup Shot,Nikola Jokic blocks James Harden 's 5-foot driving layup,26,20,1,1st Quarter,2:59,FALSE,0,12,3992,3112335,,2025-11-13T03:59:04Z,TRUE,23,4,2,Missed FG,2026,2,12,LA,Clippers,LAC,LA,7,Denver,Nuggets,DEN,Denver,2.5,TRUE,FALSE,2.5,1,2:59,2,59,FALSE,FALSE,1,1,1,1,179,899,2339,178,898,2338,1,1,1,37.75,2,2025-11-12,2025-11-13T03:30:00Z,
90,401810079124,124,155,Defensive Rebound,Nikola Jokic defensive rebound,26,20,1,1st Quarter,2:58,FALSE,0,7,3112335,,,2025-11-13T03:59:05Z,FALSE,23,4,0,Rebound,2026,2,12,LA,Clippers,LAC,LA,7,Denver,Nuggets,DEN,Denver,2.5,TRUE,FALSE,2.5,1,2:58,2,58,FALSE,FALSE,1,1,1,1,178,898,2338,173,893,2333,1,1,1,-37.75,-2,2025-11-12,2025-11-13T03:30:00Z,
91,401810079125,125,113,Running Jump Shot,Tim Hardaway Jr. makes 25-foot three point shot (Christian Braun assists),29,20,1,1st Quarter,2:53,TRUE,3,7,2528210,4431767,,2025-11-13T03:59:11Z,TRUE,49,10,3,+3 Points,2026,2,12,LA,Clippers,LAC,LA,7,Denver,Nuggets,DEN,Denver,2.5,TRUE,FALSE,2.5,1,2:53,2,53,FALSE,FALSE,1,1,1,1,173,893,2333,150,870,2310,1,1,1,-31.75,24,2025-11-12,2025-11-13T03:30:00Z,
92,401810079128,128,144,Driving Floating Jump Shot,Brook Lopez makes 6-foot driving floating jump shot (Nicolas Batum assists),29,22,1,1st Quarter,2:30,TRUE,2,12,3448,3416,,2025-11-13T03:59:33Z,TRUE,31,4,2,+2 Points,2026,2,12,LA,Clippers,LAC,LA,7,Denver,Nuggets,DEN,Denver,2.5,TRUE,FALSE,2.5,1,2:30,2,30,FALSE,FALSE,1,1,1,1,150,870,2310,134,854,2294,1,1,1,37.75,-6,2025-11-12,2025-11-13T03:30:00Z,
93,401810079130,130,92,Jump Shot,Nikola Jokic makes 25-foot three point jumper (Christian Braun assists),32,22,1,1st Quarter,2:14,TRUE,3,7,3112335,4431767,,2025-11-13T03:59:50Z,TRUE,16,24,3,+3 Points,2026,2,12,LA,Clippers,LAC,LA,7,Denver,Nuggets,DEN,Denver,2.5,TRUE,FALSE,2.5,1,2:14,2,14,FALSE,FALSE,1,1,1,1,134,854,2294,119,839,2279,1,1,1,-17.75,-9,2025-11-12,2025-11-13T03:30:00Z,
94,401810079132,132,45,Personal Foul,Bruce Brown personal foul,32,22,1,1st Quarter,1:59,FALSE,0,7,4065670,,,2025-11-13T04:00:07Z,FALSE,12,14,0,Foul,2026,2,12,LA,Clippers,LAC,LA,7,Denver,Nuggets,DEN,Denver,2.5,TRUE,FALSE,2.5,1,1:59,1,59,FALSE,FALSE,1,1,1,1,119,839,2279,119,839,2279,1,1,1,-27.75,-13,2025-11-12,2025-11-13T03:30:00Z,
95,401810079134,134,16,Full Timeout,Nuggets Full timeout,32,22,1,1st Quarter,1:59,FALSE,0,7,,,,2025-11-13T04:00:16Z,FALSE,-214748340,-214748365,0,Timeout,2026,2,12,LA,Clippers,LAC,LA,7,Denver,Nuggets,DEN,Denver,2.5,TRUE,FALSE,2.5,1,1:59,1,59,FALSE,FALSE,1,1,1,1,119,839,2279,111,831,2271,1,1,1,-214748406.75,-214748365,2025-11-12,2025-11-13T03:30:00Z,
96,401810079135,135,110,Driving Layup Shot,James Harden makes driving layup,32,24,1,1st Quarter,1:51,TRUE,2,12,3992,,,2025-11-13T04:03:23Z,TRUE,25,3,2,+2 Points,2026,2,12,LA,Clippers,LAC,LA,7,Denver,Nuggets,DEN,Denver,2.5,TRUE,FALSE,2.5,1,1:51,1,51,FALSE,FALSE,1,1,1,1,111,831,2271,86,806,2246,1,1,1,38.75,-0,2025-11-12,2025-11-13T03:30:00Z,
97,401810079136,136,92,Jump Shot,Nikola Jokic makes 16-foot jumper,34,24,1,1st Quarter,1:26,TRUE,2,7,3112335,,,2025-11-13T04:03:46Z,TRUE,38,11,2,+2 Points,2026,2,12,LA,Clippers,LAC,LA,7,Denver,Nuggets,DEN,Denver,2.5,TRUE,FALSE,2.5,1,1:26,1,26,FALSE,FALSE,1,1,1,1,86,806,2246,75,795,2235,1,1,1,-30.75,13,2025-11-12,2025-11-13T03:30:00Z,
98,401810079137,137,131,Pullup Jump Shot,James Harden makes 26-foot three pointer,34,27,1,1st Quarter,1:15,TRUE,3,12,3992,,,2025-11-13T04:03:58Z,TRUE,11,23,3,+3 Points,2026,2,12,LA,Clippers,LAC,LA,7,Denver,Nuggets,DEN,Denver,2.5,TRUE,FALSE,2.5,1,1:15,1,15,FALSE,FALSE,1,1,1,1,75,795,2235,52.9,772.9,2212.8999,1,1,1,18.75,14,2025-11-12,2025-11-13T03:30:00Z,
99,401810079138,138,45,Personal Foul,Brook Lopez personal foul,34,27,1,1st Quarter,0:52.9,FALSE,0,12,3448,,,2025-11-13T04:04:24Z,FALSE,35,18,0,Foul,2026,2,12,LA,Clippers,LAC,LA,7,Denver,Nuggets,DEN,Denver,2.5,TRUE,FALSE,2.5,1,0:52.9,0,52.9,FALSE,FALSE,1,1,1,1,52.9,772.9,2212.8999,52.9,772.9,2212.8999,1,1,1,23.75,-10,2025-11-12,2025-11-13T03:30:00Z,
100,401810079140,140,98,Free Throw - 1 of 2,Nikola Jokic makes free throw 1 of 2,35,27,1,1st Quarter,0:52.9,TRUE,1,7,3112335,,,2025-11-13T04:04:50Z,TRUE,25,13.75,1,+1 Point,2026,2,12,LA,Clippers,LAC,LA,7,Denver,Nuggets,DEN,Denver,2.5,TRUE,FALSE,2.5,1,0:52.9,0,52.9,FALSE,FALSE,1,1,1,1,52.9,772.9,2212.8999,52.9,772.9,2212.8999,1,1,1,-28,0,2025-11-12,2025-11-13T03:30:00Z,
101,401810079141,141,99,Free Throw - 2 of 2,Nikola Jokic makes free throw 2 of 2,36,27,1,1st Quarter,0:52.9,TRUE,1,7,3112335,,,2025-11-13T04:05:06Z,TRUE,25,13.75,1,+1 Point,2026,2,12,LA,Clippers,LAC,LA,7,Denver,Nuggets,DEN,Denver,2.5,TRUE,FALSE,2.5,1,0:52.9,0,52.9,FALSE,FALSE,1,1,1,1,52.9,772.9,2212.8999,42.2,762.2,2202.2,1,1,1,-28,0,2025-11-12,2025-11-13T03:30:00Z,
102,401810079142,142,92,Jump Shot,Brook Lopez makes 27-foot three point jumper (James Harden assists),36,30,1,1st Quarter,0:42.2,TRUE,3,12,3448,3992,,2025-11-13T04:05:19Z,TRUE,5,19,3,+3 Points,2026,2,12,LA,Clippers,LAC,LA,7,Denver,Nuggets,DEN,Denver,2.5,TRUE,FALSE,2.5,1,0:42.2,0,42.2,FALSE,FALSE,1,1,1,1,42.2,762.2,2202.2,34.2,754.2,2194.2,1,1,1,22.75,20,2025-11-12,2025-11-13T03:30:00Z,
103,401810079144,144,92,Jump Shot,Nikola Jokic makes 25-foot three point jumper (Christian Braun assists),39,30,1,1st Quarter,0:34.2,TRUE,3,7,3112335,4431767,,2025-11-13T04:05:30Z,TRUE,27,25,3,+3 Points,2026,2,12,LA,Clippers,LAC,LA,7,Denver,Nuggets,DEN,Denver,2.5,TRUE,FALSE,2.5,1,0:34.2,0,34.2,FALSE,FALSE,1,1,1,1,34.2,754.2,2194.2,27.2,747.2,2187.2,1,1,1,-16.75,2,2025-11-12,2025-11-13T03:30:00Z,
104,401810079146,146,45,Personal Foul,Christian Braun personal foul,39,30,1,1st Quarter,0:27.2,FALSE,0,7,4431767,,,2025-11-13T04:05:43Z,FALSE,24,38,0,Foul,2026,2,12,LA,Clippers,LAC,LA,7,Denver,Nuggets,DEN,Denver,2.5,TRUE,FALSE,2.5,1,0:27.2,0,27.2,FALSE,FALSE,1,1,1,1,27.2,747.2,2187.2,27.2,747.2,2187.2,1,1,1,-3.75,-1,2025-11-12,2025-11-13T03:30:00Z,
105,401810079148,148,98,Free Throw - 1 of 2,James Harden makes free throw 1 of 2,39,31,1,1st Quarter,0:27.2,TRUE,1,12,3992,,,2025-11-13T04:06:37Z,TRUE,25,13.75,1,+1 Point,2026,2,12,LA,Clippers,LAC,LA,7,Denver,Nuggets,DEN,Denver,2.5,TRUE,FALSE,2.5,1,0:27.2,0,27.2,FALSE,FALSE,1,1,1,1,27.2,747.2,2187.2,27.2,747.2,2187.2,1,1,1,28,-0,2025-11-12,2025-11-13T03:30:00Z,
106,401810079149,149,584,Substitution,Jamal Murray enters the game for Christian Braun,39,31,1,1st Quarter,0:27.2,FALSE,0,7,3936299,4431767,,2025-11-13T04:06:38Z,FALSE,-214748340,-214748365,0,Substitution,2026,2,12,LA,Clippers,LAC,LA,7,Denver,Nuggets,DEN,Denver,2.5,TRUE,FALSE,2.5,1,0:27.2,0,27.2,FALSE,FALSE,1,1,1,1,27.2,747.2,2187.2,27.2,747.2,2187.2,1,1,1,-214748406.75,-214748365,2025-11-12,2025-11-13T03:30:00Z,
107,401810079151,151,99,Free Throw - 2 of 2,James Harden makes free throw 2 of 2,39,32,1,1st Quarter,0:27.2,TRUE,1,12,3992,,,2025-11-13T04:07:00Z,TRUE,25,13.75,1,+1 Point,2026,2,12,LA,Clippers,LAC,LA,7,Denver,Nuggets,DEN,Denver,2.5,TRUE,FALSE,2.5,1,0:27.2,0,27.2,FALSE,FALSE,1,1,1,1,27.2,747.2,2187.2,3.6,723.6,2163.6001,1,1,1,28,-0,2025-11-12,2025-11-13T03:30:00Z,
108,401810079153,153,62,"Bad Pass
Turnover",Jamal Murray bad pass (Nicolas Batum steals),39,32,1,1st Quarter,0:3.6,FALSE,0,7,3936299,3416,,2025-11-13T04:07:48Z,FALSE,33,1,0,Turnover,2026,2,12,LA,Clippers,LAC,LA,7,Denver,Nuggets,DEN,Denver,2.5,TRUE,FALSE,2.5,1,0:3.6,0,3.6,FALSE,FALSE,1,1,1,1,3.6,723.6,2163.6001,1.3,721.3,2161.3,1,1,1,-40.75,8,2025-11-12,2025-11-13T03:30:00Z,
109,401810079155,155,133,Pullup Bank Jump Shot,Jordan Miller makes 41-foot three point shot (Nicolas Batum assists),39,35,1,1st Quarter,0:1.3,TRUE,3,12,4396818,3416,,2025-11-13T04:07:52Z,TRUE,23,42,3,+3 Points,2026,2,12,LA,Clippers,LAC,LA,7,Denver,Nuggets,DEN,Denver,2.5,TRUE,FALSE,2.5,1,0:1.3,0,1.3,FALSE,FALSE,1,1,1,1,1.3,721.3,2161.3,0,720,2160,1,1,1,-0.25,2,2025-11-12,2025-11-13T03:30:00Z,
110,401810079158,158,278,Ref-Initiated Review (Supported),(00:00) [Nuggets] REF-INITIATED REVIEW (REPLAY SUPPORTS CALL),39,35,1,1st Quarter,0:0.0,FALSE,0,,,,,2025-11-13T04:07:57Z,FALSE,-214748340,-214748365,0,Challenge,2026,2,12,LA,Clippers,LAC,LA,7,Denver,Nuggets,DEN,Denver,2.5,TRUE,FALSE,2.5,1,0:0.0,0,0,FALSE,FALSE,1,1,1,1,0,720,2160,0,720,2160,1,1,1,-214748406.75,-214748365,2025-11-12,2025-11-13T03:30:00Z,
111,401810079156,156,412,End Period,End of the 1st Quarter,39,35,1,1st Quarter,0:0.0,FALSE,0,,,,,2025-11-13T04:08:01Z,FALSE,-214748340,-214748365,0,End of 1st,2026,2,12,LA,Clippers,LAC,LA,7,Denver,Nuggets,DEN,Denver,2.5,TRUE,FALSE,2.5,1,0:0.0,0,0,FALSE,FALSE,1,1,2,1,0,720,2160,720,720,2160,1,1,1,-214748406.75,-214748365,2025-11-12,2025-11-13T03:30:00Z,
112,401810079159,159,584,Substitution,Ivica Zubac enters the game for James Harden,39,35,2,2nd Quarter,12:00,FALSE,0,12,4017837,3992,,2025-11-13T04:10:12Z,FALSE,-214748340,-214748365,0,Substitution,2026,2,12,LA,Clippers,LAC,LA,7,Denver,Nuggets,DEN,Denver,2.5,TRUE,FALSE,2.5,2,12:00,12,0,FALSE,FALSE,1,1,2,1,720,720,2160,720,720,2160,2,1,1,214748406.75,214748365,2025-11-12,2025-11-13T03:30:00Z,
113,401810079160,160,584,Substitution,Bogdan Bogdanovic enters the game for Brook Lopez,39,35,2,2nd Quarter,12:00,FALSE,0,12,3037789,3448,,2025-11-13T04:10:12Z,FALSE,-214748340,-214748365,0,Substitution,2026,2,12,LA,Clippers,LAC,LA,7,Denver,Nuggets,DEN,Denver,2.5,TRUE,FALSE,2.5,2,12:00,12,0,FALSE,FALSE,1,1,2,1,720,720,2160,720,720,2160,2,2,1,214748406.75,214748365,2025-11-12,2025-11-13T03:30:00Z,
114,401810079161,161,584,Substitution,Jonas Valanciunas enters the game for Tim Hardaway Jr.,39,35,2,2nd Quarter,12:00,FALSE,0,7,6477,2528210,,2025-11-13T04:10:12Z,FALSE,-214748340,-214748365,0,Substitution,2026,2,12,LA,Clippers,LAC,LA,7,Denver,Nuggets,DEN,Denver,2.5,TRUE,FALSE,2.5,2,12:00,12,0,FALSE,FALSE,1,1,2,1,720,720,2160,720,720,2160,2,2,1,-214748406.75,-214748365,2025-11-12,2025-11-13T03:30:00Z,
115,401810079162,162,584,Substitution,Julian Strawther enters the game for Nikola Jokic,39,35,2,2nd Quarter,12:00,FALSE,0,7,4432181,3112335,,2025-11-13T04:10:12Z,FALSE,-214748340,-214748365,0,Substitution,2026,2,12,LA,Clippers,LAC,LA,7,Denver,Nuggets,DEN,Denver,2.5,TRUE,FALSE,2.5,2,12:00,12,0,FALSE,FALSE,1,1,2,1,720,720,2160,702,702,2142,2,2,1,-214748406.75,-214748365,2025-11-12,2025-11-13T03:30:00Z,
116,401810079168,168,132,Step Back Jump Shot,Jamal Murray misses 15-foot step back jumpshot,39,35,2,2nd Quarter,11:42,FALSE,0,7,3936299,,,2025-11-13T04:10:54Z,TRUE,20,15,2,Missed FG,2026,2,12,LA,Clippers,LAC,LA,7,Denver,Nuggets,DEN,Denver,2.5,TRUE,FALSE,2.5,2,11:42,11,42,FALSE,FALSE,1,1,2,1,702,702,2142,699,699,2139,2,2,1,-26.75,-5,2025-11-12,2025-11-13T03:30:00Z,
117,401810079169,169,155,Defensive Rebound,Nicolas Batum defensive rebound,39,35,2,2nd Quarter,11:39,FALSE,0,12,3416,,,2025-11-13T04:10:57Z,FALSE,20,15,0,Rebound,2026,2,12,LA,Clippers,LAC,LA,7,Denver,Nuggets,DEN,Denver,2.5,TRUE,FALSE,2.5,2,11:39,11,39,FALSE,FALSE,1,1,2,1,699,699,2139,687,687,2127,2,2,1,26.75,5,2025-11-12,2025-11-13T03:30:00Z,
118,401810079170,170,132,Step Back Jump Shot,Bogdan Bogdanovic misses 15-foot step back jumpshot,39,35,2,2nd Quarter,11:27,FALSE,0,12,3037789,,,2025-11-13T04:11:09Z,TRUE,40,3,2,Missed FG,2026,2,12,LA,Clippers,LAC,LA,7,Denver,Nuggets,DEN,Denver,2.5,TRUE,FALSE,2.5,2,11:27,11,27,FALSE,FALSE,1,1,2,1,687,687,2127,683,683,2123,2,2,1,38.75,-15,2025-11-12,2025-11-13T03:30:00Z,
119,401810079171,171,155,Defensive Rebound,Jonas Valanciunas defensive rebound,39,35,2,2nd Quarter,11:23,FALSE,0,7,6477,,,2025-11-13T04:11:13Z,FALSE,40,3,0,Rebound,2026,2,12,LA,Clippers,LAC,LA,7,Denver,Nuggets,DEN,Denver,2.5,TRUE,FALSE,2.5,2,11:23,11,23,FALSE,FALSE,1,1,2,1,683,683,2123,673,673,2113,2,2,1,-38.75,15,2025-11-12,2025-11-13T03:30:00Z,
120,401810079172,172,92,Jump Shot,Jonas Valanciunas misses 26-foot three point jumper,39,35,2,2nd Quarter,11:13,FALSE,0,7,6477,,,2025-11-13T04:11:23Z,TRUE,13,24,3,Missed 3PT,2026,2,12,LA,Clippers,LAC,LA,7,Denver,Nuggets,DEN,Denver,2.5,TRUE,FALSE,2.5,2,11:13,11,13,FALSE,FALSE,1,1,2,1,673,673,2113,670,670,2110,2,2,1,-17.75,-12,2025-11-12,2025-11-13T03:30:00Z,
121,401810079173,173,156,Offensive Rebound,Peyton Watson offensive rebound,39,35,2,2nd Quarter,11:10,FALSE,0,7,4576087,,,2025-11-13T04:11:27Z,FALSE,13,24,0,Rebound,2026,2,12,LA,Clippers,LAC,LA,7,Denver,Nuggets,DEN,Denver,2.5,TRUE,FALSE,2.5,2,11:10,11,10,FALSE,FALSE,1,1,2,1,670,670,2110,665,665,2105,2,2,1,-17.75,-12,2025-11-12,2025-11-13T03:30:00Z,
122,401810079174,174,45,Personal Foul,Kobe Sanders personal foul,39,35,2,2nd Quarter,11:05,FALSE,0,12,4702352,,,2025-11-13T04:11:34Z,FALSE,13,14,0,Foul,2026,2,12,LA,Clippers,LAC,LA,7,Denver,Nuggets,DEN,Denver,2.5,TRUE,FALSE,2.5,2,11:05,11,5,FALSE,FALSE,1,1,2,1,665,665,2105,652,652,2092,2,2,1,27.75,12,2025-11-12,2025-11-13T03:30:00Z,
123,401810079176,176,126,Layup Driving Reverse,Ivica Zubac blocks Bruce Brown 's 3-foot two point shot,39,35,2,2nd Quarter,10:52,FALSE,0,7,4065670,4017837,,2025-11-13T04:12:11Z,TRUE,23,3,2,Missed FG,2026,2,12,LA,Clippers,LAC,LA,7,Denver,Nuggets,DEN,Denver,2.5,TRUE,FALSE,2.5,2,10:52,10,52,FALSE,FALSE,1,1,2,1,652,652,2092,651,651,2091,2,2,1,-38.75,-2,2025-11-12,2025-11-13T03:30:00Z,
124,401810079178,178,156,Offensive Rebound,Nuggets offensive team rebound,39,35,2,2nd Quarter,10:51,FALSE,0,7,,,,2025-11-13T04:12:12Z,FALSE,23,3,0,Rebound,2026,2,12,LA,Clippers,LAC,LA,7,Denver,Nuggets,DEN,Denver,2.5,TRUE,FALSE,2.5,2,10:51,10,51,FALSE,FALSE,1,1,2,1,651,651,2091,651,651,2091,2,2,1,-38.75,-2,2025-11-12,2025-11-13T03:30:00Z,
125,401810079179,179,70,Shot Clock Turnover,shot clock turnover ,39,35,2,2nd Quarter,10:51,FALSE,0,7,,,,2025-11-13T04:12:14Z,FALSE,39,2,0,Turnover,2026,2,12,LA,Clippers,LAC,LA,7,Denver,Nuggets,DEN,Denver,2.5,TRUE,FALSE,2.5,2,10:51,10,51,FALSE,FALSE,1,1,2,1,651,651,2091,631,631,2071,2,2,1,-39.75,14,2025-11-12,2025-11-13T03:30:00Z,
126,401810079180,180,119,Driving Hook Shot,Ivica Zubac misses 7-foot two point shot,39,35,2,2nd Quarter,10:31,FALSE,0,12,4017837,,,2025-11-13T04:12:39Z,TRUE,32,2,2,Missed FG,2026,2,12,LA,Clippers,LAC,LA,7,Denver,Nuggets,DEN,Denver,2.5,TRUE,FALSE,2.5,2,10:31,10,31,FALSE,FALSE,1,1,2,1,631,631,2071,629,629,2069,2,2,1,39.75,-7,2025-11-12,2025-11-13T03:30:00Z,
127,401810079181,181,155,Defensive Rebound,Jonas Valanciunas defensive rebound,39,35,2,2nd Quarter,10:29,FALSE,0,7,6477,,,2025-11-13T04:12:41Z,FALSE,32,2,0,Rebound,2026,2,12,LA,Clippers,LAC,LA,7,Denver,Nuggets,DEN,Denver,2.5,TRUE,FALSE,2.5,2,10:29,10,29,FALSE,FALSE,1,1,2,1,629,629,2069,613,613,2053,2,2,1,-39.75,7,2025-11-12,2025-11-13T03:30:00Z,
128,401810079182,182,42,Offensive Foul,Jonas Valanciunas offensive foul,39,35,2,2nd Quarter,10:13,FALSE,0,7,6477,,,2025-11-13T04:13:02Z,FALSE,24,4,0,Foul,2026,2,12,LA,Clippers,LAC,LA,7,Denver,Nuggets,DEN,Denver,2.5,TRUE,FALSE,2.5,2,10:13,10,13,FALSE,FALSE,1,1,2,1,613,613,2053,613,613,2053,2,2,1,-37.75,-1,2025-11-12,2025-11-13T03:30:00Z,
129,401810079184,184,84,Offensive Foul Turnover,Jonas Valanciunas turnover,39,35,2,2nd Quarter,10:13,FALSE,0,7,6477,,,2025-11-13T04:13:02Z,FALSE,24,4,0,Turnover,2026,2,12,LA,Clippers,LAC,LA,7,Denver,Nuggets,DEN,Denver,2.5,TRUE,FALSE,2.5,2,10:13,10,13,FALSE,FALSE,1,1,2,1,613,613,2053,593,593,2033,2,2,1,-37.75,-1,2025-11-12,2025-11-13T03:30:00Z,
130,401810079185,185,92,Jump Shot,Jordan Miller makes 25-foot three point jumper (Kobe Sanders assists),39,38,2,2nd Quarter,9:53,TRUE,3,12,4396818,4702352,,2025-11-13T04:13:36Z,TRUE,6,17,3,+3 Points,2026,2,12,LA,Clippers,LAC,LA,7,Denver,Nuggets,DEN,Denver,2.5,TRUE,FALSE,2.5,2,9:53,9,53,FALSE,FALSE,1,1,2,1,593,593,2033,573,573,2013,2,2,1,24.75,19,2025-11-12,2025-11-13T03:30:00Z,
131,401810079187,187,110,Driving Layup Shot,Jamal Murray misses driving layup,39,38,2,2nd Quarter,9:33,FALSE,0,7,3936299,,,2025-11-13T04:13:55Z,TRUE,26,4,2,Missed FG,2026,2,12,LA,Clippers,LAC,LA,7,Denver,Nuggets,DEN,Denver,2.5,TRUE,FALSE,2.5,2,9:33,9,33,FALSE,FALSE,1,1,2,1,573,573,2013,571,571,2011,2,2,1,-37.75,1,2025-11-12,2025-11-13T03:30:00Z,
132,401810079188,188,155,Defensive Rebound,Ivica Zubac defensive rebound,39,38,2,2nd Quarter,9:31,FALSE,0,12,4017837,,,2025-11-13T04:13:57Z,FALSE,26,4,0,Rebound,2026,2,12,LA,Clippers,LAC,LA,7,Denver,Nuggets,DEN,Denver,2.5,TRUE,FALSE,2.5,2,9:31,9,31,FALSE,FALSE,1,1,2,1,571,571,2011,556,556,1996,2,2,1,37.75,-1,2025-11-12,2025-11-13T03:30:00Z,
133,401810079189,189,92,Jump Shot,Bogdan Bogdanovic makes 23-foot three point jumper (Ivica Zubac assists),39,41,2,2nd Quarter,9:16,TRUE,3,12,3037789,4017837,,2025-11-13T04:14:13Z,TRUE,49,3,3,+3 Points,2026,2,12,LA,Clippers,LAC,LA,7,Denver,Nuggets,DEN,Denver,2.5,TRUE,FALSE,2.5,2,9:16,9,16,FALSE,FALSE,1,1,2,1,556,556,1996,556,556,1996,2,2,1,38.75,-24,2025-11-12,2025-11-13T03:30:00Z,
134,401810079191,191,16,Full Timeout,Nuggets Full timeout,39,41,2,2nd Quarter,9:16,FALSE,0,7,,,,2025-11-13T04:14:19Z,FALSE,-214748340,-214748365,0,Timeout,2026,2,12,LA,Clippers,LAC,LA,7,Denver,Nuggets,DEN,Denver,2.5,TRUE,FALSE,2.5,2,9:16,9,16,FALSE,FALSE,1,1,2,1,556,556,1996,544,544,1984,2,2,1,-214748406.75,-214748365,2025-11-12,2025-11-13T03:30:00Z,
135,401810079192,192,90,Out of Bounds - Bad Pass Turnover,Julian Strawther out of bounds bad pass turnover,39,41,2,2nd Quarter,9:04,FALSE,0,7,4432181,,,2025-11-13T04:17:25Z,FALSE,8,22,0,Turnover,2026,2,12,LA,Clippers,LAC,LA,7,Denver,Nuggets,DEN,Denver,2.5,TRUE,FALSE,2.5,2,9:04,9,4,FALSE,FALSE,1,1,2,1,544,544,1984,530,530,1970,2,2,1,-19.75,-17,2025-11-12,2025-11-13T03:30:00Z,
136,401810079193,193,44,Shooting Foul,Bruce Brown shooting foul,39,41,2,2nd Quarter,8:50,FALSE,0,7,4065670,,,2025-11-13T04:17:46Z,FALSE,26,13,0,Foul,2026,2,12,LA,Clippers,LAC,LA,7,Denver,Nuggets,DEN,Denver,2.5,TRUE,FALSE,2.5,2,8:50,8,50,FALSE,FALSE,1,1,2,1,530,530,1970,530,530,1970,2,2,1,-28.75,1,2025-11-12,2025-11-13T03:30:00Z,
137,401810079195,195,98,Free Throw - 1 of 2,Jordan Miller makes free throw 1 of 2,39,42,2,2nd Quarter,8:50,TRUE,1,12,4396818,,,2025-11-13T04:18:18Z,TRUE,25,13.75,1,+1 Point,2026,2,12,LA,Clippers,LAC,LA,7,Denver,Nuggets,DEN,Denver,2.5,TRUE,FALSE,2.5,2,8:50,8,50,FALSE,FALSE,1,1,2,1,530,530,1970,530,530,1970,2,2,1,28,-0,2025-11-12,2025-11-13T03:30:00Z,
138,401810079196,196,99,Free Throw - 2 of 2,Jordan Miller makes free throw 2 of 2,39,43,2,2nd Quarter,8:50,TRUE,1,12,4396818,,,2025-11-13T04:18:32Z,TRUE,25,13.75,1,+1 Point,2026,2,12,LA,Clippers,LAC,LA,7,Denver,Nuggets,DEN,Denver,2.5,TRUE,FALSE,2.5,2,8:50,8,50,FALSE,FALSE,1,1,2,1,530,530,1970,517,517,1957,2,2,1,28,-0,2025-11-12,2025-11-13T03:30:00Z,
139,401810079197,197,144,Driving Floating Jump Shot,Julian Strawther makes 9-foot driving floating jump shot (Jamal Murray assists),41,43,2,2nd Quarter,8:37,TRUE,2,7,4432181,3936299,,2025-11-13T04:18:48Z,TRUE,31,7,2,+2 Points,2026,2,12,LA,Clippers,LAC,LA,7,Denver,Nuggets,DEN,Denver,2.5,TRUE,FALSE,2.5,2,8:37,8,37,FALSE,FALSE,1,1,2,1,517,517,1957,496,496,1936,2,2,1,-34.75,6,2025-11-12,2025-11-13T03:30:00Z,
140,401810079199,199,92,Jump Shot,Kobe Sanders makes 28-foot three point jumper (Bogdan Bogdanovic assists),41,46,2,2nd Quarter,8:16,TRUE,3,12,4702352,3037789,,2025-11-13T04:19:09Z,TRUE,31,28,3,+3 Points,2026,2,12,LA,Clippers,LAC,LA,7,Denver,Nuggets,DEN,Denver,2.5,TRUE,FALSE,2.5,2,8:16,8,16,FALSE,FALSE,1,1,2,1,496,496,1936,478,478,1918,2,2,1,13.75,-6,2025-11-12,2025-11-13T03:30:00Z,
141,401810079201,201,131,Pullup Jump Shot,Peyton Watson misses 26-foot three point pullup jump shot,41,46,2,2nd Quarter,7:58,FALSE,0,7,4576087,,,2025-11-13T04:19:28Z,TRUE,39,23,3,Missed 3PT,2026,2,12,LA,Clippers,LAC,LA,7,Denver,Nuggets,DEN,Denver,2.5,TRUE,FALSE,2.5,2,7:58,7,58,FALSE,FALSE,1,1,2,1,478,478,1918,476,476,1916,2,2,1,-18.75,14,2025-11-12,2025-11-13T03:30:00Z,
142,401810079202,202,155,Defensive Rebound,Ivica Zubac defensive rebound,41,46,2,2nd Quarter,7:56,FALSE,0,12,4017837,,,2025-11-13T04:19:30Z,FALSE,39,23,0,Rebound,2026,2,12,LA,Clippers,LAC,LA,7,Denver,Nuggets,DEN,Denver,2.5,TRUE,FALSE,2.5,2,7:56,7,56,FALSE,FALSE,1,1,2,1,476,476,1916,468,468,1908,2,2,1,18.75,-14,2025-11-12,2025-11-13T03:30:00Z,
143,401810079203,203,131,Pullup Jump Shot,Bogdan Bogdanovic makes 27-foot three pointer,41,49,2,2nd Quarter,7:48,TRUE,3,12,3037789,,,2025-11-13T04:19:37Z,TRUE,36,25,3,+3 Points,2026,2,12,LA,Clippers,LAC,LA,7,Denver,Nuggets,DEN,Denver,2.5,TRUE,FALSE,2.5,2,7:48,7,48,FALSE,FALSE,1,1,2,1,468,468,1908,456,456,1896,2,2,1,16.75,-11,2025-11-12,2025-11-13T03:30:00Z,
144,401810079204,204,45,Personal Foul,Bogdan Bogdanovic personal foul,41,49,2,2nd Quarter,7:36,FALSE,0,12,3037789,,,2025-11-13T04:19:53Z,FALSE,34,8,0,Foul,2026,2,12,LA,Clippers,LAC,LA,7,Denver,Nuggets,DEN,Denver,2.5,TRUE,FALSE,2.5,2,7:36,7,36,FALSE,FALSE,1,1,2,1,456,456,1896,456,456,1896,2,2,1,33.75,-9,2025-11-12,2025-11-13T03:30:00Z,
145,401810079206,206,584,Substitution,Aaron Gordon enters the game for Peyton Watson,41,49,2,2nd Quarter,7:36,FALSE,0,7,3064290,4576087,,2025-11-13T04:20:02Z,FALSE,-214748340,-214748365,0,Substitution,2026,2,12,LA,Clippers,LAC,LA,7,Denver,Nuggets,DEN,Denver,2.5,TRUE,FALSE,2.5,2,7:36,7,36,FALSE,FALSE,1,1,2,1,456,456,1896,455,455,1895,2,2,1,-214748406.75,-214748365,2025-11-12,2025-11-13T03:30:00Z,
146,401810079208,208,12,Kicked Ball,Kobe Sanders kicked ball violation,41,49,2,2nd Quarter,7:35,FALSE,0,12,4702352,,,2025-11-13T04:20:16Z,FALSE,-214748340,-214748365,0,Violation,2026,2,12,LA,Clippers,LAC,LA,7,Denver,Nuggets,DEN,Denver,2.5,TRUE,FALSE,2.5,2,7:35,7,35,FALSE,FALSE,1,1,2,1,455,455,1895,441,441,1881,2,2,1,214748406.75,214748365,2025-11-12,2025-11-13T03:30:00Z,
147,401810079210,210,119,Driving Hook Shot,Jonas Valanciunas makes 6-foot two point shot,43,49,2,2nd Quarter,7:21,TRUE,2,7,6477,,,2025-11-13T04:20:53Z,TRUE,24,7,2,+2 Points,2026,2,12,LA,Clippers,LAC,LA,7,Denver,Nuggets,DEN,Denver,2.5,TRUE,FALSE,2.5,2,7:21,7,21,FALSE,FALSE,1,1,2,1,441,441,1881,422,422,1862,2,2,1,-34.75,-1,2025-11-12,2025-11-13T03:30:00Z,
148,401810079211,211,92,Jump Shot,Kobe Sanders makes 23-foot three point jumper (Jordan Miller assists),43,52,2,2nd Quarter,7:02,TRUE,3,12,4702352,4396818,,2025-11-13T04:21:11Z,TRUE,49,2,3,+3 Points,2026,2,12,LA,Clippers,LAC,LA,7,Denver,Nuggets,DEN,Denver,2.5,TRUE,FALSE,2.5,2,7:02,7,2,FALSE,FALSE,1,1,2,1,422,422,1862,422,422,1862,2,2,1,39.75,-24,2025-11-12,2025-11-13T03:30:00Z,
149,401810079213,213,16,Full Timeout,Nuggets Full timeout,43,52,2,2nd Quarter,7:02,FALSE,0,7,,,,2025-11-13T04:21:20Z,FALSE,-214748340,-214748365,0,Timeout,2026,2,12,LA,Clippers,LAC,LA,7,Denver,Nuggets,DEN,Denver,2.5,TRUE,FALSE,2.5,2,7:02,7,2,FALSE,FALSE,1,1,2,1,422,422,1862,422,422,1862,2,2,1,-214748406.75,-214748365,2025-11-12,2025-11-13T03:30:00Z,
150,401810079214,214,584,Substitution,Christian Braun enters the game for Julian Strawther,43,52,2,2nd Quarter,7:02,FALSE,0,7,4431767,4432181,,2025-11-13T04:23:39Z,FALSE,-214748340,-214748365,0,Substitution,2026,2,12,LA,Clippers,LAC,LA,7,Denver,Nuggets,DEN,Denver,2.5,TRUE,FALSE,2.5,2,7:02,7,2,FALSE,FALSE,1,1,2,1,422,422,1862,422,422,1862,2,2,1,-214748406.75,-214748365,2025-11-12,2025-11-13T03:30:00Z,
151,401810079215,215,584,Substitution,Tim Hardaway Jr. enters the game for Bruce Brown,43,52,2,2nd Quarter,7:02,FALSE,0,7,2528210,4065670,,2025-11-13T04:23:39Z,FALSE,-214748340,-214748365,0,Substitution,2026,2,12,LA,Clippers,LAC,LA,7,Denver,Nuggets,DEN,Denver,2.5,TRUE,FALSE,2.5,2,7:02,7,2,FALSE,FALSE,1,1,2,1,422,422,1862,422,422,1862,2,2,1,-214748406.75,-214748365,2025-11-12,2025-11-13T03:30:00Z,
152,401810079216,216,584,Substitution,Nikola Jokic enters the game for Jonas Valanciunas,43,52,2,2nd Quarter,7:02,FALSE,0,7,3112335,6477,,2025-11-13T04:23:39Z,FALSE,-214748340,-214748365,0,Substitution,2026,2,12,LA,Clippers,LAC,LA,7,Denver,Nuggets,DEN,Denver,2.5,TRUE,FALSE,2.5,2,7:02,7,2,FALSE,FALSE,1,1,2,1,422,422,1862,401,401,1841,2,2,1,-214748406.75,-214748365,2025-11-12,2025-11-13T03:30:00Z,
153,401810079220,220,128,Driving Finger Roll Layup,Aaron Gordon makes 4-foot two point shot,45,52,2,2nd Quarter,6:41,TRUE,2,7,3064290,,,2025-11-13T04:24:29Z,TRUE,24,5,2,+2 Points,2026,2,12,LA,Clippers,LAC,LA,7,Denver,Nuggets,DEN,Denver,2.5,TRUE,FALSE,2.5,2,6:41,6,41,FALSE,FALSE,1,1,2,1,401,401,1841,387,387,1827,2,2,1,-36.75,-1,2025-11-12,2025-11-13T03:30:00Z,
154,401810079221,221,92,Jump Shot,Kobe Sanders misses 23-foot three point jumper,45,52,2,2nd Quarter,6:27,FALSE,0,12,4702352,,,2025-11-13T04:24:41Z,TRUE,2,2,3,Missed 3PT,2026,2,12,LA,Clippers,LAC,LA,7,Denver,Nuggets,DEN,Denver,2.5,TRUE,FALSE,2.5,2,6:27,6,27,FALSE,FALSE,1,1,2,1,387,387,1827,384,384,1824,2,2,1,39.75,23,2025-11-12,2025-11-13T03:30:00Z,
155,401810079222,222,155,Defensive Rebound,Christian Braun defensive rebound,45,52,2,2nd Quarter,6:24,FALSE,0,7,4431767,,,2025-11-13T04:24:44Z,FALSE,2,2,0,Rebound,2026,2,12,LA,Clippers,LAC,LA,7,Denver,Nuggets,DEN,Denver,2.5,TRUE,FALSE,2.5,2,6:24,6,24,FALSE,FALSE,1,1,2,1,384,384,1824,378,378,1818,2,2,1,-39.75,-23,2025-11-12,2025-11-13T03:30:00Z,
156,401810079223,223,45,Personal Foul,Bogdan Bogdanovic personal foul,45,52,2,2nd Quarter,6:18,FALSE,0,12,3037789,,,2025-11-13T04:24:53Z,FALSE,31,25,0,Foul,2026,2,12,LA,Clippers,LAC,LA,7,Denver,Nuggets,DEN,Denver,2.5,TRUE,FALSE,2.5,2,6:18,6,18,FALSE,FALSE,1,1,2,1,378,378,1818,368,368,1808,2,2,1,16.75,-6,2025-11-12,2025-11-13T03:30:00Z,
157,401810079225,225,132,Step Back Jump Shot,Jamal Murray misses 27-foot three point step back jumpshot,45,52,2,2nd Quarter,6:08,FALSE,0,7,3936299,,,2025-11-13T04:25:18Z,TRUE,39,24,3,Missed 3PT,2026,2,12,LA,Clippers,LAC,LA,7,Denver,Nuggets,DEN,Denver,2.5,TRUE,FALSE,2.5,2,6:08,6,8,FALSE,FALSE,1,1,2,1,368,368,1808,364,364,1804,2,2,1,-17.75,14,2025-11-12,2025-11-13T03:30:00Z,
158,401810079226,226,155,Defensive Rebound,Jordan Miller defensive rebound,45,52,2,2nd Quarter,6:04,FALSE,0,12,4396818,,,2025-11-13T04:25:21Z,FALSE,39,24,0,Rebound,2026,2,12,LA,Clippers,LAC,LA,7,Denver,Nuggets,DEN,Denver,2.5,TRUE,FALSE,2.5,2,6:04,6,4,FALSE,FALSE,1,1,2,1,364,364,1804,360,360,1800,2,2,1,17.75,-14,2025-11-12,2025-11-13T03:30:00Z,
159,401810079227,227,146,Running Pullup Jump Shot,Jordan Miller misses running pullup jump shot,45,52,2,2nd Quarter,6:00,FALSE,0,12,4396818,,,2025-11-13T04:25:25Z,TRUE,31,26,3,Missed 3PT,2026,2,12,LA,Clippers,LAC,LA,7,Denver,Nuggets,DEN,Denver,2.5,TRUE,FALSE,2.5,2,6:00,6,0,FALSE,FALSE,1,1,2,1,360,360,1800,357,357,1797,2,2,1,15.75,-6,2025-11-12,2025-11-13T03:30:00Z,
160,401810079228,228,155,Defensive Rebound,Christian Braun defensive rebound,45,52,2,2nd Quarter,5:57,FALSE,0,7,4431767,,,2025-11-13T04:25:28Z,FALSE,31,26,0,Rebound,2026,2,12,LA,Clippers,LAC,LA,7,Denver,Nuggets,DEN,Denver,2.5,TRUE,FALSE,2.5,2,5:57,5,57,FALSE,FALSE,1,1,2,1,357,357,1797,348,348,1788,2,2,1,-15.75,6,2025-11-12,2025-11-13T03:30:00Z,
161,401810079229,229,92,Jump Shot,Aaron Gordon makes 26-foot three point jumper (Nikola Jokic assists),48,52,2,2nd Quarter,5:48,TRUE,3,7,3064290,3112335,,2025-11-13T04:25:37Z,TRUE,10,22,3,+3 Points,2026,2,12,LA,Clippers,LAC,LA,7,Denver,Nuggets,DEN,Denver,2.5,TRUE,FALSE,2.5,2,5:48,5,48,FALSE,FALSE,1,1,2,1,348,348,1788,346,346,1786,2,2,1,-19.75,-15,2025-11-12,2025-11-13T03:30:00Z,
162,401810079231,231,16,Full Timeout,Clippers Full timeout,48,52,2,2nd Quarter,5:46,FALSE,0,12,,,,2025-11-13T04:25:44Z,FALSE,-214748340,-214748365,0,Timeout,2026,2,12,LA,Clippers,LAC,LA,7,Denver,Nuggets,DEN,Denver,2.5,TRUE,FALSE,2.5,2,5:46,5,46,FALSE,FALSE,1,1,2,1,346,346,1786,346,346,1786,2,2,1,214748406.75,214748365,2025-11-12,2025-11-13T03:30:00Z,
163,401810079232,232,584,Substitution,James Harden enters the game for Kobe Sanders,48,52,2,2nd Quarter,5:46,FALSE,0,12,3992,4702352,,2025-11-13T04:26:58Z,FALSE,-214748340,-214748365,0,Substitution,2026,2,12,LA,Clippers,LAC,LA,7,Denver,Nuggets,DEN,Denver,2.5,TRUE,FALSE,2.5,2,5:46,5,46,FALSE,FALSE,1,1,2,1,346,346,1786,346,346,1786,2,2,1,214748406.75,214748365,2025-11-12,2025-11-13T03:30:00Z,
164,401810079233,233,584,Substitution,Derrick Jones Jr. enters the game for Bogdan Bogdanovic,48,52,2,2nd Quarter,5:46,FALSE,0,12,3936099,3037789,,2025-11-13T04:26:58Z,FALSE,-214748340,-214748365,0,Substitution,2026,2,12,LA,Clippers,LAC,LA,7,Denver,Nuggets,DEN,Denver,2.5,TRUE,FALSE,2.5,2,5:46,5,46,FALSE,FALSE,1,1,2,1,346,346,1786,346,346,1786,2,2,1,214748406.75,214748365,2025-11-12,2025-11-13T03:30:00Z,
165,401810079234,234,584,Substitution,Kris Dunn enters the game for Jordan Miller,48,52,2,2nd Quarter,5:46,FALSE,0,12,2991139,4396818,,2025-11-13T04:26:58Z,FALSE,-214748340,-214748365,0,Substitution,2026,2,12,LA,Clippers,LAC,LA,7,Denver,Nuggets,DEN,Denver,2.5,TRUE,FALSE,2.5,2,5:46,5,46,FALSE,FALSE,1,1,2,1,346,346,1786,346,346,1786,2,2,1,214748406.75,214748365,2025-11-12,2025-11-13T03:30:00Z,
166,401810079235,235,584,Substitution,John Collins enters the game for Nicolas Batum,48,52,2,2nd Quarter,5:46,FALSE,0,12,3908845,3416,,2025-11-13T04:26:58Z,FALSE,-214748340,-214748365,0,Substitution,2026,2,12,LA,Clippers,LAC,LA,7,Denver,Nuggets,DEN,Denver,2.5,TRUE,FALSE,2.5,2,5:46,5,46,FALSE,FALSE,1,1,2,1,346,346,1786,330,330,1770,2,2,1,214748406.75,214748365,2025-11-12,2025-11-13T03:30:00Z,
167,401810079240,240,62,"Bad Pass
Turnover",John Collins bad pass (Tim Hardaway Jr. steals),48,52,2,2nd Quarter,5:30,FALSE,0,12,3908845,2528210,,2025-11-13T04:27:28Z,FALSE,13,26,0,Turnover,2026,2,12,LA,Clippers,LAC,LA,7,Denver,Nuggets,DEN,Denver,2.5,TRUE,FALSE,2.5,2,5:30,5,30,FALSE,FALSE,1,1,2,1,330,330,1770,325,325,1765,2,2,1,15.75,12,2025-11-12,2025-11-13T03:30:00Z,
168,401810079242,242,109,Running Layup Shot,Tim Hardaway Jr. misses two point shot,48,52,2,2nd Quarter,5:25,FALSE,0,7,2528210,,,2025-11-13T04:27:33Z,TRUE,23,4,2,Missed FG,2026,2,12,LA,Clippers,LAC,LA,7,Denver,Nuggets,DEN,Denver,2.5,TRUE,FALSE,2.5,2,5:25,5,25,FALSE,FALSE,1,1,2,1,325,325,1765,323,323,1763,2,2,1,-37.75,-2,2025-11-12,2025-11-13T03:30:00Z,
169,401810079243,243,155,Defensive Rebound,Derrick Jones Jr. defensive rebound,48,52,2,2nd Quarter,5:23,FALSE,0,12,3936099,,,2025-11-13T04:27:35Z,FALSE,23,4,0,Rebound,2026,2,12,LA,Clippers,LAC,LA,7,Denver,Nuggets,DEN,Denver,2.5,TRUE,FALSE,2.5,2,5:23,5,23,FALSE,FALSE,1,1,2,1,323,323,1763,319,319,1759,2,2,1,37.75,2,2025-11-12,2025-11-13T03:30:00Z,
170,401810079244,244,113,Running Jump Shot,John Collins misses 20-foot two point shot,48,52,2,2nd Quarter,5:19,FALSE,0,12,3908845,,,2025-11-13T04:27:39Z,TRUE,45,4,2,Missed FG,2026,2,12,LA,Clippers,LAC,LA,7,Denver,Nuggets,DEN,Denver,2.5,TRUE,FALSE,2.5,2,5:19,5,19,FALSE,FALSE,1,1,2,1,319,319,1759,318,318,1758,2,2,1,37.75,-20,2025-11-12,2025-11-13T03:30:00Z,
171,401810079245,245,156,Offensive Rebound,Ivica Zubac offensive rebound,48,52,2,2nd Quarter,5:18,FALSE,0,12,4017837,,,2025-11-13T04:27:40Z,FALSE,45,4,0,Rebound,2026,2,12,LA,Clippers,LAC,LA,7,Denver,Nuggets,DEN,Denver,2.5,TRUE,FALSE,2.5,2,5:18,5,18,FALSE,FALSE,1,1,2,1,318,318,1758,317,317,1757,2,2,1,37.75,-20,2025-11-12,2025-11-13T03:30:00Z,
172,401810079246,246,94,Tip Shot,Ivica Zubac misses tip shot,48,52,2,2nd Quarter,5:17,FALSE,0,12,4017837,,,2025-11-13T04:27:44Z,TRUE,25,0,2,Missed FG,2026,2,12,LA,Clippers,LAC,LA,7,Denver,Nuggets,DEN,Denver,2.5,TRUE,FALSE,2.5,2,5:17,5,17,FALSE,FALSE,1,1,2,1,317,317,1757,316,316,1756,2,2,1,41.75,-0,2025-11-12,2025-11-13T03:30:00Z,
173,401810079247,247,156,Offensive Rebound,Ivica Zubac offensive rebound,48,52,2,2nd Quarter,5:16,FALSE,0,12,4017837,,,2025-11-13T04:27:45Z,FALSE,25,0,0,Rebound,2026,2,12,LA,Clippers,LAC,LA,7,Denver,Nuggets,DEN,Denver,2.5,TRUE,FALSE,2.5,2,5:16,5,16,FALSE,FALSE,1,1,2,1,316,316,1756,315,315,1755,2,2,1,41.75,-0,2025-11-12,2025-11-13T03:30:00Z,
174,401810079248,248,94,Tip Shot,Ivica Zubac misses tip shot,48,52,2,2nd Quarter,5:15,FALSE,0,12,4017837,,,2025-11-13T04:27:46Z,TRUE,25,0,2,Missed FG,2026,2,12,LA,Clippers,LAC,LA,7,Denver,Nuggets,DEN,Denver,2.5,TRUE,FALSE,2.5,2,5:15,5,15,FALSE,FALSE,1,1,2,1,315,315,1755,314,314,1754,2,2,1,41.75,-0,2025-11-12,2025-11-13T03:30:00Z,
175,401810079249,249,156,Offensive Rebound,Ivica Zubac offensive rebound,48,52,2,2nd Quarter,5:14,FALSE,0,12,4017837,,,2025-11-13T04:27:47Z,FALSE,25,0,0,Rebound,2026,2,12,LA,Clippers,LAC,LA,7,Denver,Nuggets,DEN,Denver,2.5,TRUE,FALSE,2.5,2,5:14,5,14,FALSE,FALSE,1,1,2,1,314,314,1754,313,313,1753,2,2,1,41.75,-0,2025-11-12,2025-11-13T03:30:00Z,
176,401810079250,250,94,Tip Shot,Ivica Zubac makes tip shot,48,54,2,2nd Quarter,5:13,TRUE,2,12,4017837,,,2025-11-13T04:27:47Z,TRUE,25,0,2,+2 Points,2026,2,12,LA,Clippers,LAC,LA,7,Denver,Nuggets,DEN,Denver,2.5,TRUE,FALSE,2.5,2,5:13,5,13,FALSE,FALSE,1,1,2,1,313,313,1753,302,302,1742,2,2,1,41.75,-0,2025-11-12,2025-11-13T03:30:00Z,
177,401810079251,251,44,Shooting Foul,Ivica Zubac shooting foul,48,54,2,2nd Quarter,5:02,FALSE,0,12,4017837,,,2025-11-13T04:27:57Z,FALSE,24,3,0,Foul,2026,2,12,LA,Clippers,LAC,LA,7,Denver,Nuggets,DEN,Denver,2.5,TRUE,FALSE,2.5,2,5:02,5,2,FALSE,FALSE,1,1,2,1,302,302,1742,302,302,1742,2,2,1,38.75,1,2025-11-12,2025-11-13T03:30:00Z,
178,401810079253,253,98,Free Throw - 1 of 2,Nikola Jokic makes free throw 1 of 2,49,54,2,2nd Quarter,5:02,TRUE,1,7,3112335,,,2025-11-13T04:28:30Z,TRUE,25,13.75,1,+1 Point,2026,2,12,LA,Clippers,LAC,LA,7,Denver,Nuggets,DEN,Denver,2.5,TRUE,FALSE,2.5,2,5:02,5,2,FALSE,FALSE,1,1,2,1,302,302,1742,302,302,1742,2,2,1,-28,0,2025-11-12,2025-11-13T03:30:00Z,
179,401810079254,254,99,Free Throw - 2 of 2,Nikola Jokic makes free throw 2 of 2,50,54,2,2nd Quarter,5:02,TRUE,1,7,3112335,,,2025-11-13T04:28:45Z,TRUE,25,13.75,1,+1 Point,2026,2,12,LA,Clippers,LAC,LA,7,Denver,Nuggets,DEN,Denver,2.5,TRUE,FALSE,2.5,2,5:02,5,2,FALSE,FALSE,1,1,2,1,302,302,1742,279,279,1719,2,2,1,-28,0,2025-11-12,2025-11-13T03:30:00Z,
180,401810079255,255,92,Jump Shot,Kris Dunn misses 19-foot jumper,50,54,2,2nd Quarter,4:39,FALSE,0,12,2991139,,,2025-11-13T04:29:10Z,TRUE,6,6,2,Missed FG,2026,2,12,LA,Clippers,LAC,LA,7,Denver,Nuggets,DEN,Denver,2.5,TRUE,FALSE,2.5,2,4:39,4,39,FALSE,FALSE,1,1,2,1,279,279,1719,275,275,1715,2,2,1,35.75,19,2025-11-12,2025-11-13T03:30:00Z,
181,401810079256,256,155,Defensive Rebound,Aaron Gordon defensive rebound,50,54,2,2nd Quarter,4:35,FALSE,0,7,3064290,,,2025-11-13T04:29:14Z,FALSE,6,6,0,Rebound,2026,2,12,LA,Clippers,LAC,LA,7,Denver,Nuggets,DEN,Denver,2.5,TRUE,FALSE,2.5,2,4:35,4,35,FALSE,FALSE,1,1,2,1,275,275,1715,267,267,1707,2,2,1,-35.75,-19,2025-11-12,2025-11-13T03:30:00Z,
182,401810079257,257,145,Driving Floating Bank Jump Shot,Aaron Gordon misses two point shot,50,54,2,2nd Quarter,4:27,FALSE,0,7,3064290,,,2025-11-13T04:29:22Z,TRUE,27,3,2,Missed FG,2026,2,12,LA,Clippers,LAC,LA,7,Denver,Nuggets,DEN,Denver,2.5,TRUE,FALSE,2.5,2,4:27,4,27,FALSE,FALSE,1,1,2,1,267,267,1707,266,266,1706,2,2,1,-38.75,2,2025-11-12,2025-11-13T03:30:00Z,
183,401810079258,258,156,Offensive Rebound,Aaron Gordon offensive rebound,50,54,2,2nd Quarter,4:26,FALSE,0,7,3064290,,,2025-11-13T04:29:23Z,FALSE,27,3,0,Rebound,2026,2,12,LA,Clippers,LAC,LA,7,Denver,Nuggets,DEN,Denver,2.5,TRUE,FALSE,2.5,2,4:26,4,26,FALSE,FALSE,1,1,2,1,266,266,1706,265,265,1705,2,2,1,-38.75,2,2025-11-12,2025-11-13T03:30:00Z,
184,401810079259,259,94,Tip Shot,Aaron Gordon makes tip shot,52,54,2,2nd Quarter,4:25,TRUE,2,7,3064290,,,2025-11-13T04:29:25Z,TRUE,25,0,2,+2 Points,2026,2,12,LA,Clippers,LAC,LA,7,Denver,Nuggets,DEN,Denver,2.5,TRUE,FALSE,2.5,2,4:25,4,25,FALSE,FALSE,1,1,2,1,265,265,1705,247,247,1687,2,2,1,-41.75,0,2025-11-12,2025-11-13T03:30:00Z,
185,401810079260,260,110,Driving Layup Shot,James Harden makes driving layup,52,56,2,2nd Quarter,4:07,TRUE,2,12,3992,,,2025-11-13T04:29:42Z,TRUE,24,4,2,+2 Points,2026,2,12,LA,Clippers,LAC,LA,7,Denver,Nuggets,DEN,Denver,2.5,TRUE,FALSE,2.5,2,4:07,4,7,FALSE,FALSE,1,1,2,1,247,247,1687,230,230,1670,2,2,1,37.75,1,2025-11-12,2025-11-13T03:30:00Z,
186,401810079261,261,90,Out of Bounds - Bad Pass Turnover,Aaron Gordon out of bounds bad pass turnover,52,56,2,2nd Quarter,3:50,FALSE,0,7,3064290,,,2025-11-13T04:30:00Z,FALSE,14,24,0,Turnover,2026,2,12,LA,Clippers,LAC,LA,7,Denver,Nuggets,DEN,Denver,2.5,TRUE,FALSE,2.5,2,3:50,3,50,FALSE,FALSE,1,1,2,1,230,230,1670,230,230,1670,2,2,1,-17.75,-11,2025-11-12,2025-11-13T03:30:00Z,
187,401810079262,262,584,Substitution,Bruce Brown enters the game for Jamal Murray,52,56,2,2nd Quarter,3:50,FALSE,0,7,4065670,3936299,,2025-11-13T04:30:07Z,FALSE,-214748340,-214748365,0,Substitution,2026,2,12,LA,Clippers,LAC,LA,7,Denver,Nuggets,DEN,Denver,2.5,TRUE,FALSE,2.5,2,3:50,3,50,FALSE,FALSE,1,1,2,1,230,230,1670,216,216,1656,2,2,1,-214748406.75,-214748365,2025-11-12,2025-11-13T03:30:00Z,
188,401810079264,264,132,Step Back Jump Shot,James Harden misses 13-foot step back jumpshot,52,56,2,2nd Quarter,3:36,FALSE,0,12,3992,,,2025-11-13T04:30:28Z,TRUE,31,12,2,Missed FG,2026,2,12,LA,Clippers,LAC,LA,7,Denver,Nuggets,DEN,Denver,2.5,TRUE,FALSE,2.5,2,3:36,3,36,FALSE,FALSE,1,1,2,1,216,216,1656,212,212,1652,2,2,1,29.75,-6,2025-11-12,2025-11-13T03:30:00Z,
189,401810079265,265,156,Offensive Rebound,Derrick Jones Jr. offensive rebound,52,56,2,2nd Quarter,3:32,FALSE,0,12,3936099,,,2025-11-13T04:30:32Z,FALSE,31,12,0,Rebound,2026,2,12,LA,Clippers,LAC,LA,7,Denver,Nuggets,DEN,Denver,2.5,TRUE,FALSE,2.5,2,3:32,3,32,FALSE,FALSE,1,1,2,1,212,212,1652,210,210,1650,2,2,1,29.75,-6,2025-11-12,2025-11-13T03:30:00Z,
190,401810079268,268,92,Jump Shot,James Harden misses 26-foot three point jumper,52,56,2,2nd Quarter,3:30,FALSE,0,12,3992,,,2025-11-13T04:30:35Z,TRUE,38,23,3,Missed 3PT,2026,2,12,LA,Clippers,LAC,LA,7,Denver,Nuggets,DEN,Denver,2.5,TRUE,FALSE,2.5,2,3:30,3,30,FALSE,FALSE,1,1,2,1,210,210,1650,208,208,1648,2,2,1,18.75,-13,2025-11-12,2025-11-13T03:30:00Z,
191,401810079269,269,155,Defensive Rebound,Nikola Jokic defensive rebound,52,56,2,2nd Quarter,3:28,FALSE,0,7,3112335,,,2025-11-13T04:30:37Z,FALSE,38,23,0,Rebound,2026,2,12,LA,Clippers,LAC,LA,7,Denver,Nuggets,DEN,Denver,2.5,TRUE,FALSE,2.5,2,3:28,3,28,FALSE,FALSE,1,1,2,1,208,208,1648,192,192,1632,2,2,1,-18.75,13,2025-11-12,2025-11-13T03:30:00Z,
192,401810079270,270,92,Jump Shot,Nikola Jokic misses 12-foot jumper,52,56,2,2nd Quarter,3:12,FALSE,0,7,3112335,,,2025-11-13T04:30:52Z,TRUE,35,7,2,Missed FG,2026,2,12,LA,Clippers,LAC,LA,7,Denver,Nuggets,DEN,Denver,2.5,TRUE,FALSE,2.5,2,3:12,3,12,FALSE,FALSE,1,1,2,1,192,192,1632,190,190,1630,2,2,1,-34.75,10,2025-11-12,2025-11-13T03:30:00Z,
193,401810079271,271,155,Defensive Rebound,John Collins defensive rebound,52,56,2,2nd Quarter,3:10,FALSE,0,12,3908845,,,2025-11-13T04:30:54Z,FALSE,35,7,0,Rebound,2026,2,12,LA,Clippers,LAC,LA,7,Denver,Nuggets,DEN,Denver,2.5,TRUE,FALSE,2.5,2,3:10,3,10,FALSE,FALSE,1,1,2,1,190,190,1630,182,182,1622,2,2,1,34.75,-10,2025-11-12,2025-11-13T03:30:00Z,
194,401810079272,272,110,Driving Layup Shot,Derrick Jones Jr. makes driving layup (James Harden assists),52,58,2,2nd Quarter,3:02,TRUE,2,12,3936099,3992,,2025-11-13T04:31:02Z,TRUE,26,3,2,+2 Points,2026,2,12,LA,Clippers,LAC,LA,7,Denver,Nuggets,DEN,Denver,2.5,TRUE,FALSE,2.5,2,3:02,3,2,FALSE,FALSE,1,1,2,1,182,182,1622,172,172,1612,2,2,1,38.75,-1,2025-11-12,2025-11-13T03:30:00Z,
195,401810079274,274,110,Driving Layup Shot,John Collins blocks Tim Hardaway Jr. 's 3-foot driving layup,52,58,2,2nd Quarter,2:52,FALSE,0,7,2528210,3908845,,2025-11-13T04:31:12Z,TRUE,22,1,2,Missed FG,2026,2,12,LA,Clippers,LAC,LA,7,Denver,Nuggets,DEN,Denver,2.5,TRUE,FALSE,2.5,2,2:52,2,52,FALSE,FALSE,1,1,2,1,172,172,1612,171,171,1611,2,2,1,-40.75,-3,2025-11-12,2025-11-13T03:30:00Z,
196,401810079276,276,155,Defensive Rebound,John Collins defensive rebound,52,58,2,2nd Quarter,2:51,FALSE,0,12,3908845,,,2025-11-13T04:31:13Z,FALSE,22,1,0,Rebound,2026,2,12,LA,Clippers,LAC,LA,7,Denver,Nuggets,DEN,Denver,2.5,TRUE,FALSE,2.5,2,2:51,2,51,FALSE,FALSE,1,1,2,1,171,171,1611,166,166,1606,2,2,1,40.75,3,2025-11-12,2025-11-13T03:30:00Z,
197,401810079277,277,113,Running Jump Shot,Derrick Jones Jr. misses 24-foot three point shot,52,58,2,2nd Quarter,2:46,FALSE,0,12,3936099,,,2025-11-13T04:31:19Z,TRUE,1,4,3,Missed 3PT,2026,2,12,LA,Clippers,LAC,LA,7,Denver,Nuggets,DEN,Denver,2.5,TRUE,FALSE,2.5,2,2:46,2,46,FALSE,FALSE,1,1,2,1,166,166,1606,162,162,1602,2,2,1,37.75,24,2025-11-12,2025-11-13T03:30:00Z,
198,401810079278,278,155,Defensive Rebound,Bruce Brown defensive rebound,52,58,2,2nd Quarter,2:42,FALSE,0,7,4065670,,,2025-11-13T04:31:23Z,FALSE,1,4,0,Rebound,2026,2,12,LA,Clippers,LAC,LA,7,Denver,Nuggets,DEN,Denver,2.5,TRUE,FALSE,2.5,2,2:42,2,42,FALSE,FALSE,1,1,2,1,162,162,1602,154,154,1594,2,2,1,-37.75,-24,2025-11-12,2025-11-13T03:30:00Z,
199,401810079279,279,95,Layup Shot,Nikola Jokic misses layup,52,58,2,2nd Quarter,2:34,FALSE,0,7,3112335,,,2025-11-13T04:31:31Z,TRUE,27,3,2,Missed FG,2026,2,12,LA,Clippers,LAC,LA,7,Denver,Nuggets,DEN,Denver,2.5,TRUE,FALSE,2.5,2,2:34,2,34,FALSE,FALSE,1,1,2,1,154,154,1594,152,152,1592,2,2,1,-38.75,2,2025-11-12,2025-11-13T03:30:00Z,
200,401810079280,280,155,Defensive Rebound,James Harden defensive rebound,52,58,2,2nd Quarter,2:32,FALSE,0,12,3992,,,2025-11-13T04:31:33Z,FALSE,27,3,0,Rebound,2026,2,12,LA,Clippers,LAC,LA,7,Denver,Nuggets,DEN,Denver,2.5,TRUE,FALSE,2.5,2,2:32,2,32,FALSE,FALSE,1,1,2,1,152,152,1592,146,146,1586,2,2,1,38.75,-2,2025-11-12,2025-11-13T03:30:00Z,
201,401810079281,281,116,Running Dunk Shot,Ivica Zubac makes 3-foot dunk (Derrick Jones Jr. assists),52,60,2,2nd Quarter,2:26,TRUE,2,12,4017837,3936099,,2025-11-13T04:31:39Z,TRUE,25,4,2,+2 Points,2026,2,12,LA,Clippers,LAC,LA,7,Denver,Nuggets,DEN,Denver,2.5,TRUE,FALSE,2.5,2,2:26,2,26,FALSE,FALSE,1,1,2,1,146,146,1586,146,146,1586,2,2,1,37.75,-0,2025-11-12,2025-11-13T03:30:00Z,
202,401810079283,283,16,Full Timeout,Nuggets Full timeout,52,60,2,2nd Quarter,2:26,FALSE,0,7,,,,2025-11-13T04:31:45Z,FALSE,-214748340,-214748365,0,Timeout,2026,2,12,LA,Clippers,LAC,LA,7,Denver,Nuggets,DEN,Denver,2.5,TRUE,FALSE,2.5,2,2:26,2,26,FALSE,FALSE,1,1,2,1,146,146,1586,146,146,1586,2,2,1,-214748406.75,-214748365,2025-11-12,2025-11-13T03:30:00Z,
203,401810079284,284,584,Substitution,Spencer Jones enters the game for Christian Braun,52,60,2,2nd Quarter,2:26,FALSE,0,7,4592427,4431767,,2025-11-13T04:32:51Z,FALSE,-214748340,-214748365,0,Substitution,2026,2,12,LA,Clippers,LAC,LA,7,Denver,Nuggets,DEN,Denver,2.5,TRUE,FALSE,2.5,2,2:26,2,26,FALSE,FALSE,1,1,2,1,146,146,1586,134,134,1574,2,2,1,-214748406.75,-214748365,2025-11-12,2025-11-13T03:30:00Z,
204,401810079286,286,92,Jump Shot,Nikola Jokic makes 23-foot three point jumper (Tim Hardaway Jr. assists),55,60,2,2nd Quarter,2:14,TRUE,3,7,3112335,2528210,,2025-11-13T04:33:22Z,TRUE,48,7,3,+3 Points,2026,2,12,LA,Clippers,LAC,LA,7,Denver,Nuggets,DEN,Denver,2.5,TRUE,FALSE,2.5,2,2:14,2,14,FALSE,FALSE,1,1,2,1,134,134,1574,113,113,1553,2,2,1,-34.75,23,2025-11-12,2025-11-13T03:30:00Z,
205,401810079288,288,114,Turnaround Jump Shot,Kris Dunn makes 4-foot two point shot,55,62,2,2nd Quarter,1:53,TRUE,2,12,2991139,,,2025-11-13T04:33:44Z,TRUE,25,5,2,+2 Points,2026,2,12,LA,Clippers,LAC,LA,7,Denver,Nuggets,DEN,Denver,2.5,TRUE,FALSE,2.5,2,1:53,1,53,FALSE,FALSE,1,1,2,1,113,113,1553,113,113,1553,2,2,1,36.75,-0,2025-11-12,2025-11-13T03:30:00Z,
206,401810079289,289,44,Shooting Foul,Tim Hardaway Jr. shooting foul,55,62,2,2nd Quarter,1:53,FALSE,0,7,2528210,,,2025-11-13T04:33:48Z,FALSE,25,4,0,Foul,2026,2,12,LA,Clippers,LAC,LA,7,Denver,Nuggets,DEN,Denver,2.5,TRUE,FALSE,2.5,2,1:53,1,53,FALSE,FALSE,1,1,2,1,113,113,1553,113,113,1553,2,2,1,-37.75,0,2025-11-12,2025-11-13T03:30:00Z,
207,401810079291,291,97,Free Throw - 1 of 1,Kris Dunn makes free throw 1 of 1,55,63,2,2nd Quarter,1:53,TRUE,1,12,2991139,,,2025-11-13T04:34:16Z,TRUE,25,13.75,1,+1 Point,2026,2,12,LA,Clippers,LAC,LA,7,Denver,Nuggets,DEN,Denver,2.5,TRUE,FALSE,2.5,2,1:53,1,53,FALSE,FALSE,1,1,2,1,113,113,1553,100,100,1540,2,2,1,28,-0,2025-11-12,2025-11-13T03:30:00Z,
208,401810079292,292,92,Jump Shot,Tim Hardaway Jr. misses 25-foot three point jumper,55,63,2,2nd Quarter,1:40,FALSE,0,7,2528210,,,2025-11-13T04:34:32Z,TRUE,18,25,3,Missed 3PT,2026,2,12,LA,Clippers,LAC,LA,7,Denver,Nuggets,DEN,Denver,2.5,TRUE,FALSE,2.5,2,1:40,1,40,FALSE,FALSE,1,1,2,1,100,100,1540,98,98,1538,2,2,1,-16.75,-7,2025-11-12,2025-11-13T03:30:00Z,
209,401810079293,293,155,Defensive Rebound,James Harden defensive rebound,55,63,2,2nd Quarter,1:38,FALSE,0,12,3992,,,2025-11-13T04:34:34Z,FALSE,18,25,0,Rebound,2026,2,12,LA,Clippers,LAC,LA,7,Denver,Nuggets,DEN,Denver,2.5,TRUE,FALSE,2.5,2,1:38,1,38,FALSE,FALSE,1,1,2,1,98,98,1538,91,91,1531,2,2,1,16.75,7,2025-11-12,2025-11-13T03:30:00Z,
210,401810079294,294,44,Shooting Foul,Spencer Jones shooting foul,55,63,2,2nd Quarter,1:31,FALSE,0,7,4592427,,,2025-11-13T04:34:43Z,FALSE,18,12,0,Foul,2026,2,12,LA,Clippers,LAC,LA,7,Denver,Nuggets,DEN,Denver,2.5,TRUE,FALSE,2.5,2,1:31,1,31,FALSE,FALSE,1,1,2,1,91,91,1531,91,91,1531,2,2,1,-29.75,-7,2025-11-12,2025-11-13T03:30:00Z,
211,401810079296,296,98,Free Throw - 1 of 2,James Harden makes free throw 1 of 2,55,64,2,2nd Quarter,1:31,TRUE,1,12,3992,,,2025-11-13T04:35:17Z,TRUE,25,13.75,1,+1 Point,2026,2,12,LA,Clippers,LAC,LA,7,Denver,Nuggets,DEN,Denver,2.5,TRUE,FALSE,2.5,2,1:31,1,31,FALSE,FALSE,1,1,2,1,91,91,1531,91,91,1531,2,2,1,28,-0,2025-11-12,2025-11-13T03:30:00Z,
212,401810079297,297,584,Substitution,Kobe Sanders enters the game for Derrick Jones Jr.,55,64,2,2nd Quarter,1:31,FALSE,0,12,4702352,3936099,,2025-11-13T04:35:18Z,FALSE,-214748340,-214748365,0,Substitution,2026,2,12,LA,Clippers,LAC,LA,7,Denver,Nuggets,DEN,Denver,2.5,TRUE,FALSE,2.5,2,1:31,1,31,FALSE,FALSE,1,1,2,1,91,91,1531,91,91,1531,2,2,1,214748406.75,214748365,2025-11-12,2025-11-13T03:30:00Z,
213,401810079298,298,584,Substitution,Jordan Miller enters the game for Kris Dunn,55,64,2,2nd Quarter,1:31,FALSE,0,12,4396818,2991139,,2025-11-13T04:35:18Z,FALSE,-214748340,-214748365,0,Substitution,2026,2,12,LA,Clippers,LAC,LA,7,Denver,Nuggets,DEN,Denver,2.5,TRUE,FALSE,2.5,2,1:31,1,31,FALSE,FALSE,1,1,2,1,91,91,1531,91,91,1531,2,2,1,214748406.75,214748365,2025-11-12,2025-11-13T03:30:00Z,
214,401810079299,299,584,Substitution,Jamal Murray enters the game for Tim Hardaway Jr.,55,64,2,2nd Quarter,1:31,FALSE,0,7,3936299,2528210,,2025-11-13T04:35:18Z,FALSE,-214748340,-214748365,0,Substitution,2026,2,12,LA,Clippers,LAC,LA,7,Denver,Nuggets,DEN,Denver,2.5,TRUE,FALSE,2.5,2,1:31,1,31,FALSE,FALSE,1,1,2,1,91,91,1531,91,91,1531,2,2,1,-214748406.75,-214748365,2025-11-12,2025-11-13T03:30:00Z,
215,401810079303,303,99,Free Throw - 2 of 2,James Harden makes free throw 2 of 2,55,65,2,2nd Quarter,1:31,TRUE,1,12,3992,,,2025-11-13T04:35:41Z,TRUE,25,13.75,1,+1 Point,2026,2,12,LA,Clippers,LAC,LA,7,Denver,Nuggets,DEN,Denver,2.5,TRUE,FALSE,2.5,2,1:31,1,31,FALSE,FALSE,1,1,2,1,91,91,1531,78,78,1518,2,2,1,28,-0,2025-11-12,2025-11-13T03:30:00Z,
216,401810079304,304,92,Jump Shot,Nikola Jokic makes 27-foot three point jumper (Jamal Murray assists),58,65,2,2nd Quarter,1:18,TRUE,3,7,3112335,3936299,,2025-11-13T04:35:57Z,TRUE,25,28,3,+3 Points,2026,2,12,LA,Clippers,LAC,LA,7,Denver,Nuggets,DEN,Denver,2.5,TRUE,FALSE,2.5,2,1:18,1,18,FALSE,FALSE,1,1,2,1,78,78,1518,60,60,1500,2,2,1,-13.75,0,2025-11-12,2025-11-13T03:30:00Z,
217,401810079306,306,87,Out of Bounds - Lost Ball Turnover,Ivica Zubac out of bounds lost ball turnover,58,65,2,2nd Quarter,1:00,FALSE,0,12,4017837,,,2025-11-13T04:36:19Z,FALSE,6,19,0,Turnover,2026,2,12,LA,Clippers,LAC,LA,7,Denver,Nuggets,DEN,Denver,2.5,TRUE,FALSE,2.5,2,1:00,1,0,FALSE,FALSE,1,1,2,1,60,60,1500,45.4,45.4,1485.4,2,2,1,22.75,19,2025-11-12,2025-11-13T03:30:00Z,
218,401810079307,307,92,Jump Shot,Aaron Gordon makes 25-foot three point jumper (Jamal Murray assists),61,65,2,2nd Quarter,0:45.4,TRUE,3,7,3064290,3936299,,2025-11-13T04:36:42Z,TRUE,3,12,3,+3 Points,2026,2,12,LA,Clippers,LAC,LA,7,Denver,Nuggets,DEN,Denver,2.5,TRUE,FALSE,2.5,2,0:45.4,0,45.4,FALSE,FALSE,1,1,2,1,45.4,45.4,1485.4,30.8,30.8,1470.8,2,2,1,-29.75,-22,2025-11-12,2025-11-13T03:30:00Z,
219,401810079311,311,44,Shooting Foul,Spencer Jones shooting foul,61,65,2,2nd Quarter,0:30.8,FALSE,0,7,4592427,,,2025-11-13T04:37:04Z,FALSE,43,22,0,Foul,2026,2,12,LA,Clippers,LAC,LA,7,Denver,Nuggets,DEN,Denver,2.5,TRUE,FALSE,2.5,2,0:30.8,0,30.8,FALSE,FALSE,1,1,2,1,30.8,30.8,1470.8,30.8,30.8,1470.8,2,2,1,-19.75,18,2025-11-12,2025-11-13T03:30:00Z,
220,401810079313,313,100,Free Throw - 1 of 3,James Harden makes free throw 1 of 3,61,66,2,2nd Quarter,0:30.8,TRUE,1,12,3992,,,2025-11-13T04:37:41Z,TRUE,25,13.75,1,+1 Point,2026,2,12,LA,Clippers,LAC,LA,7,Denver,Nuggets,DEN,Denver,2.5,TRUE,FALSE,2.5,2,0:30.8,0,30.8,FALSE,FALSE,1,1,2,1,30.8,30.8,1470.8,30.8,30.8,1470.8,2,2,1,28,-0,2025-11-12,2025-11-13T03:30:00Z,
221,401810079314,314,101,Free Throw - 2 of 3,James Harden makes free throw 2 of 3,61,67,2,2nd Quarter,0:30.8,TRUE,1,12,3992,,,2025-11-13T04:38:01Z,TRUE,25,13.75,1,+1 Point,2026,2,12,LA,Clippers,LAC,LA,7,Denver,Nuggets,DEN,Denver,2.5,TRUE,FALSE,2.5,2,0:30.8,0,30.8,FALSE,FALSE,1,1,2,1,30.8,30.8,1470.8,30.8,30.8,1470.8,2,2,1,28,-0,2025-11-12,2025-11-13T03:30:00Z,
222,401810079315,315,584,Substitution,Nicolas Batum enters the game for Ivica Zubac,61,67,2,2nd Quarter,0:30.8,FALSE,0,12,3416,4017837,,2025-11-13T04:38:09Z,FALSE,-214748340,-214748365,0,Substitution,2026,2,12,LA,Clippers,LAC,LA,7,Denver,Nuggets,DEN,Denver,2.5,TRUE,FALSE,2.5,2,0:30.8,0,30.8,FALSE,FALSE,1,1,2,1,30.8,30.8,1470.8,30.8,30.8,1470.8,2,2,1,214748406.75,214748365,2025-11-12,2025-11-13T03:30:00Z,
223,401810079317,317,102,Free Throw - 3 of 3,James Harden makes free throw 3 of 3,61,68,2,2nd Quarter,0:30.8,TRUE,1,12,3992,,,2025-11-13T04:38:26Z,TRUE,25,13.75,1,+1 Point,2026,2,12,LA,Clippers,LAC,LA,7,Denver,Nuggets,DEN,Denver,2.5,TRUE,FALSE,2.5,2,0:30.8,0,30.8,FALSE,FALSE,1,1,2,1,30.8,30.8,1470.8,20,20,1460,2,2,1,28,-0,2025-11-12,2025-11-13T03:30:00Z,
224,401810079318,318,45,Personal Foul,Kobe Sanders personal foul,61,68,2,2nd Quarter,0:20.0,FALSE,0,12,4702352,,,2025-11-13T04:38:42Z,FALSE,14,25,0,Foul,2026,2,12,LA,Clippers,LAC,LA,7,Denver,Nuggets,DEN,Denver,2.5,TRUE,FALSE,2.5,2,0:20.0,0,20,FALSE,FALSE,1,1,2,1,20,20,1460,20,20,1460,2,2,1,16.75,11,2025-11-12,2025-11-13T03:30:00Z,
225,401810079320,320,98,Free Throw - 1 of 2,Aaron Gordon makes free throw 1 of 2,62,68,2,2nd Quarter,0:20.0,TRUE,1,7,3064290,,,2025-11-13T04:39:10Z,TRUE,25,13.75,1,+1 Point,2026,2,12,LA,Clippers,LAC,LA,7,Denver,Nuggets,DEN,Denver,2.5,TRUE,FALSE,2.5,2,0:20.0,0,20,FALSE,FALSE,1,1,2,1,20,20,1460,20,20,1460,2,2,1,-28,0,2025-11-12,2025-11-13T03:30:00Z,
226,401810079321,321,99,Free Throw - 2 of 2,Aaron Gordon makes free throw 2 of 2,63,68,2,2nd Quarter,0:20.0,TRUE,1,7,3064290,,,2025-11-13T04:39:27Z,TRUE,25,13.75,1,+1 Point,2026,2,12,LA,Clippers,LAC,LA,7,Denver,Nuggets,DEN,Denver,2.5,TRUE,FALSE,2.5,2,0:20.0,0,20,FALSE,FALSE,1,1,2,1,20,20,1460,0,0,1440,2,2,1,-28,0,2025-11-12,2025-11-13T03:30:00Z,
227,401810079322,322,412,End Period,End of the 2nd Quarter,63,68,2,2nd Quarter,0:0.0,FALSE,0,,,,,2025-11-13T04:39:57Z,FALSE,-214748340,-214748365,0,Halftime,2026,2,12,LA,Clippers,LAC,LA,7,Denver,Nuggets,DEN,Denver,2.5,TRUE,FALSE,2.5,2,0:0.0,0,0,FALSE,FALSE,1,1,3,2,0,0,1440,720,1440,1440,2,2,1,-214748406.75,-214748365,2025-11-12,2025-11-13T03:30:00Z,
228,401810079323,323,584,Substitution,Derrick Jones Jr. enters the game for Kobe Sanders,63,68,3,3rd Quarter,12:00,FALSE,0,12,3936099,4702352,,2025-11-13T04:54:37Z,FALSE,-214748340,-214748365,0,Substitution,2026,2,12,LA,Clippers,LAC,LA,7,Denver,Nuggets,DEN,Denver,2.5,TRUE,FALSE,2.5,3,12:00,12,0,FALSE,FALSE,2,2,3,2,720,1440,1440,720,1440,1440,3,2,1,214748406.75,214748365,2025-11-12,2025-11-13T03:30:00Z,
229,401810079324,324,584,Substitution,Kris Dunn enters the game for Jordan Miller,63,68,3,3rd Quarter,12:00,FALSE,0,12,2991139,4396818,,2025-11-13T04:54:37Z,FALSE,-214748340,-214748365,0,Substitution,2026,2,12,LA,Clippers,LAC,LA,7,Denver,Nuggets,DEN,Denver,2.5,TRUE,FALSE,2.5,3,12:00,12,0,FALSE,FALSE,2,2,3,2,720,1440,1440,720,1440,1440,3,3,2,214748406.75,214748365,2025-11-12,2025-11-13T03:30:00Z,
230,401810079325,325,584,Substitution,Ivica Zubac enters the game for Nicolas Batum,63,68,3,3rd Quarter,12:00,FALSE,0,12,4017837,3416,,2025-11-13T04:54:37Z,FALSE,-214748340,-214748365,0,Substitution,2026,2,12,LA,Clippers,LAC,LA,7,Denver,Nuggets,DEN,Denver,2.5,TRUE,FALSE,2.5,3,12:00,12,0,FALSE,FALSE,2,2,3,2,720,1440,1440,720,1440,1440,3,3,2,214748406.75,214748365,2025-11-12,2025-11-13T03:30:00Z,
231,401810079326,326,584,Substitution,Tim Hardaway Jr. enters the game for Bruce Brown,63,68,3,3rd Quarter,12:00,FALSE,0,7,2528210,4065670,,2025-11-13T04:54:37Z,FALSE,-214748340,-214748365,0,Substitution,2026,2,12,LA,Clippers,LAC,LA,7,Denver,Nuggets,DEN,Denver,2.5,TRUE,FALSE,2.5,3,12:00,12,0,FALSE,FALSE,2,2,3,2,720,1440,1440,704,1424,1424,3,3,2,-214748406.75,-214748365,2025-11-12,2025-11-13T03:30:00Z,
232,401810079332,332,92,Jump Shot,Spencer Jones makes 25-foot three point jumper (Nikola Jokic assists),66,68,3,3rd Quarter,11:44,TRUE,3,7,4592427,3112335,,2025-11-13T04:55:23Z,TRUE,48,13,3,+3 Points,2026,2,12,LA,Clippers,LAC,LA,7,Denver,Nuggets,DEN,Denver,2.5,TRUE,FALSE,2.5,3,11:44,11,44,FALSE,FALSE,2,2,3,2,704,1424,1424,695,1415,1415,3,3,2,-28.75,23,2025-11-12,2025-11-13T03:30:00Z,
233,401810079334,334,45,Personal Foul,Spencer Jones personal foul,66,68,3,3rd Quarter,11:35,FALSE,0,7,4592427,,,2025-11-13T04:55:35Z,FALSE,26,30,0,Foul,2026,2,12,LA,Clippers,LAC,LA,7,Denver,Nuggets,DEN,Denver,2.5,TRUE,FALSE,2.5,3,11:35,11,35,FALSE,FALSE,2,2,3,2,695,1415,1415,680,1400,1400,3,3,2,-11.75,1,2025-11-12,2025-11-13T03:30:00Z,
234,401810079336,336,63,Lost Ball Turnover,John Collins lost ball turnover (Jamal Murray steals),66,68,3,3rd Quarter,11:20,FALSE,0,12,3908845,3936299,,2025-11-13T04:56:03Z,FALSE,37,6,0,Turnover,2026,2,12,LA,Clippers,LAC,LA,7,Denver,Nuggets,DEN,Denver,2.5,TRUE,FALSE,2.5,3,11:20,11,20,FALSE,FALSE,2,2,3,2,680,1400,1400,668,1388,1388,3,3,2,35.75,-12,2025-11-12,2025-11-13T03:30:00Z,
235,401810079338,338,44,Shooting Foul,Kris Dunn shooting foul,66,68,3,3rd Quarter,11:08,FALSE,0,12,2991139,,,2025-11-13T04:56:20Z,FALSE,19,2,0,Foul,2026,2,12,LA,Clippers,LAC,LA,7,Denver,Nuggets,DEN,Denver,2.5,TRUE,FALSE,2.5,3,11:08,11,8,FALSE,FALSE,2,2,3,2,668,1388,1388,668,1388,1388,3,3,2,39.75,6,2025-11-12,2025-11-13T03:30:00Z,
236,401810079340,340,98,Free Throw - 1 of 2,Aaron Gordon makes free throw 1 of 2,67,68,3,3rd Quarter,11:08,TRUE,1,7,3064290,,,2025-11-13T04:56:41Z,TRUE,25,13.75,1,+1 Point,2026,2,12,LA,Clippers,LAC,LA,7,Denver,Nuggets,DEN,Denver,2.5,TRUE,FALSE,2.5,3,11:08,11,8,FALSE,FALSE,2,2,3,2,668,1388,1388,668,1388,1388,3,3,2,-28,0,2025-11-12,2025-11-13T03:30:00Z,
237,401810079341,341,99,Free Throw - 2 of 2,Aaron Gordon makes free throw 2 of 2,68,68,3,3rd Quarter,11:08,TRUE,1,7,3064290,,,2025-11-13T04:56:55Z,TRUE,25,13.75,1,+1 Point,2026,2,12,LA,Clippers,LAC,LA,7,Denver,Nuggets,DEN,Denver,2.5,TRUE,FALSE,2.5,3,11:08,11,8,FALSE,FALSE,2,2,3,2,668,1388,1388,643,1363,1363,3,3,2,-28,0,2025-11-12,2025-11-13T03:30:00Z,
238,401810079342,342,93,Hook Shot,John Collins misses 8-foot hook shot,68,68,3,3rd Quarter,10:43,FALSE,0,12,3908845,,,2025-11-13T04:57:21Z,TRUE,16,1,2,Missed FG,2026,2,12,LA,Clippers,LAC,LA,7,Denver,Nuggets,DEN,Denver,2.5,TRUE,FALSE,2.5,3,10:43,10,43,FALSE,FALSE,2,2,3,2,643,1363,1363,640,1360,1360,3,3,2,40.75,9,2025-11-12,2025-11-13T03:30:00Z,
239,401810079343,343,155,Defensive Rebound,Aaron Gordon defensive rebound,68,68,3,3rd Quarter,10:40,FALSE,0,7,3064290,,,2025-11-13T04:57:24Z,FALSE,16,1,0,Rebound,2026,2,12,LA,Clippers,LAC,LA,7,Denver,Nuggets,DEN,Denver,2.5,TRUE,FALSE,2.5,3,10:40,10,40,FALSE,FALSE,2,2,3,2,640,1360,1360,630,1350,1350,3,3,2,-40.75,-9,2025-11-12,2025-11-13T03:30:00Z,
240,401810079344,344,131,Pullup Jump Shot,Aaron Gordon misses 27-foot three point pullup jump shot,68,68,3,3rd Quarter,10:30,FALSE,0,7,3064290,,,2025-11-13T04:57:34Z,TRUE,36,25,3,Missed 3PT,2026,2,12,LA,Clippers,LAC,LA,7,Denver,Nuggets,DEN,Denver,2.5,TRUE,FALSE,2.5,3,10:30,10,30,FALSE,FALSE,2,2,3,2,630,1350,1350,630,1350,1350,3,3,2,-16.75,11,2025-11-12,2025-11-13T03:30:00Z,
241,401810079345,345,156,Offensive Rebound,Nuggets offensive team rebound,68,68,3,3rd Quarter,10:30,FALSE,0,7,,,,2025-11-13T04:57:34Z,FALSE,36,25,0,Rebound,2026,2,12,LA,Clippers,LAC,LA,7,Denver,Nuggets,DEN,Denver,2.5,TRUE,FALSE,2.5,3,10:30,10,30,FALSE,FALSE,2,2,3,2,630,1350,1350,630,1350,1350,3,3,2,-16.75,11,2025-11-12,2025-11-13T03:30:00Z,
242,401810079346,346,43,Loose Ball Foul,John Collins loose ball foul,68,68,3,3rd Quarter,10:30,FALSE,0,12,3908845,,,2025-11-13T04:57:41Z,FALSE,25,2,0,Foul,2026,2,12,LA,Clippers,LAC,LA,7,Denver,Nuggets,DEN,Denver,2.5,TRUE,FALSE,2.5,3,10:30,10,30,FALSE,FALSE,2,2,3,2,630,1350,1350,621,1341,1341,3,3,2,39.75,-0,2025-11-12,2025-11-13T03:30:00Z,
243,401810079348,348,110,Driving Layup Shot,Jamal Murray makes driving layup,70,68,3,3rd Quarter,10:21,TRUE,2,7,3936299,,,2025-11-13T04:58:09Z,TRUE,25,2,2,+2 Points,2026,2,12,LA,Clippers,LAC,LA,7,Denver,Nuggets,DEN,Denver,2.5,TRUE,FALSE,2.5,3,10:21,10,21,FALSE,FALSE,2,2,3,2,621,1341,1341,621,1341,1341,3,3,2,-39.75,0,2025-11-12,2025-11-13T03:30:00Z,
244,401810079349,349,16,Full Timeout,Clippers Full timeout,70,68,3,3rd Quarter,10:21,FALSE,0,12,,,,2025-11-13T04:58:16Z,FALSE,-214748340,-214748365,0,Timeout,2026,2,12,LA,Clippers,LAC,LA,7,Denver,Nuggets,DEN,Denver,2.5,TRUE,FALSE,2.5,3,10:21,10,21,FALSE,FALSE,2,2,3,2,621,1341,1341,609,1329,1329,3,3,2,214748406.75,214748365,2025-11-12,2025-11-13T03:30:00Z,
245,401810079350,350,118,Alley Oop Dunk Shot,Derrick Jones Jr. makes 3-foot alley oop dunk shot (James Harden assists),70,70,3,3rd Quarter,10:09,TRUE,2,12,3936099,3992,,2025-11-13T05:01:14Z,TRUE,28,1,2,+2 Points,2026,2,12,LA,Clippers,LAC,LA,7,Denver,Nuggets,DEN,Denver,2.5,TRUE,FALSE,2.5,3,10:09,10,9,FALSE,FALSE,2,2,3,2,609,1329,1329,581,1301,1301,3,3,2,40.75,-3,2025-11-12,2025-11-13T03:30:00Z,
246,401810079352,352,137,Turnaround Fade Away Jump Shot,Aaron Gordon makes 11-foot two point shot (Spencer Jones assists),72,70,3,3rd Quarter,9:41,TRUE,2,7,3064290,4592427,,2025-11-13T05:01:42Z,TRUE,35,5,2,+2 Points,2026,2,12,LA,Clippers,LAC,LA,7,Denver,Nuggets,DEN,Denver,2.5,TRUE,FALSE,2.5,3,9:41,9,41,FALSE,FALSE,2,2,3,2,581,1301,1301,567,1287,1287,3,3,2,-36.75,10,2025-11-12,2025-11-13T03:30:00Z,
247,401810079354,354,132,Step Back Jump Shot,James Harden misses 27-foot three point step back jumpshot,72,70,3,3rd Quarter,9:27,FALSE,0,12,3992,,,2025-11-13T05:01:56Z,TRUE,37,25,3,Missed 3PT,2026,2,12,LA,Clippers,LAC,LA,7,Denver,Nuggets,DEN,Denver,2.5,TRUE,FALSE,2.5,3,9:27,9,27,FALSE,FALSE,2,2,3,2,567,1287,1287,565,1285,1285,3,3,2,16.75,-12,2025-11-12,2025-11-13T03:30:00Z,
248,401810079355,355,155,Defensive Rebound,Nikola Jokic defensive rebound,72,70,3,3rd Quarter,9:25,FALSE,0,7,3112335,,,2025-11-13T05:01:58Z,FALSE,37,25,0,Rebound,2026,2,12,LA,Clippers,LAC,LA,7,Denver,Nuggets,DEN,Denver,2.5,TRUE,FALSE,2.5,3,9:25,9,25,FALSE,FALSE,2,2,3,2,565,1285,1285,558,1278,1278,3,3,2,-16.75,12,2025-11-12,2025-11-13T03:30:00Z,
249,401810079356,356,44,Shooting Foul,John Collins shooting foul,72,70,3,3rd Quarter,9:18,FALSE,0,12,3908845,,,2025-11-13T05:02:08Z,FALSE,24,3,0,Foul,2026,2,12,LA,Clippers,LAC,LA,7,Denver,Nuggets,DEN,Denver,2.5,TRUE,FALSE,2.5,3,9:18,9,18,FALSE,FALSE,2,2,3,2,558,1278,1278,558,1278,1278,3,3,2,38.75,1,2025-11-12,2025-11-13T03:30:00Z,
250,401810079358,358,98,Free Throw - 1 of 2,Nikola Jokic misses free throw 1 of 2,72,70,3,3rd Quarter,9:18,FALSE,0,7,3112335,,,2025-11-13T05:02:32Z,TRUE,25,13.75,1,Missed FT,2026,2,12,LA,Clippers,LAC,LA,7,Denver,Nuggets,DEN,Denver,2.5,TRUE,FALSE,2.5,3,9:18,9,18,FALSE,FALSE,2,2,3,2,558,1278,1278,558,1278,1278,3,3,2,-28,0,2025-11-12,2025-11-13T03:30:00Z,
251,401810079359,359,156,Offensive Rebound,Nuggets offensive team rebound,72,70,3,3rd Quarter,9:18,FALSE,0,7,,,,2025-11-13T05:02:32Z,FALSE,-214748340,-214748365,0,Rebound,2026,2,12,LA,Clippers,LAC,LA,7,Denver,Nuggets,DEN,Denver,2.5,TRUE,FALSE,2.5,3,9:18,9,18,FALSE,FALSE,2,2,3,2,558,1278,1278,558,1278,1278,3,3,2,-214748406.75,-214748365,2025-11-12,2025-11-13T03:30:00Z,
252,401810079360,360,99,Free Throw - 2 of 2,Nikola Jokic makes free throw 2 of 2,73,70,3,3rd Quarter,9:18,TRUE,1,7,3112335,,,2025-11-13T05:02:52Z,TRUE,25,13.75,1,+1 Point,2026,2,12,LA,Clippers,LAC,LA,7,Denver,Nuggets,DEN,Denver,2.5,TRUE,FALSE,2.5,3,9:18,9,18,FALSE,FALSE,2,2,3,2,558,1278,1278,542,1262,1262,3,3,2,-28,0,2025-11-12,2025-11-13T03:30:00Z,
253,401810079361,361,110,Driving Layup Shot,Kris Dunn misses driving layup,73,70,3,3rd Quarter,9:02,FALSE,0,12,2991139,,,2025-11-13T05:03:10Z,TRUE,23,4,2,Missed FG,2026,2,12,LA,Clippers,LAC,LA,7,Denver,Nuggets,DEN,Denver,2.5,TRUE,FALSE,2.5,3,9:02,9,2,FALSE,FALSE,2,2,3,2,542,1262,1262,541,1261,1261,3,3,2,37.75,2,2025-11-12,2025-11-13T03:30:00Z,
254,401810079362,362,155,Defensive Rebound,Nikola Jokic defensive rebound,73,70,3,3rd Quarter,9:01,FALSE,0,7,3112335,,,2025-11-13T05:03:11Z,FALSE,23,4,0,Rebound,2026,2,12,LA,Clippers,LAC,LA,7,Denver,Nuggets,DEN,Denver,2.5,TRUE,FALSE,2.5,3,9:01,9,1,FALSE,FALSE,2,2,3,2,541,1261,1261,540,1260,1260,3,3,2,-37.75,-2,2025-11-12,2025-11-13T03:30:00Z,
255,401810079363,363,63,Lost Ball Turnover,Nikola Jokic lost ball turnover (Kris Dunn steals),73,70,3,3rd Quarter,9:00,FALSE,0,7,3112335,2991139,,2025-11-13T05:03:14Z,FALSE,17,9,0,Turnover,2026,2,12,LA,Clippers,LAC,LA,7,Denver,Nuggets,DEN,Denver,2.5,TRUE,FALSE,2.5,3,9:00,9,0,FALSE,FALSE,2,2,3,2,540,1260,1260,533,1253,1253,3,3,2,-32.75,-8,2025-11-12,2025-11-13T03:30:00Z,
256,401810079365,365,93,Hook Shot,Ivica Zubac makes 8-foot hook shot (Derrick Jones Jr. assists),73,72,3,3rd Quarter,8:53,TRUE,2,12,4017837,3936099,,2025-11-13T05:03:18Z,TRUE,26,8,2,+2 Points,2026,2,12,LA,Clippers,LAC,LA,7,Denver,Nuggets,DEN,Denver,2.5,TRUE,FALSE,2.5,3,8:53,8,53,FALSE,FALSE,2,2,3,2,533,1253,1253,521,1241,1241,3,3,2,33.75,-1,2025-11-12,2025-11-13T03:30:00Z,
257,401810079366,366,90,Out of Bounds - Bad Pass Turnover,Nikola Jokic out of bounds bad pass turnover,73,72,3,3rd Quarter,8:41,FALSE,0,7,3112335,,,2025-11-13T05:03:34Z,FALSE,37,23,0,Turnover,2026,2,12,LA,Clippers,LAC,LA,7,Denver,Nuggets,DEN,Denver,2.5,TRUE,FALSE,2.5,3,8:41,8,41,FALSE,FALSE,2,2,3,2,521,1241,1241,510,1230,1230,3,3,2,-18.75,12,2025-11-12,2025-11-13T03:30:00Z,
258,401810079367,367,92,Jump Shot,Derrick Jones Jr. misses 22-foot three point jumper,73,72,3,3rd Quarter,8:30,FALSE,0,12,3936099,,,2025-11-13T05:03:49Z,TRUE,3,2,3,Missed 3PT,2026,2,12,LA,Clippers,LAC,LA,7,Denver,Nuggets,DEN,Denver,2.5,TRUE,FALSE,2.5,3,8:30,8,30,FALSE,FALSE,2,2,3,2,510,1230,1230,506,1226,1226,3,3,2,39.75,22,2025-11-12,2025-11-13T03:30:00Z,
259,401810079368,368,155,Defensive Rebound,Nikola Jokic defensive rebound,73,72,3,3rd Quarter,8:26,FALSE,0,7,3112335,,,2025-11-13T05:03:53Z,FALSE,3,2,0,Rebound,2026,2,12,LA,Clippers,LAC,LA,7,Denver,Nuggets,DEN,Denver,2.5,TRUE,FALSE,2.5,3,8:26,8,26,FALSE,FALSE,2,2,3,2,506,1226,1226,502,1222,1222,3,3,2,-39.75,-22,2025-11-12,2025-11-13T03:30:00Z,
260,401810079369,369,141,Cutting Layup Shot,Nikola Jokic makes 4-foot layup (Tim Hardaway Jr. assists),75,72,3,3rd Quarter,8:22,TRUE,2,7,3112335,2528210,,2025-11-13T05:04:05Z,TRUE,25,4,2,+2 Points,2026,2,12,LA,Clippers,LAC,LA,7,Denver,Nuggets,DEN,Denver,2.5,TRUE,FALSE,2.5,3,8:22,8,22,FALSE,FALSE,2,2,3,2,502,1222,1222,502,1222,1222,3,3,2,-37.75,0,2025-11-12,2025-11-13T03:30:00Z,
261,401810079371,371,44,Shooting Foul,John Collins shooting foul,75,72,3,3rd Quarter,8:22,FALSE,0,12,3908845,,,2025-11-13T05:04:09Z,FALSE,25,2,0,Foul,2026,2,12,LA,Clippers,LAC,LA,7,Denver,Nuggets,DEN,Denver,2.5,TRUE,FALSE,2.5,3,8:22,8,22,FALSE,FALSE,2,2,3,2,502,1222,1222,502,1222,1222,3,3,2,39.75,-0,2025-11-12,2025-11-13T03:30:00Z,
262,401810079373,373,16,Full Timeout,Clippers Full timeout,75,72,3,3rd Quarter,8:22,FALSE,0,12,,,,2025-11-13T05:04:28Z,FALSE,-214748340,-214748365,0,Timeout,2026,2,12,LA,Clippers,LAC,LA,7,Denver,Nuggets,DEN,Denver,2.5,TRUE,FALSE,2.5,3,8:22,8,22,FALSE,FALSE,2,2,3,2,502,1222,1222,502,1222,1222,3,3,2,214748406.75,214748365,2025-11-12,2025-11-13T03:30:00Z,
263,401810079374,374,216,Coach's Challenge (Stands),(08:22) [Clippers] COACH'S CHALLENGE (CALL STANDS) [Clippers] charged with a timeout,75,72,3,3rd Quarter,8:22,FALSE,0,12,,,,2025-11-13T05:04:29Z,FALSE,-214748340,-214748365,0,Challenge,2026,2,12,LA,Clippers,LAC,LA,7,Denver,Nuggets,DEN,Denver,2.5,TRUE,FALSE,2.5,3,8:22,8,22,FALSE,FALSE,2,2,3,2,502,1222,1222,502,1222,1222,3,3,2,214748406.75,214748365,2025-11-12,2025-11-13T03:30:00Z,
264,401810079376,376,97,Free Throw - 1 of 1,Nikola Jokic makes free throw 1 of 1,76,72,3,3rd Quarter,8:22,TRUE,1,7,3112335,,,2025-11-13T05:07:34Z,TRUE,25,13.75,1,+1 Point,2026,2,12,LA,Clippers,LAC,LA,7,Denver,Nuggets,DEN,Denver,2.5,TRUE,FALSE,2.5,3,8:22,8,22,FALSE,FALSE,2,2,3,2,502,1222,1222,486,1206,1206,3,3,2,-28,0,2025-11-12,2025-11-13T03:30:00Z,
265,401810079377,377,140,Hook Turnaround Bank,Ivica Zubac misses 4-foot two point shot,76,72,3,3rd Quarter,8:06,FALSE,0,12,4017837,,,2025-11-13T05:07:53Z,TRUE,20,2,2,Missed FG,2026,2,12,LA,Clippers,LAC,LA,7,Denver,Nuggets,DEN,Denver,2.5,TRUE,FALSE,2.5,3,8:06,8,6,FALSE,FALSE,2,2,3,2,486,1206,1206,484,1204,1204,3,3,2,39.75,5,2025-11-12,2025-11-13T03:30:00Z,
266,401810079378,378,155,Defensive Rebound,Jamal Murray defensive rebound,76,72,3,3rd Quarter,8:04,FALSE,0,7,3936299,,,2025-11-13T05:07:55Z,FALSE,20,2,0,Rebound,2026,2,12,LA,Clippers,LAC,LA,7,Denver,Nuggets,DEN,Denver,2.5,TRUE,FALSE,2.5,3,8:04,8,4,FALSE,FALSE,2,2,3,2,484,1204,1204,479,1199,1199,3,3,2,-39.75,-5,2025-11-12,2025-11-13T03:30:00Z,
267,401810079379,379,144,Driving Floating Jump Shot,Nikola Jokic makes 3-foot driving floating jump shot (Jamal Murray assists),78,72,3,3rd Quarter,7:59,TRUE,2,7,3112335,3936299,,2025-11-13T05:08:00Z,TRUE,27,4,2,+2 Points,2026,2,12,LA,Clippers,LAC,LA,7,Denver,Nuggets,DEN,Denver,2.5,TRUE,FALSE,2.5,3,7:59,7,59,FALSE,FALSE,2,2,3,2,479,1199,1199,460,1180,1180,3,3,2,-37.75,2,2025-11-12,2025-11-13T03:30:00Z,
268,401810079381,381,62,"Bad Pass
Turnover",Ivica Zubac bad pass (Jamal Murray steals),78,72,3,3rd Quarter,7:40,FALSE,0,12,4017837,3936299,,2025-11-13T05:08:19Z,FALSE,26,4,0,Turnover,2026,2,12,LA,Clippers,LAC,LA,7,Denver,Nuggets,DEN,Denver,2.5,TRUE,FALSE,2.5,3,7:40,7,40,FALSE,FALSE,2,2,3,2,460,1180,1180,450,1170,1170,3,3,2,37.75,-1,2025-11-12,2025-11-13T03:30:00Z,
269,401810079383,383,62,"Bad Pass
Turnover",Jamal Murray bad pass (Derrick Jones Jr. steals),78,72,3,3rd Quarter,7:30,FALSE,0,7,3936299,3936099,,2025-11-13T05:08:30Z,FALSE,23,9,0,Turnover,2026,2,12,LA,Clippers,LAC,LA,7,Denver,Nuggets,DEN,Denver,2.5,TRUE,FALSE,2.5,3,7:30,7,30,FALSE,FALSE,2,2,3,2,450,1170,1170,446,1166,1166,3,3,2,-32.75,-2,2025-11-12,2025-11-13T03:30:00Z,
270,401810079385,385,109,Running Layup Shot,John Collins misses two point shot,78,72,3,3rd Quarter,7:26,FALSE,0,12,3908845,,,2025-11-13T05:08:34Z,TRUE,26,2,2,Missed FG,2026,2,12,LA,Clippers,LAC,LA,7,Denver,Nuggets,DEN,Denver,2.5,TRUE,FALSE,2.5,3,7:26,7,26,FALSE,FALSE,2,2,3,2,446,1166,1166,446,1166,1166,3,3,2,39.75,-1,2025-11-12,2025-11-13T03:30:00Z,
271,401810079386,386,155,Defensive Rebound,Nuggets defensive team rebound,78,72,3,3rd Quarter,7:26,FALSE,0,7,,,,2025-11-13T05:08:34Z,FALSE,26,2,0,Rebound,2026,2,12,LA,Clippers,LAC,LA,7,Denver,Nuggets,DEN,Denver,2.5,TRUE,FALSE,2.5,3,7:26,7,26,FALSE,FALSE,2,2,3,2,446,1166,1166,446,1166,1166,3,3,2,-39.75,1,2025-11-12,2025-11-13T03:30:00Z,
272,401810079387,387,43,Loose Ball Foul,Kris Dunn loose ball foul,78,72,3,3rd Quarter,7:26,FALSE,0,12,2991139,,,2025-11-13T05:08:44Z,FALSE,24,4,0,Foul,2026,2,12,LA,Clippers,LAC,LA,7,Denver,Nuggets,DEN,Denver,2.5,TRUE,FALSE,2.5,3,7:26,7,26,FALSE,FALSE,2,2,3,2,446,1166,1166,446,1166,1166,3,3,2,37.75,1,2025-11-12,2025-11-13T03:30:00Z,
273,401810079389,389,98,Free Throw - 1 of 2,Tim Hardaway Jr. makes free throw 1 of 2,79,72,3,3rd Quarter,7:26,TRUE,1,7,2528210,,,2025-11-13T05:09:35Z,TRUE,25,13.75,1,+1 Point,2026,2,12,LA,Clippers,LAC,LA,7,Denver,Nuggets,DEN,Denver,2.5,TRUE,FALSE,2.5,3,7:26,7,26,FALSE,FALSE,2,2,3,2,446,1166,1166,446,1166,1166,3,3,2,-28,0,2025-11-12,2025-11-13T03:30:00Z,
274,401810079390,390,99,Free Throw - 2 of 2,Tim Hardaway Jr. makes free throw 2 of 2,80,72,3,3rd Quarter,7:26,TRUE,1,7,2528210,,,2025-11-13T05:09:58Z,TRUE,25,13.75,1,+1 Point,2026,2,12,LA,Clippers,LAC,LA,7,Denver,Nuggets,DEN,Denver,2.5,TRUE,FALSE,2.5,3,7:26,7,26,FALSE,FALSE,2,2,3,2,446,1166,1166,437,1157,1157,3,3,2,-28,0,2025-11-12,2025-11-13T03:30:00Z,
275,401810079391,391,62,"Bad Pass
Turnover",Kris Dunn bad pass (Jamal Murray steals),80,72,3,3rd Quarter,7:17,FALSE,0,12,2991139,3936299,,2025-11-13T05:10:10Z,FALSE,30,6,0,Turnover,2026,2,12,LA,Clippers,LAC,LA,7,Denver,Nuggets,DEN,Denver,2.5,TRUE,FALSE,2.5,3,7:17,7,17,FALSE,FALSE,2,2,3,2,437,1157,1157,426,1146,1146,3,3,2,35.75,-5,2025-11-12,2025-11-13T03:30:00Z,
276,401810079393,393,110,Driving Layup Shot,Jamal Murray misses driving layup,80,72,3,3rd Quarter,7:06,FALSE,0,7,3936299,,,2025-11-13T05:10:20Z,TRUE,21,4,2,Missed FG,2026,2,12,LA,Clippers,LAC,LA,7,Denver,Nuggets,DEN,Denver,2.5,TRUE,FALSE,2.5,3,7:06,7,6,FALSE,FALSE,2,2,3,2,426,1146,1146,423,1143,1143,3,3,2,-37.75,-4,2025-11-12,2025-11-13T03:30:00Z,
277,401810079394,394,155,Defensive Rebound,James Harden defensive rebound,80,72,3,3rd Quarter,7:03,FALSE,0,12,3992,,,2025-11-13T05:10:23Z,FALSE,21,4,0,Rebound,2026,2,12,LA,Clippers,LAC,LA,7,Denver,Nuggets,DEN,Denver,2.5,TRUE,FALSE,2.5,3,7:03,7,3,FALSE,FALSE,2,2,3,2,423,1143,1143,415,1135,1135,3,3,2,37.75,4,2025-11-12,2025-11-13T03:30:00Z,
278,401810079395,395,134,Driving Jump Shot Bank,James Harden misses 3-foot two point shot,80,72,3,3rd Quarter,6:55,FALSE,0,12,3992,,,2025-11-13T05:10:31Z,TRUE,22,1,2,Missed FG,2026,2,12,LA,Clippers,LAC,LA,7,Denver,Nuggets,DEN,Denver,2.5,TRUE,FALSE,2.5,3,6:55,6,55,FALSE,FALSE,2,2,3,2,415,1135,1135,413,1133,1133,3,3,2,40.75,3,2025-11-12,2025-11-13T03:30:00Z,
279,401810079396,396,156,Offensive Rebound,Ivica Zubac offensive rebound,80,72,3,3rd Quarter,6:53,FALSE,0,12,4017837,,,2025-11-13T05:10:33Z,FALSE,22,1,0,Rebound,2026,2,12,LA,Clippers,LAC,LA,7,Denver,Nuggets,DEN,Denver,2.5,TRUE,FALSE,2.5,3,6:53,6,53,FALSE,FALSE,2,2,3,2,413,1133,1133,413,1133,1133,3,3,2,40.75,3,2025-11-12,2025-11-13T03:30:00Z,
280,401810079397,397,125,Layup Shot Putback,Ivica Zubac makes two point shot,80,74,3,3rd Quarter,6:53,TRUE,2,12,4017837,,,2025-11-13T05:10:34Z,TRUE,23,0,2,+2 Points,2026,2,12,LA,Clippers,LAC,LA,7,Denver,Nuggets,DEN,Denver,2.5,TRUE,FALSE,2.5,3,6:53,6,53,FALSE,FALSE,2,2,3,2,413,1133,1133,398,1118,1118,3,3,2,41.75,2,2025-11-12,2025-11-13T03:30:00Z,
281,401810079398,398,92,Jump Shot,Tim Hardaway Jr. makes 27-foot three point jumper (Nikola Jokic assists),83,74,3,3rd Quarter,6:38,TRUE,3,7,2528210,3112335,,2025-11-13T05:10:49Z,TRUE,48,15,3,+3 Points,2026,2,12,LA,Clippers,LAC,LA,7,Denver,Nuggets,DEN,Denver,2.5,TRUE,FALSE,2.5,3,6:38,6,38,FALSE,FALSE,2,2,3,2,398,1118,1118,398,1118,1118,3,3,2,-26.75,23,2025-11-12,2025-11-13T03:30:00Z,
282,401810079400,400,44,Shooting Foul,Kris Dunn shooting foul,83,74,3,3rd Quarter,6:38,FALSE,0,12,2991139,,,2025-11-13T05:10:54Z,FALSE,44,18,0,Foul,2026,2,12,LA,Clippers,LAC,LA,7,Denver,Nuggets,DEN,Denver,2.5,TRUE,FALSE,2.5,3,6:38,6,38,FALSE,FALSE,2,2,3,2,398,1118,1118,398,1118,1118,3,3,2,23.75,-19,2025-11-12,2025-11-13T03:30:00Z,
283,401810079402,402,280,Ref-Initiated Review (Stands),(06:38) [Nuggets] REF-INITIATED REVIEW (CALL STANDS),83,74,3,3rd Quarter,6:38,FALSE,0,,,,,2025-11-13T05:11:11Z,FALSE,-214748340,-214748365,0,Challenge,2026,2,12,LA,Clippers,LAC,LA,7,Denver,Nuggets,DEN,Denver,2.5,TRUE,FALSE,2.5,3,6:38,6,38,FALSE,FALSE,2,2,3,2,398,1118,1118,398,1118,1118,3,3,2,-214748406.75,-214748365,2025-11-12,2025-11-13T03:30:00Z,
284,401810079403,403,584,Substitution,Kobe Sanders enters the game for Kris Dunn,83,74,3,3rd Quarter,6:38,FALSE,0,12,4702352,2991139,,2025-11-13T05:12:12Z,FALSE,-214748340,-214748365,0,Substitution,2026,2,12,LA,Clippers,LAC,LA,7,Denver,Nuggets,DEN,Denver,2.5,TRUE,FALSE,2.5,3,6:38,6,38,FALSE,FALSE,2,2,3,2,398,1118,1118,398,1118,1118,3,3,2,214748406.75,214748365,2025-11-12,2025-11-13T03:30:00Z,
285,401810079404,404,584,Substitution,Bruce Brown enters the game for Jamal Murray,83,74,3,3rd Quarter,6:38,FALSE,0,7,4065670,3936299,,2025-11-13T05:12:12Z,FALSE,-214748340,-214748365,0,Substitution,2026,2,12,LA,Clippers,LAC,LA,7,Denver,Nuggets,DEN,Denver,2.5,TRUE,FALSE,2.5,3,6:38,6,38,FALSE,FALSE,2,2,3,2,398,1118,1118,398,1118,1118,3,3,2,-214748406.75,-214748365,2025-11-12,2025-11-13T03:30:00Z,
286,401810079407,407,97,Free Throw - 1 of 1,Tim Hardaway Jr. makes free throw 1 of 1,84,74,3,3rd Quarter,6:38,TRUE,1,7,2528210,,,2025-11-13T05:12:50Z,TRUE,25,13.75,1,+1 Point,2026,2,12,LA,Clippers,LAC,LA,7,Denver,Nuggets,DEN,Denver,2.5,TRUE,FALSE,2.5,3,6:38,6,38,FALSE,FALSE,2,2,3,2,398,1118,1118,385,1105,1105,3,3,2,-28,0,2025-11-12,2025-11-13T03:30:00Z,
287,401810079408,408,110,Driving Layup Shot,Derrick Jones Jr. makes driving layup (James Harden assists),84,76,3,3rd Quarter,6:25,TRUE,2,12,3936099,3992,,2025-11-13T05:13:09Z,TRUE,25,4,2,+2 Points,2026,2,12,LA,Clippers,LAC,LA,7,Denver,Nuggets,DEN,Denver,2.5,TRUE,FALSE,2.5,3,6:25,6,25,FALSE,FALSE,2,2,3,2,385,1105,1105,369,1089,1089,3,3,2,37.75,-0,2025-11-12,2025-11-13T03:30:00Z,
288,401810079410,410,92,Jump Shot,Tim Hardaway Jr. makes 26-foot three point jumper (Nikola Jokic assists),87,76,3,3rd Quarter,6:09,TRUE,3,7,2528210,3112335,,2025-11-13T05:13:24Z,TRUE,19,26,3,+3 Points,2026,2,12,LA,Clippers,LAC,LA,7,Denver,Nuggets,DEN,Denver,2.5,TRUE,FALSE,2.5,3,6:09,6,9,FALSE,FALSE,2,2,3,2,369,1089,1089,355,1075,1075,3,3,2,-15.75,-6,2025-11-12,2025-11-13T03:30:00Z,
289,401810079412,412,131,Pullup Jump Shot,James Harden misses 26-foot three point pullup jump shot,87,76,3,3rd Quarter,5:55,FALSE,0,12,3992,,,2025-11-13T05:13:38Z,TRUE,8,20,3,Missed 3PT,2026,2,12,LA,Clippers,LAC,LA,7,Denver,Nuggets,DEN,Denver,2.5,TRUE,FALSE,2.5,3,5:55,5,55,FALSE,FALSE,2,2,3,2,355,1075,1075,352,1072,1072,3,3,2,21.75,17,2025-11-12,2025-11-13T03:30:00Z,
290,401810079413,413,155,Defensive Rebound,Nikola Jokic defensive rebound,87,76,3,3rd Quarter,5:52,FALSE,0,7,3112335,,,2025-11-13T05:13:41Z,FALSE,8,20,0,Rebound,2026,2,12,LA,Clippers,LAC,LA,7,Denver,Nuggets,DEN,Denver,2.5,TRUE,FALSE,2.5,3,5:52,5,52,FALSE,FALSE,2,2,3,2,352,1072,1072,346,1066,1066,3,3,2,-21.75,-17,2025-11-12,2025-11-13T03:30:00Z,
291,401810079414,414,92,Jump Shot,Nikola Jokic makes 25-foot three point jumper (Tim Hardaway Jr. assists),90,76,3,3rd Quarter,5:46,TRUE,3,7,3112335,2528210,,2025-11-13T05:13:48Z,TRUE,23,26,3,+3 Points,2026,2,12,LA,Clippers,LAC,LA,7,Denver,Nuggets,DEN,Denver,2.5,TRUE,FALSE,2.5,3,5:46,5,46,FALSE,FALSE,2,2,3,2,346,1066,1066,318,1038,1038,3,3,2,-15.75,-2,2025-11-12,2025-11-13T03:30:00Z,
292,401810079416,416,133,Pullup Bank Jump Shot,James Harden misses 9-foot two point shot,90,76,3,3rd Quarter,5:18,FALSE,0,12,3992,,,2025-11-13T05:14:17Z,TRUE,25,10,2,Missed FG,2026,2,12,LA,Clippers,LAC,LA,7,Denver,Nuggets,DEN,Denver,2.5,TRUE,FALSE,2.5,3,5:18,5,18,FALSE,FALSE,2,2,3,2,318,1038,1038,318,1038,1038,3,3,2,31.75,-0,2025-11-12,2025-11-13T03:30:00Z,
293,401810079417,417,156,Offensive Rebound,Clippers offensive team rebound,90,76,3,3rd Quarter,5:18,FALSE,0,12,,,,2025-11-13T05:14:17Z,FALSE,25,10,0,Rebound,2026,2,12,LA,Clippers,LAC,LA,7,Denver,Nuggets,DEN,Denver,2.5,TRUE,FALSE,2.5,3,5:18,5,18,FALSE,FALSE,2,2,3,2,318,1038,1038,317,1037,1037,3,3,2,31.75,-0,2025-11-12,2025-11-13T03:30:00Z,
294,401810079418,418,70,Shot Clock Turnover,shot clock turnover ,90,76,3,3rd Quarter,5:17,FALSE,0,12,,,,2025-11-13T05:14:21Z,FALSE,27,2,0,Turnover,2026,2,12,LA,Clippers,LAC,LA,7,Denver,Nuggets,DEN,Denver,2.5,TRUE,FALSE,2.5,3,5:17,5,17,FALSE,FALSE,2,2,3,2,317,1037,1037,317,1037,1037,3,3,2,39.75,-2,2025-11-12,2025-11-13T03:30:00Z,
295,401810079419,419,584,Substitution,Nicolas Batum enters the game for John Collins,90,76,3,3rd Quarter,5:17,FALSE,0,12,3416,3908845,,2025-11-13T05:14:28Z,FALSE,-214748340,-214748365,0,Substitution,2026,2,12,LA,Clippers,LAC,LA,7,Denver,Nuggets,DEN,Denver,2.5,TRUE,FALSE,2.5,3,5:17,5,17,FALSE,FALSE,2,2,3,2,317,1037,1037,309,1029,1029,3,3,2,214748406.75,214748365,2025-11-12,2025-11-13T03:30:00Z,
296,401810079421,421,92,Jump Shot,Tim Hardaway Jr. misses 26-foot three point jumper,90,76,3,3rd Quarter,5:09,FALSE,0,7,2528210,,,2025-11-13T05:14:45Z,TRUE,47,15,3,Missed 3PT,2026,2,12,LA,Clippers,LAC,LA,7,Denver,Nuggets,DEN,Denver,2.5,TRUE,FALSE,2.5,3,5:09,5,9,FALSE,FALSE,2,2,3,2,309,1029,1029,306,1026,1026,3,3,2,-26.75,22,2025-11-12,2025-11-13T03:30:00Z,
297,401810079422,422,155,Defensive Rebound,James Harden defensive rebound,90,76,3,3rd Quarter,5:06,FALSE,0,12,3992,,,2025-11-13T05:14:48Z,FALSE,47,15,0,Rebound,2026,2,12,LA,Clippers,LAC,LA,7,Denver,Nuggets,DEN,Denver,2.5,TRUE,FALSE,2.5,3,5:06,5,6,FALSE,FALSE,2,2,3,2,306,1026,1026,301,1021,1021,3,3,2,26.75,-22,2025-11-12,2025-11-13T03:30:00Z,
298,401810079423,423,44,Shooting Foul,Spencer Jones shooting foul,90,76,3,3rd Quarter,5:01,FALSE,0,7,4592427,,,2025-11-13T05:14:55Z,FALSE,27,4,0,Foul,2026,2,12,LA,Clippers,LAC,LA,7,Denver,Nuggets,DEN,Denver,2.5,TRUE,FALSE,2.5,3,5:01,5,1,FALSE,FALSE,2,2,3,2,301,1021,1021,301,1021,1021,3,3,2,-37.75,2,2025-11-12,2025-11-13T03:30:00Z,
299,401810079426,426,98,Free Throw - 1 of 2,James Harden makes free throw 1 of 2,90,77,3,3rd Quarter,5:01,TRUE,1,12,3992,,,2025-11-13T05:16:32Z,TRUE,25,13.75,1,+1 Point,2026,2,12,LA,Clippers,LAC,LA,7,Denver,Nuggets,DEN,Denver,2.5,TRUE,FALSE,2.5,3,5:01,5,1,FALSE,FALSE,2,2,3,2,301,1021,1021,301,1021,1021,3,3,2,28,-0,2025-11-12,2025-11-13T03:30:00Z,
300,401810079427,427,584,Substitution,Brook Lopez enters the game for Ivica Zubac,90,77,3,3rd Quarter,5:01,FALSE,0,12,3448,4017837,,2025-11-13T05:16:33Z,FALSE,-214748340,-214748365,0,Substitution,2026,2,12,LA,Clippers,LAC,LA,7,Denver,Nuggets,DEN,Denver,2.5,TRUE,FALSE,2.5,3,5:01,5,1,FALSE,FALSE,2,2,3,2,301,1021,1021,301,1021,1021,3,3,2,214748406.75,214748365,2025-11-12,2025-11-13T03:30:00Z,
301,401810079428,428,584,Substitution,Peyton Watson enters the game for Spencer Jones,90,77,3,3rd Quarter,5:01,FALSE,0,7,4576087,4592427,,2025-11-13T05:16:33Z,FALSE,-214748340,-214748365,0,Substitution,2026,2,12,LA,Clippers,LAC,LA,7,Denver,Nuggets,DEN,Denver,2.5,TRUE,FALSE,2.5,3,5:01,5,1,FALSE,FALSE,2,2,3,2,301,1021,1021,301,1021,1021,3,3,2,-214748406.75,-214748365,2025-11-12,2025-11-13T03:30:00Z,
302,401810079431,431,99,Free Throw - 2 of 2,James Harden makes free throw 2 of 2,90,78,3,3rd Quarter,5:01,TRUE,1,12,3992,,,2025-11-13T05:16:58Z,TRUE,25,13.75,1,+1 Point,2026,2,12,LA,Clippers,LAC,LA,7,Denver,Nuggets,DEN,Denver,2.5,TRUE,FALSE,2.5,3,5:01,5,1,FALSE,FALSE,2,2,3,2,301,1021,1021,294,1014,1014,3,3,2,28,-0,2025-11-12,2025-11-13T03:30:00Z,
303,401810079432,432,131,Pullup Jump Shot,Bruce Brown makes 10-foot pullup jump shot,92,78,3,3rd Quarter,4:54,TRUE,2,7,4065670,,,2025-11-13T05:17:07Z,TRUE,26,11,2,+2 Points,2026,2,12,LA,Clippers,LAC,LA,7,Denver,Nuggets,DEN,Denver,2.5,TRUE,FALSE,2.5,3,4:54,4,54,FALSE,FALSE,2,2,3,2,294,1014,1014,276,996,996,3,3,2,-30.75,1,2025-11-12,2025-11-13T03:30:00Z,
304,401810079433,433,62,"Bad Pass
Turnover",James Harden bad pass (Nikola Jokic steals),92,78,3,3rd Quarter,4:36,FALSE,0,12,3992,3112335,,2025-11-13T05:17:26Z,FALSE,8,20,0,Turnover,2026,2,12,LA,Clippers,LAC,LA,7,Denver,Nuggets,DEN,Denver,2.5,TRUE,FALSE,2.5,3,4:36,4,36,FALSE,FALSE,2,2,3,2,276,996,996,273,993,993,3,3,2,21.75,17,2025-11-12,2025-11-13T03:30:00Z,
305,401810079435,435,109,Running Layup Shot,Nikola Jokic makes two point shot (Peyton Watson assists),94,78,3,3rd Quarter,4:33,TRUE,2,7,3112335,4576087,,2025-11-13T05:17:30Z,TRUE,24,3,2,+2 Points,2026,2,12,LA,Clippers,LAC,LA,7,Denver,Nuggets,DEN,Denver,2.5,TRUE,FALSE,2.5,3,4:33,4,33,FALSE,FALSE,2,2,3,2,273,993,993,273,993,993,3,3,2,-38.75,-1,2025-11-12,2025-11-13T03:30:00Z,
306,401810079437,437,16,Full Timeout,Clippers Full timeout,94,78,3,3rd Quarter,4:33,FALSE,0,12,,,,2025-11-13T05:17:37Z,FALSE,-214748340,-214748365,0,Timeout,2026,2,12,LA,Clippers,LAC,LA,7,Denver,Nuggets,DEN,Denver,2.5,TRUE,FALSE,2.5,3,4:33,4,33,FALSE,FALSE,2,2,3,2,273,993,993,260,980,980,3,3,2,214748406.75,214748365,2025-11-12,2025-11-13T03:30:00Z,
307,401810079438,438,110,Driving Layup Shot,James Harden makes driving layup,94,80,3,3rd Quarter,4:20,TRUE,2,12,3992,,,2025-11-13T05:19:16Z,TRUE,26,1,2,+2 Points,2026,2,12,LA,Clippers,LAC,LA,7,Denver,Nuggets,DEN,Denver,2.5,TRUE,FALSE,2.5,3,4:20,4,20,FALSE,FALSE,2,2,3,2,260,980,980,251,971,971,3,3,2,40.75,-1,2025-11-12,2025-11-13T03:30:00Z,
308,401810079439,439,110,Driving Layup Shot,Nikola Jokic makes driving layup,96,80,3,3rd Quarter,4:11,TRUE,2,7,3112335,,,2025-11-13T05:19:24Z,TRUE,26,2,2,+2 Points,2026,2,12,LA,Clippers,LAC,LA,7,Denver,Nuggets,DEN,Denver,2.5,TRUE,FALSE,2.5,3,4:11,4,11,FALSE,FALSE,2,2,3,2,251,971,971,236,956,956,3,3,2,-39.75,1,2025-11-12,2025-11-13T03:30:00Z,
309,401810079440,440,92,Jump Shot,Brook Lopez makes 26-foot three point jumper (Derrick Jones Jr. assists),96,83,3,3rd Quarter,3:56,TRUE,3,12,3448,3936099,,2025-11-13T05:19:41Z,TRUE,5,18,3,+3 Points,2026,2,12,LA,Clippers,LAC,LA,7,Denver,Nuggets,DEN,Denver,2.5,TRUE,FALSE,2.5,3,3:56,3,56,FALSE,FALSE,2,2,3,2,236,956,956,207,927,927,3,3,2,23.75,20,2025-11-12,2025-11-13T03:30:00Z,
310,401810079442,442,137,Turnaround Fade Away Jump Shot,Nikola Jokic makes 17-foot two point shot,98,83,3,3rd Quarter,3:27,TRUE,2,7,3112335,,,2025-11-13T05:20:09Z,TRUE,12,12,2,+2 Points,2026,2,12,LA,Clippers,LAC,LA,7,Denver,Nuggets,DEN,Denver,2.5,TRUE,FALSE,2.5,3,3:27,3,27,FALSE,FALSE,2,2,3,2,207,927,927,194,914,914,3,3,2,-29.75,-13,2025-11-12,2025-11-13T03:30:00Z,
311,401810079443,443,92,Jump Shot,Brook Lopez misses 26-foot three point jumper,98,83,3,3rd Quarter,3:14,FALSE,0,12,3448,,,2025-11-13T05:20:23Z,TRUE,10,21,3,Missed 3PT,2026,2,12,LA,Clippers,LAC,LA,7,Denver,Nuggets,DEN,Denver,2.5,TRUE,FALSE,2.5,3,3:14,3,14,FALSE,FALSE,2,2,3,2,194,914,914,190,910,910,3,3,2,20.75,15,2025-11-12,2025-11-13T03:30:00Z,
312,401810079444,444,156,Offensive Rebound,Kobe Sanders offensive rebound,98,83,3,3rd Quarter,3:10,FALSE,0,12,4702352,,,2025-11-13T05:20:27Z,FALSE,10,21,0,Rebound,2026,2,12,LA,Clippers,LAC,LA,7,Denver,Nuggets,DEN,Denver,2.5,TRUE,FALSE,2.5,3,3:10,3,10,FALSE,FALSE,2,2,3,2,190,910,910,186,906,906,3,3,2,20.75,15,2025-11-12,2025-11-13T03:30:00Z,
313,401810079445,445,132,Step Back Jump Shot,Kobe Sanders misses 25-foot three point step back jumpshot,98,83,3,3rd Quarter,3:06,FALSE,0,12,4702352,,,2025-11-13T05:20:30Z,TRUE,46,15,3,Missed 3PT,2026,2,12,LA,Clippers,LAC,LA,7,Denver,Nuggets,DEN,Denver,2.5,TRUE,FALSE,2.5,3,3:06,3,6,FALSE,FALSE,2,2,3,2,186,906,906,185,905,905,3,3,2,26.75,-21,2025-11-12,2025-11-13T03:30:00Z,
314,401810079446,446,156,Offensive Rebound,Derrick Jones Jr. offensive rebound,98,83,3,3rd Quarter,3:05,FALSE,0,12,3936099,,,2025-11-13T05:20:31Z,FALSE,46,15,0,Rebound,2026,2,12,LA,Clippers,LAC,LA,7,Denver,Nuggets,DEN,Denver,2.5,TRUE,FALSE,2.5,3,3:05,3,5,FALSE,FALSE,2,2,3,2,185,905,905,184,904,904,3,3,2,26.75,-21,2025-11-12,2025-11-13T03:30:00Z,
315,401810079447,447,94,Tip Shot,Derrick Jones Jr. misses tip shot,98,83,3,3rd Quarter,3:04,FALSE,0,12,3936099,,,2025-11-13T05:20:37Z,TRUE,25,0,2,Missed FG,2026,2,12,LA,Clippers,LAC,LA,7,Denver,Nuggets,DEN,Denver,2.5,TRUE,FALSE,2.5,3,3:04,3,4,FALSE,FALSE,2,2,3,2,184,904,904,183,903,903,3,3,2,41.75,-0,2025-11-12,2025-11-13T03:30:00Z,
316,401810079448,448,155,Defensive Rebound,Nikola Jokic defensive rebound,98,83,3,3rd Quarter,3:03,FALSE,0,7,3112335,,,2025-11-13T05:20:38Z,FALSE,25,0,0,Rebound,2026,2,12,LA,Clippers,LAC,LA,7,Denver,Nuggets,DEN,Denver,2.5,TRUE,FALSE,2.5,3,3:03,3,3,FALSE,FALSE,2,2,3,2,183,903,903,174,894,894,3,3,2,-41.75,0,2025-11-12,2025-11-13T03:30:00Z,
317,401810079449,449,44,Shooting Foul,Nicolas Batum shooting foul,98,83,3,3rd Quarter,2:54,FALSE,0,12,3416,,,2025-11-13T05:20:45Z,FALSE,25,6,0,Foul,2026,2,12,LA,Clippers,LAC,LA,7,Denver,Nuggets,DEN,Denver,2.5,TRUE,FALSE,2.5,3,2:54,2,54,FALSE,FALSE,2,2,3,2,174,894,894,174,894,894,3,3,2,35.75,-0,2025-11-12,2025-11-13T03:30:00Z,
318,401810079451,451,98,Free Throw - 1 of 2,Peyton Watson misses free throw 1 of 2,98,83,3,3rd Quarter,2:54,FALSE,0,7,4576087,,,2025-11-13T05:21:13Z,TRUE,25,13.75,1,Missed FT,2026,2,12,LA,Clippers,LAC,LA,7,Denver,Nuggets,DEN,Denver,2.5,TRUE,FALSE,2.5,3,2:54,2,54,FALSE,FALSE,2,2,3,2,174,894,894,174,894,894,3,3,2,-28,0,2025-11-12,2025-11-13T03:30:00Z,
319,401810079452,452,156,Offensive Rebound,Nuggets offensive team rebound,98,83,3,3rd Quarter,2:54,FALSE,0,7,,,,2025-11-13T05:21:13Z,FALSE,-214748340,-214748365,0,Rebound,2026,2,12,LA,Clippers,LAC,LA,7,Denver,Nuggets,DEN,Denver,2.5,TRUE,FALSE,2.5,3,2:54,2,54,FALSE,FALSE,2,2,3,2,174,894,894,174,894,894,3,3,2,-214748406.75,-214748365,2025-11-12,2025-11-13T03:30:00Z,
320,401810079453,453,584,Substitution,Jordan Miller enters the game for Derrick Jones Jr.,98,83,3,3rd Quarter,2:54,FALSE,0,12,4396818,3936099,,2025-11-13T05:21:14Z,FALSE,-214748340,-214748365,0,Substitution,2026,2,12,LA,Clippers,LAC,LA,7,Denver,Nuggets,DEN,Denver,2.5,TRUE,FALSE,2.5,3,2:54,2,54,FALSE,FALSE,2,2,3,2,174,894,894,174,894,894,3,3,2,214748406.75,214748365,2025-11-12,2025-11-13T03:30:00Z,
321,401810079454,454,584,Substitution,Julian Strawther enters the game for Tim Hardaway Jr.,98,83,3,3rd Quarter,2:54,FALSE,0,7,4432181,2528210,,2025-11-13T05:21:14Z,FALSE,-214748340,-214748365,0,Substitution,2026,2,12,LA,Clippers,LAC,LA,7,Denver,Nuggets,DEN,Denver,2.5,TRUE,FALSE,2.5,3,2:54,2,54,FALSE,FALSE,2,2,3,2,174,894,894,174,894,894,3,3,2,-214748406.75,-214748365,2025-11-12,2025-11-13T03:30:00Z,
322,401810079455,455,584,Substitution,Jamal Murray enters the game for Aaron Gordon,98,83,3,3rd Quarter,2:54,FALSE,0,7,3936299,3064290,,2025-11-13T05:21:14Z,FALSE,-214748340,-214748365,0,Substitution,2026,2,12,LA,Clippers,LAC,LA,7,Denver,Nuggets,DEN,Denver,2.5,TRUE,FALSE,2.5,3,2:54,2,54,FALSE,FALSE,2,2,3,2,174,894,894,174,894,894,3,3,2,-214748406.75,-214748365,2025-11-12,2025-11-13T03:30:00Z,
323,401810079459,459,99,Free Throw - 2 of 2,Peyton Watson misses free throw 2 of 2,98,83,3,3rd Quarter,2:54,FALSE,0,7,4576087,,,2025-11-13T05:21:13Z,TRUE,25,13.75,1,Missed FT,2026,2,12,LA,Clippers,LAC,LA,7,Denver,Nuggets,DEN,Denver,2.5,TRUE,FALSE,2.5,3,2:54,2,54,FALSE,FALSE,2,2,3,2,174,894,894,172,892,892,3,3,2,-28,0,2025-11-12,2025-11-13T03:30:00Z,
324,401810079460,460,156,Offensive Rebound,Jamal Murray offensive rebound,98,83,3,3rd Quarter,2:52,FALSE,0,7,3936299,,,2025-11-13T05:21:15Z,FALSE,-214748340,-214748365,0,Rebound,2026,2,12,LA,Clippers,LAC,LA,7,Denver,Nuggets,DEN,Denver,2.5,TRUE,FALSE,2.5,3,2:52,2,52,FALSE,FALSE,2,2,3,2,172,892,892,168,888,888,3,3,2,-214748406.75,-214748365,2025-11-12,2025-11-13T03:30:00Z,
325,401810079461,461,92,Jump Shot,Julian Strawther misses 25-foot three point jumper,98,83,3,3rd Quarter,2:48,FALSE,0,7,4432181,,,2025-11-13T05:21:42Z,TRUE,34,24,3,Missed 3PT,2026,2,12,LA,Clippers,LAC,LA,7,Denver,Nuggets,DEN,Denver,2.5,TRUE,FALSE,2.5,3,2:48,2,48,FALSE,FALSE,2,2,3,2,168,888,888,165,885,885,3,3,2,-17.75,9,2025-11-12,2025-11-13T03:30:00Z,
326,401810079462,462,155,Defensive Rebound,Jordan Miller defensive rebound,98,83,3,3rd Quarter,2:45,FALSE,0,12,4396818,,,2025-11-13T05:21:45Z,FALSE,34,24,0,Rebound,2026,2,12,LA,Clippers,LAC,LA,7,Denver,Nuggets,DEN,Denver,2.5,TRUE,FALSE,2.5,3,2:45,2,45,FALSE,FALSE,2,2,3,2,165,885,885,159,879,879,3,3,2,17.75,-9,2025-11-12,2025-11-13T03:30:00Z,
327,401810079463,463,44,Shooting Foul,Nikola Jokic shooting foul,98,83,3,3rd Quarter,2:39,FALSE,0,7,3112335,,,2025-11-13T05:21:53Z,FALSE,24,3,0,Foul,2026,2,12,LA,Clippers,LAC,LA,7,Denver,Nuggets,DEN,Denver,2.5,TRUE,FALSE,2.5,3,2:39,2,39,FALSE,FALSE,2,2,3,2,159,879,879,159,879,879,3,3,2,-38.75,-1,2025-11-12,2025-11-13T03:30:00Z,
328,401810079465,465,98,Free Throw - 1 of 2,Jordan Miller makes free throw 1 of 2,98,84,3,3rd Quarter,2:39,TRUE,1,12,4396818,,,2025-11-13T05:22:19Z,TRUE,25,13.75,1,+1 Point,2026,2,12,LA,Clippers,LAC,LA,7,Denver,Nuggets,DEN,Denver,2.5,TRUE,FALSE,2.5,3,2:39,2,39,FALSE,FALSE,2,2,3,2,159,879,879,159,879,879,3,3,2,28,-0,2025-11-12,2025-11-13T03:30:00Z,
329,401810079466,466,99,Free Throw - 2 of 2,Jordan Miller misses free throw 2 of 2,98,84,3,3rd Quarter,2:39,FALSE,0,12,4396818,,,2025-11-13T05:22:19Z,TRUE,25,13.75,1,Missed FT,2026,2,12,LA,Clippers,LAC,LA,7,Denver,Nuggets,DEN,Denver,2.5,TRUE,FALSE,2.5,3,2:39,2,39,FALSE,FALSE,2,2,3,2,159,879,879,156,876,876,3,3,2,28,-0,2025-11-12,2025-11-13T03:30:00Z,
330,401810079467,467,155,Defensive Rebound,Jamal Murray defensive rebound,98,84,3,3rd Quarter,2:36,FALSE,0,7,3936299,,,2025-11-13T05:22:22Z,FALSE,-214748340,-214748365,0,Rebound,2026,2,12,LA,Clippers,LAC,LA,7,Denver,Nuggets,DEN,Denver,2.5,TRUE,FALSE,2.5,3,2:36,2,36,FALSE,FALSE,2,2,3,2,156,876,876,143,863,863,3,3,2,-214748406.75,-214748365,2025-11-12,2025-11-13T03:30:00Z,
331,401810079468,468,131,Pullup Jump Shot,Jamal Murray misses 26-foot three point pullup jump shot,98,84,3,3rd Quarter,2:23,FALSE,0,7,3936299,,,2025-11-13T05:22:49Z,TRUE,17,26,3,Missed 3PT,2026,2,12,LA,Clippers,LAC,LA,7,Denver,Nuggets,DEN,Denver,2.5,TRUE,FALSE,2.5,3,2:23,2,23,FALSE,FALSE,2,2,3,2,143,863,863,138,858,858,3,3,2,-15.75,-8,2025-11-12,2025-11-13T03:30:00Z,
332,401810079469,469,155,Defensive Rebound,James Harden defensive rebound,98,84,3,3rd Quarter,2:18,FALSE,0,12,3992,,,2025-11-13T05:22:54Z,FALSE,17,26,0,Rebound,2026,2,12,LA,Clippers,LAC,LA,7,Denver,Nuggets,DEN,Denver,2.5,TRUE,FALSE,2.5,3,2:18,2,18,FALSE,FALSE,2,2,3,2,138,858,858,132,852,852,3,3,2,15.75,8,2025-11-12,2025-11-13T03:30:00Z,
333,401810079470,470,132,Step Back Jump Shot,James Harden misses 26-foot three point step back jumpshot,98,84,3,3rd Quarter,2:12,FALSE,0,12,3992,,,2025-11-13T05:23:00Z,TRUE,34,25,3,Missed 3PT,2026,2,12,LA,Clippers,LAC,LA,7,Denver,Nuggets,DEN,Denver,2.5,TRUE,FALSE,2.5,3,2:12,2,12,FALSE,FALSE,2,2,3,2,132,852,852,128,848,848,3,3,2,16.75,-9,2025-11-12,2025-11-13T03:30:00Z,
334,401810079471,471,155,Defensive Rebound,Julian Strawther defensive rebound,98,84,3,3rd Quarter,2:08,FALSE,0,7,4432181,,,2025-11-13T05:23:04Z,FALSE,34,25,0,Rebound,2026,2,12,LA,Clippers,LAC,LA,7,Denver,Nuggets,DEN,Denver,2.5,TRUE,FALSE,2.5,3,2:08,2,8,FALSE,FALSE,2,2,3,2,128,848,848,118,838,838,3,3,2,-16.75,9,2025-11-12,2025-11-13T03:30:00Z,
335,401810079472,472,44,Shooting Foul,Kobe Sanders shooting foul,98,84,3,3rd Quarter,1:58,FALSE,0,12,4702352,,,2025-11-13T05:23:15Z,FALSE,23,4,0,Foul,2026,2,12,LA,Clippers,LAC,LA,7,Denver,Nuggets,DEN,Denver,2.5,TRUE,FALSE,2.5,3,1:58,1,58,FALSE,FALSE,2,2,3,2,118,838,838,118,838,838,3,3,2,37.75,2,2025-11-12,2025-11-13T03:30:00Z,
336,401810079474,474,98,Free Throw - 1 of 2,Nikola Jokic makes free throw 1 of 2,99,84,3,3rd Quarter,1:58,TRUE,1,7,3112335,,,2025-11-13T05:23:41Z,TRUE,25,13.75,1,+1 Point,2026,2,12,LA,Clippers,LAC,LA,7,Denver,Nuggets,DEN,Denver,2.5,TRUE,FALSE,2.5,3,1:58,1,58,FALSE,FALSE,2,2,3,2,118,838,838,118,838,838,3,3,2,-28,0,2025-11-12,2025-11-13T03:30:00Z,
337,401810079475,475,584,Substitution,Bogdan Bogdanovic enters the game for Nicolas Batum,99,84,3,3rd Quarter,1:58,FALSE,0,12,3037789,3416,,2025-11-13T05:23:45Z,FALSE,-214748340,-214748365,0,Substitution,2026,2,12,LA,Clippers,LAC,LA,7,Denver,Nuggets,DEN,Denver,2.5,TRUE,FALSE,2.5,3,1:58,1,58,FALSE,FALSE,2,2,3,2,118,838,838,118,838,838,3,3,2,214748406.75,214748365,2025-11-12,2025-11-13T03:30:00Z,
338,401810079477,477,99,Free Throw - 2 of 2,Nikola Jokic makes free throw 2 of 2,100,84,3,3rd Quarter,1:58,TRUE,1,7,3112335,,,2025-11-13T05:24:05Z,TRUE,25,13.75,1,+1 Point,2026,2,12,LA,Clippers,LAC,LA,7,Denver,Nuggets,DEN,Denver,2.5,TRUE,FALSE,2.5,3,1:58,1,58,FALSE,FALSE,2,2,3,2,118,838,838,104,824,824,3,3,2,-28,0,2025-11-12,2025-11-13T03:30:00Z,
339,401810079479,479,92,Jump Shot,Jordan Miller makes 25-foot three point jumper (Kobe Sanders assists),100,87,3,3rd Quarter,1:44,TRUE,3,12,4396818,4702352,,2025-11-13T05:24:48Z,TRUE,4,16,3,+3 Points,2026,2,12,LA,Clippers,LAC,LA,7,Denver,Nuggets,DEN,Denver,2.5,TRUE,FALSE,2.5,3,1:44,1,44,FALSE,FALSE,2,2,3,2,104,824,824,81,801,801,3,3,2,25.75,21,2025-11-12,2025-11-13T03:30:00Z,
340,401810079481,481,120,Turnaround Hook Shot,Nikola Jokic makes 7-foot two point shot,102,87,3,3rd Quarter,1:21,TRUE,2,7,3112335,,,2025-11-13T05:25:12Z,TRUE,26,8,2,+2 Points,2026,2,12,LA,Clippers,LAC,LA,7,Denver,Nuggets,DEN,Denver,2.5,TRUE,FALSE,2.5,3,1:21,1,21,FALSE,FALSE,2,2,3,2,81,801,801,63,783,783,3,3,2,-33.75,1,2025-11-12,2025-11-13T03:30:00Z,
341,401810079482,482,92,Jump Shot,Jordan Miller makes 26-foot three point jumper (Kobe Sanders assists),102,90,3,3rd Quarter,1:03,TRUE,3,12,4396818,4702352,,2025-11-13T05:25:29Z,TRUE,43,20,3,+3 Points,2026,2,12,LA,Clippers,LAC,LA,7,Denver,Nuggets,DEN,Denver,2.5,TRUE,FALSE,2.5,3,1:03,1,3,FALSE,FALSE,2,2,3,2,63,783,783,43.4,763.4,763.4,3,3,2,21.75,-18,2025-11-12,2025-11-13T03:30:00Z,
342,401810079484,484,92,Jump Shot,Julian Strawther misses 23-foot three point jumper,102,90,3,3rd Quarter,0:43.4,FALSE,0,7,4432181,,,2025-11-13T05:25:52Z,TRUE,2,0,3,Missed 3PT,2026,2,12,LA,Clippers,LAC,LA,7,Denver,Nuggets,DEN,Denver,2.5,TRUE,FALSE,2.5,3,0:43.4,0,43.4,FALSE,FALSE,2,2,3,2,43.4,763.4,763.4,40.2,760.2,760.2,3,3,2,-41.75,-23,2025-11-12,2025-11-13T03:30:00Z,
343,401810079485,485,155,Defensive Rebound,James Harden defensive rebound,102,90,3,3rd Quarter,0:40.2,FALSE,0,12,3992,,,2025-11-13T05:25:55Z,FALSE,2,0,0,Rebound,2026,2,12,LA,Clippers,LAC,LA,7,Denver,Nuggets,DEN,Denver,2.5,TRUE,FALSE,2.5,3,0:40.2,0,40.2,FALSE,FALSE,2,2,3,2,40.2,760.2,760.2,36.4,756.4,756.4,3,3,2,41.75,23,2025-11-12,2025-11-13T03:30:00Z,
344,401810079486,486,113,Running Jump Shot,Bogdan Bogdanovic misses 25-foot three point shot,102,90,3,3rd Quarter,0:36.4,FALSE,0,12,3037789,,,2025-11-13T05:25:59Z,TRUE,9,21,3,Missed 3PT,2026,2,12,LA,Clippers,LAC,LA,7,Denver,Nuggets,DEN,Denver,2.5,TRUE,FALSE,2.5,3,0:36.4,0,36.4,FALSE,FALSE,2,2,3,2,36.4,756.4,756.4,33.7,753.7,753.7,3,3,2,20.75,16,2025-11-12,2025-11-13T03:30:00Z,
345,401810079487,487,155,Defensive Rebound,Jamal Murray defensive rebound,102,90,3,3rd Quarter,0:33.7,FALSE,0,7,3936299,,,2025-11-13T05:26:02Z,FALSE,9,21,0,Rebound,2026,2,12,LA,Clippers,LAC,LA,7,Denver,Nuggets,DEN,Denver,2.5,TRUE,FALSE,2.5,3,0:33.7,0,33.7,FALSE,FALSE,2,2,3,2,33.7,753.7,753.7,21.1,741.1,741.1,3,3,2,-20.75,-16,2025-11-12,2025-11-13T03:30:00Z,
346,401810079488,488,151,Cutting Dunk Shot,Peyton Watson makes 3-foot dunk (Nikola Jokic assists),104,90,3,3rd Quarter,0:21.1,TRUE,2,7,4576087,3112335,,2025-11-13T05:26:15Z,TRUE,24,4,2,+2 Points,2026,2,12,LA,Clippers,LAC,LA,7,Denver,Nuggets,DEN,Denver,2.5,TRUE,FALSE,2.5,3,0:21.1,0,21.1,FALSE,FALSE,2,2,3,2,21.1,741.1,741.1,5.6,725.6,725.6,3,3,2,-37.75,-1,2025-11-12,2025-11-13T03:30:00Z,
347,401810079490,490,42,Offensive Foul,Brook Lopez offensive foul,104,90,3,3rd Quarter,0:5.6,FALSE,0,12,3448,,,2025-11-13T05:26:38Z,FALSE,24,16,0,Foul,2026,2,12,LA,Clippers,LAC,LA,7,Denver,Nuggets,DEN,Denver,2.5,TRUE,FALSE,2.5,3,0:5.6,0,5.6,FALSE,FALSE,2,2,3,2,5.6,725.6,725.6,5.6,725.6,725.6,3,3,2,25.75,1,2025-11-12,2025-11-13T03:30:00Z,
348,401810079492,492,84,Offensive Foul Turnover,Brook Lopez turnover,104,90,3,3rd Quarter,0:5.6,FALSE,0,12,3448,,,2025-11-13T05:26:38Z,FALSE,24,16,0,Turnover,2026,2,12,LA,Clippers,LAC,LA,7,Denver,Nuggets,DEN,Denver,2.5,TRUE,FALSE,2.5,3,0:5.6,0,5.6,FALSE,FALSE,2,2,3,2,5.6,725.6,725.6,1,721,721,3,3,2,25.75,1,2025-11-12,2025-11-13T03:30:00Z,
349,401810079493,493,144,Driving Floating Jump Shot,Jamal Murray makes 12-foot driving floating jump shot,106,90,3,3rd Quarter,0:1.0,TRUE,2,7,3936299,,,2025-11-13T05:27:11Z,TRUE,26,13,2,+2 Points,2026,2,12,LA,Clippers,LAC,LA,7,Denver,Nuggets,DEN,Denver,2.5,TRUE,FALSE,2.5,3,0:1.0,0,1,FALSE,FALSE,2,2,3,2,1,721,721,0,720,720,3,3,2,-28.75,1,2025-11-12,2025-11-13T03:30:00Z,
350,401810079495,495,280,Ref-Initiated Review (Stands),(00:00) [Nuggets] REF-INITIATED REVIEW (CALL STANDS),106,90,3,3rd Quarter,0:0.0,FALSE,0,,,,,2025-11-13T05:27:12Z,FALSE,-214748340,-214748365,0,Challenge,2026,2,12,LA,Clippers,LAC,LA,7,Denver,Nuggets,DEN,Denver,2.5,TRUE,FALSE,2.5,3,0:0.0,0,0,FALSE,FALSE,2,2,3,2,0,720,720,0,720,720,3,3,2,-214748406.75,-214748365,2025-11-12,2025-11-13T03:30:00Z,
351,401810079494,494,412,End Period,End of the 3rd Quarter,106,90,3,3rd Quarter,0:0.0,FALSE,0,,,,,2025-11-13T05:27:14Z,FALSE,-214748340,-214748365,0,End of 3rd,2026,2,12,LA,Clippers,LAC,LA,7,Denver,Nuggets,DEN,Denver,2.5,TRUE,FALSE,2.5,3,0:0.0,0,0,FALSE,FALSE,2,2,4,2,0,720,720,720,720,720,3,3,2,-214748406.75,-214748365,2025-11-12,2025-11-13T03:30:00Z,
352,401810079496,496,584,Substitution,Nicolas Batum enters the game for James Harden,106,90,4,4th Quarter,12:00,FALSE,0,12,3416,3992,,2025-11-13T05:29:42Z,FALSE,-214748340,-214748365,0,Substitution,2026,2,12,LA,Clippers,LAC,LA,7,Denver,Nuggets,DEN,Denver,2.5,TRUE,FALSE,2.5,4,12:00,12,0,FALSE,FALSE,2,2,4,2,720,720,720,720,720,720,4,3,2,214748406.75,214748365,2025-11-12,2025-11-13T03:30:00Z,
353,401810079497,497,584,Substitution,Ivica Zubac enters the game for Brook Lopez,106,90,4,4th Quarter,12:00,FALSE,0,12,4017837,3448,,2025-11-13T05:29:42Z,FALSE,-214748340,-214748365,0,Substitution,2026,2,12,LA,Clippers,LAC,LA,7,Denver,Nuggets,DEN,Denver,2.5,TRUE,FALSE,2.5,4,12:00,12,0,FALSE,FALSE,2,2,4,2,720,720,720,720,720,720,4,4,2,214748406.75,214748365,2025-11-12,2025-11-13T03:30:00Z,
354,401810079498,498,584,Substitution,Jonas Valanciunas enters the game for Julian Strawther,106,90,4,4th Quarter,12:00,FALSE,0,7,6477,4432181,,2025-11-13T05:29:42Z,FALSE,-214748340,-214748365,0,Substitution,2026,2,12,LA,Clippers,LAC,LA,7,Denver,Nuggets,DEN,Denver,2.5,TRUE,FALSE,2.5,4,12:00,12,0,FALSE,FALSE,2,2,4,2,720,720,720,720,720,720,4,4,2,-214748406.75,-214748365,2025-11-12,2025-11-13T03:30:00Z,
355,401810079499,499,584,Substitution,Aaron Gordon enters the game for Nikola Jokic,106,90,4,4th Quarter,12:00,FALSE,0,7,3064290,3112335,,2025-11-13T05:29:42Z,FALSE,-214748340,-214748365,0,Substitution,2026,2,12,LA,Clippers,LAC,LA,7,Denver,Nuggets,DEN,Denver,2.5,TRUE,FALSE,2.5,4,12:00,12,0,FALSE,FALSE,2,2,4,2,720,720,720,706,706,706,4,4,2,-214748406.75,-214748365,2025-11-12,2025-11-13T03:30:00Z,
356,401810079505,505,92,Jump Shot,Bogdan Bogdanovic misses 27-foot three point jumper,106,90,4,4th Quarter,11:46,FALSE,0,12,3037789,,,2025-11-13T05:30:09Z,TRUE,13,25,3,Missed 3PT,2026,2,12,LA,Clippers,LAC,LA,7,Denver,Nuggets,DEN,Denver,2.5,TRUE,FALSE,2.5,4,11:46,11,46,FALSE,FALSE,2,2,4,2,706,706,706,704,704,704,4,4,2,16.75,12,2025-11-12,2025-11-13T03:30:00Z,
357,401810079506,506,155,Defensive Rebound,Aaron Gordon defensive rebound,106,90,4,4th Quarter,11:44,FALSE,0,7,3064290,,,2025-11-13T05:30:11Z,FALSE,13,25,0,Rebound,2026,2,12,LA,Clippers,LAC,LA,7,Denver,Nuggets,DEN,Denver,2.5,TRUE,FALSE,2.5,4,11:44,11,44,FALSE,FALSE,2,2,4,2,704,704,704,689,689,689,4,4,2,-16.75,-12,2025-11-12,2025-11-13T03:30:00Z,
358,401810079510,510,95,Layup Shot,Jonas Valanciunas makes layup,108,90,4,4th Quarter,11:29,TRUE,2,7,6477,,,2025-11-13T05:30:36Z,TRUE,23,2,2,+2 Points,2026,2,12,LA,Clippers,LAC,LA,7,Denver,Nuggets,DEN,Denver,2.5,TRUE,FALSE,2.5,4,11:29,11,29,FALSE,FALSE,2,2,4,2,689,689,689,666,666,666,4,4,2,-39.75,-2,2025-11-12,2025-11-13T03:30:00Z,
359,401810079511,511,63,Lost Ball Turnover,Bogdan Bogdanovic lost ball turnover (Aaron Gordon steals),108,90,4,4th Quarter,11:06,FALSE,0,12,3037789,3064290,,2025-11-13T05:30:50Z,FALSE,23,29,0,Turnover,2026,2,12,LA,Clippers,LAC,LA,7,Denver,Nuggets,DEN,Denver,2.5,TRUE,FALSE,2.5,4,11:06,11,6,FALSE,FALSE,2,2,4,2,666,666,666,662,662,662,4,4,2,12.75,2,2025-11-12,2025-11-13T03:30:00Z,
360,401810079513,513,109,Running Layup Shot,Aaron Gordon misses two point shot,108,90,4,4th Quarter,11:02,FALSE,0,7,3064290,,,2025-11-13T05:30:53Z,TRUE,26,2,2,Missed FG,2026,2,12,LA,Clippers,LAC,LA,7,Denver,Nuggets,DEN,Denver,2.5,TRUE,FALSE,2.5,4,11:02,11,2,FALSE,FALSE,2,2,4,2,662,662,662,660,660,660,4,4,2,-39.75,1,2025-11-12,2025-11-13T03:30:00Z,
361,401810079515,515,156,Offensive Rebound,Nuggets offensive team rebound,108,90,4,4th Quarter,11:00,FALSE,0,7,,,,2025-11-13T05:30:55Z,FALSE,26,2,0,Rebound,2026,2,12,LA,Clippers,LAC,LA,7,Denver,Nuggets,DEN,Denver,2.5,TRUE,FALSE,2.5,4,11:00,11,0,FALSE,FALSE,2,2,4,2,660,660,660,654,654,654,4,4,2,-39.75,1,2025-11-12,2025-11-13T03:30:00Z,
362,401810079517,517,92,Jump Shot,Peyton Watson misses 27-foot three point jumper,108,90,4,4th Quarter,10:54,FALSE,0,7,4576087,,,2025-11-13T05:31:28Z,TRUE,5,18,3,Missed 3PT,2026,2,12,LA,Clippers,LAC,LA,7,Denver,Nuggets,DEN,Denver,2.5,TRUE,FALSE,2.5,4,10:54,10,54,FALSE,FALSE,2,2,4,2,654,654,654,653,653,653,4,4,2,-23.75,-20,2025-11-12,2025-11-13T03:30:00Z,
363,401810079518,518,155,Defensive Rebound,Nicolas Batum defensive rebound,108,90,4,4th Quarter,10:53,FALSE,0,12,3416,,,2025-11-13T05:31:29Z,FALSE,5,18,0,Rebound,2026,2,12,LA,Clippers,LAC,LA,7,Denver,Nuggets,DEN,Denver,2.5,TRUE,FALSE,2.5,4,10:53,10,53,FALSE,FALSE,2,2,4,2,653,653,653,644,644,644,4,4,2,23.75,20,2025-11-12,2025-11-13T03:30:00Z,
364,401810079519,519,131,Pullup Jump Shot,Nicolas Batum makes 25-foot three pointer (Bogdan Bogdanovic assists),108,93,4,4th Quarter,10:44,TRUE,3,12,3416,3037789,,2025-11-13T05:31:39Z,TRUE,49,10,3,+3 Points,2026,2,12,LA,Clippers,LAC,LA,7,Denver,Nuggets,DEN,Denver,2.5,TRUE,FALSE,2.5,4,10:44,10,44,FALSE,FALSE,2,2,4,2,644,644,644,616,616,616,4,4,2,31.75,-24,2025-11-12,2025-11-13T03:30:00Z,
365,401810079521,521,137,Turnaround Fade Away Jump Shot,Jonas Valanciunas makes 8-foot two point shot,110,93,4,4th Quarter,10:16,TRUE,2,7,6477,,,2025-11-13T05:32:07Z,TRUE,18,5,2,+2 Points,2026,2,12,LA,Clippers,LAC,LA,7,Denver,Nuggets,DEN,Denver,2.5,TRUE,FALSE,2.5,4,10:16,10,16,FALSE,FALSE,2,2,4,2,616,616,616,602,602,602,4,4,2,-36.75,-7,2025-11-12,2025-11-13T03:30:00Z,
366,401810079522,522,92,Jump Shot,Kobe Sanders misses 23-foot three point jumper,110,93,4,4th Quarter,10:02,FALSE,0,12,4702352,,,2025-11-13T05:32:21Z,TRUE,2,2,3,Missed 3PT,2026,2,12,LA,Clippers,LAC,LA,7,Denver,Nuggets,DEN,Denver,2.5,TRUE,FALSE,2.5,4,10:02,10,2,FALSE,FALSE,2,2,4,2,602,602,602,599,599,599,4,4,2,39.75,23,2025-11-12,2025-11-13T03:30:00Z,
367,401810079523,523,155,Defensive Rebound,Peyton Watson defensive rebound,110,93,4,4th Quarter,9:59,FALSE,0,7,4576087,,,2025-11-13T05:32:24Z,FALSE,2,2,0,Rebound,2026,2,12,LA,Clippers,LAC,LA,7,Denver,Nuggets,DEN,Denver,2.5,TRUE,FALSE,2.5,4,9:59,9,59,FALSE,FALSE,2,2,4,2,599,599,599,586,586,586,4,4,2,-39.75,-23,2025-11-12,2025-11-13T03:30:00Z,
368,401810079524,524,132,Step Back Jump Shot,Jamal Murray misses 21-foot step back jumpshot,110,93,4,4th Quarter,9:46,FALSE,0,7,3936299,,,2025-11-13T05:32:37Z,TRUE,10,15,2,Missed FG,2026,2,12,LA,Clippers,LAC,LA,7,Denver,Nuggets,DEN,Denver,2.5,TRUE,FALSE,2.5,4,9:46,9,46,FALSE,FALSE,2,2,4,2,586,586,586,585,585,585,4,4,2,-26.75,-15,2025-11-12,2025-11-13T03:30:00Z,
369,401810079525,525,156,Offensive Rebound,Nuggets offensive team rebound,110,93,4,4th Quarter,9:45,FALSE,0,7,,,,2025-11-13T05:32:38Z,FALSE,10,15,0,Rebound,2026,2,12,LA,Clippers,LAC,LA,7,Denver,Nuggets,DEN,Denver,2.5,TRUE,FALSE,2.5,4,9:45,9,45,FALSE,FALSE,2,2,4,2,585,585,585,584,584,584,4,4,2,-26.75,-15,2025-11-12,2025-11-13T03:30:00Z,
370,401810079527,527,44,Shooting Foul,Nicolas Batum shooting foul,110,93,4,4th Quarter,9:44,FALSE,0,12,3416,,,2025-11-13T05:33:06Z,FALSE,26,3,0,Foul,2026,2,12,LA,Clippers,LAC,LA,7,Denver,Nuggets,DEN,Denver,2.5,TRUE,FALSE,2.5,4,9:44,9,44,FALSE,FALSE,2,2,4,2,584,584,584,584,584,584,4,4,2,38.75,-1,2025-11-12,2025-11-13T03:30:00Z,
371,401810079529,529,98,Free Throw - 1 of 2,Jamal Murray makes free throw 1 of 2,111,93,4,4th Quarter,9:44,TRUE,1,7,3936299,,,2025-11-13T05:33:34Z,TRUE,25,13.75,1,+1 Point,2026,2,12,LA,Clippers,LAC,LA,7,Denver,Nuggets,DEN,Denver,2.5,TRUE,FALSE,2.5,4,9:44,9,44,FALSE,FALSE,2,2,4,2,584,584,584,584,584,584,4,4,2,-28,0,2025-11-12,2025-11-13T03:30:00Z,
372,401810079530,530,99,Free Throw - 2 of 2,Jamal Murray makes free throw 2 of 2,112,93,4,4th Quarter,9:44,TRUE,1,7,3936299,,,2025-11-13T05:33:53Z,TRUE,25,13.75,1,+1 Point,2026,2,12,LA,Clippers,LAC,LA,7,Denver,Nuggets,DEN,Denver,2.5,TRUE,FALSE,2.5,4,9:44,9,44,FALSE,FALSE,2,2,4,2,584,584,584,573,573,573,4,4,2,-28,0,2025-11-12,2025-11-13T03:30:00Z,
373,401810079651,651,144,Driving Floating Jump Shot,Jonas Valanciunas blocks Jordan Miller 's 10-foot driving floating jump shot,112,93,4,4th Quarter,9:33,FALSE,0,12,4396818,6477,,2025-11-13T05:33:54Z,TRUE,26,10,2,Missed FG,2026,2,12,LA,Clippers,LAC,LA,7,Denver,Nuggets,DEN,Denver,2.5,TRUE,FALSE,2.5,4,9:33,9,33,FALSE,FALSE,2,2,4,2,573,573,573,572,572,572,4,4,2,31.75,-1,2025-11-12,2025-11-13T03:30:00Z,
374,401810079653,653,156,Offensive Rebound,Ivica Zubac offensive rebound,112,93,4,4th Quarter,9:32,FALSE,0,12,4017837,,,2025-11-13T05:33:55Z,FALSE,26,10,0,Rebound,2026,2,12,LA,Clippers,LAC,LA,7,Denver,Nuggets,DEN,Denver,2.5,TRUE,FALSE,2.5,4,9:32,9,32,FALSE,FALSE,2,2,4,2,572,572,572,565,565,565,4,4,2,31.75,-1,2025-11-12,2025-11-13T03:30:00Z,
375,401810079531,531,93,Hook Shot,Peyton Watson blocks Ivica Zubac 's 6-foot hook shot,112,93,4,4th Quarter,9:25,FALSE,0,12,4017837,4576087,,2025-11-13T05:34:14Z,TRUE,28,6,2,Missed FG,2026,2,12,LA,Clippers,LAC,LA,7,Denver,Nuggets,DEN,Denver,2.5,TRUE,FALSE,2.5,4,9:25,9,25,FALSE,FALSE,2,2,4,2,565,565,565,564,564,564,4,4,2,35.75,-3,2025-11-12,2025-11-13T03:30:00Z,
376,401810079533,533,155,Defensive Rebound,Bruce Brown defensive rebound,112,93,4,4th Quarter,9:24,FALSE,0,7,4065670,,,2025-11-13T05:34:15Z,FALSE,28,6,0,Rebound,2026,2,12,LA,Clippers,LAC,LA,7,Denver,Nuggets,DEN,Denver,2.5,TRUE,FALSE,2.5,4,9:24,9,24,FALSE,FALSE,2,2,4,2,564,564,564,547,547,547,4,4,2,-35.75,3,2025-11-12,2025-11-13T03:30:00Z,
377,401810079535,535,45,Personal Foul,Ivica Zubac personal foul,112,93,4,4th Quarter,9:07,FALSE,0,12,4017837,,,2025-11-13T05:34:47Z,FALSE,14,11,0,Foul,2026,2,12,LA,Clippers,LAC,LA,7,Denver,Nuggets,DEN,Denver,2.5,TRUE,FALSE,2.5,4,9:07,9,7,FALSE,FALSE,2,2,4,2,547,547,547,533,533,533,4,4,2,30.75,11,2025-11-12,2025-11-13T03:30:00Z,
378,401810079537,537,132,Step Back Jump Shot,Jamal Murray makes 25-foot three point step back jumpshot,115,93,4,4th Quarter,8:53,TRUE,3,7,3936299,,,2025-11-13T05:35:16Z,TRUE,25,26,3,+3 Points,2026,2,12,LA,Clippers,LAC,LA,7,Denver,Nuggets,DEN,Denver,2.5,TRUE,FALSE,2.5,4,8:53,8,53,FALSE,FALSE,2,2,4,2,533,533,533,510,510,510,4,4,2,-15.75,0,2025-11-12,2025-11-13T03:30:00Z,
379,401810079538,538,132,Step Back Jump Shot,Bogdan Bogdanovic makes 10-foot step back jumpshot,115,95,4,4th Quarter,8:30,TRUE,2,12,3037789,,,2025-11-13T05:35:40Z,TRUE,29,11,2,+2 Points,2026,2,12,LA,Clippers,LAC,LA,7,Denver,Nuggets,DEN,Denver,2.5,TRUE,FALSE,2.5,4,8:30,8,30,FALSE,FALSE,2,2,4,2,510,510,510,492,492,492,4,4,2,30.75,-4,2025-11-12,2025-11-13T03:30:00Z,
380,401810079539,539,131,Pullup Jump Shot,Jamal Murray misses 17-foot pullup jump shot,115,95,4,4th Quarter,8:12,FALSE,0,7,3936299,,,2025-11-13T05:35:57Z,TRUE,34,15,2,Missed FG,2026,2,12,LA,Clippers,LAC,LA,7,Denver,Nuggets,DEN,Denver,2.5,TRUE,FALSE,2.5,4,8:12,8,12,FALSE,FALSE,2,2,4,2,492,492,492,492,492,492,4,4,2,-26.75,9,2025-11-12,2025-11-13T03:30:00Z,
381,401810079540,540,156,Offensive Rebound,Nuggets offensive team rebound,115,95,4,4th Quarter,8:12,FALSE,0,7,,,,2025-11-13T05:35:57Z,FALSE,34,15,0,Rebound,2026,2,12,LA,Clippers,LAC,LA,7,Denver,Nuggets,DEN,Denver,2.5,TRUE,FALSE,2.5,4,8:12,8,12,FALSE,FALSE,2,2,4,2,492,492,492,492,492,492,4,4,2,-26.75,9,2025-11-12,2025-11-13T03:30:00Z,
382,401810079541,541,43,Loose Ball Foul,Kobe Sanders loose ball foul,115,95,4,4th Quarter,8:12,FALSE,0,12,4702352,,,2025-11-13T05:36:03Z,FALSE,25,4,0,Foul,2026,2,12,LA,Clippers,LAC,LA,7,Denver,Nuggets,DEN,Denver,2.5,TRUE,FALSE,2.5,4,8:12,8,12,FALSE,FALSE,2,2,4,2,492,492,492,481,481,481,4,4,2,37.75,-0,2025-11-12,2025-11-13T03:30:00Z,
383,401810079543,543,95,Layup Shot,Aaron Gordon makes layup (Jonas Valanciunas assists),117,95,4,4th Quarter,8:01,TRUE,2,7,3064290,6477,,2025-11-13T05:36:30Z,TRUE,25,3,2,+2 Points,2026,2,12,LA,Clippers,LAC,LA,7,Denver,Nuggets,DEN,Denver,2.5,TRUE,FALSE,2.5,4,8:01,8,1,FALSE,FALSE,2,2,4,2,481,481,481,464,464,464,4,4,2,-38.75,0,2025-11-12,2025-11-13T03:30:00Z,
384,401810079545,545,92,Jump Shot,Jordan Miller makes 28-foot three point jumper (Bogdan Bogdanovic assists),117,98,4,4th Quarter,7:44,TRUE,3,12,4396818,3037789,,2025-11-13T05:36:50Z,TRUE,44,21,3,+3 Points,2026,2,12,LA,Clippers,LAC,LA,7,Denver,Nuggets,DEN,Denver,2.5,TRUE,FALSE,2.5,4,7:44,7,44,FALSE,FALSE,2,2,4,2,464,464,464,443,443,443,4,4,2,20.75,-19,2025-11-12,2025-11-13T03:30:00Z,
385,401810079547,547,45,Personal Foul,Kobe Sanders personal foul,117,98,4,4th Quarter,7:23,FALSE,0,12,4702352,,,2025-11-13T05:37:11Z,FALSE,17,11,0,Foul,2026,2,12,LA,Clippers,LAC,LA,7,Denver,Nuggets,DEN,Denver,2.5,TRUE,FALSE,2.5,4,7:23,7,23,FALSE,FALSE,2,2,4,2,443,443,443,443,443,443,4,4,2,30.75,8,2025-11-12,2025-11-13T03:30:00Z,
386,401810079549,549,584,Substitution,Kobe Brown enters the game for Kobe Sanders,117,98,4,4th Quarter,7:23,FALSE,0,12,4431752,4702352,,2025-11-13T05:37:17Z,FALSE,-214748340,-214748365,0,Substitution,2026,2,12,LA,Clippers,LAC,LA,7,Denver,Nuggets,DEN,Denver,2.5,TRUE,FALSE,2.5,4,7:23,7,23,FALSE,FALSE,2,2,4,2,443,443,443,438,438,438,4,4,2,214748406.75,214748365,2025-11-12,2025-11-13T03:30:00Z,
387,401810079551,551,110,Driving Layup Shot,Jamal Murray makes driving layup,119,98,4,4th Quarter,7:18,TRUE,2,7,3936299,,,2025-11-13T05:37:51Z,TRUE,24,4,2,+2 Points,2026,2,12,LA,Clippers,LAC,LA,7,Denver,Nuggets,DEN,Denver,2.5,TRUE,FALSE,2.5,4,7:18,7,18,FALSE,FALSE,2,2,4,2,438,438,438,438,438,438,4,4,2,-37.75,-1,2025-11-12,2025-11-13T03:30:00Z,
388,401810079552,552,44,Shooting Foul,Bogdan Bogdanovic shooting foul,119,98,4,4th Quarter,7:18,FALSE,0,12,3037789,,,2025-11-13T05:37:57Z,FALSE,24,3,0,Foul,2026,2,12,LA,Clippers,LAC,LA,7,Denver,Nuggets,DEN,Denver,2.5,TRUE,FALSE,2.5,4,7:18,7,18,FALSE,FALSE,2,2,4,2,438,438,438,438,438,438,4,4,2,38.75,1,2025-11-12,2025-11-13T03:30:00Z,
389,401810079554,554,97,Free Throw - 1 of 1,Jamal Murray makes free throw 1 of 1,120,98,4,4th Quarter,7:18,TRUE,1,7,3936299,,,2025-11-13T05:38:19Z,TRUE,25,13.75,1,+1 Point,2026,2,12,LA,Clippers,LAC,LA,7,Denver,Nuggets,DEN,Denver,2.5,TRUE,FALSE,2.5,4,7:18,7,18,FALSE,FALSE,2,2,4,2,438,438,438,421,421,421,4,4,2,-28,0,2025-11-12,2025-11-13T03:30:00Z,
390,401810079555,555,151,Cutting Dunk Shot,Ivica Zubac makes 1-foot dunk (Bogdan Bogdanovic assists),120,100,4,4th Quarter,7:01,TRUE,2,12,4017837,3037789,,2025-11-13T05:38:35Z,TRUE,26,2,2,+2 Points,2026,2,12,LA,Clippers,LAC,LA,7,Denver,Nuggets,DEN,Denver,2.5,TRUE,FALSE,2.5,4,7:01,7,1,FALSE,FALSE,2,2,4,2,421,421,421,404,404,404,4,4,2,39.75,-1,2025-11-12,2025-11-13T03:30:00Z,
391,401810079557,557,92,Jump Shot,Aaron Gordon misses 24-foot three point jumper,120,100,4,4th Quarter,6:44,FALSE,0,7,3064290,,,2025-11-13T05:38:53Z,TRUE,2,9,3,Missed 3PT,2026,2,12,LA,Clippers,LAC,LA,7,Denver,Nuggets,DEN,Denver,2.5,TRUE,FALSE,2.5,4,6:44,6,44,FALSE,FALSE,2,2,4,2,404,404,404,404,404,404,4,4,2,-32.75,-23,2025-11-12,2025-11-13T03:30:00Z,
392,401810079558,558,156,Offensive Rebound,Jonas Valanciunas offensive rebound,120,100,4,4th Quarter,6:44,FALSE,0,7,6477,,,2025-11-13T05:38:56Z,FALSE,2,9,0,Rebound,2026,2,12,LA,Clippers,LAC,LA,7,Denver,Nuggets,DEN,Denver,2.5,TRUE,FALSE,2.5,4,6:44,6,44,FALSE,FALSE,2,2,4,2,404,404,404,404,404,404,4,4,2,-32.75,-23,2025-11-12,2025-11-13T03:30:00Z,
393,401810079559,559,44,Shooting Foul,Bogdan Bogdanovic shooting foul,120,100,4,4th Quarter,6:44,FALSE,0,12,3037789,,,2025-11-13T05:38:58Z,FALSE,25,2,0,Foul,2026,2,12,LA,Clippers,LAC,LA,7,Denver,Nuggets,DEN,Denver,2.5,TRUE,FALSE,2.5,4,6:44,6,44,FALSE,FALSE,2,2,4,2,404,404,404,404,404,404,4,4,2,39.75,-0,2025-11-12,2025-11-13T03:30:00Z,
394,401810079561,561,16,Full Timeout,Clippers Full timeout,120,100,4,4th Quarter,6:44,FALSE,0,12,,,,2025-11-13T05:39:08Z,FALSE,-214748340,-214748365,0,Timeout,2026,2,12,LA,Clippers,LAC,LA,7,Denver,Nuggets,DEN,Denver,2.5,TRUE,FALSE,2.5,4,6:44,6,44,FALSE,FALSE,2,2,4,2,404,404,404,404,404,404,4,4,2,214748406.75,214748365,2025-11-12,2025-11-13T03:30:00Z,
395,401810079562,562,584,Substitution,Brook Lopez enters the game for Ivica Zubac,120,100,4,4th Quarter,6:44,FALSE,0,12,3448,4017837,,2025-11-13T05:41:10Z,FALSE,-214748340,-214748365,0,Substitution,2026,2,12,LA,Clippers,LAC,LA,7,Denver,Nuggets,DEN,Denver,2.5,TRUE,FALSE,2.5,4,6:44,6,44,FALSE,FALSE,2,2,4,2,404,404,404,404,404,404,4,4,2,214748406.75,214748365,2025-11-12,2025-11-13T03:30:00Z,
396,401810079564,564,98,Free Throw - 1 of 2,Jonas Valanciunas misses free throw 1 of 2,120,100,4,4th Quarter,6:44,FALSE,0,7,6477,,,2025-11-13T05:42:13Z,TRUE,25,13.75,1,Missed FT,2026,2,12,LA,Clippers,LAC,LA,7,Denver,Nuggets,DEN,Denver,2.5,TRUE,FALSE,2.5,4,6:44,6,44,FALSE,FALSE,2,2,4,2,404,404,404,404,404,404,4,4,2,-28,0,2025-11-12,2025-11-13T03:30:00Z,
397,401810079565,565,156,Offensive Rebound,Nuggets offensive team rebound,120,100,4,4th Quarter,6:44,FALSE,0,7,,,,2025-11-13T05:42:13Z,FALSE,-214748340,-214748365,0,Rebound,2026,2,12,LA,Clippers,LAC,LA,7,Denver,Nuggets,DEN,Denver,2.5,TRUE,FALSE,2.5,4,6:44,6,44,FALSE,FALSE,2,2,4,2,404,404,404,404,404,404,4,4,2,-214748406.75,-214748365,2025-11-12,2025-11-13T03:30:00Z,
398,401810079566,566,99,Free Throw - 2 of 2,Jonas Valanciunas makes free throw 2 of 2,121,100,4,4th Quarter,6:44,TRUE,1,7,6477,,,2025-11-13T05:42:31Z,TRUE,25,13.75,1,+1 Point,2026,2,12,LA,Clippers,LAC,LA,7,Denver,Nuggets,DEN,Denver,2.5,TRUE,FALSE,2.5,4,6:44,6,44,FALSE,FALSE,2,2,4,2,404,404,404,383,383,383,4,4,2,-28,0,2025-11-12,2025-11-13T03:30:00Z,
399,401810079567,567,92,Jump Shot,Nicolas Batum makes 26-foot three point jumper (Brook Lopez assists),121,103,4,4th Quarter,6:23,TRUE,3,12,3416,3448,,2025-11-13T05:42:54Z,TRUE,16,25,3,+3 Points,2026,2,12,LA,Clippers,LAC,LA,7,Denver,Nuggets,DEN,Denver,2.5,TRUE,FALSE,2.5,4,6:23,6,23,FALSE,FALSE,2,2,4,2,383,383,383,366,366,366,4,4,2,16.75,9,2025-11-12,2025-11-13T03:30:00Z,
400,401810079569,569,45,Personal Foul,Nicolas Batum personal foul,121,103,4,4th Quarter,6:06,FALSE,0,12,3416,,,2025-11-13T05:43:15Z,FALSE,31,26,0,Foul,2026,2,12,LA,Clippers,LAC,LA,7,Denver,Nuggets,DEN,Denver,2.5,TRUE,FALSE,2.5,4,6:06,6,6,FALSE,FALSE,2,2,4,2,366,366,366,366,366,366,4,4,2,15.75,-6,2025-11-12,2025-11-13T03:30:00Z,
401,401810079571,571,584,Substitution,Cam Christie enters the game for Nicolas Batum,121,103,4,4th Quarter,6:06,FALSE,0,12,4845363,3416,,2025-11-13T05:43:21Z,FALSE,-214748340,-214748365,0,Substitution,2026,2,12,LA,Clippers,LAC,LA,7,Denver,Nuggets,DEN,Denver,2.5,TRUE,FALSE,2.5,4,6:06,6,6,FALSE,FALSE,2,2,4,2,366,366,366,366,366,366,4,4,2,214748406.75,214748365,2025-11-12,2025-11-13T03:30:00Z,
402,401810079573,573,98,Free Throw - 1 of 2,Jonas Valanciunas makes free throw 1 of 2,122,103,4,4th Quarter,6:06,TRUE,1,7,6477,,,2025-11-13T05:43:46Z,TRUE,25,13.75,1,+1 Point,2026,2,12,LA,Clippers,LAC,LA,7,Denver,Nuggets,DEN,Denver,2.5,TRUE,FALSE,2.5,4,6:06,6,6,FALSE,FALSE,2,2,4,2,366,366,366,366,366,366,4,4,2,-28,0,2025-11-12,2025-11-13T03:30:00Z,
403,401810079574,574,99,Free Throw - 2 of 2,Jonas Valanciunas misses free throw 2 of 2,122,103,4,4th Quarter,6:06,FALSE,0,7,6477,,,2025-11-13T05:43:46Z,TRUE,25,13.75,1,Missed FT,2026,2,12,LA,Clippers,LAC,LA,7,Denver,Nuggets,DEN,Denver,2.5,TRUE,FALSE,2.5,4,6:06,6,6,FALSE,FALSE,2,2,4,2,366,366,366,364,364,364,4,4,2,-28,0,2025-11-12,2025-11-13T03:30:00Z,
404,401810079575,575,155,Defensive Rebound,Kobe Brown defensive rebound,122,103,4,4th Quarter,6:04,FALSE,0,12,4431752,,,2025-11-13T05:43:48Z,FALSE,-214748340,-214748365,0,Rebound,2026,2,12,LA,Clippers,LAC,LA,7,Denver,Nuggets,DEN,Denver,2.5,TRUE,FALSE,2.5,4,6:04,6,4,FALSE,FALSE,2,2,4,2,364,364,364,361,361,361,4,4,2,214748406.75,214748365,2025-11-12,2025-11-13T03:30:00Z,
405,401810079576,576,22,Personal Take Foul,Peyton Watson personal take foul,122,103,4,4th Quarter,6:01,FALSE,0,7,4576087,,,2025-11-13T05:44:11Z,FALSE,40,35,0,Foul,2026,2,12,LA,Clippers,LAC,LA,7,Denver,Nuggets,DEN,Denver,2.5,TRUE,FALSE,2.5,4,6:01,6,1,FALSE,FALSE,2,2,4,2,361,361,361,361,361,361,4,4,2,-6.75,15,2025-11-12,2025-11-13T03:30:00Z,
406,401810079578,578,584,Substitution,Nikola Jokic enters the game for Jonas Valanciunas,122,103,4,4th Quarter,6:01,FALSE,0,7,3112335,6477,,2025-11-13T05:44:22Z,FALSE,-214748340,-214748365,0,Substitution,2026,2,12,LA,Clippers,LAC,LA,7,Denver,Nuggets,DEN,Denver,2.5,TRUE,FALSE,2.5,4,6:01,6,1,FALSE,FALSE,2,2,4,2,361,361,361,361,361,361,4,4,2,-214748406.75,-214748365,2025-11-12,2025-11-13T03:30:00Z,
407,401810079579,579,584,Substitution,Spencer Jones enters the game for Aaron Gordon,122,103,4,4th Quarter,6:01,FALSE,0,7,4592427,3064290,,2025-11-13T05:44:22Z,FALSE,-214748340,-214748365,0,Substitution,2026,2,12,LA,Clippers,LAC,LA,7,Denver,Nuggets,DEN,Denver,2.5,TRUE,FALSE,2.5,4,6:01,6,1,FALSE,FALSE,2,2,4,2,361,361,361,349,349,349,4,4,2,-214748406.75,-214748365,2025-11-12,2025-11-13T03:30:00Z,
408,401810079582,582,131,Pullup Jump Shot,Bogdan Bogdanovic misses 13-foot pullup jump shot,122,103,4,4th Quarter,5:49,FALSE,0,12,3037789,,,2025-11-13T05:44:37Z,TRUE,18,12,2,Missed FG,2026,2,12,LA,Clippers,LAC,LA,7,Denver,Nuggets,DEN,Denver,2.5,TRUE,FALSE,2.5,4,5:49,5,49,FALSE,FALSE,2,2,4,2,349,349,349,345,345,345,4,4,2,29.75,7,2025-11-12,2025-11-13T03:30:00Z,
409,401810079583,583,155,Defensive Rebound,Bruce Brown defensive rebound,122,103,4,4th Quarter,5:45,FALSE,0,7,4065670,,,2025-11-13T05:44:41Z,FALSE,18,12,0,Rebound,2026,2,12,LA,Clippers,LAC,LA,7,Denver,Nuggets,DEN,Denver,2.5,TRUE,FALSE,2.5,4,5:45,5,45,FALSE,FALSE,2,2,4,2,345,345,345,329,329,329,4,4,2,-29.75,-7,2025-11-12,2025-11-13T03:30:00Z,
410,401810079584,584,92,Jump Shot,Bruce Brown misses 26-foot three point jumper,122,103,4,4th Quarter,5:29,FALSE,0,7,4065670,,,2025-11-13T05:44:57Z,TRUE,46,16,3,Missed 3PT,2026,2,12,LA,Clippers,LAC,LA,7,Denver,Nuggets,DEN,Denver,2.5,TRUE,FALSE,2.5,4,5:29,5,29,FALSE,FALSE,2,2,4,2,329,329,329,326,326,326,4,4,2,-25.75,21,2025-11-12,2025-11-13T03:30:00Z,
411,401810079585,585,155,Defensive Rebound,Jordan Miller defensive rebound,122,103,4,4th Quarter,5:26,FALSE,0,12,4396818,,,2025-11-13T05:45:00Z,FALSE,46,16,0,Rebound,2026,2,12,LA,Clippers,LAC,LA,7,Denver,Nuggets,DEN,Denver,2.5,TRUE,FALSE,2.5,4,5:26,5,26,FALSE,FALSE,2,2,4,2,326,326,326,313,313,313,4,4,2,25.75,-21,2025-11-12,2025-11-13T03:30:00Z,
412,401810079586,586,148,Turnaround Fadeaway Bank Jump Shot,Brook Lopez makes 9-foot two point shot (Bogdan Bogdanovic assists),122,105,4,4th Quarter,5:13,TRUE,2,12,3448,3037789,,2025-11-13T05:45:13Z,TRUE,25,10,2,+2 Points,2026,2,12,LA,Clippers,LAC,LA,7,Denver,Nuggets,DEN,Denver,2.5,TRUE,FALSE,2.5,4,5:13,5,13,FALSE,FALSE,2,2,4,2,313,313,313,292,292,292,4,4,2,31.75,-0,2025-11-12,2025-11-13T03:30:00Z,
413,401810079588,588,92,Jump Shot,Peyton Watson misses 26-foot three point jumper,122,105,4,4th Quarter,4:52,FALSE,0,7,4576087,,,2025-11-13T05:45:34Z,TRUE,6,19,3,Missed 3PT,2026,2,12,LA,Clippers,LAC,LA,7,Denver,Nuggets,DEN,Denver,2.5,TRUE,FALSE,2.5,4,4:52,4,52,FALSE,FALSE,2,2,4,2,292,292,292,291,291,291,4,4,2,-22.75,-19,2025-11-12,2025-11-13T03:30:00Z,
414,401810079589,589,155,Defensive Rebound,Clippers defensive team rebound,122,105,4,4th Quarter,4:51,FALSE,0,12,,,,2025-11-13T05:45:35Z,FALSE,6,19,0,Rebound,2026,2,12,LA,Clippers,LAC,LA,7,Denver,Nuggets,DEN,Denver,2.5,TRUE,FALSE,2.5,4,4:51,4,51,FALSE,FALSE,2,2,4,2,291,291,291,278,278,278,4,4,2,22.75,19,2025-11-12,2025-11-13T03:30:00Z,
415,401810079591,591,110,Driving Layup Shot,Jordan Miller makes driving layup (Bogdan Bogdanovic assists),122,107,4,4th Quarter,4:38,TRUE,2,12,4396818,3037789,,2025-11-13T05:45:58Z,TRUE,25,2,2,+2 Points,2026,2,12,LA,Clippers,LAC,LA,7,Denver,Nuggets,DEN,Denver,2.5,TRUE,FALSE,2.5,4,4:38,4,38,FALSE,FALSE,2,2,4,2,278,278,278,250,250,250,4,4,2,39.75,-0,2025-11-12,2025-11-13T03:30:00Z,
416,401810079593,593,110,Driving Layup Shot,Bruce Brown misses driving layup,122,107,4,4th Quarter,4:10,FALSE,0,7,4065670,,,2025-11-13T05:46:28Z,TRUE,25,4,2,Missed FG,2026,2,12,LA,Clippers,LAC,LA,7,Denver,Nuggets,DEN,Denver,2.5,TRUE,FALSE,2.5,4,4:10,4,10,FALSE,FALSE,2,2,4,2,250,250,250,249,249,249,4,4,2,-37.75,0,2025-11-12,2025-11-13T03:30:00Z,
417,401810079594,594,156,Offensive Rebound,Nikola Jokic offensive rebound,122,107,4,4th Quarter,4:09,FALSE,0,7,3112335,,,2025-11-13T05:46:29Z,FALSE,25,4,0,Rebound,2026,2,12,LA,Clippers,LAC,LA,7,Denver,Nuggets,DEN,Denver,2.5,TRUE,FALSE,2.5,4,4:09,4,9,FALSE,FALSE,2,2,4,2,249,249,249,248,248,248,4,4,2,-37.75,0,2025-11-12,2025-11-13T03:30:00Z,
418,401810079595,595,94,Tip Shot,Nikola Jokic makes tip shot,124,107,4,4th Quarter,4:08,TRUE,2,7,3112335,,,2025-11-13T05:46:31Z,TRUE,25,0,2,+2 Points,2026,2,12,LA,Clippers,LAC,LA,7,Denver,Nuggets,DEN,Denver,2.5,TRUE,FALSE,2.5,4,4:08,4,8,FALSE,FALSE,2,2,4,2,248,248,248,233,233,233,4,4,2,-41.75,0,2025-11-12,2025-11-13T03:30:00Z,
419,401810079596,596,62,"Bad Pass
Turnover",Kobe Brown bad pass (Spencer Jones steals),124,107,4,4th Quarter,3:53,FALSE,0,12,4431752,4592427,,2025-11-13T05:46:44Z,FALSE,8,3,0,Turnover,2026,2,12,LA,Clippers,LAC,LA,7,Denver,Nuggets,DEN,Denver,2.5,TRUE,FALSE,2.5,4,3:53,3,53,FALSE,FALSE,2,2,4,2,233,233,233,222,222,222,4,4,2,38.75,17,2025-11-12,2025-11-13T03:30:00Z,
420,401810079599,599,44,Shooting Foul,Bogdan Bogdanovic shooting foul,124,107,4,4th Quarter,3:42,FALSE,0,12,3037789,,,2025-11-13T05:47:45Z,FALSE,25,10,0,Foul,2026,2,12,LA,Clippers,LAC,LA,7,Denver,Nuggets,DEN,Denver,2.5,TRUE,FALSE,2.5,4,3:42,3,42,FALSE,FALSE,2,2,4,2,222,222,222,222,222,222,4,4,2,31.75,-0,2025-11-12,2025-11-13T03:30:00Z,
421,401810079601,601,98,Free Throw - 1 of 2,Nikola Jokic misses free throw 1 of 2,124,107,4,4th Quarter,3:42,FALSE,0,7,3112335,,,2025-11-13T05:48:30Z,TRUE,25,13.75,1,Missed FT,2026,2,12,LA,Clippers,LAC,LA,7,Denver,Nuggets,DEN,Denver,2.5,TRUE,FALSE,2.5,4,3:42,3,42,FALSE,FALSE,2,2,4,2,222,222,222,222,222,222,4,4,2,-28,0,2025-11-12,2025-11-13T03:30:00Z,
422,401810079602,602,156,Offensive Rebound,Nuggets offensive team rebound,124,107,4,4th Quarter,3:42,FALSE,0,7,,,,2025-11-13T05:48:30Z,FALSE,-214748340,-214748365,0,Rebound,2026,2,12,LA,Clippers,LAC,LA,7,Denver,Nuggets,DEN,Denver,2.5,TRUE,FALSE,2.5,4,3:42,3,42,FALSE,FALSE,2,2,4,2,222,222,222,222,222,222,4,4,2,-214748406.75,-214748365,2025-11-12,2025-11-13T03:30:00Z,
423,401810079603,603,99,Free Throw - 2 of 2,Nikola Jokic makes free throw 2 of 2,125,107,4,4th Quarter,3:42,TRUE,1,7,3112335,,,2025-11-13T05:48:45Z,TRUE,25,13.75,1,+1 Point,2026,2,12,LA,Clippers,LAC,LA,7,Denver,Nuggets,DEN,Denver,2.5,TRUE,FALSE,2.5,4,3:42,3,42,FALSE,FALSE,2,2,4,2,222,222,222,210,210,210,4,4,2,-28,0,2025-11-12,2025-11-13T03:30:00Z,
424,401810079604,604,92,Jump Shot,Kobe Brown misses 23-foot three point jumper,125,107,4,4th Quarter,3:30,FALSE,0,12,4431752,,,2025-11-13T05:48:58Z,TRUE,48,3,3,Missed 3PT,2026,2,12,LA,Clippers,LAC,LA,7,Denver,Nuggets,DEN,Denver,2.5,TRUE,FALSE,2.5,4,3:30,3,30,FALSE,FALSE,2,2,4,2,210,210,210,209,209,209,4,4,2,38.75,-23,2025-11-12,2025-11-13T03:30:00Z,
425,401810079605,605,155,Defensive Rebound,Bruce Brown defensive rebound,125,107,4,4th Quarter,3:29,FALSE,0,7,4065670,,,2025-11-13T05:48:59Z,FALSE,48,3,0,Rebound,2026,2,12,LA,Clippers,LAC,LA,7,Denver,Nuggets,DEN,Denver,2.5,TRUE,FALSE,2.5,4,3:29,3,29,FALSE,FALSE,2,2,4,2,209,209,209,209,209,209,4,4,2,-38.75,23,2025-11-12,2025-11-13T03:30:00Z,
426,401810079606,606,16,Full Timeout,Nuggets Full timeout,125,107,4,4th Quarter,3:29,FALSE,0,7,,,,2025-11-13T05:49:05Z,FALSE,-214748340,-214748365,0,Timeout,2026,2,12,LA,Clippers,LAC,LA,7,Denver,Nuggets,DEN,Denver,2.5,TRUE,FALSE,2.5,4,3:29,3,29,FALSE,FALSE,2,2,4,2,209,209,209,209,209,209,4,4,2,-214748406.75,-214748365,2025-11-12,2025-11-13T03:30:00Z,
427,401810079607,607,584,Substitution,Julian Strawther enters the game for Peyton Watson,125,107,4,4th Quarter,3:29,FALSE,0,7,4432181,4576087,,2025-11-13T05:51:42Z,FALSE,-214748340,-214748365,0,Substitution,2026,2,12,LA,Clippers,LAC,LA,7,Denver,Nuggets,DEN,Denver,2.5,TRUE,FALSE,2.5,4,3:29,3,29,FALSE,FALSE,2,2,4,2,209,209,209,209,209,209,4,4,2,-214748406.75,-214748365,2025-11-12,2025-11-13T03:30:00Z,
428,401810079608,608,584,Substitution,Hunter Tyson enters the game for Bruce Brown,125,107,4,4th Quarter,3:29,FALSE,0,7,4395620,4065670,,2025-11-13T05:51:42Z,FALSE,-214748340,-214748365,0,Substitution,2026,2,12,LA,Clippers,LAC,LA,7,Denver,Nuggets,DEN,Denver,2.5,TRUE,FALSE,2.5,4,3:29,3,29,FALSE,FALSE,2,2,4,2,209,209,209,209,209,209,4,4,2,-214748406.75,-214748365,2025-11-12,2025-11-13T03:30:00Z,
429,401810079609,609,584,Substitution,Zeke Nnaji enters the game for Jamal Murray,125,107,4,4th Quarter,3:29,FALSE,0,7,4431690,3936299,,2025-11-13T05:51:42Z,FALSE,-214748340,-214748365,0,Substitution,2026,2,12,LA,Clippers,LAC,LA,7,Denver,Nuggets,DEN,Denver,2.5,TRUE,FALSE,2.5,4,3:29,3,29,FALSE,FALSE,2,2,4,2,209,209,209,209,209,209,4,4,2,-214748406.75,-214748365,2025-11-12,2025-11-13T03:30:00Z,
430,401810079610,610,584,Substitution,Jalen Pickett enters the game for Nikola Jokic,125,107,4,4th Quarter,3:29,FALSE,0,7,4398390,3112335,,2025-11-13T05:51:42Z,FALSE,-214748340,-214748365,0,Substitution,2026,2,12,LA,Clippers,LAC,LA,7,Denver,Nuggets,DEN,Denver,2.5,TRUE,FALSE,2.5,4,3:29,3,29,FALSE,FALSE,2,2,4,2,209,209,209,192,192,192,4,4,2,-214748406.75,-214748365,2025-11-12,2025-11-13T03:30:00Z,
431,401810079615,615,92,Jump Shot,Julian Strawther misses 27-foot three point jumper,125,107,4,4th Quarter,3:12,FALSE,0,7,4432181,,,2025-11-13T05:52:11Z,TRUE,15,26,3,Missed 3PT,2026,2,12,LA,Clippers,LAC,LA,7,Denver,Nuggets,DEN,Denver,2.5,TRUE,FALSE,2.5,4,3:12,3,12,FALSE,FALSE,2,2,4,2,192,192,192,188,188,188,4,4,2,-15.75,-10,2025-11-12,2025-11-13T03:30:00Z,
432,401810079616,616,155,Defensive Rebound,Brook Lopez defensive rebound,125,107,4,4th Quarter,3:08,FALSE,0,12,3448,,,2025-11-13T05:52:15Z,FALSE,15,26,0,Rebound,2026,2,12,LA,Clippers,LAC,LA,7,Denver,Nuggets,DEN,Denver,2.5,TRUE,FALSE,2.5,4,3:08,3,8,FALSE,FALSE,2,2,4,2,188,188,188,172,172,172,4,4,2,15.75,10,2025-11-12,2025-11-13T03:30:00Z,
433,401810079617,617,44,Shooting Foul,Jalen Pickett shooting foul,125,107,4,4th Quarter,2:52,FALSE,0,7,4398390,,,2025-11-13T05:52:35Z,FALSE,27,14,0,Foul,2026,2,12,LA,Clippers,LAC,LA,7,Denver,Nuggets,DEN,Denver,2.5,TRUE,FALSE,2.5,4,2:52,2,52,FALSE,FALSE,2,2,4,2,172,172,172,172,172,172,4,4,2,-27.75,2,2025-11-12,2025-11-13T03:30:00Z,
434,401810079619,619,98,Free Throw - 1 of 2,Cam Christie makes free throw 1 of 2,125,108,4,4th Quarter,2:52,TRUE,1,12,4845363,,,2025-11-13T05:53:00Z,TRUE,25,13.75,1,+1 Point,2026,2,12,LA,Clippers,LAC,LA,7,Denver,Nuggets,DEN,Denver,2.5,TRUE,FALSE,2.5,4,2:52,2,52,FALSE,FALSE,2,2,4,2,172,172,172,172,172,172,4,4,2,28,-0,2025-11-12,2025-11-13T03:30:00Z,
435,401810079620,620,99,Free Throw - 2 of 2,Cam Christie makes free throw 2 of 2,125,109,4,4th Quarter,2:52,TRUE,1,12,4845363,,,2025-11-13T05:53:16Z,TRUE,25,13.75,1,+1 Point,2026,2,12,LA,Clippers,LAC,LA,7,Denver,Nuggets,DEN,Denver,2.5,TRUE,FALSE,2.5,4,2:52,2,52,FALSE,FALSE,2,2,4,2,172,172,172,154,154,154,4,4,2,28,-0,2025-11-12,2025-11-13T03:30:00Z,
436,401810079621,621,141,Cutting Layup Shot,Brook Lopez blocks Hunter Tyson 's 3-foot layup,125,109,4,4th Quarter,2:34,FALSE,0,7,4395620,3448,,2025-11-13T05:53:37Z,TRUE,25,4,2,Missed FG,2026,2,12,LA,Clippers,LAC,LA,7,Denver,Nuggets,DEN,Denver,2.5,TRUE,FALSE,2.5,4,2:34,2,34,FALSE,FALSE,2,2,4,2,154,154,154,153,153,153,4,4,2,-37.75,0,2025-11-12,2025-11-13T03:30:00Z,
437,401810079623,623,155,Defensive Rebound,Kobe Brown defensive rebound,125,109,4,4th Quarter,2:33,FALSE,0,12,4431752,,,2025-11-13T05:53:38Z,FALSE,25,4,0,Rebound,2026,2,12,LA,Clippers,LAC,LA,7,Denver,Nuggets,DEN,Denver,2.5,TRUE,FALSE,2.5,4,2:33,2,33,FALSE,FALSE,2,2,4,2,153,153,153,143,143,143,4,4,2,37.75,-0,2025-11-12,2025-11-13T03:30:00Z,
438,401810079624,624,110,Driving Layup Shot,Jordan Miller misses driving layup,125,109,4,4th Quarter,2:23,FALSE,0,12,4396818,,,2025-11-13T05:53:50Z,TRUE,23,3,2,Missed FG,2026,2,12,LA,Clippers,LAC,LA,7,Denver,Nuggets,DEN,Denver,2.5,TRUE,FALSE,2.5,4,2:23,2,23,FALSE,FALSE,2,2,4,2,143,143,143,142,142,142,4,4,2,38.75,2,2025-11-12,2025-11-13T03:30:00Z,
439,401810079625,625,156,Offensive Rebound,Jordan Miller offensive rebound,125,109,4,4th Quarter,2:22,FALSE,0,12,4396818,,,2025-11-13T05:53:51Z,FALSE,23,3,0,Rebound,2026,2,12,LA,Clippers,LAC,LA,7,Denver,Nuggets,DEN,Denver,2.5,TRUE,FALSE,2.5,4,2:22,2,22,FALSE,FALSE,2,2,4,2,142,142,142,142,142,142,4,4,2,38.75,2,2025-11-12,2025-11-13T03:30:00Z,
440,401810079626,626,44,Shooting Foul,Spencer Jones shooting foul,125,109,4,4th Quarter,2:22,FALSE,0,7,4592427,,,2025-11-13T05:53:55Z,FALSE,30,4,0,Foul,2026,2,12,LA,Clippers,LAC,LA,7,Denver,Nuggets,DEN,Denver,2.5,TRUE,FALSE,2.5,4,2:22,2,22,FALSE,FALSE,2,2,4,2,142,142,142,142,142,142,4,4,2,-37.75,5,2025-11-12,2025-11-13T03:30:00Z,
441,401810079628,628,98,Free Throw - 1 of 2,Jordan Miller makes free throw 1 of 2,125,110,4,4th Quarter,2:22,TRUE,1,12,4396818,,,2025-11-13T05:54:19Z,TRUE,25,13.75,1,+1 Point,2026,2,12,LA,Clippers,LAC,LA,7,Denver,Nuggets,DEN,Denver,2.5,TRUE,FALSE,2.5,4,2:22,2,22,FALSE,FALSE,2,2,4,2,142,142,142,142,142,142,4,4,2,28,-0,2025-11-12,2025-11-13T03:30:00Z,
442,401810079629,629,99,Free Throw - 2 of 2,Jordan Miller makes free throw 2 of 2,125,111,4,4th Quarter,2:22,TRUE,1,12,4396818,,,2025-11-13T05:54:34Z,TRUE,25,13.75,1,+1 Point,2026,2,12,LA,Clippers,LAC,LA,7,Denver,Nuggets,DEN,Denver,2.5,TRUE,FALSE,2.5,4,2:22,2,22,FALSE,FALSE,2,2,4,2,142,142,142,130,130,130,4,4,2,28,-0,2025-11-12,2025-11-13T03:30:00Z,
443,401810079630,630,92,Jump Shot,Jalen Pickett makes 29-foot three point jumper (Zeke Nnaji assists),128,111,4,4th Quarter,2:10,TRUE,3,7,4398390,4431690,,2025-11-13T05:54:50Z,TRUE,9,25,3,+3 Points,2026,2,12,LA,Clippers,LAC,LA,7,Denver,Nuggets,DEN,Denver,2.5,TRUE,FALSE,2.5,4,2:10,2,10,FALSE,FALSE,2,2,4,2,130,130,130,119,119,119,4,4,2,-16.75,-16,2025-11-12,2025-11-13T03:30:00Z,
444,401810079632,632,92,Jump Shot,Bogdan Bogdanovic makes 25-foot three point jumper (Kobe Brown assists),128,114,4,4th Quarter,1:59,TRUE,3,12,3037789,4431752,,2025-11-13T05:55:02Z,TRUE,6,17,3,+3 Points,2026,2,12,LA,Clippers,LAC,LA,7,Denver,Nuggets,DEN,Denver,2.5,TRUE,FALSE,2.5,4,1:59,1,59,FALSE,FALSE,2,2,4,2,119,119,119,101,101,101,4,4,2,24.75,19,2025-11-12,2025-11-13T03:30:00Z,
445,401810079634,634,62,"Bad Pass
Turnover",Jalen Pickett bad pass (Jordan Miller steals),128,114,4,4th Quarter,1:41,FALSE,0,7,4398390,4396818,,2025-11-13T05:55:22Z,FALSE,10,13,0,Turnover,2026,2,12,LA,Clippers,LAC,LA,7,Denver,Nuggets,DEN,Denver,2.5,TRUE,FALSE,2.5,4,1:41,1,41,FALSE,FALSE,2,2,4,2,101,101,101,94,94,94,4,4,2,-28.75,-15,2025-11-12,2025-11-13T03:30:00Z,
446,401810079636,636,110,Driving Layup Shot,Kobe Brown makes driving layup (Cam Christie assists),128,116,4,4th Quarter,1:34,TRUE,2,12,4431752,4845363,,2025-11-13T05:55:30Z,TRUE,26,2,2,+2 Points,2026,2,12,LA,Clippers,LAC,LA,7,Denver,Nuggets,DEN,Denver,2.5,TRUE,FALSE,2.5,4,1:34,1,34,FALSE,FALSE,2,2,4,2,94,94,94,79,79,79,4,4,2,39.75,-1,2025-11-12,2025-11-13T03:30:00Z,
447,401810079638,638,92,Jump Shot,Hunter Tyson misses 25-foot three point jumper,128,116,4,4th Quarter,1:19,FALSE,0,7,4395620,,,2025-11-13T05:55:46Z,TRUE,8,19,3,Missed 3PT,2026,2,12,LA,Clippers,LAC,LA,7,Denver,Nuggets,DEN,Denver,2.5,TRUE,FALSE,2.5,4,1:19,1,19,FALSE,FALSE,2,2,4,2,79,79,79,75,75,75,4,4,2,-22.75,-17,2025-11-12,2025-11-13T03:30:00Z,
448,401810079639,639,155,Defensive Rebound,Cam Christie defensive rebound,128,116,4,4th Quarter,1:15,FALSE,0,12,4845363,,,2025-11-13T05:55:50Z,FALSE,8,19,0,Rebound,2026,2,12,LA,Clippers,LAC,LA,7,Denver,Nuggets,DEN,Denver,2.5,TRUE,FALSE,2.5,4,1:15,1,15,FALSE,FALSE,2,2,4,2,75,75,75,67,67,67,4,4,2,22.75,17,2025-11-12,2025-11-13T03:30:00Z,
449,401810079640,640,92,Jump Shot,Brook Lopez misses 26-foot three point jumper,128,116,4,4th Quarter,1:07,FALSE,0,12,3448,,,2025-11-13T05:55:58Z,TRUE,42,21,3,Missed 3PT,2026,2,12,LA,Clippers,LAC,LA,7,Denver,Nuggets,DEN,Denver,2.5,TRUE,FALSE,2.5,4,1:07,1,7,FALSE,FALSE,2,2,4,2,67,67,67,65,65,65,4,4,2,20.75,-17,2025-11-12,2025-11-13T03:30:00Z,
450,401810079641,641,155,Defensive Rebound,Jalen Pickett defensive rebound,128,116,4,4th Quarter,1:05,FALSE,0,7,4398390,,,2025-11-13T05:56:00Z,FALSE,42,21,0,Rebound,2026,2,12,LA,Clippers,LAC,LA,7,Denver,Nuggets,DEN,Denver,2.5,TRUE,FALSE,2.5,4,1:05,1,5,FALSE,FALSE,2,2,4,2,65,65,65,56.9,56.9,56.9,4,4,2,-20.75,17,2025-11-12,2025-11-13T03:30:00Z,
451,401810079642,642,130,Floating Jump Shot,Julian Strawther makes 10-foot two point shot (Jalen Pickett assists),130,116,4,4th Quarter,0:56.9,TRUE,2,7,4432181,4398390,,2025-11-13T05:56:09Z,TRUE,24,11,2,+2 Points,2026,2,12,LA,Clippers,LAC,LA,7,Denver,Nuggets,DEN,Denver,2.5,TRUE,FALSE,2.5,4,0:56.9,0,56.9,FALSE,FALSE,2,2,4,2,56.9,56.9,56.9,42,42,42,4,4,2,-30.75,-1,2025-11-12,2025-11-13T03:30:00Z,
452,401810079644,644,62,"Bad Pass
Turnover",Bogdan Bogdanovic bad pass (Hunter Tyson steals),130,116,4,4th Quarter,0:42.0,FALSE,0,12,3037789,4395620,,2025-11-13T05:56:27Z,FALSE,20,12,0,Turnover,2026,2,12,LA,Clippers,LAC,LA,7,Denver,Nuggets,DEN,Denver,2.5,TRUE,FALSE,2.5,4,0:42.0,0,42,FALSE,FALSE,2,2,4,2,42,42,42,29.2,29.2,29.2,4,4,2,29.75,5,2025-11-12,2025-11-13T03:30:00Z,
453,401810079646,646,64,Traveling,Jalen Pickett traveling,130,116,4,4th Quarter,0:29.2,FALSE,0,7,4398390,,,2025-11-13T05:56:42Z,FALSE,22,18,0,Turnover,2026,2,12,LA,Clippers,LAC,LA,7,Denver,Nuggets,DEN,Denver,2.5,TRUE,FALSE,2.5,4,0:29.2,0,29.2,FALSE,FALSE,2,2,4,2,29.2,29.2,29.2,21.4,21.4,21.4,4,4,2,-23.75,-3,2025-11-12,2025-11-13T03:30:00Z,
454,401810079647,647,92,Jump Shot,Jordan Miller misses 23-foot three point jumper,130,116,4,4th Quarter,0:21.4,FALSE,0,12,4396818,,,2025-11-13T05:57:04Z,TRUE,3,6,3,Missed 3PT,2026,2,12,LA,Clippers,LAC,LA,7,Denver,Nuggets,DEN,Denver,2.5,TRUE,FALSE,2.5,4,0:21.4,0,21.4,FALSE,FALSE,2,2,4,2,21.4,21.4,21.4,18.4,18.4,18.4,4,4,2,35.75,22,2025-11-12,2025-11-13T03:30:00Z,
455,401810079648,648,155,Defensive Rebound,Hunter Tyson defensive rebound,130,116,4,4th Quarter,0:18.4,FALSE,0,7,4395620,,,2025-11-13T05:57:07Z,FALSE,3,6,0,Rebound,2026,2,12,LA,Clippers,LAC,LA,7,Denver,Nuggets,DEN,Denver,2.5,TRUE,FALSE,2.5,4,0:18.4,0,18.4,FALSE,FALSE,2,2,4,2,18.4,18.4,18.4,0,0,0,4,4,2,-35.75,-22,2025-11-12,2025-11-13T03:30:00Z,
456,401810079649,649,412,End Period,End of the 4th Quarter,130,116,4,4th Quarter,0:0.0,FALSE,0,,,,,2025-11-13T05:57:23Z,FALSE,-214748340,-214748365,0,End of 4th,2026,2,12,LA,Clippers,LAC,LA,7,Denver,Nuggets,DEN,Denver,2.5,TRUE,FALSE,2.5,4,0:0.0,0,0,FALSE,FALSE,2,2,4,2,0,0,0,0,0,0,4,4,2,-214748406.75,-214748365,2025-11-12,2025-11-13T03:30:00Z,
457,401810079650,650,402,End Game,End of Game,130,116,4,4th Quarter,0:0.0,FALSE,0,,,,,2025-11-13T05:59:34Z,FALSE,-214748340,-214748365,0,End of Game,2026,2,12,LA,Clippers,LAC,LA,7,Denver,Nuggets,DEN,Denver,2.5,TRUE,FALSE,2.5,4,0:0.0,0,0,FALSE,FALSE,2,2,,,0,0,0,,,,4,4,2,-214748406.75,-214748365,2025-11-12,2025-11-13T03:30:00Z,
