game_play_number,id,sequence_number,type_id,type_text,text,away_score,home_score,period_number,period_display_value,clock_display_value,scoring_play,score_value,team_id,athlete_id_1,athlete_id_2,athlete_id_3,wallclock,shooting_play,coordinate_x_raw,coordinate_y_raw,points_attempted,short_description,season,season_type,home_team_id,home_team_name,home_team_mascot,home_team_abbrev,home_team_name_alt,away_team_id,away_team_name,away_team_mascot,away_team_abbrev,away_team_name_alt,game_spread,home_favorite,game_spread_available,home_team_spread,qtr,time,clock_minutes,clock_seconds,home_timeout_called,away_timeout_called,half,game_half,lead_qtr,lead_half,start_quarter_seconds_remaining,start_half_seconds_remaining,start_game_seconds_remaining,end_quarter_seconds_remaining,end_half_seconds_remaining,end_game_seconds_remaining,period,lag_qtr,lag_half,coordinate_x,coordinate_y,game_date,game_date_time,type_abbreviation
1,4018106284,4,615,Jumpball,Daniel Gafford vs. Mark Williams (Collin Gillespie gains possession),0,0,1,1st Quarter,12:00,FALSE,0,21,4701232,4278049,4278585,2026-02-11T02:10:31Z,FALSE,-214748340,-214748365,0,Jump Ball,2026,2,21,Phoenix,Suns,PHX,Phoenix,6,Dallas,Mavericks,DAL,Dallas,2.5,TRUE,FALSE,2.5,1,12:00,12,0,FALSE,FALSE,1,1,1,1,720,1440,2880,720,1440,2880,1,,,214748406.75,214748365,2026-02-10,2026-02-11T02:00:00Z,
2,4018106287,7,137,Turnaround Fade Away Jump Shot,Dillon Brooks misses 14-foot two point shot,0,0,1,1st Quarter,11:36,FALSE,0,21,3155526,,,2026-02-11T02:10:51Z,TRUE,14,10,2,Missed FG,2026,2,21,Phoenix,Suns,PHX,Phoenix,6,Dallas,Mavericks,DAL,Dallas,2.5,TRUE,FALSE,2.5,1,11:36,11,36,FALSE,FALSE,1,1,1,1,696,1416,2856,693,1413,2853,1,1,1,31.75,11,2026-02-10,2026-02-11T02:00:00Z,
3,4018106288,8,155,Defensive Rebound,P.J. Washington defensive rebound,0,0,1,1st Quarter,11:33,FALSE,0,6,4278078,,,2026-02-11T02:10:54Z,FALSE,14,10,0,Rebound,2026,2,21,Phoenix,Suns,PHX,Phoenix,6,Dallas,Mavericks,DAL,Dallas,2.5,TRUE,FALSE,2.5,1,11:33,11,33,FALSE,FALSE,1,1,1,1,693,1413,2853,680,1400,2840,1,1,1,-31.75,-11,2026-02-10,2026-02-11T02:00:00Z,
4,4018106289,9,44,Shooting Foul,Collin Gillespie shooting foul,0,0,1,1st Quarter,11:20,FALSE,0,21,4278585,,,2026-02-11T02:11:09Z,FALSE,19,6,0,Foul,2026,2,21,Phoenix,Suns,PHX,Phoenix,6,Dallas,Mavericks,DAL,Dallas,2.5,TRUE,FALSE,2.5,1,11:20,11,20,FALSE,FALSE,1,1,1,1,680,1400,2840,680,1400,2840,1,1,1,35.75,6,2026-02-10,2026-02-11T02:00:00Z,
5,40181062811,11,98,Free Throw - 1 of 2,P.J. Washington misses free throw 1 of 2,0,0,1,1st Quarter,11:20,FALSE,0,6,4278078,,,2026-02-11T02:11:40Z,TRUE,25,13.75,1,Missed FT,2026,2,21,Phoenix,Suns,PHX,Phoenix,6,Dallas,Mavericks,DAL,Dallas,2.5,TRUE,FALSE,2.5,1,11:20,11,20,FALSE,FALSE,1,1,1,1,680,1400,2840,680,1400,2840,1,1,1,-28,0,2026-02-10,2026-02-11T02:00:00Z,
6,40181062812,12,156,Offensive Rebound,Mavericks offensive team rebound,0,0,1,1st Quarter,11:20,FALSE,0,6,,,,2026-02-11T02:11:40Z,FALSE,-214748340,-214748365,0,Rebound,2026,2,21,Phoenix,Suns,PHX,Phoenix,6,Dallas,Mavericks,DAL,Dallas,2.5,TRUE,FALSE,2.5,1,11:20,11,20,FALSE,FALSE,1,1,1,1,680,1400,2840,680,1400,2840,1,1,1,-214748406.75,-214748365,2026-02-10,2026-02-11T02:00:00Z,
7,40181062813,13,99,Free Throw - 2 of 2,P.J. Washington makes free throw 2 of 2,1,0,1,1st Quarter,11:20,TRUE,1,6,4278078,,,2026-02-11T02:11:56Z,TRUE,25,13.75,1,+1 Point,2026,2,21,Phoenix,Suns,PHX,Phoenix,6,Dallas,Mavericks,DAL,Dallas,2.5,TRUE,FALSE,2.5,1,11:20,11,20,FALSE,FALSE,1,1,1,1,680,1400,2840,669,1389,2829,1,1,1,-28,0,2026-02-10,2026-02-11T02:00:00Z,
8,40181062814,14,90,Out of Bounds - Bad Pass Turnover,Devin Booker out of bounds bad pass turnover,1,0,1,1st Quarter,11:09,FALSE,0,21,3136193,,,2026-02-11T02:12:12Z,FALSE,43,20,0,Turnover,2026,2,21,Phoenix,Suns,PHX,Phoenix,6,Dallas,Mavericks,DAL,Dallas,2.5,TRUE,FALSE,2.5,1,11:09,11,9,FALSE,FALSE,1,1,1,1,669,1389,2829,645,1365,2805,1,1,1,21.75,-18,2026-02-10,2026-02-11T02:00:00Z,
9,40181062815,15,132,Step Back Jump Shot,P.J. Washington misses 22-foot three point step back jumpshot,1,0,1,1st Quarter,10:45,FALSE,0,6,4278078,,,2026-02-11T02:12:40Z,TRUE,2,-2,3,Missed 3PT,2026,2,21,Phoenix,Suns,PHX,Phoenix,6,Dallas,Mavericks,DAL,Dallas,2.5,TRUE,FALSE,2.5,1,10:45,10,45,FALSE,FALSE,1,1,1,1,645,1365,2805,642,1362,2802,1,1,1,-43.75,-23,2026-02-10,2026-02-11T02:00:00Z,
10,40181062816,16,155,Defensive Rebound,Devin Booker defensive rebound,1,0,1,1st Quarter,10:42,FALSE,0,21,3136193,,,2026-02-11T02:12:43Z,FALSE,2,-2,0,Rebound,2026,2,21,Phoenix,Suns,PHX,Phoenix,6,Dallas,Mavericks,DAL,Dallas,2.5,TRUE,FALSE,2.5,1,10:42,10,42,FALSE,FALSE,1,1,1,1,642,1362,2802,635,1355,2795,1,1,1,43.75,23,2026-02-10,2026-02-11T02:00:00Z,
11,40181062817,17,137,Turnaround Fade Away Jump Shot,Devin Booker misses 13-foot two point shot,1,0,1,1st Quarter,10:35,FALSE,0,21,3136193,,,2026-02-11T02:12:49Z,TRUE,29,13,2,Missed FG,2026,2,21,Phoenix,Suns,PHX,Phoenix,6,Dallas,Mavericks,DAL,Dallas,2.5,TRUE,FALSE,2.5,1,10:35,10,35,FALSE,FALSE,1,1,1,1,635,1355,2795,633,1353,2793,1,1,1,28.75,-4,2026-02-10,2026-02-11T02:00:00Z,
12,40181062818,18,155,Defensive Rebound,Cooper Flagg defensive rebound,1,0,1,1st Quarter,10:33,FALSE,0,6,5041939,,,2026-02-11T02:12:51Z,FALSE,29,13,0,Rebound,2026,2,21,Phoenix,Suns,PHX,Phoenix,6,Dallas,Mavericks,DAL,Dallas,2.5,TRUE,FALSE,2.5,1,10:33,10,33,FALSE,FALSE,1,1,1,1,633,1353,2793,627,1347,2787,1,1,1,-28.75,4,2026-02-10,2026-02-11T02:00:00Z,
13,40181062819,19,146,Running Pullup Jump Shot,Cooper Flagg misses running pullup jump shot,1,0,1,1st Quarter,10:27,FALSE,0,6,5041939,,,2026-02-11T02:12:57Z,TRUE,32,8,2,Missed FG,2026,2,21,Phoenix,Suns,PHX,Phoenix,6,Dallas,Mavericks,DAL,Dallas,2.5,TRUE,FALSE,2.5,1,10:27,10,27,FALSE,FALSE,1,1,1,1,627,1347,2787,623,1343,2783,1,1,1,-33.75,7,2026-02-10,2026-02-11T02:00:00Z,
14,40181062820,20,155,Defensive Rebound,Mark Williams defensive rebound,1,0,1,1st Quarter,10:23,FALSE,0,21,4701232,,,2026-02-11T02:13:01Z,FALSE,32,8,0,Rebound,2026,2,21,Phoenix,Suns,PHX,Phoenix,6,Dallas,Mavericks,DAL,Dallas,2.5,TRUE,FALSE,2.5,1,10:23,10,23,FALSE,FALSE,1,1,1,1,623,1343,2783,620,1340,2780,1,1,1,33.75,-7,2026-02-10,2026-02-11T02:00:00Z,
15,40181062821,21,109,Running Layup Shot,Max Christie blocks Royce O'Neale 's 4-foot running layup,1,0,1,1st Quarter,10:20,FALSE,0,21,2583632,4432582,,2026-02-11T02:13:05Z,TRUE,22,3,2,Missed FG,2026,2,21,Phoenix,Suns,PHX,Phoenix,6,Dallas,Mavericks,DAL,Dallas,2.5,TRUE,FALSE,2.5,1,10:20,10,20,FALSE,FALSE,1,1,1,1,620,1340,2780,617,1337,2777,1,1,1,38.75,3,2026-02-10,2026-02-11T02:00:00Z,
16,40181062823,23,155,Defensive Rebound,Tyus Jones defensive rebound,1,0,1,1st Quarter,10:17,FALSE,0,6,3135046,,,2026-02-11T02:13:08Z,FALSE,22,3,0,Rebound,2026,2,21,Phoenix,Suns,PHX,Phoenix,6,Dallas,Mavericks,DAL,Dallas,2.5,TRUE,FALSE,2.5,1,10:17,10,17,FALSE,FALSE,1,1,1,1,617,1337,2777,612,1332,2772,1,1,1,-38.75,-3,2026-02-10,2026-02-11T02:00:00Z,
17,40181062824,24,113,Running Jump Shot,Tyus Jones misses 25-foot running jump shot,1,0,1,1st Quarter,10:12,FALSE,0,6,3135046,,,2026-02-11T02:13:12Z,TRUE,35,23,3,Missed 3PT,2026,2,21,Phoenix,Suns,PHX,Phoenix,6,Dallas,Mavericks,DAL,Dallas,2.5,TRUE,FALSE,2.5,1,10:12,10,12,FALSE,FALSE,1,1,1,1,612,1332,2772,612,1332,2772,1,1,1,-18.75,10,2026-02-10,2026-02-11T02:00:00Z,
18,40181062825,25,155,Defensive Rebound,Royce O'Neale defensive rebound,1,0,1,1st Quarter,10:12,FALSE,0,21,2583632,,,2026-02-11T02:13:12Z,FALSE,35,23,0,Rebound,2026,2,21,Phoenix,Suns,PHX,Phoenix,6,Dallas,Mavericks,DAL,Dallas,2.5,TRUE,FALSE,2.5,1,10:12,10,12,FALSE,FALSE,1,1,1,1,612,1332,2772,601,1321,2761,1,1,1,18.75,-10,2026-02-10,2026-02-11T02:00:00Z,
19,40181062826,26,114,Turnaround Jump Shot,Dillon Brooks makes 15-foot turnaround jump shot,1,2,1,1st Quarter,10:01,TRUE,2,21,3155526,,,2026-02-11T02:13:23Z,TRUE,36,11,2,+2 Points,2026,2,21,Phoenix,Suns,PHX,Phoenix,6,Dallas,Mavericks,DAL,Dallas,2.5,TRUE,FALSE,2.5,1,10:01,10,1,FALSE,FALSE,1,1,1,1,601,1321,2761,578,1298,2738,1,1,1,30.75,-11,2026-02-10,2026-02-11T02:00:00Z,
20,40181062827,27,144,Driving Floating Jump Shot,Cooper Flagg misses driving floating jump shot,1,2,1,1st Quarter,9:38,FALSE,0,6,5041939,,,2026-02-11T02:13:47Z,TRUE,39,2,2,Missed FG,2026,2,21,Phoenix,Suns,PHX,Phoenix,6,Dallas,Mavericks,DAL,Dallas,2.5,TRUE,FALSE,2.5,1,9:38,9,38,FALSE,FALSE,1,1,1,1,578,1298,2738,575,1295,2735,1,1,1,-39.75,14,2026-02-10,2026-02-11T02:00:00Z,
21,40181062828,28,155,Defensive Rebound,Mark Williams defensive rebound,1,2,1,1st Quarter,9:35,FALSE,0,21,4701232,,,2026-02-11T02:13:50Z,FALSE,39,2,0,Rebound,2026,2,21,Phoenix,Suns,PHX,Phoenix,6,Dallas,Mavericks,DAL,Dallas,2.5,TRUE,FALSE,2.5,1,9:35,9,35,FALSE,FALSE,1,1,1,1,575,1295,2735,567,1287,2727,1,1,1,39.75,-14,2026-02-10,2026-02-11T02:00:00Z,
22,40181062829,29,114,Turnaround Jump Shot,Dillon Brooks makes 9-foot turnaround jump shot,1,4,1,1st Quarter,9:27,TRUE,2,21,3155526,,,2026-02-11T02:13:57Z,TRUE,21,9,2,+2 Points,2026,2,21,Phoenix,Suns,PHX,Phoenix,6,Dallas,Mavericks,DAL,Dallas,2.5,TRUE,FALSE,2.5,1,9:27,9,27,FALSE,FALSE,1,1,1,1,567,1287,2727,542,1262,2702,1,1,1,32.75,4,2026-02-10,2026-02-11T02:00:00Z,
23,40181062831,31,63,Lost Ball Turnover,P.J. Washington lost ball turnover (Collin Gillespie steals),1,4,1,1st Quarter,9:02,FALSE,0,6,4278078,4278585,,2026-02-11T02:14:37Z,FALSE,14,30,0,Turnover,2026,2,21,Phoenix,Suns,PHX,Phoenix,6,Dallas,Mavericks,DAL,Dallas,2.5,TRUE,FALSE,2.5,1,9:02,9,2,FALSE,FALSE,1,1,1,1,542,1262,2702,537,1257,2697,1,1,1,-11.75,-11,2026-02-10,2026-02-11T02:00:00Z,
24,40181062833,33,116,Running Dunk Shot,Mark Williams makes 2-foot running dunk (Collin Gillespie assists),1,6,1,1st Quarter,8:57,TRUE,2,21,4701232,4278585,,2026-02-11T02:14:42Z,TRUE,25,2,2,+2 Points,2026,2,21,Phoenix,Suns,PHX,Phoenix,6,Dallas,Mavericks,DAL,Dallas,2.5,TRUE,FALSE,2.5,1,8:57,8,57,FALSE,FALSE,1,1,1,1,537,1257,2697,523,1243,2683,1,1,1,39.75,-0,2026-02-10,2026-02-11T02:00:00Z,
25,40181062835,35,92,Jump Shot,Tyus Jones misses 26-foot three point jumper,1,6,1,1st Quarter,8:43,FALSE,0,6,3135046,,,2026-02-11T02:14:57Z,TRUE,44,19,3,Missed 3PT,2026,2,21,Phoenix,Suns,PHX,Phoenix,6,Dallas,Mavericks,DAL,Dallas,2.5,TRUE,FALSE,2.5,1,8:43,8,43,FALSE,FALSE,1,1,1,1,523,1243,2683,521,1241,2681,1,1,1,-22.75,19,2026-02-10,2026-02-11T02:00:00Z,
26,40181062836,36,155,Defensive Rebound,Suns defensive team rebound,1,6,1,1st Quarter,8:41,FALSE,0,21,,,,2026-02-11T02:14:59Z,FALSE,44,19,0,Rebound,2026,2,21,Phoenix,Suns,PHX,Phoenix,6,Dallas,Mavericks,DAL,Dallas,2.5,TRUE,FALSE,2.5,1,8:41,8,41,FALSE,FALSE,1,1,1,1,521,1241,2681,512,1232,2672,1,1,1,22.75,-19,2026-02-10,2026-02-11T02:00:00Z,
27,40181062838,38,131,Pullup Jump Shot,Devin Booker makes 26-foot three pointer (Royce O'Neale assists),1,9,1,1st Quarter,8:32,TRUE,3,21,3136193,2583632,,2026-02-11T02:15:16Z,TRUE,8,21,3,+3 Points,2026,2,21,Phoenix,Suns,PHX,Phoenix,6,Dallas,Mavericks,DAL,Dallas,2.5,TRUE,FALSE,2.5,1,8:32,8,32,FALSE,FALSE,1,1,1,1,512,1232,2672,510,1230,2670,1,1,1,20.75,17,2026-02-10,2026-02-11T02:00:00Z,
28,40181062840,40,16,Full Timeout,Mavericks Full timeout,1,9,1,1st Quarter,8:30,FALSE,0,6,,,,2026-02-11T02:15:22Z,FALSE,-214748340,-214748365,0,Timeout,2026,2,21,Phoenix,Suns,PHX,Phoenix,6,Dallas,Mavericks,DAL,Dallas,2.5,TRUE,FALSE,2.5,1,8:30,8,30,FALSE,FALSE,1,1,1,1,510,1230,2670,489,1209,2649,1,1,1,-214748406.75,-214748365,2026-02-10,2026-02-11T02:00:00Z,
29,40181062841,41,121,Fade Away Jump Shot,Max Christie misses 10-foot fade away jump shot,1,9,1,1st Quarter,8:09,FALSE,0,6,4432582,,,2026-02-11T02:18:32Z,TRUE,30,10,2,Missed FG,2026,2,21,Phoenix,Suns,PHX,Phoenix,6,Dallas,Mavericks,DAL,Dallas,2.5,TRUE,FALSE,2.5,1,8:09,8,9,FALSE,FALSE,1,1,1,1,489,1209,2649,483,1203,2643,1,1,1,-31.75,5,2026-02-10,2026-02-11T02:00:00Z,
30,40181062842,42,155,Defensive Rebound,Collin Gillespie defensive rebound,1,9,1,1st Quarter,8:03,FALSE,0,21,4278585,,,2026-02-11T02:18:38Z,FALSE,30,10,0,Rebound,2026,2,21,Phoenix,Suns,PHX,Phoenix,6,Dallas,Mavericks,DAL,Dallas,2.5,TRUE,FALSE,2.5,1,8:03,8,3,FALSE,FALSE,1,1,1,1,483,1203,2643,480,1200,2640,1,1,1,31.75,-5,2026-02-10,2026-02-11T02:00:00Z,
31,40181062843,43,146,Running Pullup Jump Shot,Royce O'Neale misses running pullup jump shot,1,9,1,1st Quarter,8:00,FALSE,0,21,2583632,,,2026-02-11T02:18:40Z,TRUE,4,19,3,Missed 3PT,2026,2,21,Phoenix,Suns,PHX,Phoenix,6,Dallas,Mavericks,DAL,Dallas,2.5,TRUE,FALSE,2.5,1,8:00,8,0,FALSE,FALSE,1,1,1,1,480,1200,2640,476,1196,2636,1,1,1,22.75,21,2026-02-10,2026-02-11T02:00:00Z,
32,40181062844,44,156,Offensive Rebound,Collin Gillespie offensive rebound,1,9,1,1st Quarter,7:56,FALSE,0,21,4278585,,,2026-02-11T02:18:44Z,FALSE,4,19,0,Rebound,2026,2,21,Phoenix,Suns,PHX,Phoenix,6,Dallas,Mavericks,DAL,Dallas,2.5,TRUE,FALSE,2.5,1,7:56,7,56,FALSE,FALSE,1,1,1,1,476,1196,2636,475,1195,2635,1,1,1,22.75,21,2026-02-10,2026-02-11T02:00:00Z,
33,40181062845,45,92,Jump Shot,Dillon Brooks makes 14-foot jumper (Collin Gillespie assists),1,11,1,1st Quarter,7:55,TRUE,2,21,3155526,4278585,,2026-02-11T02:18:45Z,TRUE,18,13,2,+2 Points,2026,2,21,Phoenix,Suns,PHX,Phoenix,6,Dallas,Mavericks,DAL,Dallas,2.5,TRUE,FALSE,2.5,1,7:55,7,55,FALSE,FALSE,1,1,1,1,475,1195,2635,463,1183,2623,1,1,1,28.75,7,2026-02-10,2026-02-11T02:00:00Z,
34,40181062847,47,144,Driving Floating Jump Shot,Cooper Flagg misses driving floating jump shot,1,11,1,1st Quarter,7:43,FALSE,0,6,5041939,,,2026-02-11T02:18:57Z,TRUE,32,12,2,Missed FG,2026,2,21,Phoenix,Suns,PHX,Phoenix,6,Dallas,Mavericks,DAL,Dallas,2.5,TRUE,FALSE,2.5,1,7:43,7,43,FALSE,FALSE,1,1,1,1,463,1183,2623,460,1180,2620,1,1,1,-29.75,7,2026-02-10,2026-02-11T02:00:00Z,
35,40181062848,48,155,Defensive Rebound,Devin Booker defensive rebound,1,11,1,1st Quarter,7:40,FALSE,0,21,3136193,,,2026-02-11T02:19:00Z,FALSE,32,12,0,Rebound,2026,2,21,Phoenix,Suns,PHX,Phoenix,6,Dallas,Mavericks,DAL,Dallas,2.5,TRUE,FALSE,2.5,1,7:40,7,40,FALSE,FALSE,1,1,1,1,460,1180,2620,457,1177,2617,1,1,1,29.75,-7,2026-02-10,2026-02-11T02:00:00Z,
36,40181062849,49,113,Running Jump Shot,Dillon Brooks misses 26-foot running jump shot,1,11,1,1st Quarter,7:37,FALSE,0,21,3155526,,,2026-02-11T02:19:03Z,TRUE,5,17,3,Missed 3PT,2026,2,21,Phoenix,Suns,PHX,Phoenix,6,Dallas,Mavericks,DAL,Dallas,2.5,TRUE,FALSE,2.5,1,7:37,7,37,FALSE,FALSE,1,1,1,1,457,1177,2617,452,1172,2612,1,1,1,24.75,20,2026-02-10,2026-02-11T02:00:00Z,
37,40181062850,50,155,Defensive Rebound,P.J. Washington defensive rebound,1,11,1,1st Quarter,7:32,FALSE,0,6,4278078,,,2026-02-11T02:19:09Z,FALSE,5,17,0,Rebound,2026,2,21,Phoenix,Suns,PHX,Phoenix,6,Dallas,Mavericks,DAL,Dallas,2.5,TRUE,FALSE,2.5,1,7:32,7,32,FALSE,FALSE,1,1,1,1,452,1172,2612,436,1156,2596,1,1,1,-24.75,-20,2026-02-10,2026-02-11T02:00:00Z,
38,40181062851,51,44,Shooting Foul,Collin Gillespie shooting foul,1,11,1,1st Quarter,7:16,FALSE,0,21,4278585,,,2026-02-11T02:19:26Z,FALSE,31,9,0,Foul,2026,2,21,Phoenix,Suns,PHX,Phoenix,6,Dallas,Mavericks,DAL,Dallas,2.5,TRUE,FALSE,2.5,1,7:16,7,16,FALSE,FALSE,1,1,1,1,436,1156,2596,436,1156,2596,1,1,1,32.75,-6,2026-02-10,2026-02-11T02:00:00Z,
39,40181062853,53,98,Free Throw - 1 of 2,Cooper Flagg makes free throw 1 of 2,2,11,1,1st Quarter,7:16,TRUE,1,6,5041939,,,2026-02-11T02:19:57Z,TRUE,25,13.75,1,+1 Point,2026,2,21,Phoenix,Suns,PHX,Phoenix,6,Dallas,Mavericks,DAL,Dallas,2.5,TRUE,FALSE,2.5,1,7:16,7,16,FALSE,FALSE,1,1,1,1,436,1156,2596,436,1156,2596,1,1,1,-28,0,2026-02-10,2026-02-11T02:00:00Z,
40,40181062854,54,584,Substitution,Jalen Green enters the game for Collin Gillespie,2,11,1,1st Quarter,7:16,FALSE,0,21,4437244,4278585,,2026-02-11T02:19:58Z,FALSE,-214748340,-214748365,0,Substitution,2026,2,21,Phoenix,Suns,PHX,Phoenix,6,Dallas,Mavericks,DAL,Dallas,2.5,TRUE,FALSE,2.5,1,7:16,7,16,FALSE,FALSE,1,1,1,1,436,1156,2596,436,1156,2596,1,1,1,214748406.75,214748365,2026-02-10,2026-02-11T02:00:00Z,
41,40181062855,55,584,Substitution,Marvin Bagley III enters the game for P.J. Washington,2,11,1,1st Quarter,7:16,FALSE,0,6,4277848,4278078,,2026-02-11T02:19:58Z,FALSE,-214748340,-214748365,0,Substitution,2026,2,21,Phoenix,Suns,PHX,Phoenix,6,Dallas,Mavericks,DAL,Dallas,2.5,TRUE,FALSE,2.5,1,7:16,7,16,FALSE,FALSE,1,1,1,1,436,1156,2596,436,1156,2596,1,1,1,-214748406.75,-214748365,2026-02-10,2026-02-11T02:00:00Z,
42,40181062856,56,584,Substitution,Naji Marshall enters the game for Daniel Gafford,2,11,1,1st Quarter,7:16,FALSE,0,6,4278594,4278049,,2026-02-11T02:19:58Z,FALSE,-214748340,-214748365,0,Substitution,2026,2,21,Phoenix,Suns,PHX,Phoenix,6,Dallas,Mavericks,DAL,Dallas,2.5,TRUE,FALSE,2.5,1,7:16,7,16,FALSE,FALSE,1,1,1,1,436,1156,2596,436,1156,2596,1,1,1,-214748406.75,-214748365,2026-02-10,2026-02-11T02:00:00Z,
43,40181062860,60,99,Free Throw - 2 of 2,Cooper Flagg misses free throw 2 of 2,2,11,1,1st Quarter,7:16,FALSE,0,6,5041939,,,2026-02-11T02:19:57Z,TRUE,25,13.75,1,Missed FT,2026,2,21,Phoenix,Suns,PHX,Phoenix,6,Dallas,Mavericks,DAL,Dallas,2.5,TRUE,FALSE,2.5,1,7:16,7,16,FALSE,FALSE,1,1,1,1,436,1156,2596,428,1148,2588,1,1,1,-28,0,2026-02-10,2026-02-11T02:00:00Z,
44,40181062861,61,155,Defensive Rebound,Dillon Brooks defensive rebound,2,11,1,1st Quarter,7:08,FALSE,0,21,3155526,,,2026-02-11T02:20:05Z,FALSE,-214748340,-214748365,0,Rebound,2026,2,21,Phoenix,Suns,PHX,Phoenix,6,Dallas,Mavericks,DAL,Dallas,2.5,TRUE,FALSE,2.5,1,7:08,7,8,FALSE,FALSE,1,1,1,1,428,1148,2588,423,1143,2583,1,1,1,214748406.75,214748365,2026-02-10,2026-02-11T02:00:00Z,
45,40181062862,62,121,Fade Away Jump Shot,Devin Booker misses 17-foot fade away jump shot,2,11,1,1st Quarter,7:03,FALSE,0,21,3136193,,,2026-02-11T02:20:28Z,TRUE,35,15,2,Missed FG,2026,2,21,Phoenix,Suns,PHX,Phoenix,6,Dallas,Mavericks,DAL,Dallas,2.5,TRUE,FALSE,2.5,1,7:03,7,3,FALSE,FALSE,1,1,1,1,423,1143,2583,419,1139,2579,1,1,1,26.75,-10,2026-02-10,2026-02-11T02:00:00Z,
46,40181062863,63,155,Defensive Rebound,Marvin Bagley III defensive rebound,2,11,1,1st Quarter,6:59,FALSE,0,6,4277848,,,2026-02-11T02:20:32Z,FALSE,35,15,0,Rebound,2026,2,21,Phoenix,Suns,PHX,Phoenix,6,Dallas,Mavericks,DAL,Dallas,2.5,TRUE,FALSE,2.5,1,6:59,6,59,FALSE,FALSE,1,1,1,1,419,1139,2579,415,1135,2575,1,1,1,-26.75,10,2026-02-10,2026-02-11T02:00:00Z,
47,40181062864,64,45,Personal Foul,Devin Booker personal foul,2,11,1,1st Quarter,6:55,FALSE,0,21,3136193,,,2026-02-11T02:20:39Z,FALSE,9,2,0,Foul,2026,2,21,Phoenix,Suns,PHX,Phoenix,6,Dallas,Mavericks,DAL,Dallas,2.5,TRUE,FALSE,2.5,1,6:55,6,55,FALSE,FALSE,1,1,1,1,415,1135,2575,409,1129,2569,1,1,1,39.75,16,2026-02-10,2026-02-11T02:00:00Z,
48,40181062866,66,131,Pullup Jump Shot,Max Christie misses 26-foot three point pullup jump shot,2,11,1,1st Quarter,6:49,FALSE,0,6,4432582,,,2026-02-11T02:20:59Z,TRUE,4,17,3,Missed 3PT,2026,2,21,Phoenix,Suns,PHX,Phoenix,6,Dallas,Mavericks,DAL,Dallas,2.5,TRUE,FALSE,2.5,1,6:49,6,49,FALSE,FALSE,1,1,1,1,409,1129,2569,405,1125,2565,1,1,1,-24.75,-21,2026-02-10,2026-02-11T02:00:00Z,
49,40181062867,67,155,Defensive Rebound,Jalen Green defensive rebound,2,11,1,1st Quarter,6:45,FALSE,0,21,4437244,,,2026-02-11T02:21:03Z,FALSE,4,17,0,Rebound,2026,2,21,Phoenix,Suns,PHX,Phoenix,6,Dallas,Mavericks,DAL,Dallas,2.5,TRUE,FALSE,2.5,1,6:45,6,45,FALSE,FALSE,1,1,1,1,405,1125,2565,396,1116,2556,1,1,1,24.75,21,2026-02-10,2026-02-11T02:00:00Z,
50,40181062868,68,137,Turnaround Fade Away Jump Shot,Dillon Brooks makes 11-foot two point shot,2,13,1,1st Quarter,6:36,TRUE,2,21,3155526,,,2026-02-11T02:21:11Z,TRUE,34,8,2,+2 Points,2026,2,21,Phoenix,Suns,PHX,Phoenix,6,Dallas,Mavericks,DAL,Dallas,2.5,TRUE,FALSE,2.5,1,6:36,6,36,FALSE,FALSE,1,1,1,1,396,1116,2556,381,1101,2541,1,1,1,33.75,-9,2026-02-10,2026-02-11T02:00:00Z,
51,40181062869,69,62,"Bad Pass
Turnover","Tyus Jones bad pass
turnover (Royce O'Neale steals)",2,13,1,1st Quarter,6:21,FALSE,0,6,3135046,2583632,,2026-02-11T02:21:28Z,FALSE,19,23,0,Turnover,2026,2,21,Phoenix,Suns,PHX,Phoenix,6,Dallas,Mavericks,DAL,Dallas,2.5,TRUE,FALSE,2.5,1,6:21,6,21,FALSE,FALSE,1,1,1,1,381,1101,2541,378,1098,2538,1,1,1,-18.75,-6,2026-02-10,2026-02-11T02:00:00Z,
52,40181062871,71,63,Lost Ball Turnover,Royce O'Neale lost ball turnover (Tyus Jones steals),2,13,1,1st Quarter,6:18,FALSE,0,21,2583632,3135046,,2026-02-11T02:21:30Z,FALSE,20,31,0,Turnover,2026,2,21,Phoenix,Suns,PHX,Phoenix,6,Dallas,Mavericks,DAL,Dallas,2.5,TRUE,FALSE,2.5,1,6:18,6,18,FALSE,FALSE,1,1,1,1,378,1098,2538,373,1093,2533,1,1,1,10.75,5,2026-02-10,2026-02-11T02:00:00Z,
53,40181062873,73,116,Running Dunk Shot,Max Christie makes running dunk (Tyus Jones assists),4,13,1,1st Quarter,6:13,TRUE,2,6,4432582,3135046,,2026-02-11T02:21:35Z,TRUE,25,0,2,+2 Points,2026,2,21,Phoenix,Suns,PHX,Phoenix,6,Dallas,Mavericks,DAL,Dallas,2.5,TRUE,FALSE,2.5,1,6:13,6,13,FALSE,FALSE,1,1,1,1,373,1093,2533,366,1086,2526,1,1,1,-41.75,0,2026-02-10,2026-02-11T02:00:00Z,
54,40181062875,75,131,Pullup Jump Shot,Devin Booker makes 25-foot three pointer (Mark Williams assists),4,16,1,1st Quarter,6:06,TRUE,3,21,3136193,4701232,,2026-02-11T02:21:42Z,TRUE,39,22,3,+3 Points,2026,2,21,Phoenix,Suns,PHX,Phoenix,6,Dallas,Mavericks,DAL,Dallas,2.5,TRUE,FALSE,2.5,1,6:06,6,6,FALSE,FALSE,1,1,1,1,366,1086,2526,351,1071,2511,1,1,1,19.75,-14,2026-02-10,2026-02-11T02:00:00Z,
55,40181062876,76,145,Driving Floating Bank Jump Shot,Naji Marshall makes 5-foot two point shot,6,16,1,1st Quarter,5:51,TRUE,2,6,4278594,,,2026-02-11T02:21:57Z,TRUE,19,1,2,+2 Points,2026,2,21,Phoenix,Suns,PHX,Phoenix,6,Dallas,Mavericks,DAL,Dallas,2.5,TRUE,FALSE,2.5,1,5:51,5,51,FALSE,FALSE,1,1,1,1,351,1071,2511,339,1059,2499,1,1,1,-40.75,-6,2026-02-10,2026-02-11T02:00:00Z,
56,40181062877,77,92,Jump Shot,Jalen Green misses 26-foot three point jumper,6,16,1,1st Quarter,5:39,FALSE,0,21,4437244,,,2026-02-11T02:22:09Z,TRUE,31,26,3,Missed 3PT,2026,2,21,Phoenix,Suns,PHX,Phoenix,6,Dallas,Mavericks,DAL,Dallas,2.5,TRUE,FALSE,2.5,1,5:39,5,39,FALSE,FALSE,1,1,1,1,339,1059,2499,335,1055,2495,1,1,1,15.75,-6,2026-02-10,2026-02-11T02:00:00Z,
57,40181062878,78,156,Offensive Rebound,Mark Williams offensive rebound,6,16,1,1st Quarter,5:35,FALSE,0,21,4701232,,,2026-02-11T02:22:13Z,FALSE,31,26,0,Rebound,2026,2,21,Phoenix,Suns,PHX,Phoenix,6,Dallas,Mavericks,DAL,Dallas,2.5,TRUE,FALSE,2.5,1,5:35,5,35,FALSE,FALSE,1,1,1,1,335,1055,2495,335,1055,2495,1,1,1,15.75,-6,2026-02-10,2026-02-11T02:00:00Z,
58,40181062879,79,94,Tip Shot,Mark Williams misses tip shot,6,16,1,1st Quarter,5:35,FALSE,0,21,4701232,,,2026-02-11T02:22:13Z,TRUE,25,0,2,Missed FG,2026,2,21,Phoenix,Suns,PHX,Phoenix,6,Dallas,Mavericks,DAL,Dallas,2.5,TRUE,FALSE,2.5,1,5:35,5,35,FALSE,FALSE,1,1,1,1,335,1055,2495,334,1054,2494,1,1,1,41.75,-0,2026-02-10,2026-02-11T02:00:00Z,
59,40181062880,80,155,Defensive Rebound,Max Christie defensive rebound,6,16,1,1st Quarter,5:34,FALSE,0,6,4432582,,,2026-02-11T02:22:14Z,FALSE,25,0,0,Rebound,2026,2,21,Phoenix,Suns,PHX,Phoenix,6,Dallas,Mavericks,DAL,Dallas,2.5,TRUE,FALSE,2.5,1,5:34,5,34,FALSE,FALSE,1,1,1,1,334,1054,2494,332,1052,2492,1,1,1,-41.75,0,2026-02-10,2026-02-11T02:00:00Z,
60,40181062881,81,109,Running Layup Shot,Cooper Flagg makes running layup (Max Christie assists),8,16,1,1st Quarter,5:32,TRUE,2,6,5041939,4432582,,2026-02-11T02:22:15Z,TRUE,24,2,2,+2 Points,2026,2,21,Phoenix,Suns,PHX,Phoenix,6,Dallas,Mavericks,DAL,Dallas,2.5,TRUE,FALSE,2.5,1,5:32,5,32,FALSE,FALSE,1,1,1,1,332,1052,2492,312,1032,2472,1,1,1,-39.75,-1,2026-02-10,2026-02-11T02:00:00Z,
61,40181062883,83,131,Pullup Jump Shot,Dillon Brooks makes 11-foot pullup jump shot,8,18,1,1st Quarter,5:12,TRUE,2,21,3155526,,,2026-02-11T02:22:36Z,TRUE,28,11,2,+2 Points,2026,2,21,Phoenix,Suns,PHX,Phoenix,6,Dallas,Mavericks,DAL,Dallas,2.5,TRUE,FALSE,2.5,1,5:12,5,12,FALSE,FALSE,1,1,1,1,312,1032,2472,300,1020,2460,1,1,1,30.75,-3,2026-02-10,2026-02-11T02:00:00Z,
62,40181062884,84,92,Jump Shot,Max Christie misses 27-foot three point jumper,8,18,1,1st Quarter,5:00,FALSE,0,6,4432582,,,2026-02-11T02:22:48Z,TRUE,45,19,3,Missed 3PT,2026,2,21,Phoenix,Suns,PHX,Phoenix,6,Dallas,Mavericks,DAL,Dallas,2.5,TRUE,FALSE,2.5,1,5:00,5,0,FALSE,FALSE,1,1,1,1,300,1020,2460,298,1018,2458,1,1,1,-22.75,20,2026-02-10,2026-02-11T02:00:00Z,
63,40181062885,85,155,Defensive Rebound,Suns defensive team rebound,8,18,1,1st Quarter,4:58,FALSE,0,21,,,,2026-02-11T02:22:52Z,FALSE,45,19,0,Rebound,2026,2,21,Phoenix,Suns,PHX,Phoenix,6,Dallas,Mavericks,DAL,Dallas,2.5,TRUE,FALSE,2.5,1,4:58,4,58,FALSE,FALSE,1,1,1,1,298,1018,2458,298,1018,2458,1,1,1,22.75,-20,2026-02-10,2026-02-11T02:00:00Z,
64,40181062887,87,584,Substitution,Jordan Goodwin enters the game for Royce O'Neale,8,18,1,1st Quarter,4:58,FALSE,0,21,4278402,2583632,,2026-02-11T02:22:56Z,FALSE,-214748340,-214748365,0,Substitution,2026,2,21,Phoenix,Suns,PHX,Phoenix,6,Dallas,Mavericks,DAL,Dallas,2.5,TRUE,FALSE,2.5,1,4:58,4,58,FALSE,FALSE,1,1,1,1,298,1018,2458,298,1018,2458,1,1,1,214748406.75,214748365,2026-02-10,2026-02-11T02:00:00Z,
65,40181062888,88,584,Substitution,Brandon Williams enters the game for Tyus Jones,8,18,1,1st Quarter,4:58,FALSE,0,6,4397040,3135046,,2026-02-11T02:22:56Z,FALSE,-214748340,-214748365,0,Substitution,2026,2,21,Phoenix,Suns,PHX,Phoenix,6,Dallas,Mavericks,DAL,Dallas,2.5,TRUE,FALSE,2.5,1,4:58,4,58,FALSE,FALSE,1,1,1,1,298,1018,2458,288,1008,2448,1,1,1,-214748406.75,-214748365,2026-02-10,2026-02-11T02:00:00Z,
66,40181062892,92,110,Driving Layup Shot,Jalen Green misses driving layup,8,18,1,1st Quarter,4:48,FALSE,0,21,4437244,,,2026-02-11T02:23:19Z,TRUE,21,3,2,Missed FG,2026,2,21,Phoenix,Suns,PHX,Phoenix,6,Dallas,Mavericks,DAL,Dallas,2.5,TRUE,FALSE,2.5,1,4:48,4,48,FALSE,FALSE,1,1,1,1,288,1008,2448,285,1005,2445,1,1,1,38.75,4,2026-02-10,2026-02-11T02:00:00Z,
67,40181062893,93,155,Defensive Rebound,Cooper Flagg defensive rebound,8,18,1,1st Quarter,4:45,FALSE,0,6,5041939,,,2026-02-11T02:23:22Z,FALSE,21,3,0,Rebound,2026,2,21,Phoenix,Suns,PHX,Phoenix,6,Dallas,Mavericks,DAL,Dallas,2.5,TRUE,FALSE,2.5,1,4:45,4,45,FALSE,FALSE,1,1,1,1,285,1005,2445,282,1002,2442,1,1,1,-38.75,-4,2026-02-10,2026-02-11T02:00:00Z,
68,40181062894,94,109,Running Layup Shot,Cooper Flagg makes running layup,10,18,1,1st Quarter,4:42,TRUE,2,6,5041939,,,2026-02-11T02:23:25Z,TRUE,26,2,2,+2 Points,2026,2,21,Phoenix,Suns,PHX,Phoenix,6,Dallas,Mavericks,DAL,Dallas,2.5,TRUE,FALSE,2.5,1,4:42,4,42,FALSE,FALSE,1,1,1,1,282,1002,2442,281,1001,2441,1,1,1,-39.75,1,2026-02-10,2026-02-11T02:00:00Z,
69,40181062895,95,16,Full Timeout,Suns Full timeout,10,18,1,1st Quarter,4:41,FALSE,0,21,,,,2026-02-11T02:23:29Z,FALSE,-214748340,-214748365,0,Timeout,2026,2,21,Phoenix,Suns,PHX,Phoenix,6,Dallas,Mavericks,DAL,Dallas,2.5,TRUE,FALSE,2.5,1,4:41,4,41,FALSE,FALSE,1,1,1,1,281,1001,2441,281,1001,2441,1,1,1,214748406.75,214748365,2026-02-10,2026-02-11T02:00:00Z,
70,40181062896,96,584,Substitution,Oso Ighodaro enters the game for Mark Williams,10,18,1,1st Quarter,4:41,FALSE,0,21,4601023,4701232,,2026-02-11T02:25:03Z,FALSE,-214748340,-214748365,0,Substitution,2026,2,21,Phoenix,Suns,PHX,Phoenix,6,Dallas,Mavericks,DAL,Dallas,2.5,TRUE,FALSE,2.5,1,4:41,4,41,FALSE,FALSE,1,1,1,1,281,1001,2441,281,1001,2441,1,1,1,214748406.75,214748365,2026-02-10,2026-02-11T02:00:00Z,
71,40181062897,97,584,Substitution,Khris Middleton enters the game for Max Christie,10,18,1,1st Quarter,4:41,FALSE,0,6,6609,4432582,,2026-02-11T02:25:03Z,FALSE,-214748340,-214748365,0,Substitution,2026,2,21,Phoenix,Suns,PHX,Phoenix,6,Dallas,Mavericks,DAL,Dallas,2.5,TRUE,FALSE,2.5,1,4:41,4,41,FALSE,FALSE,1,1,1,1,281,1001,2441,267,987,2427,1,1,1,-214748406.75,-214748365,2026-02-10,2026-02-11T02:00:00Z,
72,401810628100,100,131,Pullup Jump Shot,Devin Booker misses 26-foot three point pullup jump shot,10,18,1,1st Quarter,4:27,FALSE,0,21,3136193,,,2026-02-11T02:26:34Z,TRUE,16,26,3,Missed 3PT,2026,2,21,Phoenix,Suns,PHX,Phoenix,6,Dallas,Mavericks,DAL,Dallas,2.5,TRUE,FALSE,2.5,1,4:27,4,27,FALSE,FALSE,1,1,1,1,267,987,2427,264,984,2424,1,1,1,15.75,9,2026-02-10,2026-02-11T02:00:00Z,
73,401810628101,101,155,Defensive Rebound,Cooper Flagg defensive rebound,10,18,1,1st Quarter,4:24,FALSE,0,6,5041939,,,2026-02-11T02:26:37Z,FALSE,16,26,0,Rebound,2026,2,21,Phoenix,Suns,PHX,Phoenix,6,Dallas,Mavericks,DAL,Dallas,2.5,TRUE,FALSE,2.5,1,4:24,4,24,FALSE,FALSE,1,1,1,1,264,984,2424,255,975,2415,1,1,1,-15.75,-9,2026-02-10,2026-02-11T02:00:00Z,
74,401810628102,102,110,Driving Layup Shot,Oso Ighodaro blocks Brandon Williams 's 6-foot driving layup,10,18,1,1st Quarter,4:15,FALSE,0,6,4397040,4601023,,2026-02-11T02:26:47Z,TRUE,29,6,2,Missed FG,2026,2,21,Phoenix,Suns,PHX,Phoenix,6,Dallas,Mavericks,DAL,Dallas,2.5,TRUE,FALSE,2.5,1,4:15,4,15,FALSE,FALSE,1,1,1,1,255,975,2415,252,972,2412,1,1,1,-35.75,4,2026-02-10,2026-02-11T02:00:00Z,
75,401810628104,104,155,Defensive Rebound,Oso Ighodaro defensive rebound,10,18,1,1st Quarter,4:12,FALSE,0,21,4601023,,,2026-02-11T02:26:50Z,FALSE,29,6,0,Rebound,2026,2,21,Phoenix,Suns,PHX,Phoenix,6,Dallas,Mavericks,DAL,Dallas,2.5,TRUE,FALSE,2.5,1,4:12,4,12,FALSE,FALSE,1,1,1,1,252,972,2412,247,967,2407,1,1,1,35.75,-4,2026-02-10,2026-02-11T02:00:00Z,
76,401810628105,105,109,Running Layup Shot,Jalen Green makes running layup (Devin Booker assists),10,20,1,1st Quarter,4:07,TRUE,2,21,4437244,3136193,,2026-02-11T02:26:54Z,TRUE,27,1,2,+2 Points,2026,2,21,Phoenix,Suns,PHX,Phoenix,6,Dallas,Mavericks,DAL,Dallas,2.5,TRUE,FALSE,2.5,1,4:07,4,7,FALSE,FALSE,1,1,1,1,247,967,2407,243,963,2403,1,1,1,40.75,-2,2026-02-10,2026-02-11T02:00:00Z,
77,401810628107,107,110,Driving Layup Shot,Naji Marshall makes driving layup (Khris Middleton assists),12,20,1,1st Quarter,4:03,TRUE,2,6,4278594,6609,,2026-02-11T02:27:01Z,TRUE,24,2,2,+2 Points,2026,2,21,Phoenix,Suns,PHX,Phoenix,6,Dallas,Mavericks,DAL,Dallas,2.5,TRUE,FALSE,2.5,1,4:03,4,3,FALSE,FALSE,1,1,1,1,243,963,2403,243,963,2403,1,1,1,-39.75,-1,2026-02-10,2026-02-11T02:00:00Z,
78,401810628109,109,44,Shooting Foul,Oso Ighodaro shooting foul,12,20,1,1st Quarter,4:03,FALSE,0,21,4601023,,,2026-02-11T02:27:05Z,FALSE,24,1,0,Foul,2026,2,21,Phoenix,Suns,PHX,Phoenix,6,Dallas,Mavericks,DAL,Dallas,2.5,TRUE,FALSE,2.5,1,4:03,4,3,FALSE,FALSE,1,1,1,1,243,963,2403,243,963,2403,1,1,1,40.75,1,2026-02-10,2026-02-11T02:00:00Z,
79,401810628111,111,584,Substitution,Caleb Martin enters the game for Cooper Flagg,12,20,1,1st Quarter,4:03,FALSE,0,6,3138160,5041939,,2026-02-11T02:27:16Z,FALSE,-214748340,-214748365,0,Substitution,2026,2,21,Phoenix,Suns,PHX,Phoenix,6,Dallas,Mavericks,DAL,Dallas,2.5,TRUE,FALSE,2.5,1,4:03,4,3,FALSE,FALSE,1,1,1,1,243,963,2403,243,963,2403,1,1,1,-214748406.75,-214748365,2026-02-10,2026-02-11T02:00:00Z,
80,401810628113,113,97,Free Throw - 1 of 1,Naji Marshall makes free throw 1 of 1,13,20,1,1st Quarter,4:03,TRUE,1,6,4278594,,,2026-02-11T02:27:35Z,TRUE,25,13.75,1,+1 Point,2026,2,21,Phoenix,Suns,PHX,Phoenix,6,Dallas,Mavericks,DAL,Dallas,2.5,TRUE,FALSE,2.5,1,4:03,4,3,FALSE,FALSE,1,1,1,1,243,963,2403,229,949,2389,1,1,1,-28,0,2026-02-10,2026-02-11T02:00:00Z,
81,401810628114,114,92,Jump Shot,Dillon Brooks makes 25-foot three point jumper (Devin Booker assists),13,23,1,1st Quarter,3:49,TRUE,3,21,3155526,3136193,,2026-02-11T02:27:50Z,TRUE,6,18,3,+3 Points,2026,2,21,Phoenix,Suns,PHX,Phoenix,6,Dallas,Mavericks,DAL,Dallas,2.5,TRUE,FALSE,2.5,1,3:49,3,49,FALSE,FALSE,1,1,1,1,229,949,2389,215,935,2375,1,1,1,23.75,19,2026-02-10,2026-02-11T02:00:00Z,
82,401810628116,116,92,Jump Shot,Naji Marshall misses 23-foot three point jumper,13,23,1,1st Quarter,3:35,FALSE,0,6,4278594,,,2026-02-11T02:28:05Z,TRUE,1,1,3,Missed 3PT,2026,2,21,Phoenix,Suns,PHX,Phoenix,6,Dallas,Mavericks,DAL,Dallas,2.5,TRUE,FALSE,2.5,1,3:35,3,35,FALSE,FALSE,1,1,1,1,215,935,2375,210,930,2370,1,1,1,-40.75,-24,2026-02-10,2026-02-11T02:00:00Z,
83,401810628117,117,155,Defensive Rebound,Dillon Brooks defensive rebound,13,23,1,1st Quarter,3:30,FALSE,0,21,3155526,,,2026-02-11T02:28:10Z,FALSE,1,1,0,Rebound,2026,2,21,Phoenix,Suns,PHX,Phoenix,6,Dallas,Mavericks,DAL,Dallas,2.5,TRUE,FALSE,2.5,1,3:30,3,30,FALSE,FALSE,1,1,1,1,210,930,2370,203,923,2363,1,1,1,40.75,24,2026-02-10,2026-02-11T02:00:00Z,
84,401810628118,118,92,Jump Shot,Jalen Green misses 25-foot three point jumper,13,23,1,1st Quarter,3:23,FALSE,0,21,4437244,,,2026-02-11T02:28:16Z,TRUE,5,16,3,Missed 3PT,2026,2,21,Phoenix,Suns,PHX,Phoenix,6,Dallas,Mavericks,DAL,Dallas,2.5,TRUE,FALSE,2.5,1,3:23,3,23,FALSE,FALSE,1,1,1,1,203,923,2363,201,921,2361,1,1,1,25.75,20,2026-02-10,2026-02-11T02:00:00Z,
85,401810628119,119,156,Offensive Rebound,Jordan Goodwin offensive rebound,13,23,1,1st Quarter,3:21,FALSE,0,21,4278402,,,2026-02-11T02:28:19Z,FALSE,5,16,0,Rebound,2026,2,21,Phoenix,Suns,PHX,Phoenix,6,Dallas,Mavericks,DAL,Dallas,2.5,TRUE,FALSE,2.5,1,3:21,3,21,FALSE,FALSE,1,1,1,1,201,921,2361,192,912,2352,1,1,1,25.75,20,2026-02-10,2026-02-11T02:00:00Z,
86,401810628120,120,137,Turnaround Fade Away Jump Shot,Dillon Brooks makes 12-foot two point shot,13,25,1,1st Quarter,3:12,TRUE,2,21,3155526,,,2026-02-11T02:28:28Z,TRUE,35,7,2,+2 Points,2026,2,21,Phoenix,Suns,PHX,Phoenix,6,Dallas,Mavericks,DAL,Dallas,2.5,TRUE,FALSE,2.5,1,3:12,3,12,FALSE,FALSE,1,1,1,1,192,912,2352,172,892,2332,1,1,1,34.75,-10,2026-02-10,2026-02-11T02:00:00Z,
87,401810628122,122,584,Substitution,Ryan Dunn enters the game for Devin Booker,13,25,1,1st Quarter,2:52,FALSE,0,21,4888725,3136193,,2026-02-11T02:28:51Z,FALSE,-214748340,-214748365,0,Substitution,2026,2,21,Phoenix,Suns,PHX,Phoenix,6,Dallas,Mavericks,DAL,Dallas,2.5,TRUE,FALSE,2.5,1,2:52,2,52,FALSE,FALSE,1,1,1,1,172,892,2332,172,892,2332,1,1,1,214748406.75,214748365,2026-02-10,2026-02-11T02:00:00Z,
88,401810628123,123,584,Substitution,Collin Gillespie enters the game for Dillon Brooks,13,25,1,1st Quarter,2:52,FALSE,0,21,4278585,3155526,,2026-02-11T02:28:51Z,FALSE,-214748340,-214748365,0,Substitution,2026,2,21,Phoenix,Suns,PHX,Phoenix,6,Dallas,Mavericks,DAL,Dallas,2.5,TRUE,FALSE,2.5,1,2:52,2,52,FALSE,FALSE,1,1,1,1,172,892,2332,166,886,2326,1,1,1,214748406.75,214748365,2026-02-10,2026-02-11T02:00:00Z,
89,401810628126,126,144,Driving Floating Jump Shot,Naji Marshall misses driving floating jump shot,13,25,1,1st Quarter,2:46,FALSE,0,6,4278594,,,2026-02-11T02:29:17Z,TRUE,28,12,2,Missed FG,2026,2,21,Phoenix,Suns,PHX,Phoenix,6,Dallas,Mavericks,DAL,Dallas,2.5,TRUE,FALSE,2.5,1,2:46,2,46,FALSE,FALSE,1,1,1,1,166,886,2326,163,883,2323,1,1,1,-29.75,3,2026-02-10,2026-02-11T02:00:00Z,
90,401810628127,127,155,Defensive Rebound,Ryan Dunn defensive rebound,13,25,1,1st Quarter,2:43,FALSE,0,21,4888725,,,2026-02-11T02:29:20Z,FALSE,28,12,0,Rebound,2026,2,21,Phoenix,Suns,PHX,Phoenix,6,Dallas,Mavericks,DAL,Dallas,2.5,TRUE,FALSE,2.5,1,2:43,2,43,FALSE,FALSE,1,1,1,1,163,883,2323,153,873,2313,1,1,1,29.75,-3,2026-02-10,2026-02-11T02:00:00Z,
91,401810628128,128,131,Pullup Jump Shot,Jalen Green makes 19-foot pullup jump shot,13,27,1,1st Quarter,2:33,TRUE,2,21,4437244,,,2026-02-11T02:29:30Z,TRUE,26,20,2,+2 Points,2026,2,21,Phoenix,Suns,PHX,Phoenix,6,Dallas,Mavericks,DAL,Dallas,2.5,TRUE,FALSE,2.5,1,2:33,2,33,FALSE,FALSE,1,1,1,1,153,873,2313,141,861,2301,1,1,1,21.75,-1,2026-02-10,2026-02-11T02:00:00Z,
92,401810628129,129,45,Personal Foul,Oso Ighodaro personal foul,13,27,1,1st Quarter,2:21,FALSE,0,21,4601023,,,2026-02-11T02:29:44Z,FALSE,45,26,0,Foul,2026,2,21,Phoenix,Suns,PHX,Phoenix,6,Dallas,Mavericks,DAL,Dallas,2.5,TRUE,FALSE,2.5,1,2:21,2,21,FALSE,FALSE,1,1,1,1,141,861,2301,141,861,2301,1,1,1,15.75,-20,2026-02-10,2026-02-11T02:00:00Z,
93,401810628131,131,98,Free Throw - 1 of 2,Naji Marshall makes free throw 1 of 2,14,27,1,1st Quarter,2:21,TRUE,1,6,4278594,,,2026-02-11T02:30:11Z,TRUE,25,13.75,1,+1 Point,2026,2,21,Phoenix,Suns,PHX,Phoenix,6,Dallas,Mavericks,DAL,Dallas,2.5,TRUE,FALSE,2.5,1,2:21,2,21,FALSE,FALSE,1,1,1,1,141,861,2301,141,861,2301,1,1,1,-28,0,2026-02-10,2026-02-11T02:00:00Z,
94,401810628132,132,584,Substitution,Daniel Gafford enters the game for Marvin Bagley III,14,27,1,1st Quarter,2:21,FALSE,0,6,4278049,4277848,,2026-02-11T02:30:12Z,FALSE,-214748340,-214748365,0,Substitution,2026,2,21,Phoenix,Suns,PHX,Phoenix,6,Dallas,Mavericks,DAL,Dallas,2.5,TRUE,FALSE,2.5,1,2:21,2,21,FALSE,FALSE,1,1,1,1,141,861,2301,141,861,2301,1,1,1,-214748406.75,-214748365,2026-02-10,2026-02-11T02:00:00Z,
95,401810628134,134,99,Free Throw - 2 of 2,Naji Marshall misses free throw 2 of 2,14,27,1,1st Quarter,2:21,FALSE,0,6,4278594,,,2026-02-11T02:30:11Z,TRUE,25,13.75,1,Missed FT,2026,2,21,Phoenix,Suns,PHX,Phoenix,6,Dallas,Mavericks,DAL,Dallas,2.5,TRUE,FALSE,2.5,1,2:21,2,21,FALSE,FALSE,1,1,1,1,141,861,2301,139,859,2299,1,1,1,-28,0,2026-02-10,2026-02-11T02:00:00Z,
96,401810628135,135,155,Defensive Rebound,Collin Gillespie defensive rebound,14,27,1,1st Quarter,2:19,FALSE,0,21,4278585,,,2026-02-11T02:30:13Z,FALSE,-214748340,-214748365,0,Rebound,2026,2,21,Phoenix,Suns,PHX,Phoenix,6,Dallas,Mavericks,DAL,Dallas,2.5,TRUE,FALSE,2.5,1,2:19,2,19,FALSE,FALSE,1,1,1,1,139,859,2299,130,850,2290,1,1,1,214748406.75,214748365,2026-02-10,2026-02-11T02:00:00Z,
97,401810628136,136,76,Kicked Ball Turnover,Jalen Green kicked ball turnover,14,27,1,1st Quarter,2:10,FALSE,0,21,4437244,,,2026-02-11T02:30:47Z,FALSE,41,30,0,Turnover,2026,2,21,Phoenix,Suns,PHX,Phoenix,6,Dallas,Mavericks,DAL,Dallas,2.5,TRUE,FALSE,2.5,1,2:10,2,10,FALSE,FALSE,1,1,1,1,130,850,2290,119,839,2279,1,1,1,11.75,-16,2026-02-10,2026-02-11T02:00:00Z,
98,401810628137,137,92,Jump Shot,Brandon Williams misses 25-foot three point jumper,14,27,1,1st Quarter,1:59,FALSE,0,6,4397040,,,2026-02-11T02:31:08Z,TRUE,10,21,3,Missed 3PT,2026,2,21,Phoenix,Suns,PHX,Phoenix,6,Dallas,Mavericks,DAL,Dallas,2.5,TRUE,FALSE,2.5,1,1:59,1,59,FALSE,FALSE,1,1,1,1,119,839,2279,115,835,2275,1,1,1,-20.75,-15,2026-02-10,2026-02-11T02:00:00Z,
99,401810628138,138,155,Defensive Rebound,Ryan Dunn defensive rebound,14,27,1,1st Quarter,1:55,FALSE,0,21,4888725,,,2026-02-11T02:31:12Z,FALSE,10,21,0,Rebound,2026,2,21,Phoenix,Suns,PHX,Phoenix,6,Dallas,Mavericks,DAL,Dallas,2.5,TRUE,FALSE,2.5,1,1:55,1,55,FALSE,FALSE,1,1,1,1,115,835,2275,104,824,2264,1,1,1,20.75,15,2026-02-10,2026-02-11T02:00:00Z,
100,401810628139,139,131,Pullup Jump Shot,Jalen Green makes 16-foot pullup jump shot (Oso Ighodaro assists),14,29,1,1st Quarter,1:44,TRUE,2,21,4437244,4601023,,2026-02-11T02:31:22Z,TRUE,26,16,2,+2 Points,2026,2,21,Phoenix,Suns,PHX,Phoenix,6,Dallas,Mavericks,DAL,Dallas,2.5,TRUE,FALSE,2.5,1,1:44,1,44,FALSE,FALSE,1,1,1,1,104,824,2264,94,814,2254,1,1,1,25.75,-1,2026-02-10,2026-02-11T02:00:00Z,
101,401810628141,141,144,Driving Floating Jump Shot,Brandon Williams misses driving floating jump shot,14,29,1,1st Quarter,1:34,FALSE,0,6,4397040,,,2026-02-11T02:31:33Z,TRUE,26,8,2,Missed FG,2026,2,21,Phoenix,Suns,PHX,Phoenix,6,Dallas,Mavericks,DAL,Dallas,2.5,TRUE,FALSE,2.5,1,1:34,1,34,FALSE,FALSE,1,1,1,1,94,814,2254,91,811,2251,1,1,1,-33.75,1,2026-02-10,2026-02-11T02:00:00Z,
102,401810628142,142,155,Defensive Rebound,Jordan Goodwin defensive rebound,14,29,1,1st Quarter,1:31,FALSE,0,21,4278402,,,2026-02-11T02:31:36Z,FALSE,26,8,0,Rebound,2026,2,21,Phoenix,Suns,PHX,Phoenix,6,Dallas,Mavericks,DAL,Dallas,2.5,TRUE,FALSE,2.5,1,1:31,1,31,FALSE,FALSE,1,1,1,1,91,811,2251,72,792,2232,1,1,1,33.75,-1,2026-02-10,2026-02-11T02:00:00Z,
103,401810628143,143,110,Driving Layup Shot,Daniel Gafford blocks Jalen Green 's 3-foot driving layup,14,29,1,1st Quarter,1:12,FALSE,0,21,4437244,4278049,,2026-02-11T02:31:55Z,TRUE,23,2,2,Missed FG,2026,2,21,Phoenix,Suns,PHX,Phoenix,6,Dallas,Mavericks,DAL,Dallas,2.5,TRUE,FALSE,2.5,1,1:12,1,12,FALSE,FALSE,1,1,1,1,72,792,2232,67,787,2227,1,1,1,39.75,2,2026-02-10,2026-02-11T02:00:00Z,
104,401810628145,145,156,Offensive Rebound,Oso Ighodaro offensive rebound,14,29,1,1st Quarter,1:07,FALSE,0,21,4601023,,,2026-02-11T02:32:00Z,FALSE,23,2,0,Rebound,2026,2,21,Phoenix,Suns,PHX,Phoenix,6,Dallas,Mavericks,DAL,Dallas,2.5,TRUE,FALSE,2.5,1,1:07,1,7,FALSE,FALSE,1,1,1,1,67,787,2227,67,787,2227,1,1,1,39.75,2,2026-02-10,2026-02-11T02:00:00Z,
105,401810628146,146,125,Layup Shot Putback,Oso Ighodaro makes two point shot,14,31,1,1st Quarter,1:07,TRUE,2,21,4601023,,,2026-02-11T02:31:59Z,TRUE,26,3,2,+2 Points,2026,2,21,Phoenix,Suns,PHX,Phoenix,6,Dallas,Mavericks,DAL,Dallas,2.5,TRUE,FALSE,2.5,1,1:07,1,7,FALSE,FALSE,1,1,1,1,67,787,2227,55.9,775.9,2215.8999,1,1,1,38.75,-1,2026-02-10,2026-02-11T02:00:00Z,
106,401810628147,147,92,Jump Shot,Brandon Williams misses 22-foot three point jumper,14,31,1,1st Quarter,0:55.9,FALSE,0,6,4397040,,,2026-02-11T02:32:11Z,TRUE,3,-1,3,Missed 3PT,2026,2,21,Phoenix,Suns,PHX,Phoenix,6,Dallas,Mavericks,DAL,Dallas,2.5,TRUE,FALSE,2.5,1,0:55.9,0,55.9,FALSE,FALSE,1,1,1,1,55.9,775.9,2215.8999,53.6,773.6,2213.6001,1,1,1,-42.75,-22,2026-02-10,2026-02-11T02:00:00Z,
107,401810628148,148,155,Defensive Rebound,Collin Gillespie defensive rebound,14,31,1,1st Quarter,0:53.6,FALSE,0,21,4278585,,,2026-02-11T02:32:13Z,FALSE,3,-1,0,Rebound,2026,2,21,Phoenix,Suns,PHX,Phoenix,6,Dallas,Mavericks,DAL,Dallas,2.5,TRUE,FALSE,2.5,1,0:53.6,0,53.6,FALSE,FALSE,1,1,1,1,53.6,773.6,2213.6001,39,759,2199,1,1,1,42.75,22,2026-02-10,2026-02-11T02:00:00Z,
108,401810628150,150,131,Pullup Jump Shot,Jalen Green makes 26-foot three pointer,14,34,1,1st Quarter,0:39.0,TRUE,3,21,4437244,,,2026-02-11T02:33:01Z,TRUE,41,21,3,+3 Points,2026,2,21,Phoenix,Suns,PHX,Phoenix,6,Dallas,Mavericks,DAL,Dallas,2.5,TRUE,FALSE,2.5,1,0:39.0,0,39,FALSE,FALSE,1,1,1,1,39,759,2199,30.6,750.6,2190.6001,1,1,1,20.75,-16,2026-02-10,2026-02-11T02:00:00Z,
109,401810628151,151,110,Driving Layup Shot,Brandon Williams makes driving layup,16,34,1,1st Quarter,0:30.6,TRUE,2,6,4397040,,,2026-02-11T02:33:17Z,TRUE,22,1,2,+2 Points,2026,2,21,Phoenix,Suns,PHX,Phoenix,6,Dallas,Mavericks,DAL,Dallas,2.5,TRUE,FALSE,2.5,1,0:30.6,0,30.6,FALSE,FALSE,1,1,1,1,30.6,750.6,2190.6001,15.4,735.4,2175.3999,1,1,1,-40.75,-3,2026-02-10,2026-02-11T02:00:00Z,
110,401810628152,152,151,Cutting Dunk Shot,Oso Ighodaro makes 2-foot dunk (Jalen Green assists),16,36,1,1st Quarter,0:15.4,TRUE,2,21,4601023,4437244,,2026-02-11T02:33:38Z,TRUE,24,3,2,+2 Points,2026,2,21,Phoenix,Suns,PHX,Phoenix,6,Dallas,Mavericks,DAL,Dallas,2.5,TRUE,FALSE,2.5,1,0:15.4,0,15.4,FALSE,FALSE,1,1,1,1,15.4,735.4,2175.3999,4.1,724.1,2164.1001,1,1,1,38.75,1,2026-02-10,2026-02-11T02:00:00Z,
111,401810628154,154,92,Jump Shot,Khris Middleton misses 25-foot three point jumper,16,36,1,1st Quarter,0:4.1,FALSE,0,6,6609,,,2026-02-11T02:33:53Z,TRUE,12,23,3,Missed 3PT,2026,2,21,Phoenix,Suns,PHX,Phoenix,6,Dallas,Mavericks,DAL,Dallas,2.5,TRUE,FALSE,2.5,1,0:4.1,0,4.1,FALSE,FALSE,1,1,1,1,4.1,724.1,2164.1001,0.8,720.8,2160.8,1,1,1,-18.75,-13,2026-02-10,2026-02-11T02:00:00Z,
112,401810628155,155,155,Defensive Rebound,Collin Gillespie defensive rebound,16,36,1,1st Quarter,0:0.8,FALSE,0,21,4278585,,,2026-02-11T02:33:56Z,FALSE,12,23,0,Rebound,2026,2,21,Phoenix,Suns,PHX,Phoenix,6,Dallas,Mavericks,DAL,Dallas,2.5,TRUE,FALSE,2.5,1,0:0.8,0,0.8,FALSE,FALSE,1,1,1,1,0.8,720.8,2160.8,0.3,720.3,2160.3,1,1,1,18.75,13,2026-02-10,2026-02-11T02:00:00Z,
113,401810628156,156,282,Heave Jump Shot,Collin Gillespie misses heave jump shot,16,36,1,1st Quarter,0:0.3,FALSE,0,21,4278585,,,2026-02-11T02:33:58Z,TRUE,27,66,3,Missed 3PT,2026,2,21,Phoenix,Suns,PHX,Phoenix,6,Dallas,Mavericks,DAL,Dallas,2.5,TRUE,FALSE,2.5,1,0:0.3,0,0.3,FALSE,FALSE,1,1,1,1,0.3,720.3,2160.3,0.3,720.3,2160.3,1,1,1,-24.25,-2,2026-02-10,2026-02-11T02:00:00Z,
114,401810628159,159,156,Offensive Rebound,Suns offensive team rebound,16,36,1,1st Quarter,0:0.3,FALSE,0,21,,,,2026-02-11T02:33:58Z,FALSE,23,18,0,Rebound,2026,2,21,Phoenix,Suns,PHX,Phoenix,6,Dallas,Mavericks,DAL,Dallas,2.5,TRUE,FALSE,2.5,1,0:0.3,0,0.3,FALSE,FALSE,1,1,1,1,0.3,720.3,2160.3,0,720,2160,1,1,1,23.75,2,2026-02-10,2026-02-11T02:00:00Z,
115,401810628158,158,412,End Period,End of the 1st Quarter,16,36,1,1st Quarter,0:0.0,FALSE,0,,,,,2026-02-11T02:34:03Z,FALSE,-214748340,-214748365,0,End of 1st,2026,2,21,Phoenix,Suns,PHX,Phoenix,6,Dallas,Mavericks,DAL,Dallas,2.5,TRUE,FALSE,2.5,1,0:0.0,0,0,FALSE,FALSE,1,1,2,1,0,720,2160,720,720,2160,1,1,1,-214748406.75,-214748365,2026-02-10,2026-02-11T02:00:00Z,
116,401810628161,161,584,Substitution,Tyus Jones enters the game for Brandon Williams,16,36,2,2nd Quarter,12:00,FALSE,0,6,3135046,4397040,,2026-02-11T02:36:13Z,FALSE,-214748340,-214748365,0,Substitution,2026,2,21,Phoenix,Suns,PHX,Phoenix,6,Dallas,Mavericks,DAL,Dallas,2.5,TRUE,FALSE,2.5,2,12:00,12,0,FALSE,FALSE,1,1,2,1,720,720,2160,720,720,2160,2,1,1,-214748406.75,-214748365,2026-02-10,2026-02-11T02:00:00Z,
117,401810628162,162,584,Substitution,P.J. Washington enters the game for Naji Marshall,16,36,2,2nd Quarter,12:00,FALSE,0,6,4278078,4278594,,2026-02-11T02:36:13Z,FALSE,-214748340,-214748365,0,Substitution,2026,2,21,Phoenix,Suns,PHX,Phoenix,6,Dallas,Mavericks,DAL,Dallas,2.5,TRUE,FALSE,2.5,2,12:00,12,0,FALSE,FALSE,1,1,2,1,720,720,2160,720,720,2160,2,2,1,-214748406.75,-214748365,2026-02-10,2026-02-11T02:00:00Z,
118,401810628179,179,584,Substitution,Amir Coffey enters the game for Jalen Green,16,36,2,2nd Quarter,12:00,FALSE,0,21,4066387,4437244,,2026-02-11T02:36:13Z,FALSE,-214748340,-214748365,0,Substitution,2026,2,21,Phoenix,Suns,PHX,Phoenix,6,Dallas,Mavericks,DAL,Dallas,2.5,TRUE,FALSE,2.5,2,12:00,12,0,FALSE,FALSE,1,1,2,1,720,720,2160,707,707,2147,2,2,1,214748406.75,214748365,2026-02-10,2026-02-11T02:00:00Z,
119,401810628167,167,44,Shooting Foul,Jordan Goodwin shooting foul,16,36,2,2nd Quarter,11:47,FALSE,0,21,4278402,,,2026-02-11T02:36:55Z,FALSE,31,11,0,Foul,2026,2,21,Phoenix,Suns,PHX,Phoenix,6,Dallas,Mavericks,DAL,Dallas,2.5,TRUE,FALSE,2.5,2,11:47,11,47,FALSE,FALSE,1,1,2,1,707,707,2147,707,707,2147,2,2,1,30.75,-6,2026-02-10,2026-02-11T02:00:00Z,
120,401810628169,169,98,Free Throw - 1 of 2,Khris Middleton makes free throw 1 of 2,17,36,2,2nd Quarter,11:47,TRUE,1,6,6609,,,2026-02-11T02:37:18Z,TRUE,25,13.75,1,+1 Point,2026,2,21,Phoenix,Suns,PHX,Phoenix,6,Dallas,Mavericks,DAL,Dallas,2.5,TRUE,FALSE,2.5,2,11:47,11,47,FALSE,FALSE,1,1,2,1,707,707,2147,707,707,2147,2,2,1,-28,0,2026-02-10,2026-02-11T02:00:00Z,
121,401810628170,170,99,Free Throw - 2 of 2,Khris Middleton makes free throw 2 of 2,18,36,2,2nd Quarter,11:47,TRUE,1,6,6609,,,2026-02-11T02:37:34Z,TRUE,25,13.75,1,+1 Point,2026,2,21,Phoenix,Suns,PHX,Phoenix,6,Dallas,Mavericks,DAL,Dallas,2.5,TRUE,FALSE,2.5,2,11:47,11,47,FALSE,FALSE,1,1,2,1,707,707,2147,689,689,2129,2,2,1,-28,0,2026-02-10,2026-02-11T02:00:00Z,
122,401810628171,171,92,Jump Shot,Jordan Goodwin makes 23-foot three point jumper,18,39,2,2nd Quarter,11:29,TRUE,3,21,4278402,,,2026-02-11T02:37:53Z,TRUE,2,4,3,+3 Points,2026,2,21,Phoenix,Suns,PHX,Phoenix,6,Dallas,Mavericks,DAL,Dallas,2.5,TRUE,FALSE,2.5,2,11:29,11,29,FALSE,FALSE,1,1,2,1,689,689,2129,679,679,2119,2,2,1,37.75,23,2026-02-10,2026-02-11T02:00:00Z,
123,401810628173,173,42,Offensive Foul,Khris Middleton offensive foul,18,39,2,2nd Quarter,11:19,FALSE,0,6,6609,,,2026-02-11T02:38:05Z,FALSE,34,8,0,Foul,2026,2,21,Phoenix,Suns,PHX,Phoenix,6,Dallas,Mavericks,DAL,Dallas,2.5,TRUE,FALSE,2.5,2,11:19,11,19,FALSE,FALSE,1,1,2,1,679,679,2119,679,679,2119,2,2,1,-33.75,9,2026-02-10,2026-02-11T02:00:00Z,
124,401810628175,175,84,Offensive Foul Turnover,Khris Middleton offensive foul turnover,18,39,2,2nd Quarter,11:19,FALSE,0,6,6609,,,2026-02-11T02:38:05Z,FALSE,34,8,0,Turnover,2026,2,21,Phoenix,Suns,PHX,Phoenix,6,Dallas,Mavericks,DAL,Dallas,2.5,TRUE,FALSE,2.5,2,11:19,11,19,FALSE,FALSE,1,1,2,1,679,679,2119,664,664,2104,2,2,1,-33.75,9,2026-02-10,2026-02-11T02:00:00Z,
125,401810628176,176,131,Pullup Jump Shot,Amir Coffey makes 13-foot pullup jump shot (Ryan Dunn assists),18,41,2,2nd Quarter,11:04,TRUE,2,21,4066387,4888725,,2026-02-11T02:38:42Z,TRUE,15,10,2,+2 Points,2026,2,21,Phoenix,Suns,PHX,Phoenix,6,Dallas,Mavericks,DAL,Dallas,2.5,TRUE,FALSE,2.5,2,11:04,11,4,FALSE,FALSE,1,1,2,1,664,664,2104,646,646,2086,2,2,1,31.75,10,2026-02-10,2026-02-11T02:00:00Z,
126,401810628180,180,131,Pullup Jump Shot,Khris Middleton misses 16-foot pullup jump shot,18,41,2,2nd Quarter,10:46,FALSE,0,6,6609,,,2026-02-11T02:39:14Z,TRUE,41,4,2,Missed FG,2026,2,21,Phoenix,Suns,PHX,Phoenix,6,Dallas,Mavericks,DAL,Dallas,2.5,TRUE,FALSE,2.5,2,10:46,10,46,FALSE,FALSE,1,1,2,1,646,646,2086,642,642,2082,2,2,1,-37.75,16,2026-02-10,2026-02-11T02:00:00Z,
127,401810628181,181,155,Defensive Rebound,Oso Ighodaro defensive rebound,18,41,2,2nd Quarter,10:42,FALSE,0,21,4601023,,,2026-02-11T02:39:18Z,FALSE,41,4,0,Rebound,2026,2,21,Phoenix,Suns,PHX,Phoenix,6,Dallas,Mavericks,DAL,Dallas,2.5,TRUE,FALSE,2.5,2,10:42,10,42,FALSE,FALSE,1,1,2,1,642,642,2082,631,631,2071,2,2,1,37.75,-16,2026-02-10,2026-02-11T02:00:00Z,
128,401810628182,182,110,Driving Layup Shot,Ryan Dunn makes driving layup (Collin Gillespie assists),18,43,2,2nd Quarter,10:31,TRUE,2,21,4888725,4278585,,2026-02-11T02:39:29Z,TRUE,23,2,2,+2 Points,2026,2,21,Phoenix,Suns,PHX,Phoenix,6,Dallas,Mavericks,DAL,Dallas,2.5,TRUE,FALSE,2.5,2,10:31,10,31,FALSE,FALSE,1,1,2,1,631,631,2071,615,615,2055,2,2,1,39.75,2,2026-02-10,2026-02-11T02:00:00Z,
129,401810628184,184,42,Offensive Foul,Daniel Gafford offensive foul,18,43,2,2nd Quarter,10:15,FALSE,0,6,4278049,,,2026-02-11T02:39:47Z,FALSE,15,30,0,Foul,2026,2,21,Phoenix,Suns,PHX,Phoenix,6,Dallas,Mavericks,DAL,Dallas,2.5,TRUE,FALSE,2.5,2,10:15,10,15,FALSE,FALSE,1,1,2,1,615,615,2055,615,615,2055,2,2,1,-11.75,-10,2026-02-10,2026-02-11T02:00:00Z,
130,401810628186,186,84,Offensive Foul Turnover,Daniel Gafford offensive foul turnover,18,43,2,2nd Quarter,10:15,FALSE,0,6,4278049,,,2026-02-11T02:39:47Z,FALSE,15,30,0,Turnover,2026,2,21,Phoenix,Suns,PHX,Phoenix,6,Dallas,Mavericks,DAL,Dallas,2.5,TRUE,FALSE,2.5,2,10:15,10,15,FALSE,FALSE,1,1,2,1,615,615,2055,603,603,2043,2,2,1,-11.75,-10,2026-02-10,2026-02-11T02:00:00Z,
131,401810628187,187,131,Pullup Jump Shot,Collin Gillespie makes 12-foot pullup jump shot (Oso Ighodaro assists),18,45,2,2nd Quarter,10:03,TRUE,2,21,4278585,4601023,,2026-02-11T02:40:09Z,TRUE,25,13,2,+2 Points,2026,2,21,Phoenix,Suns,PHX,Phoenix,6,Dallas,Mavericks,DAL,Dallas,2.5,TRUE,FALSE,2.5,2,10:03,10,3,FALSE,FALSE,1,1,2,1,603,603,2043,589,589,2029,2,2,1,28.75,-0,2026-02-10,2026-02-11T02:00:00Z,
132,401810628189,189,131,Pullup Jump Shot,Tyus Jones makes 20-foot pullup jump shot,20,45,2,2nd Quarter,9:49,TRUE,2,6,3135046,,,2026-02-11T02:40:22Z,TRUE,39,15,2,+2 Points,2026,2,21,Phoenix,Suns,PHX,Phoenix,6,Dallas,Mavericks,DAL,Dallas,2.5,TRUE,FALSE,2.5,2,9:49,9,49,FALSE,FALSE,1,1,2,1,589,589,2029,572,572,2012,2,2,1,-26.75,14,2026-02-10,2026-02-11T02:00:00Z,
133,401810628190,190,92,Jump Shot,Collin Gillespie misses 31-foot three point jumper,20,45,2,2nd Quarter,9:32,FALSE,0,21,4278585,,,2026-02-11T02:40:40Z,TRUE,8,26,3,Missed 3PT,2026,2,21,Phoenix,Suns,PHX,Phoenix,6,Dallas,Mavericks,DAL,Dallas,2.5,TRUE,FALSE,2.5,2,9:32,9,32,FALSE,FALSE,1,1,2,1,572,572,2012,566,566,2006,2,2,1,15.75,17,2026-02-10,2026-02-11T02:00:00Z,
134,401810628191,191,155,Defensive Rebound,Daniel Gafford defensive rebound,20,45,2,2nd Quarter,9:26,FALSE,0,6,4278049,,,2026-02-11T02:40:46Z,FALSE,8,26,0,Rebound,2026,2,21,Phoenix,Suns,PHX,Phoenix,6,Dallas,Mavericks,DAL,Dallas,2.5,TRUE,FALSE,2.5,2,9:26,9,26,FALSE,FALSE,1,1,2,1,566,566,2006,565,565,2005,2,2,1,-15.75,-17,2026-02-10,2026-02-11T02:00:00Z,
135,401810628192,192,62,"Bad Pass
Turnover","Daniel Gafford bad pass
turnover (Amir Coffey steals)",20,45,2,2nd Quarter,9:25,FALSE,0,6,4278049,4066387,,2026-02-11T02:40:47Z,FALSE,35,6,0,Turnover,2026,2,21,Phoenix,Suns,PHX,Phoenix,6,Dallas,Mavericks,DAL,Dallas,2.5,TRUE,FALSE,2.5,2,9:25,9,25,FALSE,FALSE,1,1,2,1,565,565,2005,562,562,2002,2,2,1,-35.75,10,2026-02-10,2026-02-11T02:00:00Z,
136,401810628194,194,131,Pullup Jump Shot,Jordan Goodwin misses 27-foot three point pullup jump shot,20,45,2,2nd Quarter,9:22,FALSE,0,21,4278402,,,2026-02-11T02:40:50Z,TRUE,45,18,3,Missed 3PT,2026,2,21,Phoenix,Suns,PHX,Phoenix,6,Dallas,Mavericks,DAL,Dallas,2.5,TRUE,FALSE,2.5,2,9:22,9,22,FALSE,FALSE,1,1,2,1,562,562,2002,561,561,2001,2,2,1,23.75,-20,2026-02-10,2026-02-11T02:00:00Z,
137,401810628195,195,156,Offensive Rebound,Ryan Dunn offensive rebound,20,45,2,2nd Quarter,9:21,FALSE,0,21,4888725,,,2026-02-11T02:40:52Z,FALSE,45,18,0,Rebound,2026,2,21,Phoenix,Suns,PHX,Phoenix,6,Dallas,Mavericks,DAL,Dallas,2.5,TRUE,FALSE,2.5,2,9:21,9,21,FALSE,FALSE,1,1,2,1,561,561,2001,553,553,1993,2,2,1,23.75,-20,2026-02-10,2026-02-11T02:00:00Z,
138,401810628196,196,151,Cutting Dunk Shot,Ryan Dunn makes 2-foot dunk (Oso Ighodaro assists),20,47,2,2nd Quarter,9:13,TRUE,2,21,4888725,4601023,,2026-02-11T02:41:00Z,TRUE,23,0,2,+2 Points,2026,2,21,Phoenix,Suns,PHX,Phoenix,6,Dallas,Mavericks,DAL,Dallas,2.5,TRUE,FALSE,2.5,2,9:13,9,13,FALSE,FALSE,1,1,2,1,553,553,1993,552,552,1992,2,2,1,41.75,2,2026-02-10,2026-02-11T02:00:00Z,
139,401810628198,198,16,Full Timeout,Mavericks Full timeout,20,47,2,2nd Quarter,9:12,FALSE,0,6,,,,2026-02-11T02:41:06Z,FALSE,-214748340,-214748365,0,Timeout,2026,2,21,Phoenix,Suns,PHX,Phoenix,6,Dallas,Mavericks,DAL,Dallas,2.5,TRUE,FALSE,2.5,2,9:12,9,12,FALSE,FALSE,1,1,2,1,552,552,1992,552,552,1992,2,2,1,-214748406.75,-214748365,2026-02-10,2026-02-11T02:00:00Z,
140,401810628199,199,584,Substitution,Cooper Flagg enters the game for Caleb Martin,20,47,2,2nd Quarter,9:12,FALSE,0,6,5041939,3138160,,2026-02-11T02:42:47Z,FALSE,-214748340,-214748365,0,Substitution,2026,2,21,Phoenix,Suns,PHX,Phoenix,6,Dallas,Mavericks,DAL,Dallas,2.5,TRUE,FALSE,2.5,2,9:12,9,12,FALSE,FALSE,1,1,2,1,552,552,1992,552,552,1992,2,2,1,-214748406.75,-214748365,2026-02-10,2026-02-11T02:00:00Z,
141,401810628200,200,584,Substitution,Naji Marshall enters the game for Khris Middleton,20,47,2,2nd Quarter,9:12,FALSE,0,6,4278594,6609,,2026-02-11T02:42:47Z,FALSE,-214748340,-214748365,0,Substitution,2026,2,21,Phoenix,Suns,PHX,Phoenix,6,Dallas,Mavericks,DAL,Dallas,2.5,TRUE,FALSE,2.5,2,9:12,9,12,FALSE,FALSE,1,1,2,1,552,552,1992,536,536,1976,2,2,1,-214748406.75,-214748365,2026-02-10,2026-02-11T02:00:00Z,
142,401810628203,203,63,Lost Ball Turnover,Naji Marshall lost ball turnover (Jordan Goodwin steals),20,47,2,2nd Quarter,8:56,FALSE,0,6,4278594,4278402,,2026-02-11T02:44:10Z,FALSE,29,20,0,Turnover,2026,2,21,Phoenix,Suns,PHX,Phoenix,6,Dallas,Mavericks,DAL,Dallas,2.5,TRUE,FALSE,2.5,2,8:56,8,56,FALSE,FALSE,1,1,2,1,536,536,1976,525,525,1965,2,2,1,-21.75,4,2026-02-10,2026-02-11T02:00:00Z,
143,401810628205,205,86,Out of Bounds - Step Turnover,Collin Gillespie steps out of bounds turnover,20,47,2,2nd Quarter,8:45,FALSE,0,21,4278585,,,2026-02-11T02:44:25Z,FALSE,2,19,0,Turnover,2026,2,21,Phoenix,Suns,PHX,Phoenix,6,Dallas,Mavericks,DAL,Dallas,2.5,TRUE,FALSE,2.5,2,8:45,8,45,FALSE,FALSE,1,1,2,1,525,525,1965,525,525,1965,2,2,1,22.75,23,2026-02-10,2026-02-11T02:00:00Z,
144,401810628206,206,584,Substitution,Marvin Bagley III enters the game for Tyus Jones,20,47,2,2nd Quarter,8:45,FALSE,0,6,4277848,3135046,,2026-02-11T02:44:28Z,FALSE,-214748340,-214748365,0,Substitution,2026,2,21,Phoenix,Suns,PHX,Phoenix,6,Dallas,Mavericks,DAL,Dallas,2.5,TRUE,FALSE,2.5,2,8:45,8,45,FALSE,FALSE,1,1,2,1,525,525,1965,525,525,1965,2,2,1,-214748406.75,-214748365,2026-02-10,2026-02-11T02:00:00Z,
145,401810628207,207,584,Substitution,Brandon Williams enters the game for Daniel Gafford,20,47,2,2nd Quarter,8:45,FALSE,0,6,4397040,4278049,,2026-02-11T02:44:28Z,FALSE,-214748340,-214748365,0,Substitution,2026,2,21,Phoenix,Suns,PHX,Phoenix,6,Dallas,Mavericks,DAL,Dallas,2.5,TRUE,FALSE,2.5,2,8:45,8,45,FALSE,FALSE,1,1,2,1,525,525,1965,518,518,1958,2,2,1,-214748406.75,-214748365,2026-02-10,2026-02-11T02:00:00Z,
146,401810628210,210,144,Driving Floating Jump Shot,P.J. Washington makes 10-foot driving floating jump shot,22,47,2,2nd Quarter,8:38,TRUE,2,6,4278078,,,2026-02-11T02:44:48Z,TRUE,26,10,2,+2 Points,2026,2,21,Phoenix,Suns,PHX,Phoenix,6,Dallas,Mavericks,DAL,Dallas,2.5,TRUE,FALSE,2.5,2,8:38,8,38,FALSE,FALSE,1,1,2,1,518,518,1958,518,518,1958,2,2,1,-31.75,1,2026-02-10,2026-02-11T02:00:00Z,
147,401810628211,211,44,Shooting Foul,Amir Coffey shooting foul,22,47,2,2nd Quarter,8:38,FALSE,0,21,4066387,,,2026-02-11T02:44:53Z,FALSE,26,8,0,Foul,2026,2,21,Phoenix,Suns,PHX,Phoenix,6,Dallas,Mavericks,DAL,Dallas,2.5,TRUE,FALSE,2.5,2,8:38,8,38,FALSE,FALSE,1,1,2,1,518,518,1958,518,518,1958,2,2,1,33.75,-1,2026-02-10,2026-02-11T02:00:00Z,
148,401810628213,213,97,Free Throw - 1 of 1,P.J. Washington makes free throw 1 of 1,23,47,2,2nd Quarter,8:38,TRUE,1,6,4278078,,,2026-02-11T02:45:15Z,TRUE,25,13.75,1,+1 Point,2026,2,21,Phoenix,Suns,PHX,Phoenix,6,Dallas,Mavericks,DAL,Dallas,2.5,TRUE,FALSE,2.5,2,8:38,8,38,FALSE,FALSE,1,1,2,1,518,518,1958,506,506,1946,2,2,1,-28,0,2026-02-10,2026-02-11T02:00:00Z,
149,401810628214,214,92,Jump Shot,Collin Gillespie makes 31-foot three point jumper (Jordan Goodwin assists),23,50,2,2nd Quarter,8:26,TRUE,3,21,4278585,4278402,,2026-02-11T02:45:28Z,TRUE,21,31,3,+3 Points,2026,2,21,Phoenix,Suns,PHX,Phoenix,6,Dallas,Mavericks,DAL,Dallas,2.5,TRUE,FALSE,2.5,2,8:26,8,26,FALSE,FALSE,1,1,2,1,506,506,1946,482,482,1922,2,2,1,10.75,4,2026-02-10,2026-02-11T02:00:00Z,
150,401810628216,216,63,Lost Ball Turnover,P.J. Washington lost ball turnover (Jordan Goodwin steals),23,50,2,2nd Quarter,8:02,FALSE,0,6,4278078,4278402,,2026-02-11T02:45:51Z,FALSE,34,11,0,Turnover,2026,2,21,Phoenix,Suns,PHX,Phoenix,6,Dallas,Mavericks,DAL,Dallas,2.5,TRUE,FALSE,2.5,2,8:02,8,2,FALSE,FALSE,1,1,2,1,482,482,1922,477,477,1917,2,2,1,-30.75,9,2026-02-10,2026-02-11T02:00:00Z,
151,401810628218,218,113,Running Jump Shot,Ryan Dunn misses 23-foot running jump shot,23,50,2,2nd Quarter,7:57,FALSE,0,21,4888725,,,2026-02-11T02:45:56Z,TRUE,2,4,3,Missed 3PT,2026,2,21,Phoenix,Suns,PHX,Phoenix,6,Dallas,Mavericks,DAL,Dallas,2.5,TRUE,FALSE,2.5,2,7:57,7,57,FALSE,FALSE,1,1,2,1,477,477,1917,474,474,1914,2,2,1,37.75,23,2026-02-10,2026-02-11T02:00:00Z,
152,401810628219,219,156,Offensive Rebound,Oso Ighodaro offensive rebound,23,50,2,2nd Quarter,7:54,FALSE,0,21,4601023,,,2026-02-11T02:45:59Z,FALSE,2,4,0,Rebound,2026,2,21,Phoenix,Suns,PHX,Phoenix,6,Dallas,Mavericks,DAL,Dallas,2.5,TRUE,FALSE,2.5,2,7:54,7,54,FALSE,FALSE,1,1,2,1,474,474,1914,470,470,1910,2,2,1,37.75,23,2026-02-10,2026-02-11T02:00:00Z,
153,401810628220,220,92,Jump Shot,Jordan Goodwin misses 23-foot three point jumper,23,50,2,2nd Quarter,7:50,FALSE,0,21,4278402,,,2026-02-11T02:46:03Z,TRUE,2,3,3,Missed 3PT,2026,2,21,Phoenix,Suns,PHX,Phoenix,6,Dallas,Mavericks,DAL,Dallas,2.5,TRUE,FALSE,2.5,2,7:50,7,50,FALSE,FALSE,1,1,2,1,470,470,1910,465,465,1905,2,2,1,38.75,23,2026-02-10,2026-02-11T02:00:00Z,
154,401810628221,221,156,Offensive Rebound,Oso Ighodaro offensive rebound,23,50,2,2nd Quarter,7:45,FALSE,0,21,4601023,,,2026-02-11T02:46:08Z,FALSE,2,3,0,Rebound,2026,2,21,Phoenix,Suns,PHX,Phoenix,6,Dallas,Mavericks,DAL,Dallas,2.5,TRUE,FALSE,2.5,2,7:45,7,45,FALSE,FALSE,1,1,2,1,465,465,1905,458,458,1898,2,2,1,38.75,23,2026-02-10,2026-02-11T02:00:00Z,
155,401810628222,222,131,Pullup Jump Shot,Jordan Goodwin misses 26-foot three point pullup jump shot,23,50,2,2nd Quarter,7:38,FALSE,0,21,4278402,,,2026-02-11T02:46:16Z,TRUE,19,26,3,Missed 3PT,2026,2,21,Phoenix,Suns,PHX,Phoenix,6,Dallas,Mavericks,DAL,Dallas,2.5,TRUE,FALSE,2.5,2,7:38,7,38,FALSE,FALSE,1,1,2,1,458,458,1898,454,454,1894,2,2,1,15.75,6,2026-02-10,2026-02-11T02:00:00Z,
156,401810628223,223,155,Defensive Rebound,P.J. Washington defensive rebound,23,50,2,2nd Quarter,7:34,FALSE,0,6,4278078,,,2026-02-11T02:46:20Z,FALSE,19,26,0,Rebound,2026,2,21,Phoenix,Suns,PHX,Phoenix,6,Dallas,Mavericks,DAL,Dallas,2.5,TRUE,FALSE,2.5,2,7:34,7,34,FALSE,FALSE,1,1,2,1,454,454,1894,448,448,1888,2,2,1,-15.75,-6,2026-02-10,2026-02-11T02:00:00Z,
157,401810628224,224,144,Driving Floating Jump Shot,Cooper Flagg misses driving floating jump shot,23,50,2,2nd Quarter,7:28,FALSE,0,6,5041939,,,2026-02-11T02:46:25Z,TRUE,27,5,2,Missed FG,2026,2,21,Phoenix,Suns,PHX,Phoenix,6,Dallas,Mavericks,DAL,Dallas,2.5,TRUE,FALSE,2.5,2,7:28,7,28,FALSE,FALSE,1,1,2,1,448,448,1888,446,446,1886,2,2,1,-36.75,2,2026-02-10,2026-02-11T02:00:00Z,
158,401810628225,225,155,Defensive Rebound,Collin Gillespie defensive rebound,23,50,2,2nd Quarter,7:26,FALSE,0,21,4278585,,,2026-02-11T02:46:27Z,FALSE,27,5,0,Rebound,2026,2,21,Phoenix,Suns,PHX,Phoenix,6,Dallas,Mavericks,DAL,Dallas,2.5,TRUE,FALSE,2.5,2,7:26,7,26,FALSE,FALSE,1,1,2,1,446,446,1886,443,443,1883,2,2,1,36.75,-2,2026-02-10,2026-02-11T02:00:00Z,
159,401810628226,226,113,Running Jump Shot,Amir Coffey makes 23-foot running jump shot (Collin Gillespie assists),23,53,2,2nd Quarter,7:23,TRUE,3,21,4066387,4278585,,2026-02-11T02:46:31Z,TRUE,48,5,3,+3 Points,2026,2,21,Phoenix,Suns,PHX,Phoenix,6,Dallas,Mavericks,DAL,Dallas,2.5,TRUE,FALSE,2.5,2,7:23,7,23,FALSE,FALSE,1,1,2,1,443,443,1883,425,425,1865,2,2,1,36.75,-23,2026-02-10,2026-02-11T02:00:00Z,
160,401810628228,228,92,Jump Shot,P.J. Washington makes 23-foot three point jumper (Naji Marshall assists),26,53,2,2nd Quarter,7:05,TRUE,3,6,4278078,4278594,,2026-02-11T02:46:48Z,TRUE,2,-1,3,+3 Points,2026,2,21,Phoenix,Suns,PHX,Phoenix,6,Dallas,Mavericks,DAL,Dallas,2.5,TRUE,FALSE,2.5,2,7:05,7,5,FALSE,FALSE,1,1,2,1,425,425,1865,407,407,1847,2,2,1,-42.75,-23,2026-02-10,2026-02-11T02:00:00Z,
161,401810628230,230,92,Jump Shot,Amir Coffey misses 23-foot three point jumper,26,53,2,2nd Quarter,6:47,FALSE,0,21,4066387,,,2026-02-11T02:47:06Z,TRUE,2,4,3,Missed 3PT,2026,2,21,Phoenix,Suns,PHX,Phoenix,6,Dallas,Mavericks,DAL,Dallas,2.5,TRUE,FALSE,2.5,2,6:47,6,47,FALSE,FALSE,1,1,2,1,407,407,1847,404,404,1844,2,2,1,37.75,23,2026-02-10,2026-02-11T02:00:00Z,
162,401810628231,231,155,Defensive Rebound,Brandon Williams defensive rebound,26,53,2,2nd Quarter,6:44,FALSE,0,6,4397040,,,2026-02-11T02:47:09Z,FALSE,2,4,0,Rebound,2026,2,21,Phoenix,Suns,PHX,Phoenix,6,Dallas,Mavericks,DAL,Dallas,2.5,TRUE,FALSE,2.5,2,6:44,6,44,FALSE,FALSE,1,1,2,1,404,404,1844,398,398,1838,2,2,1,-37.75,-23,2026-02-10,2026-02-11T02:00:00Z,
163,401810628232,232,110,Driving Layup Shot,Oso Ighodaro blocks Brandon Williams 's 4-foot driving layup,26,53,2,2nd Quarter,6:38,FALSE,0,6,4397040,4601023,,2026-02-11T02:47:15Z,TRUE,29,3,2,Missed FG,2026,2,21,Phoenix,Suns,PHX,Phoenix,6,Dallas,Mavericks,DAL,Dallas,2.5,TRUE,FALSE,2.5,2,6:38,6,38,FALSE,FALSE,1,1,2,1,398,398,1838,396,396,1836,2,2,1,-38.75,4,2026-02-10,2026-02-11T02:00:00Z,
164,401810628234,234,155,Defensive Rebound,Amir Coffey defensive rebound,26,53,2,2nd Quarter,6:36,FALSE,0,21,4066387,,,2026-02-11T02:47:17Z,FALSE,29,3,0,Rebound,2026,2,21,Phoenix,Suns,PHX,Phoenix,6,Dallas,Mavericks,DAL,Dallas,2.5,TRUE,FALSE,2.5,2,6:36,6,36,FALSE,FALSE,1,1,2,1,396,396,1836,385,385,1825,2,2,1,38.75,-4,2026-02-10,2026-02-11T02:00:00Z,
165,401810628235,235,131,Pullup Jump Shot,Collin Gillespie misses 27-foot three point pullup jump shot,26,53,2,2nd Quarter,6:25,FALSE,0,21,4278585,,,2026-02-11T02:47:28Z,TRUE,7,20,3,Missed 3PT,2026,2,21,Phoenix,Suns,PHX,Phoenix,6,Dallas,Mavericks,DAL,Dallas,2.5,TRUE,FALSE,2.5,2,6:25,6,25,FALSE,FALSE,1,1,2,1,385,385,1825,385,385,1825,2,2,1,21.75,18,2026-02-10,2026-02-11T02:00:00Z,
166,401810628236,236,155,Defensive Rebound,Marvin Bagley III defensive rebound,26,53,2,2nd Quarter,6:25,FALSE,0,6,4277848,,,2026-02-11T02:47:28Z,FALSE,7,20,0,Rebound,2026,2,21,Phoenix,Suns,PHX,Phoenix,6,Dallas,Mavericks,DAL,Dallas,2.5,TRUE,FALSE,2.5,2,6:25,6,25,FALSE,FALSE,1,1,2,1,385,385,1825,372,372,1812,2,2,1,-21.75,-18,2026-02-10,2026-02-11T02:00:00Z,
167,401810628237,237,141,Cutting Layup Shot,Brandon Williams makes 1-foot layup (Cooper Flagg assists),28,53,2,2nd Quarter,6:12,TRUE,2,6,4397040,5041939,,2026-02-11T02:47:41Z,TRUE,24,2,2,+2 Points,2026,2,21,Phoenix,Suns,PHX,Phoenix,6,Dallas,Mavericks,DAL,Dallas,2.5,TRUE,FALSE,2.5,2,6:12,6,12,FALSE,FALSE,1,1,2,1,372,372,1812,371,371,1811,2,2,1,-39.75,-1,2026-02-10,2026-02-11T02:00:00Z,
168,401810628239,239,16,Full Timeout,Suns Full timeout,28,53,2,2nd Quarter,6:11,FALSE,0,21,,,,2026-02-11T02:47:46Z,FALSE,-214748340,-214748365,0,Timeout,2026,2,21,Phoenix,Suns,PHX,Phoenix,6,Dallas,Mavericks,DAL,Dallas,2.5,TRUE,FALSE,2.5,2,6:11,6,11,FALSE,FALSE,1,1,2,1,371,371,1811,371,371,1811,2,2,1,214748406.75,214748365,2026-02-10,2026-02-11T02:00:00Z,
169,401810628240,240,584,Substitution,Royce O'Neale enters the game for Ryan Dunn,28,53,2,2nd Quarter,6:11,FALSE,0,21,2583632,4888725,,2026-02-11T02:47:49Z,FALSE,-214748340,-214748365,0,Substitution,2026,2,21,Phoenix,Suns,PHX,Phoenix,6,Dallas,Mavericks,DAL,Dallas,2.5,TRUE,FALSE,2.5,2,6:11,6,11,FALSE,FALSE,1,1,2,1,371,371,1811,371,371,1811,2,2,1,214748406.75,214748365,2026-02-10,2026-02-11T02:00:00Z,
170,401810628241,241,584,Substitution,Dillon Brooks enters the game for Collin Gillespie,28,53,2,2nd Quarter,6:11,FALSE,0,21,3155526,4278585,,2026-02-11T02:47:49Z,FALSE,-214748340,-214748365,0,Substitution,2026,2,21,Phoenix,Suns,PHX,Phoenix,6,Dallas,Mavericks,DAL,Dallas,2.5,TRUE,FALSE,2.5,2,6:11,6,11,FALSE,FALSE,1,1,2,1,371,371,1811,371,371,1811,2,2,1,214748406.75,214748365,2026-02-10,2026-02-11T02:00:00Z,
171,401810628242,242,584,Substitution,Devin Booker enters the game for Jordan Goodwin,28,53,2,2nd Quarter,6:11,FALSE,0,21,3136193,4278402,,2026-02-11T02:47:49Z,FALSE,-214748340,-214748365,0,Substitution,2026,2,21,Phoenix,Suns,PHX,Phoenix,6,Dallas,Mavericks,DAL,Dallas,2.5,TRUE,FALSE,2.5,2,6:11,6,11,FALSE,FALSE,1,1,2,1,371,371,1811,371,371,1811,2,2,1,214748406.75,214748365,2026-02-10,2026-02-11T02:00:00Z,
172,401810628243,243,584,Substitution,Max Christie enters the game for P.J. Washington,28,53,2,2nd Quarter,6:11,FALSE,0,6,4432582,4278078,,2026-02-11T02:47:49Z,FALSE,-214748340,-214748365,0,Substitution,2026,2,21,Phoenix,Suns,PHX,Phoenix,6,Dallas,Mavericks,DAL,Dallas,2.5,TRUE,FALSE,2.5,2,6:11,6,11,FALSE,FALSE,1,1,2,1,371,371,1811,359,359,1799,2,2,1,-214748406.75,-214748365,2026-02-10,2026-02-11T02:00:00Z,
173,401810628248,248,92,Jump Shot,Dillon Brooks misses 26-foot three point jumper,28,53,2,2nd Quarter,5:59,FALSE,0,21,3155526,,,2026-02-11T02:50:48Z,TRUE,14,24,3,Missed 3PT,2026,2,21,Phoenix,Suns,PHX,Phoenix,6,Dallas,Mavericks,DAL,Dallas,2.5,TRUE,FALSE,2.5,2,5:59,5,59,FALSE,FALSE,1,1,2,1,359,359,1799,356,356,1796,2,2,1,17.75,11,2026-02-10,2026-02-11T02:00:00Z,
174,401810628249,249,156,Offensive Rebound,Amir Coffey offensive rebound,28,53,2,2nd Quarter,5:56,FALSE,0,21,4066387,,,2026-02-11T02:50:51Z,FALSE,14,24,0,Rebound,2026,2,21,Phoenix,Suns,PHX,Phoenix,6,Dallas,Mavericks,DAL,Dallas,2.5,TRUE,FALSE,2.5,2,5:56,5,56,FALSE,FALSE,1,1,2,1,356,356,1796,354,354,1794,2,2,1,17.75,11,2026-02-10,2026-02-11T02:00:00Z,
175,401810628250,250,131,Pullup Jump Shot,Royce O'Neale makes 28-foot three pointer (Amir Coffey assists),28,56,2,2nd Quarter,5:54,TRUE,3,21,2583632,4066387,,2026-02-11T02:50:53Z,TRUE,4,20,3,+3 Points,2026,2,21,Phoenix,Suns,PHX,Phoenix,6,Dallas,Mavericks,DAL,Dallas,2.5,TRUE,FALSE,2.5,2,5:54,5,54,FALSE,FALSE,1,1,2,1,354,354,1794,332,332,1772,2,2,1,21.75,21,2026-02-10,2026-02-11T02:00:00Z,
176,401810628252,252,114,Turnaround Jump Shot,Cooper Flagg makes 14-foot turnaround jump shot,30,56,2,2nd Quarter,5:32,TRUE,2,6,5041939,,,2026-02-11T02:51:16Z,TRUE,14,9,2,+2 Points,2026,2,21,Phoenix,Suns,PHX,Phoenix,6,Dallas,Mavericks,DAL,Dallas,2.5,TRUE,FALSE,2.5,2,5:32,5,32,FALSE,FALSE,1,1,2,1,332,332,1772,315,315,1755,2,2,1,-32.75,-11,2026-02-10,2026-02-11T02:00:00Z,
177,401810628253,253,92,Jump Shot,Royce O'Neale misses 30-foot three point jumper,30,56,2,2nd Quarter,5:15,FALSE,0,21,2583632,,,2026-02-11T02:51:32Z,TRUE,26,31,3,Missed 3PT,2026,2,21,Phoenix,Suns,PHX,Phoenix,6,Dallas,Mavericks,DAL,Dallas,2.5,TRUE,FALSE,2.5,2,5:15,5,15,FALSE,FALSE,1,1,2,1,315,315,1755,313,313,1753,2,2,1,10.75,-1,2026-02-10,2026-02-11T02:00:00Z,
178,401810628254,254,156,Offensive Rebound,Dillon Brooks offensive rebound,30,56,2,2nd Quarter,5:13,FALSE,0,21,3155526,,,2026-02-11T02:51:35Z,FALSE,26,31,0,Rebound,2026,2,21,Phoenix,Suns,PHX,Phoenix,6,Dallas,Mavericks,DAL,Dallas,2.5,TRUE,FALSE,2.5,2,5:13,5,13,FALSE,FALSE,1,1,2,1,313,313,1753,308,308,1748,2,2,1,10.75,-1,2026-02-10,2026-02-11T02:00:00Z,
179,401810628255,255,92,Jump Shot,Royce O'Neale makes 23-foot three point jumper (Oso Ighodaro assists),30,59,2,2nd Quarter,5:08,TRUE,3,21,2583632,4601023,,2026-02-11T02:51:40Z,TRUE,2,6,3,+3 Points,2026,2,21,Phoenix,Suns,PHX,Phoenix,6,Dallas,Mavericks,DAL,Dallas,2.5,TRUE,FALSE,2.5,2,5:08,5,8,FALSE,FALSE,1,1,2,1,308,308,1748,284,284,1724,2,2,1,35.75,23,2026-02-10,2026-02-11T02:00:00Z,
180,401810628257,257,131,Pullup Jump Shot,Cooper Flagg misses 15-foot pullup jump shot,30,59,2,2nd Quarter,4:44,FALSE,0,6,5041939,,,2026-02-11T02:52:04Z,TRUE,10,1,2,Missed FG,2026,2,21,Phoenix,Suns,PHX,Phoenix,6,Dallas,Mavericks,DAL,Dallas,2.5,TRUE,FALSE,2.5,2,4:44,4,44,FALSE,FALSE,1,1,2,1,284,284,1724,281,281,1721,2,2,1,-40.75,-15,2026-02-10,2026-02-11T02:00:00Z,
181,401810628258,258,155,Defensive Rebound,Royce O'Neale defensive rebound,30,59,2,2nd Quarter,4:41,FALSE,0,21,2583632,,,2026-02-11T02:52:07Z,FALSE,10,1,0,Rebound,2026,2,21,Phoenix,Suns,PHX,Phoenix,6,Dallas,Mavericks,DAL,Dallas,2.5,TRUE,FALSE,2.5,2,4:41,4,41,FALSE,FALSE,1,1,2,1,281,281,1721,277,277,1717,2,2,1,40.75,15,2026-02-10,2026-02-11T02:00:00Z,
182,401810628259,259,146,Running Pullup Jump Shot,Dillon Brooks makes 14-foot running pullup jump shot,30,61,2,2nd Quarter,4:37,TRUE,2,21,3155526,,,2026-02-11T02:52:11Z,TRUE,37,9,2,+2 Points,2026,2,21,Phoenix,Suns,PHX,Phoenix,6,Dallas,Mavericks,DAL,Dallas,2.5,TRUE,FALSE,2.5,2,4:37,4,37,FALSE,FALSE,1,1,2,1,277,277,1717,255,255,1695,2,2,1,32.75,-12,2026-02-10,2026-02-11T02:00:00Z,
183,401810628261,261,44,Shooting Foul,Royce O'Neale shooting foul,30,61,2,2nd Quarter,4:15,FALSE,0,21,2583632,,,2026-02-11T02:52:34Z,FALSE,30,8,0,Foul,2026,2,21,Phoenix,Suns,PHX,Phoenix,6,Dallas,Mavericks,DAL,Dallas,2.5,TRUE,FALSE,2.5,2,4:15,4,15,FALSE,FALSE,1,1,2,1,255,255,1695,255,255,1695,2,2,1,33.75,-5,2026-02-10,2026-02-11T02:00:00Z,
184,401810628263,263,98,Free Throw - 1 of 2,Cooper Flagg makes free throw 1 of 2,31,61,2,2nd Quarter,4:15,TRUE,1,6,5041939,,,2026-02-11T02:53:01Z,TRUE,25,13.75,1,+1 Point,2026,2,21,Phoenix,Suns,PHX,Phoenix,6,Dallas,Mavericks,DAL,Dallas,2.5,TRUE,FALSE,2.5,2,4:15,4,15,FALSE,FALSE,1,1,2,1,255,255,1695,255,255,1695,2,2,1,-28,0,2026-02-10,2026-02-11T02:00:00Z,
185,401810628264,264,584,Substitution,Mark Williams enters the game for Amir Coffey,31,61,2,2nd Quarter,4:15,FALSE,0,21,4701232,4066387,,2026-02-11T02:53:02Z,FALSE,-214748340,-214748365,0,Substitution,2026,2,21,Phoenix,Suns,PHX,Phoenix,6,Dallas,Mavericks,DAL,Dallas,2.5,TRUE,FALSE,2.5,2,4:15,4,15,FALSE,FALSE,1,1,2,1,255,255,1695,255,255,1695,2,2,1,214748406.75,214748365,2026-02-10,2026-02-11T02:00:00Z,
186,401810628265,265,584,Substitution,Jalen Green enters the game for Oso Ighodaro,31,61,2,2nd Quarter,4:15,FALSE,0,21,4437244,4601023,,2026-02-11T02:53:02Z,FALSE,-214748340,-214748365,0,Substitution,2026,2,21,Phoenix,Suns,PHX,Phoenix,6,Dallas,Mavericks,DAL,Dallas,2.5,TRUE,FALSE,2.5,2,4:15,4,15,FALSE,FALSE,1,1,2,1,255,255,1695,255,255,1695,2,2,1,214748406.75,214748365,2026-02-10,2026-02-11T02:00:00Z,
187,401810628268,268,99,Free Throw - 2 of 2,Cooper Flagg makes free throw 2 of 2,32,61,2,2nd Quarter,4:15,TRUE,1,6,5041939,,,2026-02-11T02:53:22Z,TRUE,25,13.75,1,+1 Point,2026,2,21,Phoenix,Suns,PHX,Phoenix,6,Dallas,Mavericks,DAL,Dallas,2.5,TRUE,FALSE,2.5,2,4:15,4,15,FALSE,FALSE,1,1,2,1,255,255,1695,238,238,1678,2,2,1,-28,0,2026-02-10,2026-02-11T02:00:00Z,
188,401810628269,269,62,"Bad Pass
Turnover","Devin Booker bad pass
turnover (Brandon Williams steals)",32,61,2,2nd Quarter,3:58,FALSE,0,21,3136193,4397040,,2026-02-11T02:53:42Z,FALSE,33,19,0,Turnover,2026,2,21,Phoenix,Suns,PHX,Phoenix,6,Dallas,Mavericks,DAL,Dallas,2.5,TRUE,FALSE,2.5,2,3:58,3,58,FALSE,FALSE,1,1,2,1,238,238,1678,234,234,1674,2,2,1,22.75,-8,2026-02-10,2026-02-11T02:00:00Z,
189,401810628271,271,109,Running Layup Shot,Naji Marshall makes running layup (Brandon Williams assists),34,61,2,2nd Quarter,3:54,TRUE,2,6,4278594,4397040,,2026-02-11T02:53:46Z,TRUE,26,3,2,+2 Points,2026,2,21,Phoenix,Suns,PHX,Phoenix,6,Dallas,Mavericks,DAL,Dallas,2.5,TRUE,FALSE,2.5,2,3:54,3,54,FALSE,FALSE,1,1,2,1,234,234,1674,228,228,1668,2,2,1,-38.75,1,2026-02-10,2026-02-11T02:00:00Z,
190,401810628273,273,90,Out of Bounds - Bad Pass Turnover,Dillon Brooks out of bounds bad pass turnover,34,61,2,2nd Quarter,3:48,FALSE,0,21,3155526,,,2026-02-11T02:53:52Z,FALSE,10,35,0,Turnover,2026,2,21,Phoenix,Suns,PHX,Phoenix,6,Dallas,Mavericks,DAL,Dallas,2.5,TRUE,FALSE,2.5,2,3:48,3,48,FALSE,FALSE,1,1,2,1,228,228,1668,212,212,1652,2,2,1,6.75,15,2026-02-10,2026-02-11T02:00:00Z,
191,401810628274,274,144,Driving Floating Jump Shot,Cooper Flagg misses driving floating jump shot,34,61,2,2nd Quarter,3:32,FALSE,0,6,5041939,,,2026-02-11T02:54:16Z,TRUE,22,1,2,Missed FG,2026,2,21,Phoenix,Suns,PHX,Phoenix,6,Dallas,Mavericks,DAL,Dallas,2.5,TRUE,FALSE,2.5,2,3:32,3,32,FALSE,FALSE,1,1,2,1,212,212,1652,208,208,1648,2,2,1,-40.75,-3,2026-02-10,2026-02-11T02:00:00Z,
192,401810628275,275,156,Offensive Rebound,Marvin Bagley III offensive rebound,34,61,2,2nd Quarter,3:28,FALSE,0,6,4277848,,,2026-02-11T02:54:20Z,FALSE,22,1,0,Rebound,2026,2,21,Phoenix,Suns,PHX,Phoenix,6,Dallas,Mavericks,DAL,Dallas,2.5,TRUE,FALSE,2.5,2,3:28,3,28,FALSE,FALSE,1,1,2,1,208,208,1648,208,208,1648,2,2,1,-40.75,-3,2026-02-10,2026-02-11T02:00:00Z,
193,401810628276,276,94,Tip Shot,Marvin Bagley III makes tip shot,36,61,2,2nd Quarter,3:28,TRUE,2,6,4277848,,,2026-02-11T02:54:19Z,TRUE,25,0,2,+2 Points,2026,2,21,Phoenix,Suns,PHX,Phoenix,6,Dallas,Mavericks,DAL,Dallas,2.5,TRUE,FALSE,2.5,2,3:28,3,28,FALSE,FALSE,1,1,2,1,208,208,1648,195,195,1635,2,2,1,-41.75,0,2026-02-10,2026-02-11T02:00:00Z,
194,401810628277,277,92,Jump Shot,Dillon Brooks misses 27-foot three point jumper,36,61,2,2nd Quarter,3:15,FALSE,0,21,3155526,,,2026-02-11T02:54:33Z,TRUE,45,20,3,Missed 3PT,2026,2,21,Phoenix,Suns,PHX,Phoenix,6,Dallas,Mavericks,DAL,Dallas,2.5,TRUE,FALSE,2.5,2,3:15,3,15,FALSE,FALSE,1,1,2,1,195,195,1635,191,191,1631,2,2,1,21.75,-20,2026-02-10,2026-02-11T02:00:00Z,
195,401810628278,278,155,Defensive Rebound,Max Christie defensive rebound,36,61,2,2nd Quarter,3:11,FALSE,0,6,4432582,,,2026-02-11T02:54:37Z,FALSE,45,20,0,Rebound,2026,2,21,Phoenix,Suns,PHX,Phoenix,6,Dallas,Mavericks,DAL,Dallas,2.5,TRUE,FALSE,2.5,2,3:11,3,11,FALSE,FALSE,1,1,2,1,191,191,1631,184,184,1624,2,2,1,-21.75,20,2026-02-10,2026-02-11T02:00:00Z,
196,401810628279,279,131,Pullup Jump Shot,Max Christie makes 20-foot pullup jump shot,38,61,2,2nd Quarter,3:04,TRUE,2,6,4432582,,,2026-02-11T02:54:44Z,TRUE,26,20,2,+2 Points,2026,2,21,Phoenix,Suns,PHX,Phoenix,6,Dallas,Mavericks,DAL,Dallas,2.5,TRUE,FALSE,2.5,2,3:04,3,4,FALSE,FALSE,1,1,2,1,184,184,1624,171,171,1611,2,2,1,-21.75,1,2026-02-10,2026-02-11T02:00:00Z,
197,401810628280,280,92,Jump Shot,Jalen Green misses 25-foot three point jumper,38,61,2,2nd Quarter,2:51,FALSE,0,21,4437244,,,2026-02-11T02:54:57Z,TRUE,9,20,3,Missed 3PT,2026,2,21,Phoenix,Suns,PHX,Phoenix,6,Dallas,Mavericks,DAL,Dallas,2.5,TRUE,FALSE,2.5,2,2:51,2,51,FALSE,FALSE,1,1,2,1,171,171,1611,167,167,1607,2,2,1,21.75,16,2026-02-10,2026-02-11T02:00:00Z,
198,401810628281,281,155,Defensive Rebound,Marvin Bagley III defensive rebound,38,61,2,2nd Quarter,2:47,FALSE,0,6,4277848,,,2026-02-11T02:55:01Z,FALSE,9,20,0,Rebound,2026,2,21,Phoenix,Suns,PHX,Phoenix,6,Dallas,Mavericks,DAL,Dallas,2.5,TRUE,FALSE,2.5,2,2:47,2,47,FALSE,FALSE,1,1,2,1,167,167,1607,159,159,1599,2,2,1,-21.75,-16,2026-02-10,2026-02-11T02:00:00Z,
199,401810628282,282,95,Layup Shot,Cooper Flagg makes layup (Naji Marshall assists),40,61,2,2nd Quarter,2:39,TRUE,2,6,5041939,4278594,,2026-02-11T02:55:09Z,TRUE,27,3,2,+2 Points,2026,2,21,Phoenix,Suns,PHX,Phoenix,6,Dallas,Mavericks,DAL,Dallas,2.5,TRUE,FALSE,2.5,2,2:39,2,39,FALSE,FALSE,1,1,2,1,159,159,1599,140,140,1580,2,2,1,-38.75,2,2026-02-10,2026-02-11T02:00:00Z,
200,401810628284,284,44,Shooting Foul,Brandon Williams shooting foul,40,61,2,2nd Quarter,2:20,FALSE,0,6,4397040,,,2026-02-11T02:55:29Z,FALSE,26,6,0,Foul,2026,2,21,Phoenix,Suns,PHX,Phoenix,6,Dallas,Mavericks,DAL,Dallas,2.5,TRUE,FALSE,2.5,2,2:20,2,20,FALSE,FALSE,1,1,2,1,140,140,1580,140,140,1580,2,2,1,-35.75,1,2026-02-10,2026-02-11T02:00:00Z,
201,401810628286,286,98,Free Throw - 1 of 2,Mark Williams makes free throw 1 of 2,40,62,2,2nd Quarter,2:20,TRUE,1,21,4701232,,,2026-02-11T02:55:54Z,TRUE,25,13.75,1,+1 Point,2026,2,21,Phoenix,Suns,PHX,Phoenix,6,Dallas,Mavericks,DAL,Dallas,2.5,TRUE,FALSE,2.5,2,2:20,2,20,FALSE,FALSE,1,1,2,1,140,140,1580,140,140,1580,2,2,1,28,-0,2026-02-10,2026-02-11T02:00:00Z,
202,401810628287,287,584,Substitution,Daniel Gafford enters the game for Brandon Williams,40,62,2,2nd Quarter,2:20,FALSE,0,6,4278049,4397040,,2026-02-11T02:55:55Z,FALSE,-214748340,-214748365,0,Substitution,2026,2,21,Phoenix,Suns,PHX,Phoenix,6,Dallas,Mavericks,DAL,Dallas,2.5,TRUE,FALSE,2.5,2,2:20,2,20,FALSE,FALSE,1,1,2,1,140,140,1580,140,140,1580,2,2,1,-214748406.75,-214748365,2026-02-10,2026-02-11T02:00:00Z,
203,401810628288,288,584,Substitution,P.J. Washington enters the game for Marvin Bagley III,40,62,2,2nd Quarter,2:20,FALSE,0,6,4278078,4277848,,2026-02-11T02:55:55Z,FALSE,-214748340,-214748365,0,Substitution,2026,2,21,Phoenix,Suns,PHX,Phoenix,6,Dallas,Mavericks,DAL,Dallas,2.5,TRUE,FALSE,2.5,2,2:20,2,20,FALSE,FALSE,1,1,2,1,140,140,1580,140,140,1580,2,2,1,-214748406.75,-214748365,2026-02-10,2026-02-11T02:00:00Z,
204,401810628291,291,99,Free Throw - 2 of 2,Mark Williams misses free throw 2 of 2,40,62,2,2nd Quarter,2:20,FALSE,0,21,4701232,,,2026-02-11T02:55:54Z,TRUE,25,13.75,1,Missed FT,2026,2,21,Phoenix,Suns,PHX,Phoenix,6,Dallas,Mavericks,DAL,Dallas,2.5,TRUE,FALSE,2.5,2,2:20,2,20,FALSE,FALSE,1,1,2,1,140,140,1580,137,137,1577,2,2,1,28,-0,2026-02-10,2026-02-11T02:00:00Z,
205,401810628292,292,156,Offensive Rebound,Mark Williams offensive rebound,40,62,2,2nd Quarter,2:17,FALSE,0,21,4701232,,,2026-02-11T02:55:57Z,FALSE,-214748340,-214748365,0,Rebound,2026,2,21,Phoenix,Suns,PHX,Phoenix,6,Dallas,Mavericks,DAL,Dallas,2.5,TRUE,FALSE,2.5,2,2:17,2,17,FALSE,FALSE,1,1,2,1,137,137,1577,134,134,1574,2,2,1,214748406.75,214748365,2026-02-10,2026-02-11T02:00:00Z,
206,401810628293,293,92,Jump Shot,Jalen Green misses 25-foot three point jumper,40,62,2,2nd Quarter,2:14,FALSE,0,21,4437244,,,2026-02-11T02:56:22Z,TRUE,5,17,3,Missed 3PT,2026,2,21,Phoenix,Suns,PHX,Phoenix,6,Dallas,Mavericks,DAL,Dallas,2.5,TRUE,FALSE,2.5,2,2:14,2,14,FALSE,FALSE,1,1,2,1,134,134,1574,131,131,1571,2,2,1,24.75,20,2026-02-10,2026-02-11T02:00:00Z,
207,401810628294,294,155,Defensive Rebound,Naji Marshall defensive rebound,40,62,2,2nd Quarter,2:11,FALSE,0,6,4278594,,,2026-02-11T02:56:25Z,FALSE,5,17,0,Rebound,2026,2,21,Phoenix,Suns,PHX,Phoenix,6,Dallas,Mavericks,DAL,Dallas,2.5,TRUE,FALSE,2.5,2,2:11,2,11,FALSE,FALSE,1,1,2,1,131,131,1571,121,121,1561,2,2,1,-24.75,-20,2026-02-10,2026-02-11T02:00:00Z,
208,401810628295,295,44,Shooting Foul,Devin Booker shooting foul,40,62,2,2nd Quarter,2:01,FALSE,0,21,3136193,,,2026-02-11T02:56:37Z,FALSE,19,4,0,Foul,2026,2,21,Phoenix,Suns,PHX,Phoenix,6,Dallas,Mavericks,DAL,Dallas,2.5,TRUE,FALSE,2.5,2,2:01,2,1,FALSE,FALSE,1,1,2,1,121,121,1561,121,121,1561,2,2,1,37.75,6,2026-02-10,2026-02-11T02:00:00Z,
209,401810628297,297,98,Free Throw - 1 of 2,Cooper Flagg misses free throw 1 of 2,40,62,2,2nd Quarter,2:01,FALSE,0,6,5041939,,,2026-02-11T02:57:01Z,TRUE,25,13.75,1,Missed FT,2026,2,21,Phoenix,Suns,PHX,Phoenix,6,Dallas,Mavericks,DAL,Dallas,2.5,TRUE,FALSE,2.5,2,2:01,2,1,FALSE,FALSE,1,1,2,1,121,121,1561,121,121,1561,2,2,1,-28,0,2026-02-10,2026-02-11T02:00:00Z,
210,401810628298,298,156,Offensive Rebound,Mavericks offensive team rebound,40,62,2,2nd Quarter,2:01,FALSE,0,6,,,,2026-02-11T02:57:01Z,FALSE,-214748340,-214748365,0,Rebound,2026,2,21,Phoenix,Suns,PHX,Phoenix,6,Dallas,Mavericks,DAL,Dallas,2.5,TRUE,FALSE,2.5,2,2:01,2,1,FALSE,FALSE,1,1,2,1,121,121,1561,121,121,1561,2,2,1,-214748406.75,-214748365,2026-02-10,2026-02-11T02:00:00Z,
211,401810628299,299,99,Free Throw - 2 of 2,Cooper Flagg makes free throw 2 of 2,41,62,2,2nd Quarter,2:01,TRUE,1,6,5041939,,,2026-02-11T02:57:15Z,TRUE,25,13.75,1,+1 Point,2026,2,21,Phoenix,Suns,PHX,Phoenix,6,Dallas,Mavericks,DAL,Dallas,2.5,TRUE,FALSE,2.5,2,2:01,2,1,FALSE,FALSE,1,1,2,1,121,121,1561,106,106,1546,2,2,1,-28,0,2026-02-10,2026-02-11T02:00:00Z,
212,401810628300,300,137,Turnaround Fade Away Jump Shot,Dillon Brooks misses 11-foot two point shot,41,62,2,2nd Quarter,1:46,FALSE,0,21,3155526,,,2026-02-11T02:57:33Z,TRUE,30,11,2,Missed FG,2026,2,21,Phoenix,Suns,PHX,Phoenix,6,Dallas,Mavericks,DAL,Dallas,2.5,TRUE,FALSE,2.5,2,1:46,1,46,FALSE,FALSE,1,1,2,1,106,106,1546,104,104,1544,2,2,1,30.75,-5,2026-02-10,2026-02-11T02:00:00Z,
213,401810628301,301,156,Offensive Rebound,Mark Williams offensive rebound,41,62,2,2nd Quarter,1:44,FALSE,0,21,4701232,,,2026-02-11T02:57:35Z,FALSE,30,11,0,Rebound,2026,2,21,Phoenix,Suns,PHX,Phoenix,6,Dallas,Mavericks,DAL,Dallas,2.5,TRUE,FALSE,2.5,2,1:44,1,44,FALSE,FALSE,1,1,2,1,104,104,1544,98,98,1538,2,2,1,30.75,-5,2026-02-10,2026-02-11T02:00:00Z,
214,401810628302,302,151,Cutting Dunk Shot,Daniel Gafford blocks Jalen Green 's 2-foot dunk,41,62,2,2nd Quarter,1:38,FALSE,0,21,4437244,4278049,,2026-02-11T02:57:41Z,TRUE,23,2,2,Missed FG,2026,2,21,Phoenix,Suns,PHX,Phoenix,6,Dallas,Mavericks,DAL,Dallas,2.5,TRUE,FALSE,2.5,2,1:38,1,38,FALSE,FALSE,1,1,2,1,98,98,1538,95,95,1535,2,2,1,39.75,2,2026-02-10,2026-02-11T02:00:00Z,
215,401810628304,304,155,Defensive Rebound,Max Christie defensive rebound,41,62,2,2nd Quarter,1:35,FALSE,0,6,4432582,,,2026-02-11T02:57:44Z,FALSE,23,2,0,Rebound,2026,2,21,Phoenix,Suns,PHX,Phoenix,6,Dallas,Mavericks,DAL,Dallas,2.5,TRUE,FALSE,2.5,2,1:35,1,35,FALSE,FALSE,1,1,2,1,95,95,1535,91,91,1531,2,2,1,-39.75,-2,2026-02-10,2026-02-11T02:00:00Z,
216,401810628305,305,116,Running Dunk Shot,Cooper Flagg makes running dunk (Max Christie assists),43,62,2,2nd Quarter,1:31,TRUE,2,6,5041939,4432582,,2026-02-11T02:57:49Z,TRUE,25,1,2,+2 Points,2026,2,21,Phoenix,Suns,PHX,Phoenix,6,Dallas,Mavericks,DAL,Dallas,2.5,TRUE,FALSE,2.5,2,1:31,1,31,FALSE,FALSE,1,1,2,1,91,91,1531,80,80,1520,2,2,1,-40.75,0,2026-02-10,2026-02-11T02:00:00Z,
217,401810628307,307,128,Driving Finger Roll Layup,Dillon Brooks misses two point shot,43,62,2,2nd Quarter,1:20,FALSE,0,21,3155526,,,2026-02-11T02:58:00Z,TRUE,25,6,2,Missed FG,2026,2,21,Phoenix,Suns,PHX,Phoenix,6,Dallas,Mavericks,DAL,Dallas,2.5,TRUE,FALSE,2.5,2,1:20,1,20,FALSE,FALSE,1,1,2,1,80,80,1520,78,78,1518,2,2,1,35.75,-0,2026-02-10,2026-02-11T02:00:00Z,
218,401810628308,308,155,Defensive Rebound,Daniel Gafford defensive rebound,43,62,2,2nd Quarter,1:18,FALSE,0,6,4278049,,,2026-02-11T02:58:02Z,FALSE,25,6,0,Rebound,2026,2,21,Phoenix,Suns,PHX,Phoenix,6,Dallas,Mavericks,DAL,Dallas,2.5,TRUE,FALSE,2.5,2,1:18,1,18,FALSE,FALSE,1,1,2,1,78,78,1518,73,73,1513,2,2,1,-35.75,0,2026-02-10,2026-02-11T02:00:00Z,
219,401810628309,309,109,Running Layup Shot,Naji Marshall makes running layup,45,62,2,2nd Quarter,1:13,TRUE,2,6,4278594,,,2026-02-11T02:58:06Z,TRUE,24,-1,2,+2 Points,2026,2,21,Phoenix,Suns,PHX,Phoenix,6,Dallas,Mavericks,DAL,Dallas,2.5,TRUE,FALSE,2.5,2,1:13,1,13,FALSE,FALSE,1,1,2,1,73,73,1513,57.4,57.4,1497.4,2,2,1,-42.75,-1,2026-02-10,2026-02-11T02:00:00Z,
220,401810628310,310,110,Driving Layup Shot,Daniel Gafford blocks Devin Booker 's 4-foot driving layup,45,62,2,2nd Quarter,0:57.4,FALSE,0,21,3136193,4278049,,2026-02-11T02:58:22Z,TRUE,29,2,2,Missed FG,2026,2,21,Phoenix,Suns,PHX,Phoenix,6,Dallas,Mavericks,DAL,Dallas,2.5,TRUE,FALSE,2.5,2,0:57.4,0,57.4,FALSE,FALSE,1,1,2,1,57.4,57.4,1497.4,55.8,55.8,1495.8,2,2,1,39.75,-4,2026-02-10,2026-02-11T02:00:00Z,
221,401810628312,312,155,Defensive Rebound,Max Christie defensive rebound,45,62,2,2nd Quarter,0:55.8,FALSE,0,6,4432582,,,2026-02-11T02:58:24Z,FALSE,29,2,0,Rebound,2026,2,21,Phoenix,Suns,PHX,Phoenix,6,Dallas,Mavericks,DAL,Dallas,2.5,TRUE,FALSE,2.5,2,0:55.8,0,55.8,FALSE,FALSE,1,1,2,1,55.8,55.8,1495.8,55.2,55.2,1495.2,2,2,1,-39.75,4,2026-02-10,2026-02-11T02:00:00Z,
222,401810628313,313,44,Shooting Foul,Royce O'Neale shooting foul,45,62,2,2nd Quarter,0:55.2,FALSE,0,21,2583632,,,2026-02-11T02:58:26Z,FALSE,29,5,0,Foul,2026,2,21,Phoenix,Suns,PHX,Phoenix,6,Dallas,Mavericks,DAL,Dallas,2.5,TRUE,FALSE,2.5,2,0:55.2,0,55.2,FALSE,FALSE,1,1,2,1,55.2,55.2,1495.2,55.2,55.2,1495.2,2,2,1,36.75,-4,2026-02-10,2026-02-11T02:00:00Z,
223,401810628315,315,98,Free Throw - 1 of 2,Cooper Flagg makes free throw 1 of 2,46,62,2,2nd Quarter,0:55.2,TRUE,1,6,5041939,,,2026-02-11T02:59:01Z,TRUE,25,13.75,1,+1 Point,2026,2,21,Phoenix,Suns,PHX,Phoenix,6,Dallas,Mavericks,DAL,Dallas,2.5,TRUE,FALSE,2.5,2,0:55.2,0,55.2,FALSE,FALSE,1,1,2,1,55.2,55.2,1495.2,55.2,55.2,1495.2,2,2,1,-28,0,2026-02-10,2026-02-11T02:00:00Z,
224,401810628316,316,99,Free Throw - 2 of 2,Cooper Flagg misses free throw 2 of 2,46,62,2,2nd Quarter,0:55.2,FALSE,0,6,5041939,,,2026-02-11T02:59:01Z,TRUE,25,13.75,1,Missed FT,2026,2,21,Phoenix,Suns,PHX,Phoenix,6,Dallas,Mavericks,DAL,Dallas,2.5,TRUE,FALSE,2.5,2,0:55.2,0,55.2,FALSE,FALSE,1,1,2,1,55.2,55.2,1495.2,53.4,53.4,1493.4,2,2,1,-28,0,2026-02-10,2026-02-11T02:00:00Z,
225,401810628317,317,155,Defensive Rebound,Royce O'Neale defensive rebound,46,62,2,2nd Quarter,0:53.4,FALSE,0,21,2583632,,,2026-02-11T02:59:03Z,FALSE,-214748340,-214748365,0,Rebound,2026,2,21,Phoenix,Suns,PHX,Phoenix,6,Dallas,Mavericks,DAL,Dallas,2.5,TRUE,FALSE,2.5,2,0:53.4,0,53.4,FALSE,FALSE,1,1,2,1,53.4,53.4,1493.4,34.2,34.2,1474.2,2,2,1,214748406.75,214748365,2026-02-10,2026-02-11T02:00:00Z,
226,401810628318,318,131,Pullup Jump Shot,Devin Booker misses 26-foot three point pullup jump shot,46,62,2,2nd Quarter,0:34.2,FALSE,0,21,3136193,,,2026-02-11T02:59:38Z,TRUE,32,26,3,Missed 3PT,2026,2,21,Phoenix,Suns,PHX,Phoenix,6,Dallas,Mavericks,DAL,Dallas,2.5,TRUE,FALSE,2.5,2,0:34.2,0,34.2,FALSE,FALSE,1,1,2,1,34.2,34.2,1474.2,29.6,29.6,1469.6,2,2,1,15.75,-7,2026-02-10,2026-02-11T02:00:00Z,
227,401810628319,319,155,Defensive Rebound,Naji Marshall defensive rebound,46,62,2,2nd Quarter,0:29.6,FALSE,0,6,4278594,,,2026-02-11T02:59:43Z,FALSE,32,26,0,Rebound,2026,2,21,Phoenix,Suns,PHX,Phoenix,6,Dallas,Mavericks,DAL,Dallas,2.5,TRUE,FALSE,2.5,2,0:29.6,0,29.6,FALSE,FALSE,1,1,2,1,29.6,29.6,1469.6,28,28,1468,2,2,1,-15.75,7,2026-02-10,2026-02-11T02:00:00Z,
228,401810628320,320,44,Shooting Foul,Devin Booker shooting foul,46,62,2,2nd Quarter,0:28.0,FALSE,0,21,3136193,,,2026-02-11T02:59:46Z,FALSE,27,1,0,Foul,2026,2,21,Phoenix,Suns,PHX,Phoenix,6,Dallas,Mavericks,DAL,Dallas,2.5,TRUE,FALSE,2.5,2,0:28.0,0,28,FALSE,FALSE,1,1,2,1,28,28,1468,28,28,1468,2,2,1,40.75,-2,2026-02-10,2026-02-11T02:00:00Z,
229,401810628322,322,98,Free Throw - 1 of 2,Naji Marshall makes free throw 1 of 2,47,62,2,2nd Quarter,0:28.0,TRUE,1,6,4278594,,,2026-02-11T03:00:16Z,TRUE,25,13.75,1,+1 Point,2026,2,21,Phoenix,Suns,PHX,Phoenix,6,Dallas,Mavericks,DAL,Dallas,2.5,TRUE,FALSE,2.5,2,0:28.0,0,28,FALSE,FALSE,1,1,2,1,28,28,1468,28,28,1468,2,2,1,-28,0,2026-02-10,2026-02-11T02:00:00Z,
230,401810628323,323,584,Substitution,Oso Ighodaro enters the game for Mark Williams,47,62,2,2nd Quarter,0:28.0,FALSE,0,21,4601023,4701232,,2026-02-11T03:00:27Z,FALSE,-214748340,-214748365,0,Substitution,2026,2,21,Phoenix,Suns,PHX,Phoenix,6,Dallas,Mavericks,DAL,Dallas,2.5,TRUE,FALSE,2.5,2,0:28.0,0,28,FALSE,FALSE,1,1,2,1,28,28,1468,28,28,1468,2,2,1,214748406.75,214748365,2026-02-10,2026-02-11T02:00:00Z,
231,401810628325,325,99,Free Throw - 2 of 2,Naji Marshall makes free throw 2 of 2,48,62,2,2nd Quarter,0:28.0,TRUE,1,6,4278594,,,2026-02-11T03:00:16Z,TRUE,25,13.75,1,+1 Point,2026,2,21,Phoenix,Suns,PHX,Phoenix,6,Dallas,Mavericks,DAL,Dallas,2.5,TRUE,FALSE,2.5,2,0:28.0,0,28,FALSE,FALSE,1,1,2,1,28,28,1468,4.4,4.4,1444.4,2,2,1,-28,0,2026-02-10,2026-02-11T02:00:00Z,
232,401810628326,326,92,Jump Shot,Royce O'Neale makes 24-foot three point jumper (Jalen Green assists),48,65,2,2nd Quarter,0:4.4,TRUE,3,21,2583632,4437244,,2026-02-11T03:01:10Z,TRUE,49,6,3,+3 Points,2026,2,21,Phoenix,Suns,PHX,Phoenix,6,Dallas,Mavericks,DAL,Dallas,2.5,TRUE,FALSE,2.5,2,0:4.4,0,4.4,FALSE,FALSE,1,1,2,1,4.4,4.4,1444.4,0,0,1440,2,2,1,35.75,-24,2026-02-10,2026-02-11T02:00:00Z,
233,401810628328,328,133,Pullup Bank Jump Shot,Naji Marshall misses 29-foot three point shot,48,65,2,2nd Quarter,0:0.0,FALSE,0,6,4278594,,,2026-02-11T03:01:18Z,TRUE,32,29,3,Missed 3PT,2026,2,21,Phoenix,Suns,PHX,Phoenix,6,Dallas,Mavericks,DAL,Dallas,2.5,TRUE,FALSE,2.5,2,0:0.0,0,0,FALSE,FALSE,1,1,2,1,0,0,1440,0,0,1440,2,2,1,-12.75,7,2026-02-10,2026-02-11T02:00:00Z,
234,401810628329,329,156,Offensive Rebound,Mavericks offensive team rebound,48,65,2,2nd Quarter,0:0.0,FALSE,0,6,,,,2026-02-11T03:01:18Z,FALSE,32,29,0,Rebound,2026,2,21,Phoenix,Suns,PHX,Phoenix,6,Dallas,Mavericks,DAL,Dallas,2.5,TRUE,FALSE,2.5,2,0:0.0,0,0,FALSE,FALSE,1,1,2,1,0,0,1440,0,0,1440,2,2,1,-12.75,7,2026-02-10,2026-02-11T02:00:00Z,
235,401810628330,330,412,End Period,End of the 2nd Quarter,48,65,2,2nd Quarter,0:0.0,FALSE,0,,,,,2026-02-11T03:01:24Z,FALSE,-214748340,-214748365,0,Halftime,2026,2,21,Phoenix,Suns,PHX,Phoenix,6,Dallas,Mavericks,DAL,Dallas,2.5,TRUE,FALSE,2.5,2,0:0.0,0,0,FALSE,FALSE,1,1,3,2,0,0,1440,720,1440,1440,2,2,1,-214748406.75,-214748365,2026-02-10,2026-02-11T02:00:00Z,
236,401810628331,331,584,Substitution,Collin Gillespie enters the game for Jalen Green,48,65,3,3rd Quarter,12:00,FALSE,0,21,4278585,4437244,,2026-02-11T03:16:21Z,FALSE,-214748340,-214748365,0,Substitution,2026,2,21,Phoenix,Suns,PHX,Phoenix,6,Dallas,Mavericks,DAL,Dallas,2.5,TRUE,FALSE,2.5,3,12:00,12,0,FALSE,FALSE,2,2,3,2,720,1440,1440,720,1440,1440,3,2,1,214748406.75,214748365,2026-02-10,2026-02-11T02:00:00Z,
237,401810628332,332,584,Substitution,Mark Williams enters the game for Oso Ighodaro,48,65,3,3rd Quarter,12:00,FALSE,0,21,4701232,4601023,,2026-02-11T03:16:21Z,FALSE,-214748340,-214748365,0,Substitution,2026,2,21,Phoenix,Suns,PHX,Phoenix,6,Dallas,Mavericks,DAL,Dallas,2.5,TRUE,FALSE,2.5,3,12:00,12,0,FALSE,FALSE,2,2,3,2,720,1440,1440,711,1431,1431,3,3,2,214748406.75,214748365,2026-02-10,2026-02-11T02:00:00Z,
238,401810628336,336,45,Personal Foul,Dillon Brooks personal foul,48,65,3,3rd Quarter,11:51,FALSE,0,21,3155526,,,2026-02-11T03:17:50Z,FALSE,20,23,0,Foul,2026,2,21,Phoenix,Suns,PHX,Phoenix,6,Dallas,Mavericks,DAL,Dallas,2.5,TRUE,FALSE,2.5,3,11:51,11,51,FALSE,FALSE,2,2,3,2,711,1431,1431,703,1423,1423,3,3,2,18.75,5,2026-02-10,2026-02-11T02:00:00Z,
239,401810628338,338,144,Driving Floating Jump Shot,Cooper Flagg misses driving floating jump shot,48,65,3,3rd Quarter,11:43,FALSE,0,6,5041939,,,2026-02-11T03:18:10Z,TRUE,27,9,2,Missed FG,2026,2,21,Phoenix,Suns,PHX,Phoenix,6,Dallas,Mavericks,DAL,Dallas,2.5,TRUE,FALSE,2.5,3,11:43,11,43,FALSE,FALSE,2,2,3,2,703,1423,1423,698,1418,1418,3,3,2,-32.75,2,2026-02-10,2026-02-11T02:00:00Z,
240,401810628339,339,156,Offensive Rebound,Daniel Gafford offensive rebound,48,65,3,3rd Quarter,11:38,FALSE,0,6,4278049,,,2026-02-11T03:18:15Z,FALSE,27,9,0,Rebound,2026,2,21,Phoenix,Suns,PHX,Phoenix,6,Dallas,Mavericks,DAL,Dallas,2.5,TRUE,FALSE,2.5,3,11:38,11,38,FALSE,FALSE,2,2,3,2,698,1418,1418,698,1418,1418,3,3,2,-32.75,2,2026-02-10,2026-02-11T02:00:00Z,
241,401810628340,340,94,Tip Shot,Daniel Gafford makes tip shot,50,65,3,3rd Quarter,11:38,TRUE,2,6,4278049,,,2026-02-11T03:18:14Z,TRUE,25,0,2,+2 Points,2026,2,21,Phoenix,Suns,PHX,Phoenix,6,Dallas,Mavericks,DAL,Dallas,2.5,TRUE,FALSE,2.5,3,11:38,11,38,FALSE,FALSE,2,2,3,2,698,1418,1418,687,1407,1407,3,3,2,-41.75,0,2026-02-10,2026-02-11T02:00:00Z,
242,401810628341,341,111,Alley Oop Layup Shot,Mark Williams makes alley oop layup (Royce O'Neale assists),50,67,3,3rd Quarter,11:27,TRUE,2,21,4701232,2583632,,2026-02-11T03:18:25Z,TRUE,27,1,2,+2 Points,2026,2,21,Phoenix,Suns,PHX,Phoenix,6,Dallas,Mavericks,DAL,Dallas,2.5,TRUE,FALSE,2.5,3,11:27,11,27,FALSE,FALSE,2,2,3,2,687,1407,1407,675,1395,1395,3,3,2,40.75,-2,2026-02-10,2026-02-11T02:00:00Z,
243,401810628343,343,42,Offensive Foul,Daniel Gafford offensive foul,50,67,3,3rd Quarter,11:15,FALSE,0,6,4278049,,,2026-02-11T03:18:39Z,FALSE,19,33,0,Foul,2026,2,21,Phoenix,Suns,PHX,Phoenix,6,Dallas,Mavericks,DAL,Dallas,2.5,TRUE,FALSE,2.5,3,11:15,11,15,FALSE,FALSE,2,2,3,2,675,1395,1395,675,1395,1395,3,3,2,-8.75,-6,2026-02-10,2026-02-11T02:00:00Z,
244,401810628345,345,84,Offensive Foul Turnover,Daniel Gafford offensive foul turnover,50,67,3,3rd Quarter,11:15,FALSE,0,6,4278049,,,2026-02-11T03:18:39Z,FALSE,19,33,0,Turnover,2026,2,21,Phoenix,Suns,PHX,Phoenix,6,Dallas,Mavericks,DAL,Dallas,2.5,TRUE,FALSE,2.5,3,11:15,11,15,FALSE,FALSE,2,2,3,2,675,1395,1395,663,1383,1383,3,3,2,-8.75,-6,2026-02-10,2026-02-11T02:00:00Z,
245,401810628346,346,62,"Bad Pass
Turnover","Devin Booker bad pass
turnover (Daniel Gafford steals)",50,67,3,3rd Quarter,11:03,FALSE,0,21,3136193,4278049,,2026-02-11T03:18:59Z,FALSE,20,13,0,Turnover,2026,2,21,Phoenix,Suns,PHX,Phoenix,6,Dallas,Mavericks,DAL,Dallas,2.5,TRUE,FALSE,2.5,3,11:03,11,3,FALSE,FALSE,2,2,3,2,663,1383,1383,658,1378,1378,3,3,2,28.75,5,2026-02-10,2026-02-11T02:00:00Z,
246,401810628348,348,44,Shooting Foul,Devin Booker shooting foul,50,67,3,3rd Quarter,10:58,FALSE,0,21,3136193,,,2026-02-11T03:19:05Z,FALSE,26,4,0,Foul,2026,2,21,Phoenix,Suns,PHX,Phoenix,6,Dallas,Mavericks,DAL,Dallas,2.5,TRUE,FALSE,2.5,3,10:58,10,58,FALSE,FALSE,2,2,3,2,658,1378,1378,658,1378,1378,3,3,2,37.75,-1,2026-02-10,2026-02-11T02:00:00Z,
247,401810628350,350,98,Free Throw - 1 of 2,P.J. Washington misses free throw 1 of 2,50,67,3,3rd Quarter,10:58,FALSE,0,6,4278078,,,2026-02-11T03:19:40Z,TRUE,25,13.75,1,Missed FT,2026,2,21,Phoenix,Suns,PHX,Phoenix,6,Dallas,Mavericks,DAL,Dallas,2.5,TRUE,FALSE,2.5,3,10:58,10,58,FALSE,FALSE,2,2,3,2,658,1378,1378,658,1378,1378,3,3,2,-28,0,2026-02-10,2026-02-11T02:00:00Z,
248,401810628351,351,156,Offensive Rebound,Mavericks offensive team rebound,50,67,3,3rd Quarter,10:58,FALSE,0,6,,,,2026-02-11T03:19:40Z,FALSE,-214748340,-214748365,0,Rebound,2026,2,21,Phoenix,Suns,PHX,Phoenix,6,Dallas,Mavericks,DAL,Dallas,2.5,TRUE,FALSE,2.5,3,10:58,10,58,FALSE,FALSE,2,2,3,2,658,1378,1378,658,1378,1378,3,3,2,-214748406.75,-214748365,2026-02-10,2026-02-11T02:00:00Z,
249,401810628352,352,99,Free Throw - 2 of 2,P.J. Washington makes free throw 2 of 2,51,67,3,3rd Quarter,10:58,TRUE,1,6,4278078,,,2026-02-11T03:19:59Z,TRUE,25,13.75,1,+1 Point,2026,2,21,Phoenix,Suns,PHX,Phoenix,6,Dallas,Mavericks,DAL,Dallas,2.5,TRUE,FALSE,2.5,3,10:58,10,58,FALSE,FALSE,2,2,3,2,658,1378,1378,642,1362,1362,3,3,2,-28,0,2026-02-10,2026-02-11T02:00:00Z,
250,401810628353,353,144,Driving Floating Jump Shot,Devin Booker misses driving floating jump shot,51,67,3,3rd Quarter,10:42,FALSE,0,21,3136193,,,2026-02-11T03:20:16Z,TRUE,30,10,2,Missed FG,2026,2,21,Phoenix,Suns,PHX,Phoenix,6,Dallas,Mavericks,DAL,Dallas,2.5,TRUE,FALSE,2.5,3,10:42,10,42,FALSE,FALSE,2,2,3,2,642,1362,1362,640,1360,1360,3,3,2,31.75,-5,2026-02-10,2026-02-11T02:00:00Z,
251,401810628354,354,156,Offensive Rebound,Devin Booker offensive rebound,51,67,3,3rd Quarter,10:40,FALSE,0,21,3136193,,,2026-02-11T03:20:18Z,FALSE,30,10,0,Rebound,2026,2,21,Phoenix,Suns,PHX,Phoenix,6,Dallas,Mavericks,DAL,Dallas,2.5,TRUE,FALSE,2.5,3,10:40,10,40,FALSE,FALSE,2,2,3,2,640,1360,1360,640,1360,1360,3,3,2,31.75,-5,2026-02-10,2026-02-11T02:00:00Z,
252,401810628355,355,94,Tip Shot,Devin Booker makes tip shot,51,69,3,3rd Quarter,10:40,TRUE,2,21,3136193,,,2026-02-11T03:20:21Z,TRUE,25,0,2,+2 Points,2026,2,21,Phoenix,Suns,PHX,Phoenix,6,Dallas,Mavericks,DAL,Dallas,2.5,TRUE,FALSE,2.5,3,10:40,10,40,FALSE,FALSE,2,2,3,2,640,1360,1360,640,1360,1360,3,3,2,41.75,-0,2026-02-10,2026-02-11T02:00:00Z,
253,401810628356,356,44,Shooting Foul,Daniel Gafford shooting foul,51,69,3,3rd Quarter,10:40,FALSE,0,6,4278049,,,2026-02-11T03:20:23Z,FALSE,26,5,0,Foul,2026,2,21,Phoenix,Suns,PHX,Phoenix,6,Dallas,Mavericks,DAL,Dallas,2.5,TRUE,FALSE,2.5,3,10:40,10,40,FALSE,FALSE,2,2,3,2,640,1360,1360,640,1360,1360,3,3,2,-36.75,1,2026-02-10,2026-02-11T02:00:00Z,
254,401810628358,358,97,Free Throw - 1 of 1,Devin Booker makes free throw 1 of 1,51,70,3,3rd Quarter,10:40,TRUE,1,21,3136193,,,2026-02-11T03:20:46Z,TRUE,25,13.75,1,+1 Point,2026,2,21,Phoenix,Suns,PHX,Phoenix,6,Dallas,Mavericks,DAL,Dallas,2.5,TRUE,FALSE,2.5,3,10:40,10,40,FALSE,FALSE,2,2,3,2,640,1360,1360,629,1349,1349,3,3,2,28,-0,2026-02-10,2026-02-11T02:00:00Z,
255,401810628359,359,24,Offensive Charge,Daniel Gafford offensive charge,51,70,3,3rd Quarter,10:29,FALSE,0,6,4278049,,,2026-02-11T03:21:01Z,FALSE,35,7,0,Foul,2026,2,21,Phoenix,Suns,PHX,Phoenix,6,Dallas,Mavericks,DAL,Dallas,2.5,TRUE,FALSE,2.5,3,10:29,10,29,FALSE,FALSE,2,2,3,2,629,1349,1349,629,1349,1349,3,3,2,-34.75,10,2026-02-10,2026-02-11T02:00:00Z,
256,401810628361,361,84,Offensive Foul Turnover,Daniel Gafford offensive foul turnover,51,70,3,3rd Quarter,10:29,FALSE,0,6,4278049,,,2026-02-11T03:21:01Z,FALSE,35,7,0,Turnover,2026,2,21,Phoenix,Suns,PHX,Phoenix,6,Dallas,Mavericks,DAL,Dallas,2.5,TRUE,FALSE,2.5,3,10:29,10,29,FALSE,FALSE,2,2,3,2,629,1349,1349,629,1349,1349,3,3,2,-34.75,10,2026-02-10,2026-02-11T02:00:00Z,
257,401810628362,362,584,Substitution,Marvin Bagley III enters the game for Daniel Gafford,51,70,3,3rd Quarter,10:29,FALSE,0,6,4277848,4278049,,2026-02-11T03:21:13Z,FALSE,-214748340,-214748365,0,Substitution,2026,2,21,Phoenix,Suns,PHX,Phoenix,6,Dallas,Mavericks,DAL,Dallas,2.5,TRUE,FALSE,2.5,3,10:29,10,29,FALSE,FALSE,2,2,3,2,629,1349,1349,610,1330,1330,3,3,2,-214748406.75,-214748365,2026-02-10,2026-02-11T02:00:00Z,
258,401810628364,364,131,Pullup Jump Shot,Dillon Brooks misses 25-foot three point pullup jump shot,51,70,3,3rd Quarter,10:10,FALSE,0,21,3155526,,,2026-02-11T03:21:38Z,TRUE,7,19,3,Missed 3PT,2026,2,21,Phoenix,Suns,PHX,Phoenix,6,Dallas,Mavericks,DAL,Dallas,2.5,TRUE,FALSE,2.5,3,10:10,10,10,FALSE,FALSE,2,2,3,2,610,1330,1330,608,1328,1328,3,3,2,22.75,18,2026-02-10,2026-02-11T02:00:00Z,
259,401810628365,365,155,Defensive Rebound,Mavericks defensive team rebound,51,70,3,3rd Quarter,10:08,FALSE,0,6,,,,2026-02-11T03:21:40Z,FALSE,7,19,0,Rebound,2026,2,21,Phoenix,Suns,PHX,Phoenix,6,Dallas,Mavericks,DAL,Dallas,2.5,TRUE,FALSE,2.5,3,10:08,10,8,FALSE,FALSE,2,2,3,2,608,1328,1328,597,1317,1317,3,3,2,-22.75,-18,2026-02-10,2026-02-11T02:00:00Z,
260,401810628367,367,62,"Bad Pass
Turnover","Cooper Flagg bad pass
turnover (Royce O'Neale steals)",51,70,3,3rd Quarter,9:57,FALSE,0,6,5041939,2583632,,2026-02-11T03:21:56Z,FALSE,31,12,0,Turnover,2026,2,21,Phoenix,Suns,PHX,Phoenix,6,Dallas,Mavericks,DAL,Dallas,2.5,TRUE,FALSE,2.5,3,9:57,9,57,FALSE,FALSE,2,2,3,2,597,1317,1317,592,1312,1312,3,3,2,-29.75,6,2026-02-10,2026-02-11T02:00:00Z,
261,401810628369,369,113,Running Jump Shot,Collin Gillespie misses 26-foot running jump shot,51,70,3,3rd Quarter,9:52,FALSE,0,21,4278585,,,2026-02-11T03:22:01Z,TRUE,5,18,3,Missed 3PT,2026,2,21,Phoenix,Suns,PHX,Phoenix,6,Dallas,Mavericks,DAL,Dallas,2.5,TRUE,FALSE,2.5,3,9:52,9,52,FALSE,FALSE,2,2,3,2,592,1312,1312,588,1308,1308,3,3,2,23.75,20,2026-02-10,2026-02-11T02:00:00Z,
262,401810628370,370,156,Offensive Rebound,Royce O'Neale offensive rebound,51,70,3,3rd Quarter,9:48,FALSE,0,21,2583632,,,2026-02-11T03:22:05Z,FALSE,5,18,0,Rebound,2026,2,21,Phoenix,Suns,PHX,Phoenix,6,Dallas,Mavericks,DAL,Dallas,2.5,TRUE,FALSE,2.5,3,9:48,9,48,FALSE,FALSE,2,2,3,2,588,1308,1308,588,1308,1308,3,3,2,23.75,20,2026-02-10,2026-02-11T02:00:00Z,
263,401810628371,371,92,Jump Shot,Dillon Brooks misses 25-foot three point jumper,51,70,3,3rd Quarter,9:48,FALSE,0,21,3155526,,,2026-02-11T03:22:05Z,TRUE,26,26,3,Missed 3PT,2026,2,21,Phoenix,Suns,PHX,Phoenix,6,Dallas,Mavericks,DAL,Dallas,2.5,TRUE,FALSE,2.5,3,9:48,9,48,FALSE,FALSE,2,2,3,2,588,1308,1308,584,1304,1304,3,3,2,15.75,-1,2026-02-10,2026-02-11T02:00:00Z,
264,401810628372,372,155,Defensive Rebound,P.J. Washington defensive rebound,51,70,3,3rd Quarter,9:44,FALSE,0,6,4278078,,,2026-02-11T03:22:09Z,FALSE,26,26,0,Rebound,2026,2,21,Phoenix,Suns,PHX,Phoenix,6,Dallas,Mavericks,DAL,Dallas,2.5,TRUE,FALSE,2.5,3,9:44,9,44,FALSE,FALSE,2,2,3,2,584,1304,1304,572,1292,1292,3,3,2,-15.75,1,2026-02-10,2026-02-11T02:00:00Z,
265,401810628373,373,42,Offensive Foul,Marvin Bagley III offensive foul,51,70,3,3rd Quarter,9:32,FALSE,0,6,4277848,,,2026-02-11T03:22:25Z,FALSE,23,19,0,Foul,2026,2,21,Phoenix,Suns,PHX,Phoenix,6,Dallas,Mavericks,DAL,Dallas,2.5,TRUE,FALSE,2.5,3,9:32,9,32,FALSE,FALSE,2,2,3,2,572,1292,1292,572,1292,1292,3,3,2,-22.75,-2,2026-02-10,2026-02-11T02:00:00Z,
266,401810628375,375,84,Offensive Foul Turnover,Marvin Bagley III offensive foul turnover,51,70,3,3rd Quarter,9:32,FALSE,0,6,4277848,,,2026-02-11T03:22:25Z,FALSE,23,19,0,Turnover,2026,2,21,Phoenix,Suns,PHX,Phoenix,6,Dallas,Mavericks,DAL,Dallas,2.5,TRUE,FALSE,2.5,3,9:32,9,32,FALSE,FALSE,2,2,3,2,572,1292,1292,564,1284,1284,3,3,2,-22.75,-2,2026-02-10,2026-02-11T02:00:00Z,
267,401810628376,376,120,Turnaround Hook Shot,Mark Williams makes 9-foot two point shot (Collin Gillespie assists),51,72,3,3rd Quarter,9:24,TRUE,2,21,4701232,4278585,,2026-02-11T03:22:51Z,TRUE,32,7,2,+2 Points,2026,2,21,Phoenix,Suns,PHX,Phoenix,6,Dallas,Mavericks,DAL,Dallas,2.5,TRUE,FALSE,2.5,3,9:24,9,24,FALSE,FALSE,2,2,3,2,564,1284,1284,562,1282,1282,3,3,2,34.75,-7,2026-02-10,2026-02-11T02:00:00Z,
268,401810628378,378,16,Full Timeout,Mavericks Full timeout,51,72,3,3rd Quarter,9:22,FALSE,0,6,,,,2026-02-11T03:22:57Z,FALSE,-214748340,-214748365,0,Timeout,2026,2,21,Phoenix,Suns,PHX,Phoenix,6,Dallas,Mavericks,DAL,Dallas,2.5,TRUE,FALSE,2.5,3,9:22,9,22,FALSE,FALSE,2,2,3,2,562,1282,1282,551,1271,1271,3,3,2,-214748406.75,-214748365,2026-02-10,2026-02-11T02:00:00Z,
269,401810628379,379,144,Driving Floating Jump Shot,Naji Marshall makes 10-foot driving floating jump shot,53,72,3,3rd Quarter,9:11,TRUE,2,6,4278594,,,2026-02-11T03:25:57Z,TRUE,25,11,2,+2 Points,2026,2,21,Phoenix,Suns,PHX,Phoenix,6,Dallas,Mavericks,DAL,Dallas,2.5,TRUE,FALSE,2.5,3,9:11,9,11,FALSE,FALSE,2,2,3,2,551,1271,1271,532,1252,1252,3,3,2,-30.75,0,2026-02-10,2026-02-11T02:00:00Z,
270,401810628380,380,131,Pullup Jump Shot,Dillon Brooks makes 17-foot pullup jump shot (Collin Gillespie assists),53,74,3,3rd Quarter,8:52,TRUE,2,21,3155526,4278585,,2026-02-11T03:26:15Z,TRUE,17,16,2,+2 Points,2026,2,21,Phoenix,Suns,PHX,Phoenix,6,Dallas,Mavericks,DAL,Dallas,2.5,TRUE,FALSE,2.5,3,8:52,8,52,FALSE,FALSE,2,2,3,2,532,1252,1252,520,1240,1240,3,3,2,25.75,8,2026-02-10,2026-02-11T02:00:00Z,
271,401810628382,382,92,Jump Shot,P.J. Washington misses 23-foot three point jumper,53,74,3,3rd Quarter,8:40,FALSE,0,6,4278078,,,2026-02-11T03:26:27Z,TRUE,2,2,3,Missed 3PT,2026,2,21,Phoenix,Suns,PHX,Phoenix,6,Dallas,Mavericks,DAL,Dallas,2.5,TRUE,FALSE,2.5,3,8:40,8,40,FALSE,FALSE,2,2,3,2,520,1240,1240,516,1236,1236,3,3,2,-39.75,-23,2026-02-10,2026-02-11T02:00:00Z,
272,401810628383,383,155,Defensive Rebound,Collin Gillespie defensive rebound,53,74,3,3rd Quarter,8:36,FALSE,0,21,4278585,,,2026-02-11T03:26:31Z,FALSE,2,2,0,Rebound,2026,2,21,Phoenix,Suns,PHX,Phoenix,6,Dallas,Mavericks,DAL,Dallas,2.5,TRUE,FALSE,2.5,3,8:36,8,36,FALSE,FALSE,2,2,3,2,516,1236,1236,504,1224,1224,3,3,2,39.75,23,2026-02-10,2026-02-11T02:00:00Z,
273,401810628384,384,131,Pullup Jump Shot,Max Christie blocks Devin Booker 's 9-foot pullup jump shot,53,74,3,3rd Quarter,8:24,FALSE,0,21,3136193,4432582,,2026-02-11T03:26:44Z,TRUE,16,2,2,Missed FG,2026,2,21,Phoenix,Suns,PHX,Phoenix,6,Dallas,Mavericks,DAL,Dallas,2.5,TRUE,FALSE,2.5,3,8:24,8,24,FALSE,FALSE,2,2,3,2,504,1224,1224,499,1219,1219,3,3,2,39.75,9,2026-02-10,2026-02-11T02:00:00Z,
274,401810628386,386,155,Defensive Rebound,Max Christie defensive rebound,53,74,3,3rd Quarter,8:19,FALSE,0,6,4432582,,,2026-02-11T03:26:49Z,FALSE,16,2,0,Rebound,2026,2,21,Phoenix,Suns,PHX,Phoenix,6,Dallas,Mavericks,DAL,Dallas,2.5,TRUE,FALSE,2.5,3,8:19,8,19,FALSE,FALSE,2,2,3,2,499,1219,1219,492,1212,1212,3,3,2,-39.75,-9,2026-02-10,2026-02-11T02:00:00Z,
275,401810628387,387,92,Jump Shot,P.J. Washington misses 23-foot three point jumper,53,74,3,3rd Quarter,8:12,FALSE,0,6,4278078,,,2026-02-11T03:26:56Z,TRUE,2,4,3,Missed 3PT,2026,2,21,Phoenix,Suns,PHX,Phoenix,6,Dallas,Mavericks,DAL,Dallas,2.5,TRUE,FALSE,2.5,3,8:12,8,12,FALSE,FALSE,2,2,3,2,492,1212,1212,488,1208,1208,3,3,2,-37.75,-23,2026-02-10,2026-02-11T02:00:00Z,
276,401810628388,388,155,Defensive Rebound,Mark Williams defensive rebound,53,74,3,3rd Quarter,8:08,FALSE,0,21,4701232,,,2026-02-11T03:27:00Z,FALSE,2,4,0,Rebound,2026,2,21,Phoenix,Suns,PHX,Phoenix,6,Dallas,Mavericks,DAL,Dallas,2.5,TRUE,FALSE,2.5,3,8:08,8,8,FALSE,FALSE,2,2,3,2,488,1208,1208,478,1198,1198,3,3,2,37.75,23,2026-02-10,2026-02-11T02:00:00Z,
277,401810628389,389,120,Turnaround Hook Shot,Mark Williams makes 8-foot two point shot (Dillon Brooks assists),53,76,3,3rd Quarter,7:58,TRUE,2,21,4701232,3155526,,2026-02-11T03:27:10Z,TRUE,31,7,2,+2 Points,2026,2,21,Phoenix,Suns,PHX,Phoenix,6,Dallas,Mavericks,DAL,Dallas,2.5,TRUE,FALSE,2.5,3,7:58,7,58,FALSE,FALSE,2,2,3,2,478,1198,1198,465,1185,1185,3,3,2,34.75,-6,2026-02-10,2026-02-11T02:00:00Z,
278,401810628391,391,110,Driving Layup Shot,Naji Marshall makes driving layup,55,76,3,3rd Quarter,7:45,TRUE,2,6,4278594,,,2026-02-11T03:27:24Z,TRUE,31,6,2,+2 Points,2026,2,21,Phoenix,Suns,PHX,Phoenix,6,Dallas,Mavericks,DAL,Dallas,2.5,TRUE,FALSE,2.5,3,7:45,7,45,FALSE,FALSE,2,2,3,2,465,1185,1185,465,1185,1185,3,3,2,-35.75,6,2026-02-10,2026-02-11T02:00:00Z,
279,401810628393,393,9,Defensive Goaltending,Mark Williams defensive goaltending violation,55,76,3,3rd Quarter,7:45,FALSE,0,21,4701232,,,2026-02-11T03:27:32Z,FALSE,-214748340,-214748365,0,Goaltending,2026,2,21,Phoenix,Suns,PHX,Phoenix,6,Dallas,Mavericks,DAL,Dallas,2.5,TRUE,FALSE,2.5,3,7:45,7,45,FALSE,FALSE,2,2,3,2,465,1185,1185,446,1166,1166,3,3,2,214748406.75,214748365,2026-02-10,2026-02-11T02:00:00Z,
280,401810628394,394,133,Pullup Bank Jump Shot,Devin Booker makes 8-foot two point shot,55,78,3,3rd Quarter,7:26,TRUE,2,21,3136193,,,2026-02-11T03:27:57Z,TRUE,32,6,2,+2 Points,2026,2,21,Phoenix,Suns,PHX,Phoenix,6,Dallas,Mavericks,DAL,Dallas,2.5,TRUE,FALSE,2.5,3,7:26,7,26,FALSE,FALSE,2,2,3,2,446,1166,1166,434,1154,1154,3,3,2,35.75,-7,2026-02-10,2026-02-11T02:00:00Z,
281,401810628395,395,110,Driving Layup Shot,Cooper Flagg makes driving layup,57,78,3,3rd Quarter,7:14,TRUE,2,6,5041939,,,2026-02-11T03:28:08Z,TRUE,27,6,2,+2 Points,2026,2,21,Phoenix,Suns,PHX,Phoenix,6,Dallas,Mavericks,DAL,Dallas,2.5,TRUE,FALSE,2.5,3,7:14,7,14,FALSE,FALSE,2,2,3,2,434,1154,1154,415,1135,1135,3,3,2,-35.75,2,2026-02-10,2026-02-11T02:00:00Z,
282,401810628396,396,92,Jump Shot,Royce O'Neale makes 24-foot three point jumper (Devin Booker assists),57,81,3,3rd Quarter,6:55,TRUE,3,21,2583632,3136193,,2026-02-11T03:28:26Z,TRUE,49,2,3,+3 Points,2026,2,21,Phoenix,Suns,PHX,Phoenix,6,Dallas,Mavericks,DAL,Dallas,2.5,TRUE,FALSE,2.5,3,6:55,6,55,FALSE,FALSE,2,2,3,2,415,1135,1135,402,1122,1122,3,3,2,39.75,-24,2026-02-10,2026-02-11T02:00:00Z,
283,401810628398,398,144,Driving Floating Jump Shot,Naji Marshall misses driving floating jump shot,57,81,3,3rd Quarter,6:42,FALSE,0,6,4278594,,,2026-02-11T03:28:39Z,TRUE,25,11,2,Missed FG,2026,2,21,Phoenix,Suns,PHX,Phoenix,6,Dallas,Mavericks,DAL,Dallas,2.5,TRUE,FALSE,2.5,3,6:42,6,42,FALSE,FALSE,2,2,3,2,402,1122,1122,399,1119,1119,3,3,2,-30.75,0,2026-02-10,2026-02-11T02:00:00Z,
284,401810628399,399,156,Offensive Rebound,Naji Marshall offensive rebound,57,81,3,3rd Quarter,6:39,FALSE,0,6,4278594,,,2026-02-11T03:28:42Z,FALSE,25,11,0,Rebound,2026,2,21,Phoenix,Suns,PHX,Phoenix,6,Dallas,Mavericks,DAL,Dallas,2.5,TRUE,FALSE,2.5,3,6:39,6,39,FALSE,FALSE,2,2,3,2,399,1119,1119,397,1117,1117,3,3,2,-30.75,0,2026-02-10,2026-02-11T02:00:00Z,
285,401810628400,400,130,Floating Jump Shot,P.J. Washington misses 9-foot floating jump shot,57,81,3,3rd Quarter,6:37,FALSE,0,6,4278078,,,2026-02-11T03:28:45Z,TRUE,24,9,2,Missed FG,2026,2,21,Phoenix,Suns,PHX,Phoenix,6,Dallas,Mavericks,DAL,Dallas,2.5,TRUE,FALSE,2.5,3,6:37,6,37,FALSE,FALSE,2,2,3,2,397,1117,1117,394,1114,1114,3,3,2,-32.75,-1,2026-02-10,2026-02-11T02:00:00Z,
286,401810628401,401,155,Defensive Rebound,Mark Williams defensive rebound,57,81,3,3rd Quarter,6:34,FALSE,0,21,4701232,,,2026-02-11T03:28:48Z,FALSE,24,9,0,Rebound,2026,2,21,Phoenix,Suns,PHX,Phoenix,6,Dallas,Mavericks,DAL,Dallas,2.5,TRUE,FALSE,2.5,3,6:34,6,34,FALSE,FALSE,2,2,3,2,394,1114,1114,391,1111,1111,3,3,2,32.75,1,2026-02-10,2026-02-11T02:00:00Z,
287,401810628402,402,63,Lost Ball Turnover,Collin Gillespie lost ball turnover (Cooper Flagg steals),57,81,3,3rd Quarter,6:31,FALSE,0,21,4278585,5041939,,2026-02-11T03:28:50Z,FALSE,26,37,0,Turnover,2026,2,21,Phoenix,Suns,PHX,Phoenix,6,Dallas,Mavericks,DAL,Dallas,2.5,TRUE,FALSE,2.5,3,6:31,6,31,FALSE,FALSE,2,2,3,2,391,1111,1111,388,1108,1108,3,3,2,4.75,-1,2026-02-10,2026-02-11T02:00:00Z,
288,401810628404,404,149,Running Alley Oop Dunk Shot,Marvin Bagley III makes 1-foot dunk (Cooper Flagg assists),59,81,3,3rd Quarter,6:28,TRUE,2,6,4277848,5041939,,2026-02-11T03:28:54Z,TRUE,25,1,2,+2 Points,2026,2,21,Phoenix,Suns,PHX,Phoenix,6,Dallas,Mavericks,DAL,Dallas,2.5,TRUE,FALSE,2.5,3,6:28,6,28,FALSE,FALSE,2,2,3,2,388,1108,1108,377,1097,1097,3,3,2,-40.75,0,2026-02-10,2026-02-11T02:00:00Z,
289,401810628406,406,131,Pullup Jump Shot,Collin Gillespie misses 25-foot three point pullup jump shot,59,81,3,3rd Quarter,6:17,FALSE,0,21,4278585,,,2026-02-11T03:29:05Z,TRUE,10,21,3,Missed 3PT,2026,2,21,Phoenix,Suns,PHX,Phoenix,6,Dallas,Mavericks,DAL,Dallas,2.5,TRUE,FALSE,2.5,3,6:17,6,17,FALSE,FALSE,2,2,3,2,377,1097,1097,372,1092,1092,3,3,2,20.75,15,2026-02-10,2026-02-11T02:00:00Z,
290,401810628407,407,155,Defensive Rebound,Max Christie defensive rebound,59,81,3,3rd Quarter,6:12,FALSE,0,6,4432582,,,2026-02-11T03:29:10Z,FALSE,10,21,0,Rebound,2026,2,21,Phoenix,Suns,PHX,Phoenix,6,Dallas,Mavericks,DAL,Dallas,2.5,TRUE,FALSE,2.5,3,6:12,6,12,FALSE,FALSE,2,2,3,2,372,1092,1092,363,1083,1083,3,3,2,-20.75,-15,2026-02-10,2026-02-11T02:00:00Z,
291,401810628408,408,90,Out of Bounds - Bad Pass Turnover,Cooper Flagg out of bounds bad pass turnover,59,81,3,3rd Quarter,6:03,FALSE,0,6,5041939,,,2026-02-11T03:29:19Z,FALSE,29,20,0,Turnover,2026,2,21,Phoenix,Suns,PHX,Phoenix,6,Dallas,Mavericks,DAL,Dallas,2.5,TRUE,FALSE,2.5,3,6:03,6,3,FALSE,FALSE,2,2,3,2,363,1083,1083,363,1083,1083,3,3,2,-21.75,4,2026-02-10,2026-02-11T02:00:00Z,
292,401810628409,409,584,Substitution,Jalen Green enters the game for Collin Gillespie,59,81,3,3rd Quarter,6:03,FALSE,0,21,4437244,4278585,,2026-02-11T03:29:22Z,FALSE,-214748340,-214748365,0,Substitution,2026,2,21,Phoenix,Suns,PHX,Phoenix,6,Dallas,Mavericks,DAL,Dallas,2.5,TRUE,FALSE,2.5,3,6:03,6,3,FALSE,FALSE,2,2,3,2,363,1083,1083,363,1083,1083,3,3,2,214748406.75,214748365,2026-02-10,2026-02-11T02:00:00Z,
293,401810628410,410,584,Substitution,Khris Middleton enters the game for Max Christie,59,81,3,3rd Quarter,6:03,FALSE,0,6,6609,4432582,,2026-02-11T03:29:22Z,FALSE,-214748340,-214748365,0,Substitution,2026,2,21,Phoenix,Suns,PHX,Phoenix,6,Dallas,Mavericks,DAL,Dallas,2.5,TRUE,FALSE,2.5,3,6:03,6,3,FALSE,FALSE,2,2,3,2,363,1083,1083,363,1083,1083,3,3,2,-214748406.75,-214748365,2026-02-10,2026-02-11T02:00:00Z,
294,401810628411,411,584,Substitution,Brandon Williams enters the game for P.J. Washington,59,81,3,3rd Quarter,6:03,FALSE,0,6,4397040,4278078,,2026-02-11T03:29:22Z,FALSE,-214748340,-214748365,0,Substitution,2026,2,21,Phoenix,Suns,PHX,Phoenix,6,Dallas,Mavericks,DAL,Dallas,2.5,TRUE,FALSE,2.5,3,6:03,6,3,FALSE,FALSE,2,2,3,2,363,1083,1083,349,1069,1069,3,3,2,-214748406.75,-214748365,2026-02-10,2026-02-11T02:00:00Z,
295,401810628415,415,132,Step Back Jump Shot,Jalen Green misses 26-foot three point step back jumpshot,59,81,3,3rd Quarter,5:49,FALSE,0,21,4437244,,,2026-02-11T03:29:52Z,TRUE,20,27,3,Missed 3PT,2026,2,21,Phoenix,Suns,PHX,Phoenix,6,Dallas,Mavericks,DAL,Dallas,2.5,TRUE,FALSE,2.5,3,5:49,5,49,FALSE,FALSE,2,2,3,2,349,1069,1069,345,1065,1065,3,3,2,14.75,5,2026-02-10,2026-02-11T02:00:00Z,
296,401810628416,416,155,Defensive Rebound,Khris Middleton defensive rebound,59,81,3,3rd Quarter,5:45,FALSE,0,6,6609,,,2026-02-11T03:29:56Z,FALSE,20,27,0,Rebound,2026,2,21,Phoenix,Suns,PHX,Phoenix,6,Dallas,Mavericks,DAL,Dallas,2.5,TRUE,FALSE,2.5,3,5:45,5,45,FALSE,FALSE,2,2,3,2,345,1065,1065,345,1065,1065,3,3,2,-14.75,-5,2026-02-10,2026-02-11T02:00:00Z,
297,401810628417,417,44,Shooting Foul,Royce O'Neale shooting foul,59,81,3,3rd Quarter,5:45,FALSE,0,21,2583632,,,2026-02-11T03:29:56Z,FALSE,25,2,0,Foul,2026,2,21,Phoenix,Suns,PHX,Phoenix,6,Dallas,Mavericks,DAL,Dallas,2.5,TRUE,FALSE,2.5,3,5:45,5,45,FALSE,FALSE,2,2,3,2,345,1065,1065,345,1065,1065,3,3,2,39.75,-0,2026-02-10,2026-02-11T02:00:00Z,
298,401810628419,419,98,Free Throw - 1 of 2,Cooper Flagg makes free throw 1 of 2,60,81,3,3rd Quarter,5:45,TRUE,1,6,5041939,,,2026-02-11T03:30:32Z,TRUE,25,13.75,1,+1 Point,2026,2,21,Phoenix,Suns,PHX,Phoenix,6,Dallas,Mavericks,DAL,Dallas,2.5,TRUE,FALSE,2.5,3,5:45,5,45,FALSE,FALSE,2,2,3,2,345,1065,1065,345,1065,1065,3,3,2,-28,0,2026-02-10,2026-02-11T02:00:00Z,
299,401810628421,421,99,Free Throw - 2 of 2,Cooper Flagg makes free throw 2 of 2,61,81,3,3rd Quarter,5:45,TRUE,1,6,5041939,,,2026-02-11T03:30:32Z,TRUE,25,13.75,1,+1 Point,2026,2,21,Phoenix,Suns,PHX,Phoenix,6,Dallas,Mavericks,DAL,Dallas,2.5,TRUE,FALSE,2.5,3,5:45,5,45,FALSE,FALSE,2,2,3,2,345,1065,1065,330,1050,1050,3,3,2,-28,0,2026-02-10,2026-02-11T02:00:00Z,
300,401810628422,422,92,Jump Shot,Dillon Brooks misses 25-foot three point jumper,61,81,3,3rd Quarter,5:30,FALSE,0,21,3155526,,,2026-02-11T03:31:46Z,TRUE,21,26,3,Missed 3PT,2026,2,21,Phoenix,Suns,PHX,Phoenix,6,Dallas,Mavericks,DAL,Dallas,2.5,TRUE,FALSE,2.5,3,5:30,5,30,FALSE,FALSE,2,2,3,2,330,1050,1050,327,1047,1047,3,3,2,15.75,4,2026-02-10,2026-02-11T02:00:00Z,
301,401810628423,423,155,Defensive Rebound,Khris Middleton defensive rebound,61,81,3,3rd Quarter,5:27,FALSE,0,6,6609,,,2026-02-11T03:31:49Z,FALSE,21,26,0,Rebound,2026,2,21,Phoenix,Suns,PHX,Phoenix,6,Dallas,Mavericks,DAL,Dallas,2.5,TRUE,FALSE,2.5,3,5:27,5,27,FALSE,FALSE,2,2,3,2,327,1047,1047,323,1043,1043,3,3,2,-15.75,-4,2026-02-10,2026-02-11T02:00:00Z,
302,401810628424,424,109,Running Layup Shot,Cooper Flagg misses running layup,61,81,3,3rd Quarter,5:23,FALSE,0,6,5041939,,,2026-02-11T03:31:53Z,TRUE,21,2,2,Missed FG,2026,2,21,Phoenix,Suns,PHX,Phoenix,6,Dallas,Mavericks,DAL,Dallas,2.5,TRUE,FALSE,2.5,3,5:23,5,23,FALSE,FALSE,2,2,3,2,323,1043,1043,321,1041,1041,3,3,2,-39.75,-4,2026-02-10,2026-02-11T02:00:00Z,
303,401810628425,425,156,Offensive Rebound,Marvin Bagley III offensive rebound,61,81,3,3rd Quarter,5:21,FALSE,0,6,4277848,,,2026-02-11T03:31:55Z,FALSE,21,2,0,Rebound,2026,2,21,Phoenix,Suns,PHX,Phoenix,6,Dallas,Mavericks,DAL,Dallas,2.5,TRUE,FALSE,2.5,3,5:21,5,21,FALSE,FALSE,2,2,3,2,321,1041,1041,321,1041,1041,3,3,2,-39.75,-4,2026-02-10,2026-02-11T02:00:00Z,
304,401810628426,426,44,Shooting Foul,Dillon Brooks shooting foul,61,81,3,3rd Quarter,5:21,FALSE,0,21,3155526,,,2026-02-11T03:31:57Z,FALSE,24,0,0,Foul,2026,2,21,Phoenix,Suns,PHX,Phoenix,6,Dallas,Mavericks,DAL,Dallas,2.5,TRUE,FALSE,2.5,3,5:21,5,21,FALSE,FALSE,2,2,3,2,321,1041,1041,321,1041,1041,3,3,2,41.75,1,2026-02-10,2026-02-11T02:00:00Z,
305,401810628428,428,98,Free Throw - 1 of 2,Marvin Bagley III makes free throw 1 of 2,62,81,3,3rd Quarter,5:21,TRUE,1,6,4277848,,,2026-02-11T03:32:23Z,TRUE,25,13.75,1,+1 Point,2026,2,21,Phoenix,Suns,PHX,Phoenix,6,Dallas,Mavericks,DAL,Dallas,2.5,TRUE,FALSE,2.5,3,5:21,5,21,FALSE,FALSE,2,2,3,2,321,1041,1041,321,1041,1041,3,3,2,-28,0,2026-02-10,2026-02-11T02:00:00Z,
306,401810628429,429,584,Substitution,Oso Ighodaro enters the game for Royce O'Neale,62,81,3,3rd Quarter,5:21,FALSE,0,21,4601023,2583632,,2026-02-11T03:32:25Z,FALSE,-214748340,-214748365,0,Substitution,2026,2,21,Phoenix,Suns,PHX,Phoenix,6,Dallas,Mavericks,DAL,Dallas,2.5,TRUE,FALSE,2.5,3,5:21,5,21,FALSE,FALSE,2,2,3,2,321,1041,1041,321,1041,1041,3,3,2,214748406.75,214748365,2026-02-10,2026-02-11T02:00:00Z,
307,401810628430,430,584,Substitution,Jordan Goodwin enters the game for Mark Williams,62,81,3,3rd Quarter,5:21,FALSE,0,21,4278402,4701232,,2026-02-11T03:32:25Z,FALSE,-214748340,-214748365,0,Substitution,2026,2,21,Phoenix,Suns,PHX,Phoenix,6,Dallas,Mavericks,DAL,Dallas,2.5,TRUE,FALSE,2.5,3,5:21,5,21,FALSE,FALSE,2,2,3,2,321,1041,1041,321,1041,1041,3,3,2,214748406.75,214748365,2026-02-10,2026-02-11T02:00:00Z,
308,401810628433,433,99,Free Throw - 2 of 2,Marvin Bagley III misses free throw 2 of 2,62,81,3,3rd Quarter,5:21,FALSE,0,6,4277848,,,2026-02-11T03:32:23Z,TRUE,25,13.75,1,Missed FT,2026,2,21,Phoenix,Suns,PHX,Phoenix,6,Dallas,Mavericks,DAL,Dallas,2.5,TRUE,FALSE,2.5,3,5:21,5,21,FALSE,FALSE,2,2,3,2,321,1041,1041,319,1039,1039,3,3,2,-28,0,2026-02-10,2026-02-11T02:00:00Z,
309,401810628434,434,155,Defensive Rebound,Jordan Goodwin defensive rebound,62,81,3,3rd Quarter,5:19,FALSE,0,21,4278402,,,2026-02-11T03:32:25Z,FALSE,-214748340,-214748365,0,Rebound,2026,2,21,Phoenix,Suns,PHX,Phoenix,6,Dallas,Mavericks,DAL,Dallas,2.5,TRUE,FALSE,2.5,3,5:19,5,19,FALSE,FALSE,2,2,3,2,319,1039,1039,310,1030,1030,3,3,2,214748406.75,214748365,2026-02-10,2026-02-11T02:00:00Z,
310,401810628435,435,110,Driving Layup Shot,Devin Booker makes driving layup,62,83,3,3rd Quarter,5:10,TRUE,2,21,3136193,,,2026-02-11T03:32:56Z,TRUE,23,0,2,+2 Points,2026,2,21,Phoenix,Suns,PHX,Phoenix,6,Dallas,Mavericks,DAL,Dallas,2.5,TRUE,FALSE,2.5,3,5:10,5,10,FALSE,FALSE,2,2,3,2,310,1030,1030,290,1010,1010,3,3,2,41.75,2,2026-02-10,2026-02-11T02:00:00Z,
311,401810628437,437,62,"Bad Pass
Turnover","Brandon Williams bad pass
turnover (Devin Booker steals)",62,83,3,3rd Quarter,4:50,FALSE,0,6,4397040,3136193,,2026-02-11T03:34:00Z,FALSE,37,1,0,Turnover,2026,2,21,Phoenix,Suns,PHX,Phoenix,6,Dallas,Mavericks,DAL,Dallas,2.5,TRUE,FALSE,2.5,3,4:50,4,50,FALSE,FALSE,2,2,3,2,290,1010,1010,269,989,989,3,3,2,-40.75,12,2026-02-10,2026-02-11T02:00:00Z,
312,401810628439,439,132,Step Back Jump Shot,Dillon Brooks misses 15-foot step back jumpshot,62,83,3,3rd Quarter,4:29,FALSE,0,21,3155526,,,2026-02-11T03:34:21Z,TRUE,25,16,2,Missed FG,2026,2,21,Phoenix,Suns,PHX,Phoenix,6,Dallas,Mavericks,DAL,Dallas,2.5,TRUE,FALSE,2.5,3,4:29,4,29,FALSE,FALSE,2,2,3,2,269,989,989,265,985,985,3,3,2,25.75,-0,2026-02-10,2026-02-11T02:00:00Z,
313,401810628440,440,155,Defensive Rebound,Brandon Williams defensive rebound,62,83,3,3rd Quarter,4:25,FALSE,0,6,4397040,,,2026-02-11T03:34:25Z,FALSE,25,16,0,Rebound,2026,2,21,Phoenix,Suns,PHX,Phoenix,6,Dallas,Mavericks,DAL,Dallas,2.5,TRUE,FALSE,2.5,3,4:25,4,25,FALSE,FALSE,2,2,3,2,265,985,985,263,983,983,3,3,2,-25.75,0,2026-02-10,2026-02-11T02:00:00Z,
314,401810628441,441,109,Running Layup Shot,Naji Marshall makes running layup (Brandon Williams assists),64,83,3,3rd Quarter,4:23,TRUE,2,6,4278594,4397040,,2026-02-11T03:34:27Z,TRUE,27,2,2,+2 Points,2026,2,21,Phoenix,Suns,PHX,Phoenix,6,Dallas,Mavericks,DAL,Dallas,2.5,TRUE,FALSE,2.5,3,4:23,4,23,FALSE,FALSE,2,2,3,2,263,983,983,246,966,966,3,3,2,-39.75,2,2026-02-10,2026-02-11T02:00:00Z,
315,401810628443,443,131,Pullup Jump Shot,Devin Booker makes 29-foot three pointer,64,86,3,3rd Quarter,4:06,TRUE,3,21,3136193,,,2026-02-11T03:34:44Z,TRUE,37,27,3,+3 Points,2026,2,21,Phoenix,Suns,PHX,Phoenix,6,Dallas,Mavericks,DAL,Dallas,2.5,TRUE,FALSE,2.5,3,4:06,4,6,FALSE,FALSE,2,2,3,2,246,966,966,226,946,946,3,3,2,14.75,-12,2026-02-10,2026-02-11T02:00:00Z,
316,401810628444,444,144,Driving Floating Jump Shot,Naji Marshall makes 9-foot driving floating jump shot (Marvin Bagley III assists),66,86,3,3rd Quarter,3:46,TRUE,2,6,4278594,4277848,,2026-02-11T03:35:04Z,TRUE,34,0,2,+2 Points,2026,2,21,Phoenix,Suns,PHX,Phoenix,6,Dallas,Mavericks,DAL,Dallas,2.5,TRUE,FALSE,2.5,3,3:46,3,46,FALSE,FALSE,2,2,3,2,226,946,946,215,935,935,3,3,2,-41.75,9,2026-02-10,2026-02-11T02:00:00Z,
317,401810628446,446,92,Jump Shot,Dillon Brooks misses 25-foot three point jumper,66,86,3,3rd Quarter,3:35,FALSE,0,21,3155526,,,2026-02-11T03:35:15Z,TRUE,5,17,3,Missed 3PT,2026,2,21,Phoenix,Suns,PHX,Phoenix,6,Dallas,Mavericks,DAL,Dallas,2.5,TRUE,FALSE,2.5,3,3:35,3,35,FALSE,FALSE,2,2,3,2,215,935,935,212,932,932,3,3,2,24.75,20,2026-02-10,2026-02-11T02:00:00Z,
318,401810628447,447,156,Offensive Rebound,Oso Ighodaro offensive rebound,66,86,3,3rd Quarter,3:32,FALSE,0,21,4601023,,,2026-02-11T03:35:18Z,FALSE,5,17,0,Rebound,2026,2,21,Phoenix,Suns,PHX,Phoenix,6,Dallas,Mavericks,DAL,Dallas,2.5,TRUE,FALSE,2.5,3,3:32,3,32,FALSE,FALSE,2,2,3,2,212,932,932,208,928,928,3,3,2,24.75,20,2026-02-10,2026-02-11T02:00:00Z,
319,401810628448,448,110,Driving Layup Shot,Dillon Brooks misses driving layup,66,86,3,3rd Quarter,3:28,FALSE,0,21,3155526,,,2026-02-11T03:35:22Z,TRUE,27,2,2,Missed FG,2026,2,21,Phoenix,Suns,PHX,Phoenix,6,Dallas,Mavericks,DAL,Dallas,2.5,TRUE,FALSE,2.5,3,3:28,3,28,FALSE,FALSE,2,2,3,2,208,928,928,204,924,924,3,3,2,39.75,-2,2026-02-10,2026-02-11T02:00:00Z,
320,401810628449,449,156,Offensive Rebound,Oso Ighodaro offensive rebound,66,86,3,3rd Quarter,3:24,FALSE,0,21,4601023,,,2026-02-11T03:35:26Z,FALSE,27,2,0,Rebound,2026,2,21,Phoenix,Suns,PHX,Phoenix,6,Dallas,Mavericks,DAL,Dallas,2.5,TRUE,FALSE,2.5,3,3:24,3,24,FALSE,FALSE,2,2,3,2,204,924,924,204,924,924,3,3,2,39.75,-2,2026-02-10,2026-02-11T02:00:00Z,
321,401810628450,450,94,Tip Shot,Oso Ighodaro makes tip shot,66,88,3,3rd Quarter,3:24,TRUE,2,21,4601023,,,2026-02-11T03:35:25Z,TRUE,25,0,2,+2 Points,2026,2,21,Phoenix,Suns,PHX,Phoenix,6,Dallas,Mavericks,DAL,Dallas,2.5,TRUE,FALSE,2.5,3,3:24,3,24,FALSE,FALSE,2,2,3,2,204,924,924,189,909,909,3,3,2,41.75,-0,2026-02-10,2026-02-11T02:00:00Z,
322,401810628451,451,44,Shooting Foul,Oso Ighodaro shooting foul,66,88,3,3rd Quarter,3:09,FALSE,0,21,4601023,,,2026-02-11T03:35:42Z,FALSE,28,26,0,Foul,2026,2,21,Phoenix,Suns,PHX,Phoenix,6,Dallas,Mavericks,DAL,Dallas,2.5,TRUE,FALSE,2.5,3,3:09,3,9,FALSE,FALSE,2,2,3,2,189,909,909,189,909,909,3,3,2,15.75,-3,2026-02-10,2026-02-11T02:00:00Z,
323,401810628453,453,100,Free Throw - 1 of 3,Cooper Flagg makes free throw 1 of 3,67,88,3,3rd Quarter,3:09,TRUE,1,6,5041939,,,2026-02-11T03:36:12Z,TRUE,25,13.75,1,+1 Point,2026,2,21,Phoenix,Suns,PHX,Phoenix,6,Dallas,Mavericks,DAL,Dallas,2.5,TRUE,FALSE,2.5,3,3:09,3,9,FALSE,FALSE,2,2,3,2,189,909,909,189,909,909,3,3,2,-28,0,2026-02-10,2026-02-11T02:00:00Z,
324,401810628454,454,101,Free Throw - 2 of 3,Cooper Flagg makes free throw 2 of 3,68,88,3,3rd Quarter,3:09,TRUE,1,6,5041939,,,2026-02-11T03:36:12Z,TRUE,25,13.75,1,+1 Point,2026,2,21,Phoenix,Suns,PHX,Phoenix,6,Dallas,Mavericks,DAL,Dallas,2.5,TRUE,FALSE,2.5,3,3:09,3,9,FALSE,FALSE,2,2,3,2,189,909,909,189,909,909,3,3,2,-28,0,2026-02-10,2026-02-11T02:00:00Z,
325,401810628463,463,102,Free Throw - 3 of 3,Cooper Flagg makes free throw 3 of 3,69,88,3,3rd Quarter,3:09,TRUE,1,6,5041939,,,2026-02-11T03:36:12Z,TRUE,25,13.75,1,+1 Point,2026,2,21,Phoenix,Suns,PHX,Phoenix,6,Dallas,Mavericks,DAL,Dallas,2.5,TRUE,FALSE,2.5,3,3:09,3,9,FALSE,FALSE,2,2,3,2,189,909,909,189,909,909,3,3,2,-28,0,2026-02-10,2026-02-11T02:00:00Z,
326,401810628532,532,584,Substitution,Collin Gillespie enters the game for Devin Booker,69,88,3,3rd Quarter,3:09,FALSE,0,21,4278585,3136193,,2026-02-11T03:36:42Z,FALSE,-214748340,-214748365,0,Substitution,2026,2,21,Phoenix,Suns,PHX,Phoenix,6,Dallas,Mavericks,DAL,Dallas,2.5,TRUE,FALSE,2.5,3,3:09,3,9,FALSE,FALSE,2,2,3,2,189,909,909,189,909,909,3,3,2,214748406.75,214748365,2026-02-10,2026-02-11T02:00:00Z,
327,401810628533,533,584,Substitution,Ryan Dunn enters the game for Dillon Brooks,69,88,3,3rd Quarter,3:09,FALSE,0,21,4888725,3155526,,2026-02-11T03:36:42Z,FALSE,-214748340,-214748365,0,Substitution,2026,2,21,Phoenix,Suns,PHX,Phoenix,6,Dallas,Mavericks,DAL,Dallas,2.5,TRUE,FALSE,2.5,3,3:09,3,9,FALSE,FALSE,2,2,3,2,189,909,909,189,909,909,3,3,2,214748406.75,214748365,2026-02-10,2026-02-11T02:00:00Z,
328,401810628534,534,584,Substitution,Dwight Powell enters the game for Naji Marshall,69,88,3,3rd Quarter,3:09,FALSE,0,6,2531367,4278594,,2026-02-11T03:36:42Z,FALSE,-214748340,-214748365,0,Substitution,2026,2,21,Phoenix,Suns,PHX,Phoenix,6,Dallas,Mavericks,DAL,Dallas,2.5,TRUE,FALSE,2.5,3,3:09,3,9,FALSE,FALSE,2,2,3,2,189,909,909,189,909,909,3,3,2,-214748406.75,-214748365,2026-02-10,2026-02-11T02:00:00Z,
329,401810628535,535,584,Substitution,Caleb Martin enters the game for Marvin Bagley III,69,88,3,3rd Quarter,3:09,FALSE,0,6,3138160,4277848,,2026-02-11T03:36:42Z,FALSE,-214748340,-214748365,0,Substitution,2026,2,21,Phoenix,Suns,PHX,Phoenix,6,Dallas,Mavericks,DAL,Dallas,2.5,TRUE,FALSE,2.5,3,3:09,3,9,FALSE,FALSE,2,2,3,2,189,909,909,175,895,895,3,3,2,-214748406.75,-214748365,2026-02-10,2026-02-11T02:00:00Z,
330,401810628464,464,131,Pullup Jump Shot,Jalen Green makes 26-foot three pointer (Collin Gillespie assists),69,91,3,3rd Quarter,2:55,TRUE,3,21,4437244,4278585,,2026-02-11T03:37:12Z,TRUE,36,24,3,+3 Points,2026,2,21,Phoenix,Suns,PHX,Phoenix,6,Dallas,Mavericks,DAL,Dallas,2.5,TRUE,FALSE,2.5,3,2:55,2,55,FALSE,FALSE,2,2,3,2,175,895,895,157,877,877,3,3,2,17.75,-11,2026-02-10,2026-02-11T02:00:00Z,
331,401810628466,466,131,Pullup Jump Shot,Khris Middleton makes 19-foot pullup jump shot (Dwight Powell assists),71,91,3,3rd Quarter,2:37,TRUE,2,6,6609,2531367,,2026-02-11T03:37:29Z,TRUE,36,17,2,+2 Points,2026,2,21,Phoenix,Suns,PHX,Phoenix,6,Dallas,Mavericks,DAL,Dallas,2.5,TRUE,FALSE,2.5,3,2:37,2,37,FALSE,FALSE,2,2,3,2,157,877,877,146,866,866,3,3,2,-24.75,11,2026-02-10,2026-02-11T02:00:00Z,
332,401810628468,468,63,Lost Ball Turnover,Jalen Green lost ball turnover (Dwight Powell steals),71,91,3,3rd Quarter,2:26,FALSE,0,21,4437244,2531367,,2026-02-11T03:37:41Z,FALSE,18,4,0,Turnover,2026,2,21,Phoenix,Suns,PHX,Phoenix,6,Dallas,Mavericks,DAL,Dallas,2.5,TRUE,FALSE,2.5,3,2:26,2,26,FALSE,FALSE,2,2,3,2,146,866,866,142,862,862,3,3,2,37.75,7,2026-02-10,2026-02-11T02:00:00Z,
333,401810628470,470,109,Running Layup Shot,Cooper Flagg misses running layup,71,91,3,3rd Quarter,2:22,FALSE,0,6,5041939,,,2026-02-11T03:37:45Z,TRUE,24,7,2,Missed FG,2026,2,21,Phoenix,Suns,PHX,Phoenix,6,Dallas,Mavericks,DAL,Dallas,2.5,TRUE,FALSE,2.5,3,2:22,2,22,FALSE,FALSE,2,2,3,2,142,862,862,140,860,860,3,3,2,-34.75,-1,2026-02-10,2026-02-11T02:00:00Z,
334,401810628471,471,156,Offensive Rebound,Khris Middleton offensive rebound,71,91,3,3rd Quarter,2:20,FALSE,0,6,6609,,,2026-02-11T03:37:47Z,FALSE,24,7,0,Rebound,2026,2,21,Phoenix,Suns,PHX,Phoenix,6,Dallas,Mavericks,DAL,Dallas,2.5,TRUE,FALSE,2.5,3,2:20,2,20,FALSE,FALSE,2,2,3,2,140,860,860,140,860,860,3,3,2,-34.75,-1,2026-02-10,2026-02-11T02:00:00Z,
335,401810628472,472,45,Personal Foul,Jordan Goodwin personal foul,71,91,3,3rd Quarter,2:20,FALSE,0,21,4278402,,,2026-02-11T03:37:50Z,FALSE,30,4,0,Foul,2026,2,21,Phoenix,Suns,PHX,Phoenix,6,Dallas,Mavericks,DAL,Dallas,2.5,TRUE,FALSE,2.5,3,2:20,2,20,FALSE,FALSE,2,2,3,2,140,860,860,140,860,860,3,3,2,37.75,-5,2026-02-10,2026-02-11T02:00:00Z,
336,401810628474,474,16,Full Timeout,Suns Full timeout,71,91,3,3rd Quarter,2:20,FALSE,0,21,,,,2026-02-11T03:38:04Z,FALSE,-214748340,-214748365,0,Timeout,2026,2,21,Phoenix,Suns,PHX,Phoenix,6,Dallas,Mavericks,DAL,Dallas,2.5,TRUE,FALSE,2.5,3,2:20,2,20,FALSE,FALSE,2,2,3,2,140,860,860,140,860,860,3,3,2,214748406.75,214748365,2026-02-10,2026-02-11T02:00:00Z,
337,401810628475,475,584,Substitution,Max Christie enters the game for Cooper Flagg,71,91,3,3rd Quarter,2:20,FALSE,0,6,4432582,5041939,,2026-02-11T03:40:16Z,FALSE,-214748340,-214748365,0,Substitution,2026,2,21,Phoenix,Suns,PHX,Phoenix,6,Dallas,Mavericks,DAL,Dallas,2.5,TRUE,FALSE,2.5,3,2:20,2,20,FALSE,FALSE,2,2,3,2,140,860,860,140,860,860,3,3,2,-214748406.75,-214748365,2026-02-10,2026-02-11T02:00:00Z,
338,401810628477,477,98,Free Throw - 1 of 2,Khris Middleton makes free throw 1 of 2,72,91,3,3rd Quarter,2:20,TRUE,1,6,6609,,,2026-02-11T03:40:54Z,TRUE,25,13.75,1,+1 Point,2026,2,21,Phoenix,Suns,PHX,Phoenix,6,Dallas,Mavericks,DAL,Dallas,2.5,TRUE,FALSE,2.5,3,2:20,2,20,FALSE,FALSE,2,2,3,2,140,860,860,140,860,860,3,3,2,-28,0,2026-02-10,2026-02-11T02:00:00Z,
339,401810628478,478,99,Free Throw - 2 of 2,Khris Middleton makes free throw 2 of 2,73,91,3,3rd Quarter,2:20,TRUE,1,6,6609,,,2026-02-11T03:41:13Z,TRUE,25,13.75,1,+1 Point,2026,2,21,Phoenix,Suns,PHX,Phoenix,6,Dallas,Mavericks,DAL,Dallas,2.5,TRUE,FALSE,2.5,3,2:20,2,20,FALSE,FALSE,2,2,3,2,140,860,860,119,839,839,3,3,2,-28,0,2026-02-10,2026-02-11T02:00:00Z,
340,401810628479,479,92,Jump Shot,Ryan Dunn makes 25-foot three point jumper (Jalen Green assists),73,94,3,3rd Quarter,1:59,TRUE,3,21,4888725,4437244,,2026-02-11T03:41:36Z,TRUE,21,25,3,+3 Points,2026,2,21,Phoenix,Suns,PHX,Phoenix,6,Dallas,Mavericks,DAL,Dallas,2.5,TRUE,FALSE,2.5,3,1:59,1,59,FALSE,FALSE,2,2,3,2,119,839,839,103,823,823,3,3,2,16.75,4,2026-02-10,2026-02-11T02:00:00Z,
341,401810628481,481,44,Shooting Foul,Oso Ighodaro shooting foul,73,94,3,3rd Quarter,1:43,FALSE,0,21,4601023,,,2026-02-11T03:41:54Z,FALSE,30,6,0,Foul,2026,2,21,Phoenix,Suns,PHX,Phoenix,6,Dallas,Mavericks,DAL,Dallas,2.5,TRUE,FALSE,2.5,3,1:43,1,43,FALSE,FALSE,2,2,3,2,103,823,823,103,823,823,3,3,2,35.75,-5,2026-02-10,2026-02-11T02:00:00Z,
342,401810628483,483,98,Free Throw - 1 of 2,Brandon Williams misses free throw 1 of 2,73,94,3,3rd Quarter,1:43,FALSE,0,6,4397040,,,2026-02-11T03:42:21Z,TRUE,25,13.75,1,Missed FT,2026,2,21,Phoenix,Suns,PHX,Phoenix,6,Dallas,Mavericks,DAL,Dallas,2.5,TRUE,FALSE,2.5,3,1:43,1,43,FALSE,FALSE,2,2,3,2,103,823,823,103,823,823,3,3,2,-28,0,2026-02-10,2026-02-11T02:00:00Z,
343,401810628484,484,156,Offensive Rebound,Mavericks offensive team rebound,73,94,3,3rd Quarter,1:43,FALSE,0,6,,,,2026-02-11T03:42:21Z,FALSE,-214748340,-214748365,0,Rebound,2026,2,21,Phoenix,Suns,PHX,Phoenix,6,Dallas,Mavericks,DAL,Dallas,2.5,TRUE,FALSE,2.5,3,1:43,1,43,FALSE,FALSE,2,2,3,2,103,823,823,103,823,823,3,3,2,-214748406.75,-214748365,2026-02-10,2026-02-11T02:00:00Z,
344,401810628485,485,99,Free Throw - 2 of 2,Brandon Williams makes free throw 2 of 2,74,94,3,3rd Quarter,1:43,TRUE,1,6,4397040,,,2026-02-11T03:42:43Z,TRUE,25,13.75,1,+1 Point,2026,2,21,Phoenix,Suns,PHX,Phoenix,6,Dallas,Mavericks,DAL,Dallas,2.5,TRUE,FALSE,2.5,3,1:43,1,43,FALSE,FALSE,2,2,3,2,103,823,823,85,805,805,3,3,2,-28,0,2026-02-10,2026-02-11T02:00:00Z,
345,401810628486,486,118,Alley Oop Dunk Shot,Oso Ighodaro makes 1-foot alley oop dunk (Ryan Dunn assists),74,96,3,3rd Quarter,1:25,TRUE,2,21,4601023,4888725,,2026-02-11T03:43:05Z,TRUE,26,-1,2,+2 Points,2026,2,21,Phoenix,Suns,PHX,Phoenix,6,Dallas,Mavericks,DAL,Dallas,2.5,TRUE,FALSE,2.5,3,1:25,1,25,FALSE,FALSE,2,2,3,2,85,805,805,74,794,794,3,3,2,42.75,-1,2026-02-10,2026-02-11T02:00:00Z,
346,401810628488,488,92,Jump Shot,Brandon Williams misses 26-foot three point jumper,74,96,3,3rd Quarter,1:14,FALSE,0,6,4397040,,,2026-02-11T03:43:22Z,TRUE,15,25,3,Missed 3PT,2026,2,21,Phoenix,Suns,PHX,Phoenix,6,Dallas,Mavericks,DAL,Dallas,2.5,TRUE,FALSE,2.5,3,1:14,1,14,FALSE,FALSE,2,2,3,2,74,794,794,71,791,791,3,3,2,-16.75,-10,2026-02-10,2026-02-11T02:00:00Z,
347,401810628489,489,155,Defensive Rebound,Ryan Dunn defensive rebound,74,96,3,3rd Quarter,1:11,FALSE,0,21,4888725,,,2026-02-11T03:43:25Z,FALSE,15,25,0,Rebound,2026,2,21,Phoenix,Suns,PHX,Phoenix,6,Dallas,Mavericks,DAL,Dallas,2.5,TRUE,FALSE,2.5,3,1:11,1,11,FALSE,FALSE,2,2,3,2,71,791,791,62,782,782,3,3,2,16.75,10,2026-02-10,2026-02-11T02:00:00Z,
348,401810628490,490,131,Pullup Jump Shot,Collin Gillespie misses 11-foot pullup jump shot,74,96,3,3rd Quarter,1:02,FALSE,0,21,4278585,,,2026-02-11T03:43:34Z,TRUE,22,11,2,Missed FG,2026,2,21,Phoenix,Suns,PHX,Phoenix,6,Dallas,Mavericks,DAL,Dallas,2.5,TRUE,FALSE,2.5,3,1:02,1,2,FALSE,FALSE,2,2,3,2,62,782,782,58,778,778,3,3,2,30.75,3,2026-02-10,2026-02-11T02:00:00Z,
349,401810628491,491,155,Defensive Rebound,Khris Middleton defensive rebound,74,96,3,3rd Quarter,0:58.0,FALSE,0,6,6609,,,2026-02-11T03:43:38Z,FALSE,22,11,0,Rebound,2026,2,21,Phoenix,Suns,PHX,Phoenix,6,Dallas,Mavericks,DAL,Dallas,2.5,TRUE,FALSE,2.5,3,0:58.0,0,58,FALSE,FALSE,2,2,3,2,58,778,778,55.1,775.1,775.1,3,3,2,-30.75,-3,2026-02-10,2026-02-11T02:00:00Z,
350,401810628492,492,45,Personal Foul,Jordan Goodwin personal foul,74,96,3,3rd Quarter,0:55.1,FALSE,0,21,4278402,,,2026-02-11T03:43:43Z,FALSE,4,25,0,Foul,2026,2,21,Phoenix,Suns,PHX,Phoenix,6,Dallas,Mavericks,DAL,Dallas,2.5,TRUE,FALSE,2.5,3,0:55.1,0,55.1,FALSE,FALSE,2,2,3,2,55.1,775.1,775.1,55.1,775.1,775.1,3,3,2,16.75,21,2026-02-10,2026-02-11T02:00:00Z,
351,401810628494,494,98,Free Throw - 1 of 2,Khris Middleton misses free throw 1 of 2,74,96,3,3rd Quarter,0:55.1,FALSE,0,6,6609,,,2026-02-11T03:44:11Z,TRUE,25,13.75,1,Missed FT,2026,2,21,Phoenix,Suns,PHX,Phoenix,6,Dallas,Mavericks,DAL,Dallas,2.5,TRUE,FALSE,2.5,3,0:55.1,0,55.1,FALSE,FALSE,2,2,3,2,55.1,775.1,775.1,55.1,775.1,775.1,3,3,2,-28,0,2026-02-10,2026-02-11T02:00:00Z,
352,401810628495,495,156,Offensive Rebound,Mavericks offensive team rebound,74,96,3,3rd Quarter,0:55.1,FALSE,0,6,,,,2026-02-11T03:44:11Z,FALSE,-214748340,-214748365,0,Rebound,2026,2,21,Phoenix,Suns,PHX,Phoenix,6,Dallas,Mavericks,DAL,Dallas,2.5,TRUE,FALSE,2.5,3,0:55.1,0,55.1,FALSE,FALSE,2,2,3,2,55.1,775.1,775.1,55.1,775.1,775.1,3,3,2,-214748406.75,-214748365,2026-02-10,2026-02-11T02:00:00Z,
353,401810628496,496,99,Free Throw - 2 of 2,Khris Middleton makes free throw 2 of 2,75,96,3,3rd Quarter,0:55.1,TRUE,1,6,6609,,,2026-02-11T03:44:26Z,TRUE,25,13.75,1,+1 Point,2026,2,21,Phoenix,Suns,PHX,Phoenix,6,Dallas,Mavericks,DAL,Dallas,2.5,TRUE,FALSE,2.5,3,0:55.1,0,55.1,FALSE,FALSE,2,2,3,2,55.1,775.1,775.1,30.9,750.9,750.9,3,3,2,-28,0,2026-02-10,2026-02-11T02:00:00Z,
354,401810628497,497,132,Step Back Jump Shot,Jordan Goodwin misses 27-foot three point step back jumpshot,75,96,3,3rd Quarter,0:30.9,FALSE,0,21,4278402,,,2026-02-11T03:44:53Z,TRUE,46,18,3,Missed 3PT,2026,2,21,Phoenix,Suns,PHX,Phoenix,6,Dallas,Mavericks,DAL,Dallas,2.5,TRUE,FALSE,2.5,3,0:30.9,0,30.9,FALSE,FALSE,2,2,3,2,30.9,750.9,750.9,27,747,747,3,3,2,23.75,-21,2026-02-10,2026-02-11T02:00:00Z,
355,401810628498,498,155,Defensive Rebound,Caleb Martin defensive rebound,75,96,3,3rd Quarter,0:27.0,FALSE,0,6,3138160,,,2026-02-11T03:44:57Z,FALSE,46,18,0,Rebound,2026,2,21,Phoenix,Suns,PHX,Phoenix,6,Dallas,Mavericks,DAL,Dallas,2.5,TRUE,FALSE,2.5,3,0:27.0,0,27,FALSE,FALSE,2,2,3,2,27,747,747,9.8,729.8,729.8,3,3,2,-23.75,21,2026-02-10,2026-02-11T02:00:00Z,
356,401810628499,499,42,Offensive Foul,Dwight Powell offensive foul,75,96,3,3rd Quarter,0:9.8,FALSE,0,6,2531367,,,2026-02-11T03:45:17Z,FALSE,24,25,0,Foul,2026,2,21,Phoenix,Suns,PHX,Phoenix,6,Dallas,Mavericks,DAL,Dallas,2.5,TRUE,FALSE,2.5,3,0:9.8,0,9.8,FALSE,FALSE,2,2,3,2,9.8,729.8,729.8,9.8,729.8,729.8,3,3,2,-16.75,-1,2026-02-10,2026-02-11T02:00:00Z,
357,401810628501,501,84,Offensive Foul Turnover,Dwight Powell offensive foul turnover,75,96,3,3rd Quarter,0:9.8,FALSE,0,6,2531367,,,2026-02-11T03:45:17Z,FALSE,24,25,0,Turnover,2026,2,21,Phoenix,Suns,PHX,Phoenix,6,Dallas,Mavericks,DAL,Dallas,2.5,TRUE,FALSE,2.5,3,0:9.8,0,9.8,FALSE,FALSE,2,2,3,2,9.8,729.8,729.8,3.5,723.5,723.5,3,3,2,-16.75,-1,2026-02-10,2026-02-11T02:00:00Z,
358,401810628502,502,62,"Bad Pass
Turnover","Collin Gillespie bad pass
turnover (Max Christie steals)",75,96,3,3rd Quarter,0:3.5,FALSE,0,21,4278585,4432582,,2026-02-11T03:45:36Z,FALSE,41,25,0,Turnover,2026,2,21,Phoenix,Suns,PHX,Phoenix,6,Dallas,Mavericks,DAL,Dallas,2.5,TRUE,FALSE,2.5,3,0:3.5,0,3.5,FALSE,FALSE,2,2,3,2,3.5,723.5,723.5,0,720,720,3,3,2,16.75,-16,2026-02-10,2026-02-11T02:00:00Z,
359,401810628504,504,131,Pullup Jump Shot,Max Christie misses 26-foot three point pullup jump shot,75,96,3,3rd Quarter,0:0.0,FALSE,0,6,4432582,,,2026-02-11T03:45:40Z,TRUE,29,27,3,Missed 3PT,2026,2,21,Phoenix,Suns,PHX,Phoenix,6,Dallas,Mavericks,DAL,Dallas,2.5,TRUE,FALSE,2.5,3,0:0.0,0,0,FALSE,FALSE,2,2,3,2,0,720,720,0,720,720,3,3,2,-14.75,4,2026-02-10,2026-02-11T02:00:00Z,
360,401810628505,505,156,Offensive Rebound,Mavericks offensive team rebound,75,96,3,3rd Quarter,0:0.0,FALSE,0,6,,,,2026-02-11T03:45:43Z,FALSE,29,27,0,Rebound,2026,2,21,Phoenix,Suns,PHX,Phoenix,6,Dallas,Mavericks,DAL,Dallas,2.5,TRUE,FALSE,2.5,3,0:0.0,0,0,FALSE,FALSE,2,2,3,2,0,720,720,0,720,720,3,3,2,-14.75,4,2026-02-10,2026-02-11T02:00:00Z,
361,401810628506,506,412,End Period,End of the 3rd Quarter,75,96,3,3rd Quarter,0:0.0,FALSE,0,,,,,2026-02-11T03:45:45Z,FALSE,-214748340,-214748365,0,End of 3rd,2026,2,21,Phoenix,Suns,PHX,Phoenix,6,Dallas,Mavericks,DAL,Dallas,2.5,TRUE,FALSE,2.5,3,0:0.0,0,0,FALSE,FALSE,2,2,4,2,0,720,720,720,720,720,3,3,2,-214748406.75,-214748365,2026-02-10,2026-02-11T02:00:00Z,
362,401810628507,507,584,Substitution,Tyus Jones enters the game for Dwight Powell,75,96,4,4th Quarter,12:00,FALSE,0,6,3135046,2531367,,2026-02-11T03:47:23Z,FALSE,-214748340,-214748365,0,Substitution,2026,2,21,Phoenix,Suns,PHX,Phoenix,6,Dallas,Mavericks,DAL,Dallas,2.5,TRUE,FALSE,2.5,4,12:00,12,0,FALSE,FALSE,2,2,4,2,720,720,720,720,720,720,4,3,2,-214748406.75,-214748365,2026-02-10,2026-02-11T02:00:00Z,
363,401810628508,508,584,Substitution,Daniel Gafford enters the game for Brandon Williams,75,96,4,4th Quarter,12:00,FALSE,0,6,4278049,4397040,,2026-02-11T03:47:23Z,FALSE,-214748340,-214748365,0,Substitution,2026,2,21,Phoenix,Suns,PHX,Phoenix,6,Dallas,Mavericks,DAL,Dallas,2.5,TRUE,FALSE,2.5,4,12:00,12,0,FALSE,FALSE,2,2,4,2,720,720,720,714,714,714,4,4,2,-214748406.75,-214748365,2026-02-10,2026-02-11T02:00:00Z,
364,401810628512,512,42,Offensive Foul,Ryan Dunn offensive foul,75,96,4,4th Quarter,11:54,FALSE,0,21,4888725,,,2026-02-11T03:48:32Z,FALSE,18,32,0,Foul,2026,2,21,Phoenix,Suns,PHX,Phoenix,6,Dallas,Mavericks,DAL,Dallas,2.5,TRUE,FALSE,2.5,4,11:54,11,54,FALSE,FALSE,2,2,4,2,714,714,714,714,714,714,4,4,2,9.75,7,2026-02-10,2026-02-11T02:00:00Z,
365,401810628514,514,84,Offensive Foul Turnover,Ryan Dunn offensive foul turnover,75,96,4,4th Quarter,11:54,FALSE,0,21,4888725,,,2026-02-11T03:48:32Z,FALSE,18,32,0,Turnover,2026,2,21,Phoenix,Suns,PHX,Phoenix,6,Dallas,Mavericks,DAL,Dallas,2.5,TRUE,FALSE,2.5,4,11:54,11,54,FALSE,FALSE,2,2,4,2,714,714,714,701,701,701,4,4,2,9.75,7,2026-02-10,2026-02-11T02:00:00Z,
366,401810628515,515,111,Alley Oop Layup Shot,Daniel Gafford makes alley oop layup (Khris Middleton assists),77,96,4,4th Quarter,11:41,TRUE,2,6,4278049,6609,,2026-02-11T03:48:55Z,TRUE,26,4,2,+2 Points,2026,2,21,Phoenix,Suns,PHX,Phoenix,6,Dallas,Mavericks,DAL,Dallas,2.5,TRUE,FALSE,2.5,4,11:41,11,41,FALSE,FALSE,2,2,4,2,701,701,701,683,683,683,4,4,2,-37.75,1,2026-02-10,2026-02-11T02:00:00Z,
367,401810628517,517,92,Jump Shot,Jordan Goodwin misses 23-foot three point jumper,77,96,4,4th Quarter,11:23,FALSE,0,21,4278402,,,2026-02-11T03:49:13Z,TRUE,49,3,3,Missed 3PT,2026,2,21,Phoenix,Suns,PHX,Phoenix,6,Dallas,Mavericks,DAL,Dallas,2.5,TRUE,FALSE,2.5,4,11:23,11,23,FALSE,FALSE,2,2,4,2,683,683,683,680,680,680,4,4,2,38.75,-24,2026-02-10,2026-02-11T02:00:00Z,
368,401810628518,518,155,Defensive Rebound,Tyus Jones defensive rebound,77,96,4,4th Quarter,11:20,FALSE,0,6,3135046,,,2026-02-11T03:49:16Z,FALSE,49,3,0,Rebound,2026,2,21,Phoenix,Suns,PHX,Phoenix,6,Dallas,Mavericks,DAL,Dallas,2.5,TRUE,FALSE,2.5,4,11:20,11,20,FALSE,FALSE,2,2,4,2,680,680,680,678,678,678,4,4,2,-38.75,24,2026-02-10,2026-02-11T02:00:00Z,
369,401810628519,519,44,Shooting Foul,Collin Gillespie shooting foul,77,96,4,4th Quarter,11:18,FALSE,0,21,4278585,,,2026-02-11T03:49:22Z,FALSE,25,4,0,Foul,2026,2,21,Phoenix,Suns,PHX,Phoenix,6,Dallas,Mavericks,DAL,Dallas,2.5,TRUE,FALSE,2.5,4,11:18,11,18,FALSE,FALSE,2,2,4,2,678,678,678,678,678,678,4,4,2,37.75,-0,2026-02-10,2026-02-11T02:00:00Z,
370,401810628522,522,584,Substitution,Naji Marshall enters the game for Caleb Martin,77,96,4,4th Quarter,11:18,FALSE,0,6,4278594,3138160,,2026-02-11T03:49:35Z,FALSE,-214748340,-214748365,0,Substitution,2026,2,21,Phoenix,Suns,PHX,Phoenix,6,Dallas,Mavericks,DAL,Dallas,2.5,TRUE,FALSE,2.5,4,11:18,11,18,FALSE,FALSE,2,2,4,2,678,678,678,678,678,678,4,4,2,-214748406.75,-214748365,2026-02-10,2026-02-11T02:00:00Z,
371,401810628524,524,16,Full Timeout,Mavericks Full timeout,77,96,4,4th Quarter,11:18,FALSE,0,6,,,,2026-02-11T03:49:52Z,FALSE,-214748340,-214748365,0,Timeout,2026,2,21,Phoenix,Suns,PHX,Phoenix,6,Dallas,Mavericks,DAL,Dallas,2.5,TRUE,FALSE,2.5,4,11:18,11,18,FALSE,FALSE,2,2,4,2,678,678,678,678,678,678,4,4,2,-214748406.75,-214748365,2026-02-10,2026-02-11T02:00:00Z,
372,401810628525,525,215,Coach's Challenge (Overturned),(11:18) [Mavericks] COACH'S CHALLENGE (CALL OVERTURNED) [Mavericks] retain their timeout,77,96,4,4th Quarter,11:18,FALSE,0,6,,,,2026-02-11T03:50:05Z,FALSE,-214748340,-214748365,0,Challenge,2026,2,21,Phoenix,Suns,PHX,Phoenix,6,Dallas,Mavericks,DAL,Dallas,2.5,TRUE,FALSE,2.5,4,11:18,11,18,FALSE,FALSE,2,2,4,2,678,678,678,678,678,678,4,4,2,-214748406.75,-214748365,2026-02-10,2026-02-11T02:00:00Z,
373,401810628526,526,584,Substitution,Caleb Martin enters the game for Naji Marshall,77,96,4,4th Quarter,11:18,FALSE,0,6,3138160,4278594,,2026-02-11T03:52:44Z,FALSE,-214748340,-214748365,0,Substitution,2026,2,21,Phoenix,Suns,PHX,Phoenix,6,Dallas,Mavericks,DAL,Dallas,2.5,TRUE,FALSE,2.5,4,11:18,11,18,FALSE,FALSE,2,2,4,2,678,678,678,678,678,678,4,4,2,-214748406.75,-214748365,2026-02-10,2026-02-11T02:00:00Z,
374,401810628528,528,98,Free Throw - 1 of 2,Caleb Martin makes free throw 1 of 2,78,96,4,4th Quarter,11:18,TRUE,1,6,3138160,,,2026-02-11T03:53:14Z,TRUE,25,13.75,1,+1 Point,2026,2,21,Phoenix,Suns,PHX,Phoenix,6,Dallas,Mavericks,DAL,Dallas,2.5,TRUE,FALSE,2.5,4,11:18,11,18,FALSE,FALSE,2,2,4,2,678,678,678,678,678,678,4,4,2,-28,0,2026-02-10,2026-02-11T02:00:00Z,
375,401810628529,529,99,Free Throw - 2 of 2,Caleb Martin makes free throw 2 of 2,79,96,4,4th Quarter,11:18,TRUE,1,6,3138160,,,2026-02-11T03:53:24Z,TRUE,25,13.75,1,+1 Point,2026,2,21,Phoenix,Suns,PHX,Phoenix,6,Dallas,Mavericks,DAL,Dallas,2.5,TRUE,FALSE,2.5,4,11:18,11,18,FALSE,FALSE,2,2,4,2,678,678,678,674,674,674,4,4,2,-28,0,2026-02-10,2026-02-11T02:00:00Z,
376,401810628530,530,45,Personal Foul,Max Christie personal foul,79,96,4,4th Quarter,11:14,FALSE,0,6,4432582,,,2026-02-11T03:53:37Z,FALSE,35,33,0,Foul,2026,2,21,Phoenix,Suns,PHX,Phoenix,6,Dallas,Mavericks,DAL,Dallas,2.5,TRUE,FALSE,2.5,4,11:14,11,14,FALSE,FALSE,2,2,4,2,674,674,674,674,674,674,4,4,2,-8.75,10,2026-02-10,2026-02-11T02:00:00Z,
377,401810628540,540,584,Substitution,Naji Marshall enters the game for Caleb Martin,79,96,4,4th Quarter,11:14,FALSE,0,6,4278594,3138160,,2026-02-11T03:53:47Z,FALSE,-214748340,-214748365,0,Substitution,2026,2,21,Phoenix,Suns,PHX,Phoenix,6,Dallas,Mavericks,DAL,Dallas,2.5,TRUE,FALSE,2.5,4,11:14,11,14,FALSE,FALSE,2,2,4,2,674,674,674,655,655,655,4,4,2,-214748406.75,-214748365,2026-02-10,2026-02-11T02:00:00Z,
378,401810628542,542,92,Jump Shot,Ryan Dunn makes 23-foot three point jumper (Jalen Green assists),79,99,4,4th Quarter,10:55,TRUE,3,21,4888725,4437244,,2026-02-11T03:54:09Z,TRUE,49,4,3,+3 Points,2026,2,21,Phoenix,Suns,PHX,Phoenix,6,Dallas,Mavericks,DAL,Dallas,2.5,TRUE,FALSE,2.5,4,10:55,10,55,FALSE,FALSE,2,2,4,2,655,655,655,647,647,647,4,4,2,37.75,-24,2026-02-10,2026-02-11T02:00:00Z,
379,401810628544,544,92,Jump Shot,Naji Marshall makes 23-foot three point jumper (Tyus Jones assists),82,99,4,4th Quarter,10:47,TRUE,3,6,4278594,3135046,,2026-02-11T03:54:17Z,TRUE,49,1,3,+3 Points,2026,2,21,Phoenix,Suns,PHX,Phoenix,6,Dallas,Mavericks,DAL,Dallas,2.5,TRUE,FALSE,2.5,4,10:47,10,47,FALSE,FALSE,2,2,4,2,647,647,647,637,637,637,4,4,2,-40.75,24,2026-02-10,2026-02-11T02:00:00Z,
380,401810628546,546,131,Pullup Jump Shot,Jalen Green misses 26-foot three point pullup jump shot,82,99,4,4th Quarter,10:37,FALSE,0,21,4437244,,,2026-02-11T03:54:27Z,TRUE,43,19,3,Missed 3PT,2026,2,21,Phoenix,Suns,PHX,Phoenix,6,Dallas,Mavericks,DAL,Dallas,2.5,TRUE,FALSE,2.5,4,10:37,10,37,FALSE,FALSE,2,2,4,2,637,637,637,637,637,637,4,4,2,22.75,-18,2026-02-10,2026-02-11T02:00:00Z,
381,401810628547,547,155,Defensive Rebound,Daniel Gafford defensive rebound,82,99,4,4th Quarter,10:37,FALSE,0,6,4278049,,,2026-02-11T03:54:27Z,FALSE,43,19,0,Rebound,2026,2,21,Phoenix,Suns,PHX,Phoenix,6,Dallas,Mavericks,DAL,Dallas,2.5,TRUE,FALSE,2.5,4,10:37,10,37,FALSE,FALSE,2,2,4,2,637,637,637,629,629,629,4,4,2,-22.75,18,2026-02-10,2026-02-11T02:00:00Z,
382,401810628548,548,146,Running Pullup Jump Shot,Khris Middleton makes 26-foot running pullup jump shot (Tyus Jones assists),85,99,4,4th Quarter,10:29,TRUE,3,6,6609,3135046,,2026-02-11T03:54:35Z,TRUE,7,20,3,+3 Points,2026,2,21,Phoenix,Suns,PHX,Phoenix,6,Dallas,Mavericks,DAL,Dallas,2.5,TRUE,FALSE,2.5,4,10:29,10,29,FALSE,FALSE,2,2,4,2,629,629,629,611,611,611,4,4,2,-21.75,-18,2026-02-10,2026-02-11T02:00:00Z,
383,401810628550,550,119,Driving Hook Shot,Oso Ighodaro misses 11-foot two point shot,85,99,4,4th Quarter,10:11,FALSE,0,21,4601023,,,2026-02-11T03:54:53Z,TRUE,29,11,2,Missed FG,2026,2,21,Phoenix,Suns,PHX,Phoenix,6,Dallas,Mavericks,DAL,Dallas,2.5,TRUE,FALSE,2.5,4,10:11,10,11,FALSE,FALSE,2,2,4,2,611,611,611,607,607,607,4,4,2,30.75,-4,2026-02-10,2026-02-11T02:00:00Z,
384,401810628551,551,156,Offensive Rebound,Oso Ighodaro offensive rebound,85,99,4,4th Quarter,10:07,FALSE,0,21,4601023,,,2026-02-11T03:54:57Z,FALSE,29,11,0,Rebound,2026,2,21,Phoenix,Suns,PHX,Phoenix,6,Dallas,Mavericks,DAL,Dallas,2.5,TRUE,FALSE,2.5,4,10:07,10,7,FALSE,FALSE,2,2,4,2,607,607,607,596,596,596,4,4,2,30.75,-4,2026-02-10,2026-02-11T02:00:00Z,
385,401810628552,552,92,Jump Shot,Jordan Goodwin makes 26-foot three point jumper (Collin Gillespie assists),85,102,4,4th Quarter,9:56,TRUE,3,21,4278402,4278585,,2026-02-11T03:55:08Z,TRUE,4,15,3,+3 Points,2026,2,21,Phoenix,Suns,PHX,Phoenix,6,Dallas,Mavericks,DAL,Dallas,2.5,TRUE,FALSE,2.5,4,9:56,9,56,FALSE,FALSE,2,2,4,2,596,596,596,571,571,571,4,4,2,26.75,21,2026-02-10,2026-02-11T02:00:00Z,
386,401810628554,554,131,Pullup Jump Shot,Max Christie misses 11-foot pullup jump shot,85,102,4,4th Quarter,9:31,FALSE,0,6,4432582,,,2026-02-11T03:55:33Z,TRUE,31,10,2,Missed FG,2026,2,21,Phoenix,Suns,PHX,Phoenix,6,Dallas,Mavericks,DAL,Dallas,2.5,TRUE,FALSE,2.5,4,9:31,9,31,FALSE,FALSE,2,2,4,2,571,571,571,568,568,568,4,4,2,-31.75,6,2026-02-10,2026-02-11T02:00:00Z,
387,401810628555,555,155,Defensive Rebound,Oso Ighodaro defensive rebound,85,102,4,4th Quarter,9:28,FALSE,0,21,4601023,,,2026-02-11T03:55:36Z,FALSE,31,10,0,Rebound,2026,2,21,Phoenix,Suns,PHX,Phoenix,6,Dallas,Mavericks,DAL,Dallas,2.5,TRUE,FALSE,2.5,4,9:28,9,28,FALSE,FALSE,2,2,4,2,568,568,568,563,563,563,4,4,2,31.75,-6,2026-02-10,2026-02-11T02:00:00Z,
388,401810628556,556,92,Jump Shot,Jordan Goodwin misses 25-foot three point jumper,85,102,4,4th Quarter,9:23,FALSE,0,21,4278402,,,2026-02-11T03:55:41Z,TRUE,15,23,3,Missed 3PT,2026,2,21,Phoenix,Suns,PHX,Phoenix,6,Dallas,Mavericks,DAL,Dallas,2.5,TRUE,FALSE,2.5,4,9:23,9,23,FALSE,FALSE,2,2,4,2,563,563,563,560,560,560,4,4,2,18.75,10,2026-02-10,2026-02-11T02:00:00Z,
389,401810628557,557,155,Defensive Rebound,Khris Middleton defensive rebound,85,102,4,4th Quarter,9:20,FALSE,0,6,6609,,,2026-02-11T03:55:44Z,FALSE,15,23,0,Rebound,2026,2,21,Phoenix,Suns,PHX,Phoenix,6,Dallas,Mavericks,DAL,Dallas,2.5,TRUE,FALSE,2.5,4,9:20,9,20,FALSE,FALSE,2,2,4,2,560,560,560,553,553,553,4,4,2,-18.75,-10,2026-02-10,2026-02-11T02:00:00Z,
390,401810628558,558,45,Personal Foul,Jordan Goodwin personal foul,85,102,4,4th Quarter,9:13,FALSE,0,21,4278402,,,2026-02-11T03:55:56Z,FALSE,25,21,0,Foul,2026,2,21,Phoenix,Suns,PHX,Phoenix,6,Dallas,Mavericks,DAL,Dallas,2.5,TRUE,FALSE,2.5,4,9:13,9,13,FALSE,FALSE,2,2,4,2,553,553,553,553,553,553,4,4,2,20.75,-0,2026-02-10,2026-02-11T02:00:00Z,
391,401810628560,560,584,Substitution,Amir Coffey enters the game for Jalen Green,85,102,4,4th Quarter,9:13,FALSE,0,21,4066387,4437244,,2026-02-11T03:56:03Z,FALSE,-214748340,-214748365,0,Substitution,2026,2,21,Phoenix,Suns,PHX,Phoenix,6,Dallas,Mavericks,DAL,Dallas,2.5,TRUE,FALSE,2.5,4,9:13,9,13,FALSE,FALSE,2,2,4,2,553,553,553,553,553,553,4,4,2,214748406.75,214748365,2026-02-10,2026-02-11T02:00:00Z,
392,401810628561,561,584,Substitution,Cooper Flagg enters the game for Max Christie,85,102,4,4th Quarter,9:13,FALSE,0,6,5041939,4432582,,2026-02-11T03:56:03Z,FALSE,-214748340,-214748365,0,Substitution,2026,2,21,Phoenix,Suns,PHX,Phoenix,6,Dallas,Mavericks,DAL,Dallas,2.5,TRUE,FALSE,2.5,4,9:13,9,13,FALSE,FALSE,2,2,4,2,553,553,553,553,553,553,4,4,2,-214748406.75,-214748365,2026-02-10,2026-02-11T02:00:00Z,
393,401810628562,562,584,Substitution,Marvin Bagley III enters the game for Daniel Gafford,85,102,4,4th Quarter,9:13,FALSE,0,6,4277848,4278049,,2026-02-11T03:56:03Z,FALSE,-214748340,-214748365,0,Substitution,2026,2,21,Phoenix,Suns,PHX,Phoenix,6,Dallas,Mavericks,DAL,Dallas,2.5,TRUE,FALSE,2.5,4,9:13,9,13,FALSE,FALSE,2,2,4,2,553,553,553,549,549,549,4,4,2,-214748406.75,-214748365,2026-02-10,2026-02-11T02:00:00Z,
394,401810628567,567,40,Away from Play Foul,Amir Coffey away from play foul,85,102,4,4th Quarter,9:09,FALSE,0,21,4066387,,,2026-02-11T03:56:44Z,FALSE,29,20,0,Foul,2026,2,21,Phoenix,Suns,PHX,Phoenix,6,Dallas,Mavericks,DAL,Dallas,2.5,TRUE,FALSE,2.5,4,9:09,9,9,FALSE,FALSE,2,2,4,2,549,549,549,549,549,549,4,4,2,21.75,-4,2026-02-10,2026-02-11T02:00:00Z,
395,401810628569,569,97,Free Throw - 1 of 1,Khris Middleton makes free throw 1 of 1,86,102,4,4th Quarter,9:09,TRUE,1,6,6609,,,2026-02-11T03:57:07Z,TRUE,25,13.75,1,+1 Point,2026,2,21,Phoenix,Suns,PHX,Phoenix,6,Dallas,Mavericks,DAL,Dallas,2.5,TRUE,FALSE,2.5,4,9:09,9,9,FALSE,FALSE,2,2,4,2,549,549,549,544,544,544,4,4,2,-28,0,2026-02-10,2026-02-11T02:00:00Z,
396,401810628570,570,131,Pullup Jump Shot,Cooper Flagg makes 16-foot pullup jump shot,88,102,4,4th Quarter,9:04,TRUE,2,6,5041939,,,2026-02-11T03:57:23Z,TRUE,10,8,2,+2 Points,2026,2,21,Phoenix,Suns,PHX,Phoenix,6,Dallas,Mavericks,DAL,Dallas,2.5,TRUE,FALSE,2.5,4,9:04,9,4,FALSE,FALSE,2,2,4,2,544,544,544,544,544,544,4,4,2,-33.75,-15,2026-02-10,2026-02-11T02:00:00Z,
397,401810628571,571,44,Shooting Foul,Amir Coffey shooting foul,88,102,4,4th Quarter,9:04,FALSE,0,21,4066387,,,2026-02-11T03:57:28Z,FALSE,9,6,0,Foul,2026,2,21,Phoenix,Suns,PHX,Phoenix,6,Dallas,Mavericks,DAL,Dallas,2.5,TRUE,FALSE,2.5,4,9:04,9,4,FALSE,FALSE,2,2,4,2,544,544,544,544,544,544,4,4,2,35.75,16,2026-02-10,2026-02-11T02:00:00Z,
398,401810628573,573,97,Free Throw - 1 of 1,Cooper Flagg makes free throw 1 of 1,89,102,4,4th Quarter,9:04,TRUE,1,6,5041939,,,2026-02-11T03:57:59Z,TRUE,25,13.75,1,+1 Point,2026,2,21,Phoenix,Suns,PHX,Phoenix,6,Dallas,Mavericks,DAL,Dallas,2.5,TRUE,FALSE,2.5,4,9:04,9,4,FALSE,FALSE,2,2,4,2,544,544,544,519,519,519,4,4,2,-28,0,2026-02-10,2026-02-11T02:00:00Z,
399,401810628574,574,137,Turnaround Fade Away Jump Shot,Jordan Goodwin makes 13-foot two point shot,89,104,4,4th Quarter,8:39,TRUE,2,21,4278402,,,2026-02-11T03:58:27Z,TRUE,11,1,2,+2 Points,2026,2,21,Phoenix,Suns,PHX,Phoenix,6,Dallas,Mavericks,DAL,Dallas,2.5,TRUE,FALSE,2.5,4,8:39,8,39,FALSE,FALSE,2,2,4,2,519,519,519,510,510,510,4,4,2,40.75,14,2026-02-10,2026-02-11T02:00:00Z,
400,401810628575,575,145,Driving Floating Bank Jump Shot,Naji Marshall misses two point shot,89,104,4,4th Quarter,8:30,FALSE,0,6,4278594,,,2026-02-11T03:58:36Z,TRUE,34,9,2,Missed FG,2026,2,21,Phoenix,Suns,PHX,Phoenix,6,Dallas,Mavericks,DAL,Dallas,2.5,TRUE,FALSE,2.5,4,8:30,8,30,FALSE,FALSE,2,2,4,2,510,510,510,507,507,507,4,4,2,-32.75,9,2026-02-10,2026-02-11T02:00:00Z,
401,401810628576,576,155,Defensive Rebound,Oso Ighodaro defensive rebound,89,104,4,4th Quarter,8:27,FALSE,0,21,4601023,,,2026-02-11T03:58:39Z,FALSE,34,9,0,Rebound,2026,2,21,Phoenix,Suns,PHX,Phoenix,6,Dallas,Mavericks,DAL,Dallas,2.5,TRUE,FALSE,2.5,4,8:27,8,27,FALSE,FALSE,2,2,4,2,507,507,507,498,498,498,4,4,2,32.75,-9,2026-02-10,2026-02-11T02:00:00Z,
402,401810628577,577,44,Shooting Foul,Marvin Bagley III shooting foul,89,104,4,4th Quarter,8:18,FALSE,0,6,4277848,,,2026-02-11T03:58:50Z,FALSE,24,2,0,Foul,2026,2,21,Phoenix,Suns,PHX,Phoenix,6,Dallas,Mavericks,DAL,Dallas,2.5,TRUE,FALSE,2.5,4,8:18,8,18,FALSE,FALSE,2,2,4,2,498,498,498,498,498,498,4,4,2,-39.75,-1,2026-02-10,2026-02-11T02:00:00Z,
403,401810628579,579,98,Free Throw - 1 of 2,Ryan Dunn makes free throw 1 of 2,89,105,4,4th Quarter,8:18,TRUE,1,21,4888725,,,2026-02-11T03:59:16Z,TRUE,25,13.75,1,+1 Point,2026,2,21,Phoenix,Suns,PHX,Phoenix,6,Dallas,Mavericks,DAL,Dallas,2.5,TRUE,FALSE,2.5,4,8:18,8,18,FALSE,FALSE,2,2,4,2,498,498,498,498,498,498,4,4,2,28,-0,2026-02-10,2026-02-11T02:00:00Z,
404,401810628580,580,584,Substitution,Devin Booker enters the game for Collin Gillespie,89,105,4,4th Quarter,8:18,FALSE,0,21,3136193,4278585,,2026-02-11T03:59:17Z,FALSE,-214748340,-214748365,0,Substitution,2026,2,21,Phoenix,Suns,PHX,Phoenix,6,Dallas,Mavericks,DAL,Dallas,2.5,TRUE,FALSE,2.5,4,8:18,8,18,FALSE,FALSE,2,2,4,2,498,498,498,498,498,498,4,4,2,214748406.75,214748365,2026-02-10,2026-02-11T02:00:00Z,
405,401810628582,582,99,Free Throw - 2 of 2,Ryan Dunn makes free throw 2 of 2,89,106,4,4th Quarter,8:18,TRUE,1,21,4888725,,,2026-02-11T03:59:34Z,TRUE,25,13.75,1,+1 Point,2026,2,21,Phoenix,Suns,PHX,Phoenix,6,Dallas,Mavericks,DAL,Dallas,2.5,TRUE,FALSE,2.5,4,8:18,8,18,FALSE,FALSE,2,2,4,2,498,498,498,487,487,487,4,4,2,28,-0,2026-02-10,2026-02-11T02:00:00Z,
406,401810628583,583,44,Shooting Foul,Amir Coffey shooting foul,89,106,4,4th Quarter,8:07,FALSE,0,21,4066387,,,2026-02-11T03:59:48Z,FALSE,15,11,0,Foul,2026,2,21,Phoenix,Suns,PHX,Phoenix,6,Dallas,Mavericks,DAL,Dallas,2.5,TRUE,FALSE,2.5,4,8:07,8,7,FALSE,FALSE,2,2,4,2,487,487,487,487,487,487,4,4,2,30.75,10,2026-02-10,2026-02-11T02:00:00Z,
407,401810628585,585,98,Free Throw - 1 of 2,Khris Middleton makes free throw 1 of 2,90,106,4,4th Quarter,8:07,TRUE,1,6,6609,,,2026-02-11T04:00:18Z,TRUE,25,13.75,1,+1 Point,2026,2,21,Phoenix,Suns,PHX,Phoenix,6,Dallas,Mavericks,DAL,Dallas,2.5,TRUE,FALSE,2.5,4,8:07,8,7,FALSE,FALSE,2,2,4,2,487,487,487,487,487,487,4,4,2,-28,0,2026-02-10,2026-02-11T02:00:00Z,
408,401810628586,586,99,Free Throw - 2 of 2,Khris Middleton makes free throw 2 of 2,91,106,4,4th Quarter,8:07,TRUE,1,6,6609,,,2026-02-11T04:00:35Z,TRUE,25,13.75,1,+1 Point,2026,2,21,Phoenix,Suns,PHX,Phoenix,6,Dallas,Mavericks,DAL,Dallas,2.5,TRUE,FALSE,2.5,4,8:07,8,7,FALSE,FALSE,2,2,4,2,487,487,487,471,471,471,4,4,2,-28,0,2026-02-10,2026-02-11T02:00:00Z,
409,401810628587,587,112,Reverse Layup Shot,Oso Ighodaro makes 1-foot reverse layup (Jordan Goodwin assists),91,108,4,4th Quarter,7:51,TRUE,2,21,4601023,4278402,,2026-02-11T04:00:52Z,TRUE,27,0,2,+2 Points,2026,2,21,Phoenix,Suns,PHX,Phoenix,6,Dallas,Mavericks,DAL,Dallas,2.5,TRUE,FALSE,2.5,4,7:51,7,51,FALSE,FALSE,2,2,4,2,471,471,471,462,462,462,4,4,2,41.75,-2,2026-02-10,2026-02-11T02:00:00Z,
410,401810628589,589,92,Jump Shot,Tyus Jones misses 26-foot three point jumper,91,108,4,4th Quarter,7:42,FALSE,0,6,3135046,,,2026-02-11T04:01:02Z,TRUE,7,20,3,Missed 3PT,2026,2,21,Phoenix,Suns,PHX,Phoenix,6,Dallas,Mavericks,DAL,Dallas,2.5,TRUE,FALSE,2.5,4,7:42,7,42,FALSE,FALSE,2,2,4,2,462,462,462,457,457,457,4,4,2,-21.75,-18,2026-02-10,2026-02-11T02:00:00Z,
411,401810628590,590,156,Offensive Rebound,Marvin Bagley III offensive rebound,91,108,4,4th Quarter,7:37,FALSE,0,6,4277848,,,2026-02-11T04:01:07Z,FALSE,7,20,0,Rebound,2026,2,21,Phoenix,Suns,PHX,Phoenix,6,Dallas,Mavericks,DAL,Dallas,2.5,TRUE,FALSE,2.5,4,7:37,7,37,FALSE,FALSE,2,2,4,2,457,457,457,457,457,457,4,4,2,-21.75,-18,2026-02-10,2026-02-11T02:00:00Z,
412,401810628591,591,150,Tip Dunk Shot,Marvin Bagley III makes tip in dunk,93,108,4,4th Quarter,7:37,TRUE,2,6,4277848,,,2026-02-11T04:01:07Z,TRUE,25,0,2,+2 Points,2026,2,21,Phoenix,Suns,PHX,Phoenix,6,Dallas,Mavericks,DAL,Dallas,2.5,TRUE,FALSE,2.5,4,7:37,7,37,FALSE,FALSE,2,2,4,2,457,457,457,435,435,435,4,4,2,-41.75,0,2026-02-10,2026-02-11T02:00:00Z,
413,401810628592,592,90,Out of Bounds - Bad Pass Turnover,Amir Coffey out of bounds bad pass turnover,93,108,4,4th Quarter,7:15,FALSE,0,21,4066387,,,2026-02-11T04:01:37Z,FALSE,9,38,0,Turnover,2026,2,21,Phoenix,Suns,PHX,Phoenix,6,Dallas,Mavericks,DAL,Dallas,2.5,TRUE,FALSE,2.5,4,7:15,7,15,FALSE,FALSE,2,2,4,2,435,435,435,435,435,435,4,4,2,3.75,16,2026-02-10,2026-02-11T02:00:00Z,
414,401810628593,593,584,Substitution,Dillon Brooks enters the game for Ryan Dunn,93,108,4,4th Quarter,7:15,FALSE,0,21,3155526,4888725,,2026-02-11T04:01:42Z,FALSE,-214748340,-214748365,0,Substitution,2026,2,21,Phoenix,Suns,PHX,Phoenix,6,Dallas,Mavericks,DAL,Dallas,2.5,TRUE,FALSE,2.5,4,7:15,7,15,FALSE,FALSE,2,2,4,2,435,435,435,435,435,435,4,4,2,214748406.75,214748365,2026-02-10,2026-02-11T02:00:00Z,
415,401810628594,594,584,Substitution,Royce O'Neale enters the game for Jordan Goodwin,93,108,4,4th Quarter,7:15,FALSE,0,21,2583632,4278402,,2026-02-11T04:01:42Z,FALSE,-214748340,-214748365,0,Substitution,2026,2,21,Phoenix,Suns,PHX,Phoenix,6,Dallas,Mavericks,DAL,Dallas,2.5,TRUE,FALSE,2.5,4,7:15,7,15,FALSE,FALSE,2,2,4,2,435,435,435,435,435,435,4,4,2,214748406.75,214748365,2026-02-10,2026-02-11T02:00:00Z,
416,401810628595,595,584,Substitution,P.J. Washington enters the game for Tyus Jones,93,108,4,4th Quarter,7:15,FALSE,0,6,4278078,3135046,,2026-02-11T04:01:42Z,FALSE,-214748340,-214748365,0,Substitution,2026,2,21,Phoenix,Suns,PHX,Phoenix,6,Dallas,Mavericks,DAL,Dallas,2.5,TRUE,FALSE,2.5,4,7:15,7,15,FALSE,FALSE,2,2,4,2,435,435,435,435,435,435,4,4,2,-214748406.75,-214748365,2026-02-10,2026-02-11T02:00:00Z,
417,401810628596,596,584,Substitution,Max Christie enters the game for Khris Middleton,93,108,4,4th Quarter,7:15,FALSE,0,6,4432582,6609,,2026-02-11T04:01:42Z,FALSE,-214748340,-214748365,0,Substitution,2026,2,21,Phoenix,Suns,PHX,Phoenix,6,Dallas,Mavericks,DAL,Dallas,2.5,TRUE,FALSE,2.5,4,7:15,7,15,FALSE,FALSE,2,2,4,2,435,435,435,423,423,423,4,4,2,-214748406.75,-214748365,2026-02-10,2026-02-11T02:00:00Z,
418,401810628601,601,92,Jump Shot,Cooper Flagg misses 24-foot three point jumper,93,108,4,4th Quarter,7:03,FALSE,0,6,5041939,,,2026-02-11T04:02:16Z,TRUE,4,14,3,Missed 3PT,2026,2,21,Phoenix,Suns,PHX,Phoenix,6,Dallas,Mavericks,DAL,Dallas,2.5,TRUE,FALSE,2.5,4,7:03,7,3,FALSE,FALSE,2,2,4,2,423,423,423,422,422,422,4,4,2,-27.75,-21,2026-02-10,2026-02-11T02:00:00Z,
419,401810628602,602,156,Offensive Rebound,Mavericks offensive team rebound,93,108,4,4th Quarter,7:02,FALSE,0,6,,,,2026-02-11T04:02:17Z,FALSE,4,14,0,Rebound,2026,2,21,Phoenix,Suns,PHX,Phoenix,6,Dallas,Mavericks,DAL,Dallas,2.5,TRUE,FALSE,2.5,4,7:02,7,2,FALSE,FALSE,2,2,4,2,422,422,422,422,422,422,4,4,2,-27.75,-21,2026-02-10,2026-02-11T02:00:00Z,
420,401810628603,603,43,Loose Ball Foul,Royce O'Neale loose ball foul,93,108,4,4th Quarter,7:02,FALSE,0,21,2583632,,,2026-02-11T04:02:21Z,FALSE,26,4,0,Foul,2026,2,21,Phoenix,Suns,PHX,Phoenix,6,Dallas,Mavericks,DAL,Dallas,2.5,TRUE,FALSE,2.5,4,7:02,7,2,FALSE,FALSE,2,2,4,2,422,422,422,422,422,422,4,4,2,37.75,-1,2026-02-10,2026-02-11T02:00:00Z,
421,401810628605,605,98,Free Throw - 1 of 2,Marvin Bagley III misses free throw 1 of 2,93,108,4,4th Quarter,7:02,FALSE,0,6,4277848,,,2026-02-11T04:02:53Z,TRUE,25,13.75,1,Missed FT,2026,2,21,Phoenix,Suns,PHX,Phoenix,6,Dallas,Mavericks,DAL,Dallas,2.5,TRUE,FALSE,2.5,4,7:02,7,2,FALSE,FALSE,2,2,4,2,422,422,422,422,422,422,4,4,2,-28,0,2026-02-10,2026-02-11T02:00:00Z,
422,401810628606,606,156,Offensive Rebound,Mavericks offensive team rebound,93,108,4,4th Quarter,7:02,FALSE,0,6,,,,2026-02-11T04:02:53Z,FALSE,-214748340,-214748365,0,Rebound,2026,2,21,Phoenix,Suns,PHX,Phoenix,6,Dallas,Mavericks,DAL,Dallas,2.5,TRUE,FALSE,2.5,4,7:02,7,2,FALSE,FALSE,2,2,4,2,422,422,422,422,422,422,4,4,2,-214748406.75,-214748365,2026-02-10,2026-02-11T02:00:00Z,
423,401810628607,607,35,Technical Foul,Dillon Brooks technical foul,93,108,4,4th Quarter,7:02,FALSE,0,21,3155526,,,2026-02-11T04:03:05Z,FALSE,-214748340,-214748365,0,Foul,2026,2,21,Phoenix,Suns,PHX,Phoenix,6,Dallas,Mavericks,DAL,Dallas,2.5,TRUE,FALSE,2.5,4,7:02,7,2,FALSE,FALSE,2,2,4,2,422,422,422,422,422,422,4,4,2,214748406.75,214748365,2026-02-10,2026-02-11T02:00:00Z,
424,401810628608,608,103,Free Throw - Technical,Max Christie makes technical free throw,94,108,4,4th Quarter,7:02,TRUE,1,6,4432582,,,2026-02-11T04:03:20Z,TRUE,25,13.75,1,+1 Point,2026,2,21,Phoenix,Suns,PHX,Phoenix,6,Dallas,Mavericks,DAL,Dallas,2.5,TRUE,FALSE,2.5,4,7:02,7,2,FALSE,FALSE,2,2,4,2,422,422,422,422,422,422,4,4,2,-28,0,2026-02-10,2026-02-11T02:00:00Z,
425,401810628609,609,99,Free Throw - 2 of 2,Marvin Bagley III misses free throw 2 of 2,94,108,4,4th Quarter,7:02,FALSE,0,6,4277848,,,2026-02-11T04:02:53Z,TRUE,25,13.75,1,Missed FT,2026,2,21,Phoenix,Suns,PHX,Phoenix,6,Dallas,Mavericks,DAL,Dallas,2.5,TRUE,FALSE,2.5,4,7:02,7,2,FALSE,FALSE,2,2,4,2,422,422,422,420,420,420,4,4,2,-28,0,2026-02-10,2026-02-11T02:00:00Z,
426,401810628610,610,156,Offensive Rebound,Cooper Flagg offensive rebound,94,108,4,4th Quarter,7:00,FALSE,0,6,5041939,,,2026-02-11T04:02:55Z,FALSE,-214748340,-214748365,0,Rebound,2026,2,21,Phoenix,Suns,PHX,Phoenix,6,Dallas,Mavericks,DAL,Dallas,2.5,TRUE,FALSE,2.5,4,7:00,7,0,FALSE,FALSE,2,2,4,2,420,420,420,419,419,419,4,4,2,-214748406.75,-214748365,2026-02-10,2026-02-11T02:00:00Z,
427,401810628611,611,125,Layup Shot Putback,Cooper Flagg makes two point shot,96,108,4,4th Quarter,6:59,TRUE,2,6,5041939,,,2026-02-11T04:03:42Z,TRUE,24,3,2,+2 Points,2026,2,21,Phoenix,Suns,PHX,Phoenix,6,Dallas,Mavericks,DAL,Dallas,2.5,TRUE,FALSE,2.5,4,6:59,6,59,FALSE,FALSE,2,2,4,2,419,419,419,417,417,417,4,4,2,-38.75,-1,2026-02-10,2026-02-11T02:00:00Z,
428,401810628612,612,16,Full Timeout,Suns Full timeout,96,108,4,4th Quarter,6:57,FALSE,0,21,,,,2026-02-11T04:03:47Z,FALSE,-214748340,-214748365,0,Timeout,2026,2,21,Phoenix,Suns,PHX,Phoenix,6,Dallas,Mavericks,DAL,Dallas,2.5,TRUE,FALSE,2.5,4,6:57,6,57,FALSE,FALSE,2,2,4,2,417,417,417,417,417,417,4,4,2,214748406.75,214748365,2026-02-10,2026-02-11T02:00:00Z,
429,401810628613,613,584,Substitution,Mark Williams enters the game for Oso Ighodaro,96,108,4,4th Quarter,6:57,FALSE,0,21,4701232,4601023,,2026-02-11T04:05:02Z,FALSE,-214748340,-214748365,0,Substitution,2026,2,21,Phoenix,Suns,PHX,Phoenix,6,Dallas,Mavericks,DAL,Dallas,2.5,TRUE,FALSE,2.5,4,6:57,6,57,FALSE,FALSE,2,2,4,2,417,417,417,404,404,404,4,4,2,214748406.75,214748365,2026-02-10,2026-02-11T02:00:00Z,
430,401810628615,615,92,Jump Shot,Royce O'Neale misses 27-foot three point jumper,96,108,4,4th Quarter,6:44,FALSE,0,21,2583632,,,2026-02-11T04:06:50Z,TRUE,18,26,3,Missed 3PT,2026,2,21,Phoenix,Suns,PHX,Phoenix,6,Dallas,Mavericks,DAL,Dallas,2.5,TRUE,FALSE,2.5,4,6:44,6,44,FALSE,FALSE,2,2,4,2,404,404,404,400,400,400,4,4,2,15.75,7,2026-02-10,2026-02-11T02:00:00Z,
431,401810628616,616,155,Defensive Rebound,P.J. Washington defensive rebound,96,108,4,4th Quarter,6:40,FALSE,0,6,4278078,,,2026-02-11T04:06:54Z,FALSE,18,26,0,Rebound,2026,2,21,Phoenix,Suns,PHX,Phoenix,6,Dallas,Mavericks,DAL,Dallas,2.5,TRUE,FALSE,2.5,4,6:40,6,40,FALSE,FALSE,2,2,4,2,400,400,400,390,390,390,4,4,2,-15.75,-7,2026-02-10,2026-02-11T02:00:00Z,
432,401810628617,617,145,Driving Floating Bank Jump Shot,Max Christie misses two point shot,96,108,4,4th Quarter,6:30,FALSE,0,6,4432582,,,2026-02-11T04:07:04Z,TRUE,28,4,2,Missed FG,2026,2,21,Phoenix,Suns,PHX,Phoenix,6,Dallas,Mavericks,DAL,Dallas,2.5,TRUE,FALSE,2.5,4,6:30,6,30,FALSE,FALSE,2,2,4,2,390,390,390,387,387,387,4,4,2,-37.75,3,2026-02-10,2026-02-11T02:00:00Z,
433,401810628618,618,156,Offensive Rebound,Marvin Bagley III offensive rebound,96,108,4,4th Quarter,6:27,FALSE,0,6,4277848,,,2026-02-11T04:07:07Z,FALSE,28,4,0,Rebound,2026,2,21,Phoenix,Suns,PHX,Phoenix,6,Dallas,Mavericks,DAL,Dallas,2.5,TRUE,FALSE,2.5,4,6:27,6,27,FALSE,FALSE,2,2,4,2,387,387,387,387,387,387,4,4,2,-37.75,3,2026-02-10,2026-02-11T02:00:00Z,
434,401810628619,619,94,Tip Shot,Marvin Bagley III makes tip shot,98,108,4,4th Quarter,6:27,TRUE,2,6,4277848,,,2026-02-11T04:07:07Z,TRUE,25,0,2,+2 Points,2026,2,21,Phoenix,Suns,PHX,Phoenix,6,Dallas,Mavericks,DAL,Dallas,2.5,TRUE,FALSE,2.5,4,6:27,6,27,FALSE,FALSE,2,2,4,2,387,387,387,374,374,374,4,4,2,-41.75,0,2026-02-10,2026-02-11T02:00:00Z,
435,401810628620,620,142,Cutting Finger Roll Layup Shot,Mark Williams makes layup (Devin Booker assists),98,110,4,4th Quarter,6:14,TRUE,2,21,4701232,3136193,,2026-02-11T04:07:20Z,TRUE,28,1,2,+2 Points,2026,2,21,Phoenix,Suns,PHX,Phoenix,6,Dallas,Mavericks,DAL,Dallas,2.5,TRUE,FALSE,2.5,4,6:14,6,14,FALSE,FALSE,2,2,4,2,374,374,374,355,355,355,4,4,2,40.75,-3,2026-02-10,2026-02-11T02:00:00Z,
436,401810628622,622,92,Jump Shot,Naji Marshall makes 24-foot three point jumper (Max Christie assists),101,110,4,4th Quarter,5:55,TRUE,3,6,4278594,4432582,,2026-02-11T04:07:40Z,TRUE,2,8,3,+3 Points,2026,2,21,Phoenix,Suns,PHX,Phoenix,6,Dallas,Mavericks,DAL,Dallas,2.5,TRUE,FALSE,2.5,4,5:55,5,55,FALSE,FALSE,2,2,4,2,355,355,355,328,328,328,4,4,2,-33.75,-23,2026-02-10,2026-02-11T02:00:00Z,
437,401810628624,624,93,Hook Shot,Mark Williams makes 10-foot hook shot (Devin Booker assists),101,112,4,4th Quarter,5:28,TRUE,2,21,4701232,3136193,,2026-02-11T04:08:06Z,TRUE,15,-1,2,+2 Points,2026,2,21,Phoenix,Suns,PHX,Phoenix,6,Dallas,Mavericks,DAL,Dallas,2.5,TRUE,FALSE,2.5,4,5:28,5,28,FALSE,FALSE,2,2,4,2,328,328,328,313,313,313,4,4,2,42.75,10,2026-02-10,2026-02-11T02:00:00Z,
438,401810628626,626,92,Jump Shot,P.J. Washington makes 25-foot three point jumper (Marvin Bagley III assists),104,112,4,4th Quarter,5:13,TRUE,3,6,4278078,4277848,,2026-02-11T04:08:21Z,TRUE,23,26,3,+3 Points,2026,2,21,Phoenix,Suns,PHX,Phoenix,6,Dallas,Mavericks,DAL,Dallas,2.5,TRUE,FALSE,2.5,4,5:13,5,13,FALSE,FALSE,2,2,4,2,313,313,313,283,283,283,4,4,2,-15.75,-2,2026-02-10,2026-02-11T02:00:00Z,
439,401810628628,628,92,Jump Shot,Dillon Brooks misses 24-foot three point jumper,104,112,4,4th Quarter,4:43,FALSE,0,21,3155526,,,2026-02-11T04:08:51Z,TRUE,5,14,3,Missed 3PT,2026,2,21,Phoenix,Suns,PHX,Phoenix,6,Dallas,Mavericks,DAL,Dallas,2.5,TRUE,FALSE,2.5,4,4:43,4,43,FALSE,FALSE,2,2,4,2,283,283,283,279,279,279,4,4,2,27.75,20,2026-02-10,2026-02-11T02:00:00Z,
440,401810628629,629,155,Defensive Rebound,Marvin Bagley III defensive rebound,104,112,4,4th Quarter,4:39,FALSE,0,6,4277848,,,2026-02-11T04:08:55Z,FALSE,5,14,0,Rebound,2026,2,21,Phoenix,Suns,PHX,Phoenix,6,Dallas,Mavericks,DAL,Dallas,2.5,TRUE,FALSE,2.5,4,4:39,4,39,FALSE,FALSE,2,2,4,2,279,279,279,262,262,262,4,4,2,-27.75,-20,2026-02-10,2026-02-11T02:00:00Z,
441,401810628630,630,63,Lost Ball Turnover,Cooper Flagg lost ball turnover (Devin Booker steals),104,112,4,4th Quarter,4:22,FALSE,0,6,5041939,3136193,,2026-02-11T04:09:12Z,FALSE,23,10,0,Turnover,2026,2,21,Phoenix,Suns,PHX,Phoenix,6,Dallas,Mavericks,DAL,Dallas,2.5,TRUE,FALSE,2.5,4,4:22,4,22,FALSE,FALSE,2,2,4,2,262,262,262,259,259,259,4,4,2,-31.75,-2,2026-02-10,2026-02-11T02:00:00Z,
442,401810628632,632,44,Shooting Foul,Max Christie shooting foul,104,112,4,4th Quarter,4:19,FALSE,0,6,4432582,,,2026-02-11T04:09:19Z,FALSE,28,1,0,Foul,2026,2,21,Phoenix,Suns,PHX,Phoenix,6,Dallas,Mavericks,DAL,Dallas,2.5,TRUE,FALSE,2.5,4,4:19,4,19,FALSE,FALSE,2,2,4,2,259,259,259,259,259,259,4,4,2,-40.75,3,2026-02-10,2026-02-11T02:00:00Z,
443,401810628634,634,98,Free Throw - 1 of 2,Amir Coffey misses free throw 1 of 2,104,112,4,4th Quarter,4:19,FALSE,0,21,4066387,,,2026-02-11T04:09:47Z,TRUE,25,13.75,1,Missed FT,2026,2,21,Phoenix,Suns,PHX,Phoenix,6,Dallas,Mavericks,DAL,Dallas,2.5,TRUE,FALSE,2.5,4,4:19,4,19,FALSE,FALSE,2,2,4,2,259,259,259,259,259,259,4,4,2,28,-0,2026-02-10,2026-02-11T02:00:00Z,
444,401810628635,635,156,Offensive Rebound,Suns offensive team rebound,104,112,4,4th Quarter,4:19,FALSE,0,21,,,,2026-02-11T04:09:47Z,FALSE,-214748340,-214748365,0,Rebound,2026,2,21,Phoenix,Suns,PHX,Phoenix,6,Dallas,Mavericks,DAL,Dallas,2.5,TRUE,FALSE,2.5,4,4:19,4,19,FALSE,FALSE,2,2,4,2,259,259,259,259,259,259,4,4,2,214748406.75,214748365,2026-02-10,2026-02-11T02:00:00Z,
445,401810628636,636,584,Substitution,Collin Gillespie enters the game for Royce O'Neale,104,112,4,4th Quarter,4:19,FALSE,0,21,4278585,2583632,,2026-02-11T04:09:48Z,FALSE,-214748340,-214748365,0,Substitution,2026,2,21,Phoenix,Suns,PHX,Phoenix,6,Dallas,Mavericks,DAL,Dallas,2.5,TRUE,FALSE,2.5,4,4:19,4,19,FALSE,FALSE,2,2,4,2,259,259,259,259,259,259,4,4,2,214748406.75,214748365,2026-02-10,2026-02-11T02:00:00Z,
446,401810628638,638,99,Free Throw - 2 of 2,Amir Coffey makes free throw 2 of 2,104,113,4,4th Quarter,4:19,TRUE,1,21,4066387,,,2026-02-11T04:10:11Z,TRUE,25,13.75,1,+1 Point,2026,2,21,Phoenix,Suns,PHX,Phoenix,6,Dallas,Mavericks,DAL,Dallas,2.5,TRUE,FALSE,2.5,4,4:19,4,19,FALSE,FALSE,2,2,4,2,259,259,259,247,247,247,4,4,2,28,-0,2026-02-10,2026-02-11T02:00:00Z,
447,401810628639,639,110,Driving Layup Shot,Cooper Flagg misses driving layup,104,113,4,4th Quarter,4:07,FALSE,0,6,5041939,,,2026-02-11T04:10:25Z,TRUE,24,5,2,Missed FG,2026,2,21,Phoenix,Suns,PHX,Phoenix,6,Dallas,Mavericks,DAL,Dallas,2.5,TRUE,FALSE,2.5,4,4:07,4,7,FALSE,FALSE,2,2,4,2,247,247,247,245,245,245,4,4,2,-36.75,-1,2026-02-10,2026-02-11T02:00:00Z,
448,401810628640,640,155,Defensive Rebound,Devin Booker defensive rebound,104,113,4,4th Quarter,4:05,FALSE,0,21,3136193,,,2026-02-11T04:10:27Z,FALSE,24,5,0,Rebound,2026,2,21,Phoenix,Suns,PHX,Phoenix,6,Dallas,Mavericks,DAL,Dallas,2.5,TRUE,FALSE,2.5,4,4:05,4,5,FALSE,FALSE,2,2,4,2,245,245,245,233,233,233,4,4,2,36.75,1,2026-02-10,2026-02-11T02:00:00Z,
449,401810628641,641,121,Fade Away Jump Shot,Dillon Brooks misses 6-foot fade away jump shot,104,113,4,4th Quarter,3:53,FALSE,0,21,3155526,,,2026-02-11T04:10:39Z,TRUE,27,7,2,Missed FG,2026,2,21,Phoenix,Suns,PHX,Phoenix,6,Dallas,Mavericks,DAL,Dallas,2.5,TRUE,FALSE,2.5,4,3:53,3,53,FALSE,FALSE,2,2,4,2,233,233,233,230,230,230,4,4,2,34.75,-2,2026-02-10,2026-02-11T02:00:00Z,
450,401810628642,642,156,Offensive Rebound,Suns offensive team rebound,104,113,4,4th Quarter,3:50,FALSE,0,21,,,,2026-02-11T04:10:42Z,FALSE,27,7,0,Rebound,2026,2,21,Phoenix,Suns,PHX,Phoenix,6,Dallas,Mavericks,DAL,Dallas,2.5,TRUE,FALSE,2.5,4,3:50,3,50,FALSE,FALSE,2,2,4,2,230,230,230,230,230,230,4,4,2,34.75,-2,2026-02-10,2026-02-11T02:00:00Z,
451,401810628644,644,584,Substitution,Jordan Goodwin enters the game for Amir Coffey,104,113,4,4th Quarter,3:50,FALSE,0,21,4278402,4066387,,2026-02-11T04:10:46Z,FALSE,-214748340,-214748365,0,Substitution,2026,2,21,Phoenix,Suns,PHX,Phoenix,6,Dallas,Mavericks,DAL,Dallas,2.5,TRUE,FALSE,2.5,4,3:50,3,50,FALSE,FALSE,2,2,4,2,230,230,230,222,222,222,4,4,2,214748406.75,214748365,2026-02-10,2026-02-11T02:00:00Z,
452,401810628646,646,110,Driving Layup Shot,Dillon Brooks makes driving layup (Devin Booker assists),104,115,4,4th Quarter,3:42,TRUE,2,21,3155526,3136193,,2026-02-11T04:11:12Z,TRUE,32,6,2,+2 Points,2026,2,21,Phoenix,Suns,PHX,Phoenix,6,Dallas,Mavericks,DAL,Dallas,2.5,TRUE,FALSE,2.5,4,3:42,3,42,FALSE,FALSE,2,2,4,2,222,222,222,220,220,220,4,4,2,35.75,-7,2026-02-10,2026-02-11T02:00:00Z,
453,401810628648,648,16,Full Timeout,Mavericks Full timeout,104,115,4,4th Quarter,3:40,FALSE,0,6,,,,2026-02-11T04:11:18Z,FALSE,-214748340,-214748365,0,Timeout,2026,2,21,Phoenix,Suns,PHX,Phoenix,6,Dallas,Mavericks,DAL,Dallas,2.5,TRUE,FALSE,2.5,4,3:40,3,40,FALSE,FALSE,2,2,4,2,220,220,220,220,220,220,4,4,2,-214748406.75,-214748365,2026-02-10,2026-02-11T02:00:00Z,
454,401810628649,649,584,Substitution,Khris Middleton enters the game for Marvin Bagley III,104,115,4,4th Quarter,3:40,FALSE,0,6,6609,4277848,,2026-02-11T04:12:20Z,FALSE,-214748340,-214748365,0,Substitution,2026,2,21,Phoenix,Suns,PHX,Phoenix,6,Dallas,Mavericks,DAL,Dallas,2.5,TRUE,FALSE,2.5,4,3:40,3,40,FALSE,FALSE,2,2,4,2,220,220,220,207,207,207,4,4,2,-214748406.75,-214748365,2026-02-10,2026-02-11T02:00:00Z,
455,401810628651,651,45,Personal Foul,Dillon Brooks personal foul,104,115,4,4th Quarter,3:27,FALSE,0,21,3155526,,,2026-02-11T04:13:17Z,FALSE,35,7,0,Foul,2026,2,21,Phoenix,Suns,PHX,Phoenix,6,Dallas,Mavericks,DAL,Dallas,2.5,TRUE,FALSE,2.5,4,3:27,3,27,FALSE,FALSE,2,2,4,2,207,207,207,207,207,207,4,4,2,34.75,-10,2026-02-10,2026-02-11T02:00:00Z,
456,401810628653,653,98,Free Throw - 1 of 2,Naji Marshall misses free throw 1 of 2,104,115,4,4th Quarter,3:27,FALSE,0,6,4278594,,,2026-02-11T04:13:42Z,TRUE,25,13.75,1,Missed FT,2026,2,21,Phoenix,Suns,PHX,Phoenix,6,Dallas,Mavericks,DAL,Dallas,2.5,TRUE,FALSE,2.5,4,3:27,3,27,FALSE,FALSE,2,2,4,2,207,207,207,207,207,207,4,4,2,-28,0,2026-02-10,2026-02-11T02:00:00Z,
457,401810628654,654,156,Offensive Rebound,Mavericks offensive team rebound,104,115,4,4th Quarter,3:27,FALSE,0,6,,,,2026-02-11T04:13:42Z,FALSE,-214748340,-214748365,0,Rebound,2026,2,21,Phoenix,Suns,PHX,Phoenix,6,Dallas,Mavericks,DAL,Dallas,2.5,TRUE,FALSE,2.5,4,3:27,3,27,FALSE,FALSE,2,2,4,2,207,207,207,207,207,207,4,4,2,-214748406.75,-214748365,2026-02-10,2026-02-11T02:00:00Z,
458,401810628655,655,99,Free Throw - 2 of 2,Naji Marshall makes free throw 2 of 2,105,115,4,4th Quarter,3:27,TRUE,1,6,4278594,,,2026-02-11T04:13:58Z,TRUE,25,13.75,1,+1 Point,2026,2,21,Phoenix,Suns,PHX,Phoenix,6,Dallas,Mavericks,DAL,Dallas,2.5,TRUE,FALSE,2.5,4,3:27,3,27,FALSE,FALSE,2,2,4,2,207,207,207,192,192,192,4,4,2,-28,0,2026-02-10,2026-02-11T02:00:00Z,
459,401810628656,656,132,Step Back Jump Shot,Devin Booker misses 25-foot three point step back jumpshot,105,115,4,4th Quarter,3:12,FALSE,0,21,3136193,,,2026-02-11T04:14:16Z,TRUE,38,23,3,Missed 3PT,2026,2,21,Phoenix,Suns,PHX,Phoenix,6,Dallas,Mavericks,DAL,Dallas,2.5,TRUE,FALSE,2.5,4,3:12,3,12,FALSE,FALSE,2,2,4,2,192,192,192,188,188,188,4,4,2,18.75,-13,2026-02-10,2026-02-11T02:00:00Z,
460,401810628657,657,155,Defensive Rebound,Cooper Flagg defensive rebound,105,115,4,4th Quarter,3:08,FALSE,0,6,5041939,,,2026-02-11T04:14:20Z,FALSE,38,23,0,Rebound,2026,2,21,Phoenix,Suns,PHX,Phoenix,6,Dallas,Mavericks,DAL,Dallas,2.5,TRUE,FALSE,2.5,4,3:08,3,8,FALSE,FALSE,2,2,4,2,188,188,188,182,182,182,4,4,2,-18.75,13,2026-02-10,2026-02-11T02:00:00Z,
461,401810628658,658,144,Driving Floating Jump Shot,Naji Marshall makes 9-foot driving floating jump shot (P.J. Washington assists),107,115,4,4th Quarter,3:02,TRUE,2,6,4278594,4278078,,2026-02-11T04:14:26Z,TRUE,21,9,2,+2 Points,2026,2,21,Phoenix,Suns,PHX,Phoenix,6,Dallas,Mavericks,DAL,Dallas,2.5,TRUE,FALSE,2.5,4,3:02,3,2,FALSE,FALSE,2,2,4,2,182,182,182,157,157,157,4,4,2,-32.75,-4,2026-02-10,2026-02-11T02:00:00Z,
462,401810628660,660,63,Lost Ball Turnover,Dillon Brooks lost ball turnover (Naji Marshall steals),107,115,4,4th Quarter,2:37,FALSE,0,21,3155526,4278594,,2026-02-11T04:14:50Z,FALSE,23,22,0,Turnover,2026,2,21,Phoenix,Suns,PHX,Phoenix,6,Dallas,Mavericks,DAL,Dallas,2.5,TRUE,FALSE,2.5,4,2:37,2,37,FALSE,FALSE,2,2,4,2,157,157,157,154,154,154,4,4,2,19.75,2,2026-02-10,2026-02-11T02:00:00Z,
463,401810628662,662,109,Running Layup Shot,Jordan Goodwin blocks Cooper Flagg 's 2-foot running layup,107,115,4,4th Quarter,2:34,FALSE,0,6,5041939,4278402,,2026-02-11T04:14:55Z,TRUE,26,2,2,Missed FG,2026,2,21,Phoenix,Suns,PHX,Phoenix,6,Dallas,Mavericks,DAL,Dallas,2.5,TRUE,FALSE,2.5,4,2:34,2,34,FALSE,FALSE,2,2,4,2,154,154,154,154,154,154,4,4,2,-39.75,1,2026-02-10,2026-02-11T02:00:00Z,
464,401810628664,664,155,Defensive Rebound,Suns defensive team rebound,107,115,4,4th Quarter,2:34,FALSE,0,21,,,,2026-02-11T04:14:55Z,FALSE,26,2,0,Rebound,2026,2,21,Phoenix,Suns,PHX,Phoenix,6,Dallas,Mavericks,DAL,Dallas,2.5,TRUE,FALSE,2.5,4,2:34,2,34,FALSE,FALSE,2,2,4,2,154,154,154,154,154,154,4,4,2,39.75,-1,2026-02-10,2026-02-11T02:00:00Z,
465,401810628666,666,213,Challenge,Suns Coach's Challenge,107,115,4,4th Quarter,2:34,FALSE,0,21,,,,2026-02-11T04:15:22Z,FALSE,-214748340,-214748365,0,Challenge,2026,2,21,Phoenix,Suns,PHX,Phoenix,6,Dallas,Mavericks,DAL,Dallas,2.5,TRUE,FALSE,2.5,4,2:34,2,34,FALSE,FALSE,2,2,4,2,154,154,154,154,154,154,4,4,2,214748406.75,214748365,2026-02-10,2026-02-11T02:00:00Z,
466,401810628667,667,215,Coach's Challenge (Overturned),(02:34) [Suns] COACH'S CHALLENGE (CALL OVERTURNED) [Suns] retain their timeout,107,115,4,4th Quarter,2:34,FALSE,0,21,,,,2026-02-11T04:15:25Z,FALSE,-214748340,-214748365,0,Challenge,2026,2,21,Phoenix,Suns,PHX,Phoenix,6,Dallas,Mavericks,DAL,Dallas,2.5,TRUE,FALSE,2.5,4,2:34,2,34,FALSE,FALSE,2,2,4,2,154,154,154,140,140,140,4,4,2,214748406.75,214748365,2026-02-10,2026-02-11T02:00:00Z,
467,401810628668,668,92,Jump Shot,Dillon Brooks misses 26-foot three point jumper,107,115,4,4th Quarter,2:20,FALSE,0,21,3155526,,,2026-02-11T04:17:15Z,TRUE,46,16,3,Missed 3PT,2026,2,21,Phoenix,Suns,PHX,Phoenix,6,Dallas,Mavericks,DAL,Dallas,2.5,TRUE,FALSE,2.5,4,2:20,2,20,FALSE,FALSE,2,2,4,2,140,140,140,135,135,135,4,4,2,25.75,-21,2026-02-10,2026-02-11T02:00:00Z,
468,401810628669,669,155,Defensive Rebound,Naji Marshall defensive rebound,107,115,4,4th Quarter,2:15,FALSE,0,6,4278594,,,2026-02-11T04:17:20Z,FALSE,46,16,0,Rebound,2026,2,21,Phoenix,Suns,PHX,Phoenix,6,Dallas,Mavericks,DAL,Dallas,2.5,TRUE,FALSE,2.5,4,2:15,2,15,FALSE,FALSE,2,2,4,2,135,135,135,129,129,129,4,4,2,-25.75,21,2026-02-10,2026-02-11T02:00:00Z,
469,401810628670,670,144,Driving Floating Jump Shot,Naji Marshall makes 9-foot driving floating jump shot,109,115,4,4th Quarter,2:09,TRUE,2,6,4278594,,,2026-02-11T04:17:26Z,TRUE,23,10,2,+2 Points,2026,2,21,Phoenix,Suns,PHX,Phoenix,6,Dallas,Mavericks,DAL,Dallas,2.5,TRUE,FALSE,2.5,4,2:09,2,9,FALSE,FALSE,2,2,4,2,129,129,129,110,110,110,4,4,2,-31.75,-2,2026-02-10,2026-02-11T02:00:00Z,
470,401810628671,671,131,Pullup Jump Shot,Devin Booker makes 11-foot pullup jump shot,109,117,4,4th Quarter,1:50,TRUE,2,21,3136193,,,2026-02-11T04:17:45Z,TRUE,29,11,2,+2 Points,2026,2,21,Phoenix,Suns,PHX,Phoenix,6,Dallas,Mavericks,DAL,Dallas,2.5,TRUE,FALSE,2.5,4,1:50,1,50,FALSE,FALSE,2,2,4,2,110,110,110,101,101,101,4,4,2,30.75,-4,2026-02-10,2026-02-11T02:00:00Z,
471,401810628672,672,132,Step Back Jump Shot,Khris Middleton misses 19-foot step back jumpshot,109,117,4,4th Quarter,1:41,FALSE,0,6,6609,,,2026-02-11T04:17:56Z,TRUE,28,19,2,Missed FG,2026,2,21,Phoenix,Suns,PHX,Phoenix,6,Dallas,Mavericks,DAL,Dallas,2.5,TRUE,FALSE,2.5,4,1:41,1,41,FALSE,FALSE,2,2,4,2,101,101,101,98,98,98,4,4,2,-22.75,3,2026-02-10,2026-02-11T02:00:00Z,
472,401810628673,673,155,Defensive Rebound,Collin Gillespie defensive rebound,109,117,4,4th Quarter,1:38,FALSE,0,21,4278585,,,2026-02-11T04:17:59Z,FALSE,28,19,0,Rebound,2026,2,21,Phoenix,Suns,PHX,Phoenix,6,Dallas,Mavericks,DAL,Dallas,2.5,TRUE,FALSE,2.5,4,1:38,1,38,FALSE,FALSE,2,2,4,2,98,98,98,80,80,80,4,4,2,22.75,-3,2026-02-10,2026-02-11T02:00:00Z,
473,401810628674,674,44,Shooting Foul,Khris Middleton shooting foul,109,117,4,4th Quarter,1:20,FALSE,0,6,6609,,,2026-02-11T04:18:19Z,FALSE,34,9,0,Foul,2026,2,21,Phoenix,Suns,PHX,Phoenix,6,Dallas,Mavericks,DAL,Dallas,2.5,TRUE,FALSE,2.5,4,1:20,1,20,FALSE,FALSE,2,2,4,2,80,80,80,80,80,80,4,4,2,-32.75,9,2026-02-10,2026-02-11T02:00:00Z,
474,401810628676,676,98,Free Throw - 1 of 2,Devin Booker misses free throw 1 of 2,109,117,4,4th Quarter,1:20,FALSE,0,21,3136193,,,2026-02-11T04:18:47Z,TRUE,25,13.75,1,Missed FT,2026,2,21,Phoenix,Suns,PHX,Phoenix,6,Dallas,Mavericks,DAL,Dallas,2.5,TRUE,FALSE,2.5,4,1:20,1,20,FALSE,FALSE,2,2,4,2,80,80,80,80,80,80,4,4,2,28,-0,2026-02-10,2026-02-11T02:00:00Z,
475,401810628677,677,156,Offensive Rebound,Suns offensive team rebound,109,117,4,4th Quarter,1:20,FALSE,0,21,,,,2026-02-11T04:18:47Z,FALSE,-214748340,-214748365,0,Rebound,2026,2,21,Phoenix,Suns,PHX,Phoenix,6,Dallas,Mavericks,DAL,Dallas,2.5,TRUE,FALSE,2.5,4,1:20,1,20,FALSE,FALSE,2,2,4,2,80,80,80,80,80,80,4,4,2,214748406.75,214748365,2026-02-10,2026-02-11T02:00:00Z,
476,401810628678,678,99,Free Throw - 2 of 2,Devin Booker makes free throw 2 of 2,109,118,4,4th Quarter,1:20,TRUE,1,21,3136193,,,2026-02-11T04:19:02Z,TRUE,25,13.75,1,+1 Point,2026,2,21,Phoenix,Suns,PHX,Phoenix,6,Dallas,Mavericks,DAL,Dallas,2.5,TRUE,FALSE,2.5,4,1:20,1,20,FALSE,FALSE,2,2,4,2,80,80,80,72,72,72,4,4,2,28,-0,2026-02-10,2026-02-11T02:00:00Z,
477,401810628679,679,110,Driving Layup Shot,P.J. Washington makes driving layup,111,118,4,4th Quarter,1:12,TRUE,2,6,4278078,,,2026-02-11T04:19:13Z,TRUE,27,3,2,+2 Points,2026,2,21,Phoenix,Suns,PHX,Phoenix,6,Dallas,Mavericks,DAL,Dallas,2.5,TRUE,FALSE,2.5,4,1:12,1,12,FALSE,FALSE,2,2,4,2,72,72,72,50.6,50.6,50.6,4,4,2,-38.75,2,2026-02-10,2026-02-11T02:00:00Z,
478,401810628680,680,131,Pullup Jump Shot,Dillon Brooks makes 12-foot pullup jump shot (Jordan Goodwin assists),111,120,4,4th Quarter,0:50.6,TRUE,2,21,3155526,4278402,,2026-02-11T04:19:39Z,TRUE,13,1,2,+2 Points,2026,2,21,Phoenix,Suns,PHX,Phoenix,6,Dallas,Mavericks,DAL,Dallas,2.5,TRUE,FALSE,2.5,4,0:50.6,0,50.6,FALSE,FALSE,2,2,4,2,50.6,50.6,50.6,40.5,40.5,40.5,4,4,2,40.75,12,2026-02-10,2026-02-11T02:00:00Z,
479,401810628682,682,86,Out of Bounds - Step Turnover,Naji Marshall steps out of bounds turnover,111,120,4,4th Quarter,0:40.5,FALSE,0,6,4278594,,,2026-02-11T04:19:56Z,FALSE,46,15,0,Turnover,2026,2,21,Phoenix,Suns,PHX,Phoenix,6,Dallas,Mavericks,DAL,Dallas,2.5,TRUE,FALSE,2.5,4,0:40.5,0,40.5,FALSE,FALSE,2,2,4,2,40.5,40.5,40.5,25.7,25.7,25.7,4,4,2,-26.75,21,2026-02-10,2026-02-11T02:00:00Z,
480,401810628683,683,92,Jump Shot,Devin Booker misses 29-foot three point jumper,111,120,4,4th Quarter,0:25.7,FALSE,0,21,3136193,,,2026-02-11T04:20:25Z,TRUE,44,23,3,Missed 3PT,2026,2,21,Phoenix,Suns,PHX,Phoenix,6,Dallas,Mavericks,DAL,Dallas,2.5,TRUE,FALSE,2.5,4,0:25.7,0,25.7,FALSE,FALSE,2,2,4,2,25.7,25.7,25.7,19.8,19.8,19.8,4,4,2,18.75,-19,2026-02-10,2026-02-11T02:00:00Z,
481,401810628684,684,156,Offensive Rebound,Collin Gillespie offensive rebound,111,120,4,4th Quarter,0:19.8,FALSE,0,21,4278585,,,2026-02-11T04:20:31Z,FALSE,44,23,0,Rebound,2026,2,21,Phoenix,Suns,PHX,Phoenix,6,Dallas,Mavericks,DAL,Dallas,2.5,TRUE,FALSE,2.5,4,0:19.8,0,19.8,FALSE,FALSE,2,2,4,2,19.8,19.8,19.8,19.8,19.8,19.8,4,4,2,18.75,-19,2026-02-10,2026-02-11T02:00:00Z,
482,401810628685,685,16,Full Timeout,Suns Full timeout,111,120,4,4th Quarter,0:19.8,FALSE,0,21,,,,2026-02-11T04:20:38Z,FALSE,-214748340,-214748365,0,Timeout,2026,2,21,Phoenix,Suns,PHX,Phoenix,6,Dallas,Mavericks,DAL,Dallas,2.5,TRUE,FALSE,2.5,4,0:19.8,0,19.8,FALSE,FALSE,2,2,4,2,19.8,19.8,19.8,19.8,19.8,19.8,4,4,2,214748406.75,214748365,2026-02-10,2026-02-11T02:00:00Z,
483,401810628686,686,584,Substitution,Dwight Powell enters the game for Max Christie,111,120,4,4th Quarter,0:19.8,FALSE,0,6,2531367,4432582,,2026-02-11T04:21:39Z,FALSE,-214748340,-214748365,0,Substitution,2026,2,21,Phoenix,Suns,PHX,Phoenix,6,Dallas,Mavericks,DAL,Dallas,2.5,TRUE,FALSE,2.5,4,0:19.8,0,19.8,FALSE,FALSE,2,2,4,2,19.8,19.8,19.8,19.8,19.8,19.8,4,4,2,-214748406.75,-214748365,2026-02-10,2026-02-11T02:00:00Z,
484,401810628687,687,584,Substitution,Brandon Williams enters the game for Naji Marshall,111,120,4,4th Quarter,0:19.8,FALSE,0,6,4397040,4278594,,2026-02-11T04:21:39Z,FALSE,-214748340,-214748365,0,Substitution,2026,2,21,Phoenix,Suns,PHX,Phoenix,6,Dallas,Mavericks,DAL,Dallas,2.5,TRUE,FALSE,2.5,4,0:19.8,0,19.8,FALSE,FALSE,2,2,4,2,19.8,19.8,19.8,19.8,19.8,19.8,4,4,2,-214748406.75,-214748365,2026-02-10,2026-02-11T02:00:00Z,
485,401810628688,688,584,Substitution,Tyus Jones enters the game for Cooper Flagg,111,120,4,4th Quarter,0:19.8,FALSE,0,6,3135046,5041939,,2026-02-11T04:21:39Z,FALSE,-214748340,-214748365,0,Substitution,2026,2,21,Phoenix,Suns,PHX,Phoenix,6,Dallas,Mavericks,DAL,Dallas,2.5,TRUE,FALSE,2.5,4,0:19.8,0,19.8,FALSE,FALSE,2,2,4,2,19.8,19.8,19.8,19.8,19.8,19.8,4,4,2,-214748406.75,-214748365,2026-02-10,2026-02-11T02:00:00Z,
486,401810628689,689,584,Substitution,AJ Johnson enters the game for Khris Middleton,111,120,4,4th Quarter,0:19.8,FALSE,0,6,5170947,6609,,2026-02-11T04:21:39Z,FALSE,-214748340,-214748365,0,Substitution,2026,2,21,Phoenix,Suns,PHX,Phoenix,6,Dallas,Mavericks,DAL,Dallas,2.5,TRUE,FALSE,2.5,4,0:19.8,0,19.8,FALSE,FALSE,2,2,4,2,19.8,19.8,19.8,17.3,17.3,17.3,4,4,2,-214748406.75,-214748365,2026-02-10,2026-02-11T02:00:00Z,
487,401810628694,694,137,Turnaround Fade Away Jump Shot,Jordan Goodwin misses 12-foot two point shot,111,120,4,4th Quarter,0:17.3,FALSE,0,21,4278402,,,2026-02-11T04:22:22Z,TRUE,32,11,2,Missed FG,2026,2,21,Phoenix,Suns,PHX,Phoenix,6,Dallas,Mavericks,DAL,Dallas,2.5,TRUE,FALSE,2.5,4,0:17.3,0,17.3,FALSE,FALSE,2,2,4,2,17.3,17.3,17.3,15.4,15.4,15.4,4,4,2,30.75,-7,2026-02-10,2026-02-11T02:00:00Z,
488,401810628695,695,156,Offensive Rebound,Dillon Brooks offensive rebound,111,120,4,4th Quarter,0:15.4,FALSE,0,21,3155526,,,2026-02-11T04:22:24Z,FALSE,32,11,0,Rebound,2026,2,21,Phoenix,Suns,PHX,Phoenix,6,Dallas,Mavericks,DAL,Dallas,2.5,TRUE,FALSE,2.5,4,0:15.4,0,15.4,FALSE,FALSE,2,2,4,2,15.4,15.4,15.4,15.4,15.4,15.4,4,4,2,30.75,-7,2026-02-10,2026-02-11T02:00:00Z,
489,401810628696,696,70,Shot Clock Turnover,shot clock turnover ,111,120,4,4th Quarter,0:15.4,FALSE,0,21,,,,2026-02-11T04:22:31Z,FALSE,32,2,0,Turnover,2026,2,21,Phoenix,Suns,PHX,Phoenix,6,Dallas,Mavericks,DAL,Dallas,2.5,TRUE,FALSE,2.5,4,0:15.4,0,15.4,FALSE,FALSE,2,2,4,2,15.4,15.4,15.4,15.4,15.4,15.4,4,4,2,39.75,-7,2026-02-10,2026-02-11T02:00:00Z,
490,401810628697,697,280,Ref-Initiated Review (Stands),(00:15.4) [Mavericks] REF-INITIATED REVIEW (CALL STANDS),111,120,4,4th Quarter,0:15.4,FALSE,0,,,,,2026-02-11T04:22:48Z,FALSE,-214748340,-214748365,0,Challenge,2026,2,21,Phoenix,Suns,PHX,Phoenix,6,Dallas,Mavericks,DAL,Dallas,2.5,TRUE,FALSE,2.5,4,0:15.4,0,15.4,FALSE,FALSE,2,2,4,2,15.4,15.4,15.4,7.6,7.6,7.6,4,4,2,-214748406.75,-214748365,2026-02-10,2026-02-11T02:00:00Z,
491,401810628698,698,131,Pullup Jump Shot,P.J. Washington misses 30-foot three point pullup jump shot,111,120,4,4th Quarter,0:7.6,FALSE,0,6,4278078,,,2026-02-11T04:23:14Z,TRUE,9,26,3,Missed 3PT,2026,2,21,Phoenix,Suns,PHX,Phoenix,6,Dallas,Mavericks,DAL,Dallas,2.5,TRUE,FALSE,2.5,4,0:7.6,0,7.6,FALSE,FALSE,2,2,4,2,7.6,7.6,7.6,6,6,6,4,4,2,-15.75,-16,2026-02-10,2026-02-11T02:00:00Z,
492,401810628699,699,155,Defensive Rebound,Mark Williams defensive rebound,111,120,4,4th Quarter,0:6.0,FALSE,0,21,4701232,,,2026-02-11T04:23:15Z,FALSE,9,26,0,Rebound,2026,2,21,Phoenix,Suns,PHX,Phoenix,6,Dallas,Mavericks,DAL,Dallas,2.5,TRUE,FALSE,2.5,4,0:6.0,0,6,FALSE,FALSE,2,2,4,2,6,6,6,0,0,0,4,4,2,15.75,16,2026-02-10,2026-02-11T02:00:00Z,
493,401810628700,700,412,End Period,End of the 4th Quarter,111,120,4,4th Quarter,0:0.0,FALSE,0,,,,,2026-02-11T04:23:24Z,FALSE,-214748340,-214748365,0,End of 4th,2026,2,21,Phoenix,Suns,PHX,Phoenix,6,Dallas,Mavericks,DAL,Dallas,2.5,TRUE,FALSE,2.5,4,0:0.0,0,0,FALSE,FALSE,2,2,4,2,0,0,0,0,0,0,4,4,2,-214748406.75,-214748365,2026-02-10,2026-02-11T02:00:00Z,
494,401810628701,701,402,End Game,End of Game,111,120,4,4th Quarter,0:0.0,FALSE,0,,,,,2026-02-11T04:23:28Z,FALSE,-214748340,-214748365,0,End of Game,2026,2,21,Phoenix,Suns,PHX,Phoenix,6,Dallas,Mavericks,DAL,Dallas,2.5,TRUE,FALSE,2.5,4,0:0.0,0,0,FALSE,FALSE,2,2,,,0,0,0,,,,4,4,2,-214748406.75,-214748365,2026-02-10,2026-02-11T02:00:00Z,
