game_play_number,id,sequence_number,type_id,type_text,text,away_score,home_score,period_number,period_display_value,clock_display_value,scoring_play,score_value,team_id,athlete_id_1,athlete_id_2,athlete_id_3,wallclock,shooting_play,coordinate_x_raw,coordinate_y_raw,points_attempted,short_description,season,season_type,home_team_id,home_team_name,home_team_mascot,home_team_abbrev,home_team_name_alt,away_team_id,away_team_name,away_team_mascot,away_team_abbrev,away_team_name_alt,game_spread,home_favorite,game_spread_available,home_team_spread,qtr,time,clock_minutes,clock_seconds,home_timeout_called,away_timeout_called,half,game_half,lead_qtr,lead_half,start_quarter_seconds_remaining,start_half_seconds_remaining,start_game_seconds_remaining,end_quarter_seconds_remaining,end_half_seconds_remaining,end_game_seconds_remaining,period,lag_qtr,lag_half,coordinate_x,coordinate_y,game_date,game_date_time,type_abbreviation
1,4018092364,4,615,Jumpball,Chet Holmgren vs. Isaiah Jackson (Isaiah Hartenstein gains possession),0,0,1,1st Quarter,12:00,FALSE,0,25,4433255,4432170,4222252,2025-10-23T23:45:10Z,FALSE,-214748340,-214748365,0,Jump Ball,2026,2,11,Indiana,Pacers,IND,Indiana,25,Oklahoma City,Thunder,OKC,Oklahoma City,2.5,TRUE,FALSE,2.5,1,12:00,12,0,FALSE,FALSE,1,1,1,1,720,1440,2880,720,1440,2880,1,,,-214748406.75,-214748365,2025-10-23,2025-10-23T23:30:00Z,
2,4018092367,7,92,Jump Shot,Aaron Wiggins misses 25-foot three point jumper,0,0,1,1st Quarter,11:39,FALSE,0,25,4397183,,,2025-10-23T23:45:28Z,TRUE,6,17,3,Missed 3PT,2026,2,11,Indiana,Pacers,IND,Indiana,25,Oklahoma City,Thunder,OKC,Oklahoma City,2.5,TRUE,FALSE,2.5,1,11:39,11,39,FALSE,FALSE,1,1,1,1,699,1419,2859,696,1416,2856,1,1,1,-24.75,-19,2025-10-23,2025-10-23T23:30:00Z,
3,4018092368,8,156,Offensive Rebound,Thunder offensive team rebound,0,0,1,1st Quarter,11:36,FALSE,0,25,,,,2025-10-23T23:45:31Z,FALSE,6,17,0,Rebound,2026,2,11,Indiana,Pacers,IND,Indiana,25,Oklahoma City,Thunder,OKC,Oklahoma City,2.5,TRUE,FALSE,2.5,1,11:36,11,36,FALSE,FALSE,1,1,1,1,696,1416,2856,690,1410,2850,1,1,1,-24.75,-19,2025-10-23,2025-10-23T23:30:00Z,
4,40180923610,10,42,Offensive Foul,Luguentz Dort offensive foul,0,0,1,1st Quarter,11:30,FALSE,0,25,4397020,,,2025-10-23T23:45:55Z,FALSE,27,7,0,Foul,2026,2,11,Indiana,Pacers,IND,Indiana,25,Oklahoma City,Thunder,OKC,Oklahoma City,2.5,TRUE,FALSE,2.5,1,11:30,11,30,FALSE,FALSE,1,1,1,1,690,1410,2850,690,1410,2850,1,1,1,-34.75,2,2025-10-23,2025-10-23T23:30:00Z,
5,40180923612,12,84,Offensive Foul Turnover,Luguentz Dort turnover,0,0,1,1st Quarter,11:30,FALSE,0,25,4397020,,,2025-10-23T23:45:55Z,FALSE,27,7,0,Turnover,2026,2,11,Indiana,Pacers,IND,Indiana,25,Oklahoma City,Thunder,OKC,Oklahoma City,2.5,TRUE,FALSE,2.5,1,11:30,11,30,FALSE,FALSE,1,1,1,1,690,1410,2850,674,1394,2834,1,1,1,-34.75,2,2025-10-23,2025-10-23T23:30:00Z,
6,40180923613,13,42,Offensive Foul,Isaiah Jackson offensive foul,0,0,1,1st Quarter,11:14,FALSE,0,11,4432170,,,2025-10-23T23:46:23Z,FALSE,27,13,0,Foul,2026,2,11,Indiana,Pacers,IND,Indiana,25,Oklahoma City,Thunder,OKC,Oklahoma City,2.5,TRUE,FALSE,2.5,1,11:14,11,14,FALSE,FALSE,1,1,1,1,674,1394,2834,674,1394,2834,1,1,1,28.75,-2,2025-10-23,2025-10-23T23:30:00Z,
7,40180923615,15,84,Offensive Foul Turnover,Isaiah Jackson turnover,0,0,1,1st Quarter,11:14,FALSE,0,11,4432170,,,2025-10-23T23:46:23Z,FALSE,27,13,0,Turnover,2026,2,11,Indiana,Pacers,IND,Indiana,25,Oklahoma City,Thunder,OKC,Oklahoma City,2.5,TRUE,FALSE,2.5,1,11:14,11,14,FALSE,FALSE,1,1,1,1,674,1394,2834,661,1381,2821,1,1,1,28.75,-2,2025-10-23,2025-10-23T23:30:00Z,
8,40180923616,16,44,Shooting Foul,Andrew Nembhard shooting foul,0,0,1,1st Quarter,11:01,FALSE,0,11,4395712,,,2025-10-23T23:46:45Z,FALSE,15,1,0,Foul,2026,2,11,Indiana,Pacers,IND,Indiana,25,Oklahoma City,Thunder,OKC,Oklahoma City,2.5,TRUE,FALSE,2.5,1,11:01,11,1,FALSE,FALSE,1,1,1,1,661,1381,2821,661,1381,2821,1,1,1,40.75,10,2025-10-23,2025-10-23T23:30:00Z,
9,40180923618,18,98,Free Throw - 1 of 2,Shai Gilgeous-Alexander makes free throw 1 of 2,1,0,1,1st Quarter,11:01,TRUE,1,25,4278073,,,2025-10-23T23:47:06Z,TRUE,25,13.75,1,+1 Point,2026,2,11,Indiana,Pacers,IND,Indiana,25,Oklahoma City,Thunder,OKC,Oklahoma City,2.5,TRUE,FALSE,2.5,1,11:01,11,1,FALSE,FALSE,1,1,1,1,661,1381,2821,661,1381,2821,1,1,1,-28,0,2025-10-23,2025-10-23T23:30:00Z,
10,40180923619,19,99,Free Throw - 2 of 2,Shai Gilgeous-Alexander misses free throw 2 of 2,1,0,1,1st Quarter,11:01,FALSE,0,25,4278073,,,2025-10-23T23:47:06Z,TRUE,25,13.75,1,Missed FT,2026,2,11,Indiana,Pacers,IND,Indiana,25,Oklahoma City,Thunder,OKC,Oklahoma City,2.5,TRUE,FALSE,2.5,1,11:01,11,1,FALSE,FALSE,1,1,1,1,661,1381,2821,661,1381,2821,1,1,1,-28,0,2025-10-23,2025-10-23T23:30:00Z,
11,40180923620,20,155,Defensive Rebound,Andrew Nembhard defensive rebound,1,0,1,1st Quarter,11:01,FALSE,0,11,4395712,,,2025-10-23T23:47:06Z,FALSE,-214748340,-214748365,0,Rebound,2026,2,11,Indiana,Pacers,IND,Indiana,25,Oklahoma City,Thunder,OKC,Oklahoma City,2.5,TRUE,FALSE,2.5,1,11:01,11,1,FALSE,FALSE,1,1,1,1,661,1381,2821,648,1368,2808,1,1,1,214748406.75,214748365,2025-10-23,2025-10-23T23:30:00Z,
12,40180923621,21,121,Fade Away Jump Shot,Andrew Nembhard misses 14-foot two point shot,1,0,1,1st Quarter,10:48,FALSE,0,11,4395712,,,2025-10-23T23:47:34Z,TRUE,10,0,2,Missed FG,2026,2,11,Indiana,Pacers,IND,Indiana,25,Oklahoma City,Thunder,OKC,Oklahoma City,2.5,TRUE,FALSE,2.5,1,10:48,10,48,FALSE,FALSE,1,1,1,1,648,1368,2808,646,1366,2806,1,1,1,41.75,15,2025-10-23,2025-10-23T23:30:00Z,
13,40180923622,22,155,Defensive Rebound,Shai Gilgeous-Alexander defensive rebound,1,0,1,1st Quarter,10:46,FALSE,0,25,4278073,,,2025-10-23T23:47:36Z,FALSE,10,0,0,Rebound,2026,2,11,Indiana,Pacers,IND,Indiana,25,Oklahoma City,Thunder,OKC,Oklahoma City,2.5,TRUE,FALSE,2.5,1,10:46,10,46,FALSE,FALSE,1,1,1,1,646,1366,2806,634,1354,2794,1,1,1,-41.75,-15,2025-10-23,2025-10-23T23:30:00Z,
14,40180923623,23,92,Jump Shot,Chet Holmgren misses 24-foot three point jumper,1,0,1,1st Quarter,10:34,FALSE,0,25,4433255,,,2025-10-23T23:47:50Z,TRUE,1,1,3,Missed 3PT,2026,2,11,Indiana,Pacers,IND,Indiana,25,Oklahoma City,Thunder,OKC,Oklahoma City,2.5,TRUE,FALSE,2.5,1,10:34,10,34,FALSE,FALSE,1,1,1,1,634,1354,2794,632,1352,2792,1,1,1,-40.75,-24,2025-10-23,2025-10-23T23:30:00Z,
15,40180923624,24,155,Defensive Rebound,Pascal Siakam defensive rebound,1,0,1,1st Quarter,10:32,FALSE,0,11,3149673,,,2025-10-23T23:47:52Z,FALSE,1,1,0,Rebound,2026,2,11,Indiana,Pacers,IND,Indiana,25,Oklahoma City,Thunder,OKC,Oklahoma City,2.5,TRUE,FALSE,2.5,1,10:32,10,32,FALSE,FALSE,1,1,1,1,632,1352,2792,626,1346,2786,1,1,1,40.75,24,2025-10-23,2025-10-23T23:30:00Z,
16,40180923625,25,63,Lost Ball Turnover,Andrew Nembhard lost ball turnover (Chet Holmgren steals),1,0,1,1st Quarter,10:26,FALSE,0,11,4395712,4433255,,2025-10-23T23:47:57Z,FALSE,29,27,0,Turnover,2026,2,11,Indiana,Pacers,IND,Indiana,25,Oklahoma City,Thunder,OKC,Oklahoma City,2.5,TRUE,FALSE,2.5,1,10:26,10,26,FALSE,FALSE,1,1,1,1,626,1346,2786,619,1339,2779,1,1,1,14.75,-4,2025-10-23,2025-10-23T23:30:00Z,
17,40180923627,27,110,Driving Layup Shot,Chet Holmgren makes driving layup,3,0,1,1st Quarter,10:19,TRUE,2,25,4433255,,,2025-10-23T23:48:04Z,TRUE,28,3,2,+2 Points,2026,2,11,Indiana,Pacers,IND,Indiana,25,Oklahoma City,Thunder,OKC,Oklahoma City,2.5,TRUE,FALSE,2.5,1,10:19,10,19,FALSE,FALSE,1,1,1,1,619,1339,2779,600,1320,2760,1,1,1,-38.75,3,2025-10-23,2025-10-23T23:30:00Z,
18,40180923628,28,63,Lost Ball Turnover,Bennedict Mathurin lost ball turnover (Shai Gilgeous-Alexander steals),3,0,1,1st Quarter,10:00,FALSE,0,11,4683634,4278073,,2025-10-23T23:48:27Z,FALSE,17,3,0,Turnover,2026,2,11,Indiana,Pacers,IND,Indiana,25,Oklahoma City,Thunder,OKC,Oklahoma City,2.5,TRUE,FALSE,2.5,1,10:00,10,0,FALSE,FALSE,1,1,1,1,600,1320,2760,600,1320,2760,1,1,1,38.75,8,2025-10-23,2025-10-23T23:30:00Z,
19,40180923630,30,90,Out of Bounds - Bad Pass Turnover,Shai Gilgeous-Alexander out of bounds bad pass turnover,3,0,1,1st Quarter,10:00,FALSE,0,25,4278073,,,2025-10-23T23:48:30Z,FALSE,18,-3,0,Turnover,2026,2,11,Indiana,Pacers,IND,Indiana,25,Oklahoma City,Thunder,OKC,Oklahoma City,2.5,TRUE,FALSE,2.5,1,10:00,10,0,FALSE,FALSE,1,1,1,1,600,1320,2760,596,1316,2756,1,1,1,-44.75,-7,2025-10-23,2025-10-23T23:30:00Z,
20,40180923631,31,44,Shooting Foul,Isaiah Hartenstein shooting foul,3,0,1,1st Quarter,9:56,FALSE,0,25,4222252,,,2025-10-23T23:48:43Z,FALSE,26,7,0,Foul,2026,2,11,Indiana,Pacers,IND,Indiana,25,Oklahoma City,Thunder,OKC,Oklahoma City,2.5,TRUE,FALSE,2.5,1,9:56,9,56,FALSE,FALSE,1,1,1,1,596,1316,2756,596,1316,2756,1,1,1,-34.75,1,2025-10-23,2025-10-23T23:30:00Z,
21,40180923633,33,98,Free Throw - 1 of 2,Bennedict Mathurin makes free throw 1 of 2,3,1,1,1st Quarter,9:56,TRUE,1,11,4683634,,,2025-10-23T23:49:20Z,TRUE,25,13.75,1,+1 Point,2026,2,11,Indiana,Pacers,IND,Indiana,25,Oklahoma City,Thunder,OKC,Oklahoma City,2.5,TRUE,FALSE,2.5,1,9:56,9,56,FALSE,FALSE,1,1,1,1,596,1316,2756,596,1316,2756,1,1,1,28,-0,2025-10-23,2025-10-23T23:30:00Z,
22,40180923634,34,99,Free Throw - 2 of 2,Bennedict Mathurin makes free throw 2 of 2,3,2,1,1st Quarter,9:56,TRUE,1,11,4683634,,,2025-10-23T23:49:35Z,TRUE,25,13.75,1,+1 Point,2026,2,11,Indiana,Pacers,IND,Indiana,25,Oklahoma City,Thunder,OKC,Oklahoma City,2.5,TRUE,FALSE,2.5,1,9:56,9,56,FALSE,FALSE,1,1,1,1,596,1316,2756,583,1303,2743,1,1,1,28,-0,2025-10-23,2025-10-23T23:30:00Z,
23,40180923635,35,42,Offensive Foul,Luguentz Dort offensive foul,3,2,1,1st Quarter,9:43,FALSE,0,25,4397020,,,2025-10-23T23:49:53Z,FALSE,19,22,0,Foul,2026,2,11,Indiana,Pacers,IND,Indiana,25,Oklahoma City,Thunder,OKC,Oklahoma City,2.5,TRUE,FALSE,2.5,1,9:43,9,43,FALSE,FALSE,1,1,1,1,583,1303,2743,583,1303,2743,1,1,1,-19.75,-6,2025-10-23,2025-10-23T23:30:00Z,
24,40180923637,37,84,Offensive Foul Turnover,Luguentz Dort turnover,3,2,1,1st Quarter,9:43,FALSE,0,25,4397020,,,2025-10-23T23:49:53Z,FALSE,19,22,0,Turnover,2026,2,11,Indiana,Pacers,IND,Indiana,25,Oklahoma City,Thunder,OKC,Oklahoma City,2.5,TRUE,FALSE,2.5,1,9:43,9,43,FALSE,FALSE,1,1,1,1,583,1303,2743,583,1303,2743,1,1,1,-19.75,-6,2025-10-23,2025-10-23T23:30:00Z,
25,40180923638,38,584,Substitution,Brooks Barnhizer enters the game for Luguentz Dort,3,2,1,1st Quarter,9:43,FALSE,0,25,4684208,4397020,,2025-10-23T23:50:02Z,FALSE,-214748340,-214748365,0,Substitution,2026,2,11,Indiana,Pacers,IND,Indiana,25,Oklahoma City,Thunder,OKC,Oklahoma City,2.5,TRUE,FALSE,2.5,1,9:43,9,43,FALSE,FALSE,1,1,1,1,583,1303,2743,577,1297,2737,1,1,1,-214748406.75,-214748365,2025-10-23,2025-10-23T23:30:00Z,
26,40180923641,41,128,Driving Finger Roll Layup,Andrew Nembhard misses two point shot,3,2,1,1st Quarter,9:37,FALSE,0,11,4395712,,,2025-10-23T23:50:23Z,TRUE,28,3,2,Missed FG,2026,2,11,Indiana,Pacers,IND,Indiana,25,Oklahoma City,Thunder,OKC,Oklahoma City,2.5,TRUE,FALSE,2.5,1,9:37,9,37,FALSE,FALSE,1,1,1,1,577,1297,2737,576,1296,2736,1,1,1,38.75,-3,2025-10-23,2025-10-23T23:30:00Z,
27,40180923642,42,156,Offensive Rebound,Bennedict Mathurin offensive rebound,3,2,1,1st Quarter,9:36,FALSE,0,11,4683634,,,2025-10-23T23:50:25Z,FALSE,28,3,0,Rebound,2026,2,11,Indiana,Pacers,IND,Indiana,25,Oklahoma City,Thunder,OKC,Oklahoma City,2.5,TRUE,FALSE,2.5,1,9:36,9,36,FALSE,FALSE,1,1,1,1,576,1296,2736,562,1282,2722,1,1,1,38.75,-3,2025-10-23,2025-10-23T23:30:00Z,
28,40180923643,43,131,Pullup Jump Shot,Bennedict Mathurin makes 25-foot three pointer (Andrew Nembhard assists),3,5,1,1st Quarter,9:22,TRUE,3,11,4683634,4395712,,2025-10-23T23:50:38Z,TRUE,40,21,3,+3 Points,2026,2,11,Indiana,Pacers,IND,Indiana,25,Oklahoma City,Thunder,OKC,Oklahoma City,2.5,TRUE,FALSE,2.5,1,9:22,9,22,FALSE,FALSE,1,1,1,1,562,1282,2722,551,1271,2711,1,1,1,20.75,-15,2025-10-23,2025-10-23T23:30:00Z,
29,40180923645,45,44,Shooting Foul,Andrew Nembhard shooting foul,3,5,1,1st Quarter,9:11,FALSE,0,11,4395712,,,2025-10-23T23:50:51Z,FALSE,19,13,0,Foul,2026,2,11,Indiana,Pacers,IND,Indiana,25,Oklahoma City,Thunder,OKC,Oklahoma City,2.5,TRUE,FALSE,2.5,1,9:11,9,11,FALSE,FALSE,1,1,1,1,551,1271,2711,551,1271,2711,1,1,1,28.75,6,2025-10-23,2025-10-23T23:30:00Z,
30,40180923647,47,98,Free Throw - 1 of 2,Shai Gilgeous-Alexander makes free throw 1 of 2,4,5,1,1st Quarter,9:11,TRUE,1,25,4278073,,,2025-10-23T23:51:17Z,TRUE,25,13.75,1,+1 Point,2026,2,11,Indiana,Pacers,IND,Indiana,25,Oklahoma City,Thunder,OKC,Oklahoma City,2.5,TRUE,FALSE,2.5,1,9:11,9,11,FALSE,FALSE,1,1,1,1,551,1271,2711,551,1271,2711,1,1,1,-28,0,2025-10-23,2025-10-23T23:30:00Z,
31,40180923648,48,99,Free Throw - 2 of 2,Shai Gilgeous-Alexander makes free throw 2 of 2,5,5,1,1st Quarter,9:11,TRUE,1,25,4278073,,,2025-10-23T23:51:32Z,TRUE,25,13.75,1,+1 Point,2026,2,11,Indiana,Pacers,IND,Indiana,25,Oklahoma City,Thunder,OKC,Oklahoma City,2.5,TRUE,FALSE,2.5,1,9:11,9,11,FALSE,FALSE,1,1,1,1,551,1271,2711,547,1267,2707,1,1,1,-28,0,2025-10-23,2025-10-23T23:30:00Z,
32,40180923649,49,45,Personal Foul,Aaron Wiggins personal foul,5,5,1,1st Quarter,9:07,FALSE,0,25,4397183,,,2025-10-23T23:51:44Z,FALSE,31,15,0,Foul,2026,2,11,Indiana,Pacers,IND,Indiana,25,Oklahoma City,Thunder,OKC,Oklahoma City,2.5,TRUE,FALSE,2.5,1,9:07,9,7,FALSE,FALSE,1,1,1,1,547,1267,2707,540,1260,2700,1,1,1,-26.75,6,2025-10-23,2025-10-23T23:30:00Z,
33,40180923651,51,63,Lost Ball Turnover,Bennedict Mathurin lost ball turnover (Chet Holmgren steals),5,5,1,1st Quarter,9:00,FALSE,0,11,4683634,4433255,,2025-10-23T23:52:06Z,FALSE,29,7,0,Turnover,2026,2,11,Indiana,Pacers,IND,Indiana,25,Oklahoma City,Thunder,OKC,Oklahoma City,2.5,TRUE,FALSE,2.5,1,9:00,9,0,FALSE,FALSE,1,1,1,1,540,1260,2700,532,1252,2692,1,1,1,34.75,-4,2025-10-23,2025-10-23T23:30:00Z,
34,40180923653,53,132,Step Back Jump Shot,Shai Gilgeous-Alexander misses 14-foot step back jumpshot,5,5,1,1st Quarter,8:52,FALSE,0,25,4278073,,,2025-10-23T23:52:15Z,TRUE,18,13,2,Missed FG,2026,2,11,Indiana,Pacers,IND,Indiana,25,Oklahoma City,Thunder,OKC,Oklahoma City,2.5,TRUE,FALSE,2.5,1,8:52,8,52,FALSE,FALSE,1,1,1,1,532,1252,2692,528,1248,2688,1,1,1,-28.75,-7,2025-10-23,2025-10-23T23:30:00Z,
35,40180923654,54,155,Defensive Rebound,Aaron Nesmith defensive rebound,5,5,1,1st Quarter,8:48,FALSE,0,11,4396909,,,2025-10-23T23:52:19Z,FALSE,18,13,0,Rebound,2026,2,11,Indiana,Pacers,IND,Indiana,25,Oklahoma City,Thunder,OKC,Oklahoma City,2.5,TRUE,FALSE,2.5,1,8:48,8,48,FALSE,FALSE,1,1,1,1,528,1248,2688,523,1243,2683,1,1,1,28.75,7,2025-10-23,2025-10-23T23:30:00Z,
36,40180923655,55,113,Running Jump Shot,Aaron Nesmith makes 25-foot three point shot (Andrew Nembhard assists),5,8,1,1st Quarter,8:43,TRUE,3,11,4396909,4395712,,2025-10-23T23:52:24Z,TRUE,36,24,3,+3 Points,2026,2,11,Indiana,Pacers,IND,Indiana,25,Oklahoma City,Thunder,OKC,Oklahoma City,2.5,TRUE,FALSE,2.5,1,8:43,8,43,FALSE,FALSE,1,1,1,1,523,1243,2683,497,1217,2657,1,1,1,17.75,-11,2025-10-23,2025-10-23T23:30:00Z,
37,40180923657,57,120,Turnaround Hook Shot,Isaiah Hartenstein makes 12-foot two point shot,7,8,1,1st Quarter,8:17,TRUE,2,25,4222252,,,2025-10-23T23:52:49Z,TRUE,13,4,2,+2 Points,2026,2,11,Indiana,Pacers,IND,Indiana,25,Oklahoma City,Thunder,OKC,Oklahoma City,2.5,TRUE,FALSE,2.5,1,8:17,8,17,FALSE,FALSE,1,1,1,1,497,1217,2657,488,1208,2648,1,1,1,-37.75,-12,2025-10-23,2025-10-23T23:30:00Z,
38,40180923659,59,131,Pullup Jump Shot,Pascal Siakam makes 26-foot three pointer,7,11,1,1st Quarter,8:08,TRUE,3,11,3149673,,,2025-10-23T23:52:58Z,TRUE,38,24,3,+3 Points,2026,2,11,Indiana,Pacers,IND,Indiana,25,Oklahoma City,Thunder,OKC,Oklahoma City,2.5,TRUE,FALSE,2.5,1,8:08,8,8,FALSE,FALSE,1,1,1,1,488,1208,2648,475,1195,2635,1,1,1,17.75,-13,2025-10-23,2025-10-23T23:30:00Z,
39,40180923660,60,44,Shooting Foul,Isaiah Jackson shooting foul,7,11,1,1st Quarter,7:55,FALSE,0,11,4432170,,,2025-10-23T23:53:12Z,FALSE,28,2,0,Foul,2026,2,11,Indiana,Pacers,IND,Indiana,25,Oklahoma City,Thunder,OKC,Oklahoma City,2.5,TRUE,FALSE,2.5,1,7:55,7,55,FALSE,FALSE,1,1,1,1,475,1195,2635,475,1195,2635,1,1,1,39.75,-3,2025-10-23,2025-10-23T23:30:00Z,
40,40180923662,62,98,Free Throw - 1 of 2,Shai Gilgeous-Alexander makes free throw 1 of 2,8,11,1,1st Quarter,7:55,TRUE,1,25,4278073,,,2025-10-23T23:53:39Z,TRUE,25,13.75,1,+1 Point,2026,2,11,Indiana,Pacers,IND,Indiana,25,Oklahoma City,Thunder,OKC,Oklahoma City,2.5,TRUE,FALSE,2.5,1,7:55,7,55,FALSE,FALSE,1,1,1,1,475,1195,2635,475,1195,2635,1,1,1,-28,0,2025-10-23,2025-10-23T23:30:00Z,
41,40180923663,63,584,Substitution,Obi Toppin enters the game for Andrew Nembhard,8,11,1,1st Quarter,7:55,FALSE,0,11,4278355,4395712,,2025-10-23T23:53:39Z,FALSE,-214748340,-214748365,0,Substitution,2026,2,11,Indiana,Pacers,IND,Indiana,25,Oklahoma City,Thunder,OKC,Oklahoma City,2.5,TRUE,FALSE,2.5,1,7:55,7,55,FALSE,FALSE,1,1,1,1,475,1195,2635,475,1195,2635,1,1,1,214748406.75,214748365,2025-10-23,2025-10-23T23:30:00Z,
42,40180923664,64,584,Substitution,Taelon Peter enters the game for Isaiah Jackson,8,11,1,1st Quarter,7:55,FALSE,0,11,4703421,4432170,,2025-10-23T23:53:39Z,FALSE,-214748340,-214748365,0,Substitution,2026,2,11,Indiana,Pacers,IND,Indiana,25,Oklahoma City,Thunder,OKC,Oklahoma City,2.5,TRUE,FALSE,2.5,1,7:55,7,55,FALSE,FALSE,1,1,1,1,475,1195,2635,475,1195,2635,1,1,1,214748406.75,214748365,2025-10-23,2025-10-23T23:30:00Z,
43,40180923667,67,99,Free Throw - 2 of 2,Shai Gilgeous-Alexander makes free throw 2 of 2,9,11,1,1st Quarter,7:55,TRUE,1,25,4278073,,,2025-10-23T23:54:08Z,TRUE,25,13.75,1,+1 Point,2026,2,11,Indiana,Pacers,IND,Indiana,25,Oklahoma City,Thunder,OKC,Oklahoma City,2.5,TRUE,FALSE,2.5,1,7:55,7,55,FALSE,FALSE,1,1,1,1,475,1195,2635,465,1185,2625,1,1,1,-28,0,2025-10-23,2025-10-23T23:30:00Z,
44,40180923668,68,132,Step Back Jump Shot,Pascal Siakam makes 17-foot step back jumpshot,9,13,1,1st Quarter,7:45,TRUE,2,11,3149673,,,2025-10-23T23:54:22Z,TRUE,14,14,2,+2 Points,2026,2,11,Indiana,Pacers,IND,Indiana,25,Oklahoma City,Thunder,OKC,Oklahoma City,2.5,TRUE,FALSE,2.5,1,7:45,7,45,FALSE,FALSE,1,1,1,1,465,1185,2625,449,1169,2609,1,1,1,27.75,11,2025-10-23,2025-10-23T23:30:00Z,
45,40180923669,69,64,Traveling,Shai Gilgeous-Alexander traveling,9,13,1,1st Quarter,7:29,FALSE,0,25,4278073,,,2025-10-23T23:54:38Z,FALSE,20,10,0,Turnover,2026,2,11,Indiana,Pacers,IND,Indiana,25,Oklahoma City,Thunder,OKC,Oklahoma City,2.5,TRUE,FALSE,2.5,1,7:29,7,29,FALSE,FALSE,1,1,1,1,449,1169,2609,441,1161,2601,1,1,1,-31.75,-5,2025-10-23,2025-10-23T23:30:00Z,
46,40180923670,70,45,Personal Foul,Brooks Barnhizer personal foul,9,13,1,1st Quarter,7:21,FALSE,0,25,4684208,,,2025-10-23T23:55:01Z,FALSE,24,1,0,Foul,2026,2,11,Indiana,Pacers,IND,Indiana,25,Oklahoma City,Thunder,OKC,Oklahoma City,2.5,TRUE,FALSE,2.5,1,7:21,7,21,FALSE,FALSE,1,1,1,1,441,1161,2601,429,1149,2589,1,1,1,-40.75,-1,2025-10-23,2025-10-23T23:30:00Z,
47,40180923672,72,131,Pullup Jump Shot,Bennedict Mathurin misses 26-foot three point pullup jump shot,9,13,1,1st Quarter,7:09,FALSE,0,11,4683634,,,2025-10-23T23:55:31Z,TRUE,24,27,3,Missed 3PT,2026,2,11,Indiana,Pacers,IND,Indiana,25,Oklahoma City,Thunder,OKC,Oklahoma City,2.5,TRUE,FALSE,2.5,1,7:09,7,9,FALSE,FALSE,1,1,1,1,429,1149,2589,425,1145,2585,1,1,1,14.75,1,2025-10-23,2025-10-23T23:30:00Z,
48,40180923673,73,155,Defensive Rebound,Isaiah Hartenstein defensive rebound,9,13,1,1st Quarter,7:05,FALSE,0,25,4222252,,,2025-10-23T23:55:35Z,FALSE,24,27,0,Rebound,2026,2,11,Indiana,Pacers,IND,Indiana,25,Oklahoma City,Thunder,OKC,Oklahoma City,2.5,TRUE,FALSE,2.5,1,7:05,7,5,FALSE,FALSE,1,1,1,1,425,1145,2585,416,1136,2576,1,1,1,-14.75,-1,2025-10-23,2025-10-23T23:30:00Z,
49,40180923674,74,145,Driving Floating Bank Jump Shot,Shai Gilgeous-Alexander makes 11-foot two point shot,11,13,1,1st Quarter,6:56,TRUE,2,25,4278073,,,2025-10-23T23:55:46Z,TRUE,29,11,2,+2 Points,2026,2,11,Indiana,Pacers,IND,Indiana,25,Oklahoma City,Thunder,OKC,Oklahoma City,2.5,TRUE,FALSE,2.5,1,6:56,6,56,FALSE,FALSE,1,1,1,1,416,1136,2576,416,1136,2576,1,1,1,-30.75,4,2025-10-23,2025-10-23T23:30:00Z,
50,40180923675,75,44,Shooting Foul,Aaron Nesmith shooting foul,11,13,1,1st Quarter,6:56,FALSE,0,11,4396909,,,2025-10-23T23:55:51Z,FALSE,29,11,0,Foul,2026,2,11,Indiana,Pacers,IND,Indiana,25,Oklahoma City,Thunder,OKC,Oklahoma City,2.5,TRUE,FALSE,2.5,1,6:56,6,56,FALSE,FALSE,1,1,1,1,416,1136,2576,416,1136,2576,1,1,1,30.75,-4,2025-10-23,2025-10-23T23:30:00Z,
51,40180923677,77,16,Full Timeout,Pacers Full timeout,11,13,1,1st Quarter,6:56,FALSE,0,11,,,,2025-10-23T23:55:59Z,FALSE,-214748340,-214748365,0,Timeout,2026,2,11,Indiana,Pacers,IND,Indiana,25,Oklahoma City,Thunder,OKC,Oklahoma City,2.5,TRUE,FALSE,2.5,1,6:56,6,56,FALSE,FALSE,1,1,1,1,416,1136,2576,416,1136,2576,1,1,1,214748406.75,214748365,2025-10-23,2025-10-23T23:30:00Z,
52,40180923678,78,584,Substitution,Ben Sheppard enters the game for Aaron Nesmith,11,13,1,1st Quarter,6:56,FALSE,0,11,4433076,4396909,,2025-10-23T23:58:52Z,FALSE,-214748340,-214748365,0,Substitution,2026,2,11,Indiana,Pacers,IND,Indiana,25,Oklahoma City,Thunder,OKC,Oklahoma City,2.5,TRUE,FALSE,2.5,1,6:56,6,56,FALSE,FALSE,1,1,1,1,416,1136,2576,416,1136,2576,1,1,1,214748406.75,214748365,2025-10-23,2025-10-23T23:30:00Z,
53,40180923679,79,584,Substitution,Jaylin Williams enters the game for Isaiah Hartenstein,11,13,1,1st Quarter,6:56,FALSE,0,25,4432823,4222252,,2025-10-23T23:58:52Z,FALSE,-214748340,-214748365,0,Substitution,2026,2,11,Indiana,Pacers,IND,Indiana,25,Oklahoma City,Thunder,OKC,Oklahoma City,2.5,TRUE,FALSE,2.5,1,6:56,6,56,FALSE,FALSE,1,1,1,1,416,1136,2576,416,1136,2576,1,1,1,-214748406.75,-214748365,2025-10-23,2025-10-23T23:30:00Z,
54,40180923682,82,97,Free Throw - 1 of 1,Shai Gilgeous-Alexander makes free throw 1 of 1,12,13,1,1st Quarter,6:56,TRUE,1,25,4278073,,,2025-10-23T23:59:31Z,TRUE,25,13.75,1,+1 Point,2026,2,11,Indiana,Pacers,IND,Indiana,25,Oklahoma City,Thunder,OKC,Oklahoma City,2.5,TRUE,FALSE,2.5,1,6:56,6,56,FALSE,FALSE,1,1,1,1,416,1136,2576,396,1116,2556,1,1,1,-28,0,2025-10-23,2025-10-23T23:30:00Z,
55,40180923684,84,92,Jump Shot,Taelon Peter misses 26-foot three point jumper,12,13,1,1st Quarter,6:36,FALSE,0,11,4703421,,,2025-10-23T23:59:53Z,TRUE,11,22,3,Missed 3PT,2026,2,11,Indiana,Pacers,IND,Indiana,25,Oklahoma City,Thunder,OKC,Oklahoma City,2.5,TRUE,FALSE,2.5,1,6:36,6,36,FALSE,FALSE,1,1,1,1,396,1116,2556,394,1114,2554,1,1,1,19.75,14,2025-10-23,2025-10-23T23:30:00Z,
56,40180923685,85,156,Offensive Rebound,Bennedict Mathurin offensive rebound,12,13,1,1st Quarter,6:34,FALSE,0,11,4683634,,,2025-10-23T23:59:55Z,FALSE,11,22,0,Rebound,2026,2,11,Indiana,Pacers,IND,Indiana,25,Oklahoma City,Thunder,OKC,Oklahoma City,2.5,TRUE,FALSE,2.5,1,6:34,6,34,FALSE,FALSE,1,1,1,1,394,1114,2554,392,1112,2552,1,1,1,19.75,14,2025-10-23,2025-10-23T23:30:00Z,
57,40180923686,86,151,Cutting Dunk Shot,Obi Toppin makes 1-foot dunk (Bennedict Mathurin assists),12,15,1,1st Quarter,6:32,TRUE,2,11,4278355,4683634,,2025-10-23T23:59:57Z,TRUE,26,0,2,+2 Points,2026,2,11,Indiana,Pacers,IND,Indiana,25,Oklahoma City,Thunder,OKC,Oklahoma City,2.5,TRUE,FALSE,2.5,1,6:32,6,32,FALSE,FALSE,1,1,1,1,392,1112,2552,375,1095,2535,1,1,1,41.75,-1,2025-10-23,2025-10-23T23:30:00Z,
58,40180923688,88,92,Jump Shot,Chet Holmgren misses 26-foot three point jumper,12,15,1,1st Quarter,6:15,FALSE,0,25,4433255,,,2025-10-24T00:00:13Z,TRUE,9,21,3,Missed 3PT,2026,2,11,Indiana,Pacers,IND,Indiana,25,Oklahoma City,Thunder,OKC,Oklahoma City,2.5,TRUE,FALSE,2.5,1,6:15,6,15,FALSE,FALSE,1,1,1,1,375,1095,2535,371,1091,2531,1,1,1,-20.75,-16,2025-10-23,2025-10-23T23:30:00Z,
59,40180923689,89,155,Defensive Rebound,Pascal Siakam defensive rebound,12,15,1,1st Quarter,6:11,FALSE,0,11,3149673,,,2025-10-24T00:00:17Z,FALSE,9,21,0,Rebound,2026,2,11,Indiana,Pacers,IND,Indiana,25,Oklahoma City,Thunder,OKC,Oklahoma City,2.5,TRUE,FALSE,2.5,1,6:11,6,11,FALSE,FALSE,1,1,1,1,371,1091,2531,355,1075,2515,1,1,1,20.75,16,2025-10-23,2025-10-23T23:30:00Z,
60,40180923690,90,92,Jump Shot,Ben Sheppard misses 22-foot three point jumper,12,15,1,1st Quarter,5:55,FALSE,0,11,4433076,,,2025-10-24T00:00:33Z,TRUE,48,-1,3,Missed 3PT,2026,2,11,Indiana,Pacers,IND,Indiana,25,Oklahoma City,Thunder,OKC,Oklahoma City,2.5,TRUE,FALSE,2.5,1,5:55,5,55,FALSE,FALSE,1,1,1,1,355,1075,2515,355,1075,2515,1,1,1,42.75,-23,2025-10-23,2025-10-23T23:30:00Z,
61,40180923691,91,155,Defensive Rebound,Chet Holmgren defensive rebound,12,15,1,1st Quarter,5:55,FALSE,0,25,4433255,,,2025-10-24T00:00:33Z,FALSE,48,-1,0,Rebound,2026,2,11,Indiana,Pacers,IND,Indiana,25,Oklahoma City,Thunder,OKC,Oklahoma City,2.5,TRUE,FALSE,2.5,1,5:55,5,55,FALSE,FALSE,1,1,1,1,355,1075,2515,341,1061,2501,1,1,1,-42.75,23,2025-10-23,2025-10-23T23:30:00Z,
62,40180923692,92,128,Driving Finger Roll Layup,Shai Gilgeous-Alexander makes 2-foot two point shot,14,15,1,1st Quarter,5:41,TRUE,2,25,4278073,,,2025-10-24T00:00:48Z,TRUE,27,2,2,+2 Points,2026,2,11,Indiana,Pacers,IND,Indiana,25,Oklahoma City,Thunder,OKC,Oklahoma City,2.5,TRUE,FALSE,2.5,1,5:41,5,41,FALSE,FALSE,1,1,1,1,341,1061,2501,319,1039,2479,1,1,1,-39.75,2,2025-10-23,2025-10-23T23:30:00Z,
63,40180923693,93,44,Shooting Foul,Brooks Barnhizer shooting foul,14,15,1,1st Quarter,5:19,FALSE,0,25,4684208,,,2025-10-24T00:01:11Z,FALSE,31,5,0,Foul,2026,2,11,Indiana,Pacers,IND,Indiana,25,Oklahoma City,Thunder,OKC,Oklahoma City,2.5,TRUE,FALSE,2.5,1,5:19,5,19,FALSE,FALSE,1,1,1,1,319,1039,2479,319,1039,2479,1,1,1,-36.75,6,2025-10-23,2025-10-23T23:30:00Z,
64,40180923695,95,98,Free Throw - 1 of 2,Pascal Siakam makes free throw 1 of 2,14,16,1,1st Quarter,5:19,TRUE,1,11,3149673,,,2025-10-24T00:01:41Z,TRUE,25,13.75,1,+1 Point,2026,2,11,Indiana,Pacers,IND,Indiana,25,Oklahoma City,Thunder,OKC,Oklahoma City,2.5,TRUE,FALSE,2.5,1,5:19,5,19,FALSE,FALSE,1,1,1,1,319,1039,2479,319,1039,2479,1,1,1,28,-0,2025-10-23,2025-10-23T23:30:00Z,
65,40180923696,96,584,Substitution,Luguentz Dort enters the game for Shai Gilgeous-Alexander,14,16,1,1st Quarter,5:19,FALSE,0,25,4397020,4278073,,2025-10-24T00:01:41Z,FALSE,-214748340,-214748365,0,Substitution,2026,2,11,Indiana,Pacers,IND,Indiana,25,Oklahoma City,Thunder,OKC,Oklahoma City,2.5,TRUE,FALSE,2.5,1,5:19,5,19,FALSE,FALSE,1,1,1,1,319,1039,2479,319,1039,2479,1,1,1,-214748406.75,-214748365,2025-10-23,2025-10-23T23:30:00Z,
66,40180923697,97,584,Substitution,Ajay Mitchell enters the game for Aaron Wiggins,14,16,1,1st Quarter,5:19,FALSE,0,25,4900671,4397183,,2025-10-24T00:01:41Z,FALSE,-214748340,-214748365,0,Substitution,2026,2,11,Indiana,Pacers,IND,Indiana,25,Oklahoma City,Thunder,OKC,Oklahoma City,2.5,TRUE,FALSE,2.5,1,5:19,5,19,FALSE,FALSE,1,1,1,1,319,1039,2479,319,1039,2479,1,1,1,-214748406.75,-214748365,2025-10-23,2025-10-23T23:30:00Z,
67,401809236100,100,99,Free Throw - 2 of 2,Pascal Siakam makes free throw 2 of 2,14,17,1,1st Quarter,5:19,TRUE,1,11,3149673,,,2025-10-24T00:02:02Z,TRUE,25,13.75,1,+1 Point,2026,2,11,Indiana,Pacers,IND,Indiana,25,Oklahoma City,Thunder,OKC,Oklahoma City,2.5,TRUE,FALSE,2.5,1,5:19,5,19,FALSE,FALSE,1,1,1,1,319,1039,2479,301,1021,2461,1,1,1,28,-0,2025-10-23,2025-10-23T23:30:00Z,
68,401809236101,101,131,Pullup Jump Shot,Ajay Mitchell misses 14-foot pullup jump shot,14,17,1,1st Quarter,5:01,FALSE,0,25,4900671,,,2025-10-24T00:02:26Z,TRUE,37,9,2,Missed FG,2026,2,11,Indiana,Pacers,IND,Indiana,25,Oklahoma City,Thunder,OKC,Oklahoma City,2.5,TRUE,FALSE,2.5,1,5:01,5,1,FALSE,FALSE,1,1,1,1,301,1021,2461,297,1017,2457,1,1,1,-32.75,12,2025-10-23,2025-10-23T23:30:00Z,
69,401809236102,102,155,Defensive Rebound,Bennedict Mathurin defensive rebound,14,17,1,1st Quarter,4:57,FALSE,0,11,4683634,,,2025-10-24T00:02:30Z,FALSE,37,9,0,Rebound,2026,2,11,Indiana,Pacers,IND,Indiana,25,Oklahoma City,Thunder,OKC,Oklahoma City,2.5,TRUE,FALSE,2.5,1,4:57,4,57,FALSE,FALSE,1,1,1,1,297,1017,2457,290,1010,2450,1,1,1,32.75,-12,2025-10-23,2025-10-23T23:30:00Z,
70,401809236103,103,131,Pullup Jump Shot,Obi Toppin misses 27-foot three point pullup jump shot,14,17,1,1st Quarter,4:50,FALSE,0,11,4278355,,,2025-10-24T00:02:37Z,TRUE,41,22,3,Missed 3PT,2026,2,11,Indiana,Pacers,IND,Indiana,25,Oklahoma City,Thunder,OKC,Oklahoma City,2.5,TRUE,FALSE,2.5,1,4:50,4,50,FALSE,FALSE,1,1,1,1,290,1010,2450,287,1007,2447,1,1,1,19.75,-16,2025-10-23,2025-10-23T23:30:00Z,
71,401809236104,104,155,Defensive Rebound,Brooks Barnhizer defensive rebound,14,17,1,1st Quarter,4:47,FALSE,0,25,4684208,,,2025-10-24T00:02:40Z,FALSE,41,22,0,Rebound,2026,2,11,Indiana,Pacers,IND,Indiana,25,Oklahoma City,Thunder,OKC,Oklahoma City,2.5,TRUE,FALSE,2.5,1,4:47,4,47,FALSE,FALSE,1,1,1,1,287,1007,2447,265,985,2425,1,1,1,-19.75,16,2025-10-23,2025-10-23T23:30:00Z,
72,401809236105,105,92,Jump Shot,Chet Holmgren misses 29-foot three point jumper,14,17,1,1st Quarter,4:25,FALSE,0,25,4433255,,,2025-10-24T00:03:02Z,TRUE,30,30,3,Missed 3PT,2026,2,11,Indiana,Pacers,IND,Indiana,25,Oklahoma City,Thunder,OKC,Oklahoma City,2.5,TRUE,FALSE,2.5,1,4:25,4,25,FALSE,FALSE,1,1,1,1,265,985,2425,262,982,2422,1,1,1,-11.75,5,2025-10-23,2025-10-23T23:30:00Z,
73,401809236106,106,156,Offensive Rebound,Ajay Mitchell offensive rebound,14,17,1,1st Quarter,4:22,FALSE,0,25,4900671,,,2025-10-24T00:03:05Z,FALSE,30,30,0,Rebound,2026,2,11,Indiana,Pacers,IND,Indiana,25,Oklahoma City,Thunder,OKC,Oklahoma City,2.5,TRUE,FALSE,2.5,1,4:22,4,22,FALSE,FALSE,1,1,1,1,262,982,2422,262,982,2422,1,1,1,-11.75,5,2025-10-23,2025-10-23T23:30:00Z,
74,401809236107,107,125,Layup Shot Putback,Ajay Mitchell makes two point shot,16,17,1,1st Quarter,4:22,TRUE,2,25,4900671,,,2025-10-24T00:03:06Z,TRUE,27,2,2,+2 Points,2026,2,11,Indiana,Pacers,IND,Indiana,25,Oklahoma City,Thunder,OKC,Oklahoma City,2.5,TRUE,FALSE,2.5,1,4:22,4,22,FALSE,FALSE,1,1,1,1,262,982,2422,250,970,2410,1,1,1,-39.75,2,2025-10-23,2025-10-23T23:30:00Z,
75,401809236108,108,44,Shooting Foul,Jaylin Williams shooting foul,16,17,1,1st Quarter,4:10,FALSE,0,25,4432823,,,2025-10-24T00:03:19Z,FALSE,24,3,0,Foul,2026,2,11,Indiana,Pacers,IND,Indiana,25,Oklahoma City,Thunder,OKC,Oklahoma City,2.5,TRUE,FALSE,2.5,1,4:10,4,10,FALSE,FALSE,1,1,1,1,250,970,2410,250,970,2410,1,1,1,-38.75,-1,2025-10-23,2025-10-23T23:30:00Z,
76,401809236110,110,98,Free Throw - 1 of 2,Obi Toppin makes free throw 1 of 2,16,18,1,1st Quarter,4:10,TRUE,1,11,4278355,,,2025-10-24T00:03:44Z,TRUE,25,13.75,1,+1 Point,2026,2,11,Indiana,Pacers,IND,Indiana,25,Oklahoma City,Thunder,OKC,Oklahoma City,2.5,TRUE,FALSE,2.5,1,4:10,4,10,FALSE,FALSE,1,1,1,1,250,970,2410,250,970,2410,1,1,1,28,-0,2025-10-23,2025-10-23T23:30:00Z,
77,401809236111,111,584,Substitution,Ousmane Dieng enters the game for Brooks Barnhizer,16,18,1,1st Quarter,4:10,FALSE,0,25,4997526,4684208,,2025-10-24T00:03:45Z,FALSE,-214748340,-214748365,0,Substitution,2026,2,11,Indiana,Pacers,IND,Indiana,25,Oklahoma City,Thunder,OKC,Oklahoma City,2.5,TRUE,FALSE,2.5,1,4:10,4,10,FALSE,FALSE,1,1,1,1,250,970,2410,250,970,2410,1,1,1,-214748406.75,-214748365,2025-10-23,2025-10-23T23:30:00Z,
78,401809236113,113,99,Free Throw - 2 of 2,Obi Toppin makes free throw 2 of 2,16,19,1,1st Quarter,4:10,TRUE,1,11,4278355,,,2025-10-24T00:04:04Z,TRUE,25,13.75,1,+1 Point,2026,2,11,Indiana,Pacers,IND,Indiana,25,Oklahoma City,Thunder,OKC,Oklahoma City,2.5,TRUE,FALSE,2.5,1,4:10,4,10,FALSE,FALSE,1,1,1,1,250,970,2410,237,957,2397,1,1,1,28,-0,2025-10-23,2025-10-23T23:30:00Z,
79,401809236114,114,128,Driving Finger Roll Layup,Ajay Mitchell misses two point shot,16,19,1,1st Quarter,3:57,FALSE,0,25,4900671,,,2025-10-24T00:04:24Z,TRUE,22,5,2,Missed FG,2026,2,11,Indiana,Pacers,IND,Indiana,25,Oklahoma City,Thunder,OKC,Oklahoma City,2.5,TRUE,FALSE,2.5,1,3:57,3,57,FALSE,FALSE,1,1,1,1,237,957,2397,235,955,2395,1,1,1,-36.75,-3,2025-10-23,2025-10-23T23:30:00Z,
80,401809236115,115,155,Defensive Rebound,Ben Sheppard defensive rebound,16,19,1,1st Quarter,3:55,FALSE,0,11,4433076,,,2025-10-24T00:04:26Z,FALSE,22,5,0,Rebound,2026,2,11,Indiana,Pacers,IND,Indiana,25,Oklahoma City,Thunder,OKC,Oklahoma City,2.5,TRUE,FALSE,2.5,1,3:55,3,55,FALSE,FALSE,1,1,1,1,235,955,2395,229,949,2389,1,1,1,36.75,3,2025-10-23,2025-10-23T23:30:00Z,
81,401809236116,116,113,Running Jump Shot,Bennedict Mathurin misses 25-foot three point shot,16,19,1,1st Quarter,3:49,FALSE,0,11,4683634,,,2025-10-24T00:04:31Z,TRUE,45,16,3,Missed 3PT,2026,2,11,Indiana,Pacers,IND,Indiana,25,Oklahoma City,Thunder,OKC,Oklahoma City,2.5,TRUE,FALSE,2.5,1,3:49,3,49,FALSE,FALSE,1,1,1,1,229,949,2389,227,947,2387,1,1,1,25.75,-20,2025-10-23,2025-10-23T23:30:00Z,
82,401809236117,117,155,Defensive Rebound,Chet Holmgren defensive rebound,16,19,1,1st Quarter,3:47,FALSE,0,25,4433255,,,2025-10-24T00:04:33Z,FALSE,45,16,0,Rebound,2026,2,11,Indiana,Pacers,IND,Indiana,25,Oklahoma City,Thunder,OKC,Oklahoma City,2.5,TRUE,FALSE,2.5,1,3:47,3,47,FALSE,FALSE,1,1,1,1,227,947,2387,219,939,2379,1,1,1,-25.75,20,2025-10-23,2025-10-23T23:30:00Z,
83,401809236118,118,128,Driving Finger Roll Layup,Luguentz Dort makes 2-foot two point shot,18,19,1,1st Quarter,3:39,TRUE,2,25,4397020,,,2025-10-24T00:04:42Z,TRUE,23,2,2,+2 Points,2026,2,11,Indiana,Pacers,IND,Indiana,25,Oklahoma City,Thunder,OKC,Oklahoma City,2.5,TRUE,FALSE,2.5,1,3:39,3,39,FALSE,FALSE,1,1,1,1,219,939,2379,206,926,2366,1,1,1,-39.75,-2,2025-10-23,2025-10-23T23:30:00Z,
84,401809236119,119,132,Step Back Jump Shot,Pascal Siakam makes 15-foot step back jumpshot,18,21,1,1st Quarter,3:26,TRUE,2,11,3149673,,,2025-10-24T00:04:54Z,TRUE,26,16,2,+2 Points,2026,2,11,Indiana,Pacers,IND,Indiana,25,Oklahoma City,Thunder,OKC,Oklahoma City,2.5,TRUE,FALSE,2.5,1,3:26,3,26,FALSE,FALSE,1,1,1,1,206,926,2366,187,907,2347,1,1,1,25.75,-1,2025-10-23,2025-10-23T23:30:00Z,
85,401809236120,120,62,"Bad Pass
Turnover",Luguentz Dort bad pass (Obi Toppin steals),18,21,1,1st Quarter,3:07,FALSE,0,25,4397020,4278355,,2025-10-24T00:05:13Z,FALSE,37,16,0,Turnover,2026,2,11,Indiana,Pacers,IND,Indiana,25,Oklahoma City,Thunder,OKC,Oklahoma City,2.5,TRUE,FALSE,2.5,1,3:07,3,7,FALSE,FALSE,1,1,1,1,187,907,2347,179,899,2339,1,1,1,-25.75,12,2025-10-23,2025-10-23T23:30:00Z,
86,401809236122,122,95,Layup Shot,Pascal Siakam makes layup,18,23,1,1st Quarter,2:59,TRUE,2,11,3149673,,,2025-10-24T00:05:21Z,TRUE,28,2,2,+2 Points,2026,2,11,Indiana,Pacers,IND,Indiana,25,Oklahoma City,Thunder,OKC,Oklahoma City,2.5,TRUE,FALSE,2.5,1,2:59,2,59,FALSE,FALSE,1,1,1,1,179,899,2339,178,898,2338,1,1,1,39.75,-3,2025-10-23,2025-10-23T23:30:00Z,
87,401809236123,123,16,Full Timeout,Thunder Full timeout,18,23,1,1st Quarter,2:58,FALSE,0,25,,,,2025-10-24T00:05:25Z,FALSE,-214748340,-214748365,0,Timeout,2026,2,11,Indiana,Pacers,IND,Indiana,25,Oklahoma City,Thunder,OKC,Oklahoma City,2.5,TRUE,FALSE,2.5,1,2:58,2,58,FALSE,FALSE,1,1,1,1,178,898,2338,178,898,2338,1,1,1,-214748406.75,-214748365,2025-10-23,2025-10-23T23:30:00Z,
88,401809236124,124,584,Substitution,Andrew Nembhard enters the game for Bennedict Mathurin,18,23,1,1st Quarter,2:58,FALSE,0,11,4395712,4683634,,2025-10-24T00:08:01Z,FALSE,-214748340,-214748365,0,Substitution,2026,2,11,Indiana,Pacers,IND,Indiana,25,Oklahoma City,Thunder,OKC,Oklahoma City,2.5,TRUE,FALSE,2.5,1,2:58,2,58,FALSE,FALSE,1,1,1,1,178,898,2338,178,898,2338,1,1,1,214748406.75,214748365,2025-10-23,2025-10-23T23:30:00Z,
89,401809236125,125,584,Substitution,Aaron Nesmith enters the game for Taelon Peter,18,23,1,1st Quarter,2:58,FALSE,0,11,4396909,4703421,,2025-10-24T00:08:01Z,FALSE,-214748340,-214748365,0,Substitution,2026,2,11,Indiana,Pacers,IND,Indiana,25,Oklahoma City,Thunder,OKC,Oklahoma City,2.5,TRUE,FALSE,2.5,1,2:58,2,58,FALSE,FALSE,1,1,1,1,178,898,2338,178,898,2338,1,1,1,214748406.75,214748365,2025-10-23,2025-10-23T23:30:00Z,
90,401809236126,126,584,Substitution,Jay Huff enters the game for Pascal Siakam,18,23,1,1st Quarter,2:58,FALSE,0,11,4065731,3149673,,2025-10-24T00:08:01Z,FALSE,-214748340,-214748365,0,Substitution,2026,2,11,Indiana,Pacers,IND,Indiana,25,Oklahoma City,Thunder,OKC,Oklahoma City,2.5,TRUE,FALSE,2.5,1,2:58,2,58,FALSE,FALSE,1,1,1,1,178,898,2338,178,898,2338,1,1,1,214748406.75,214748365,2025-10-23,2025-10-23T23:30:00Z,
91,401809236127,127,584,Substitution,Aaron Wiggins enters the game for Chet Holmgren,18,23,1,1st Quarter,2:58,FALSE,0,25,4397183,4433255,,2025-10-24T00:08:01Z,FALSE,-214748340,-214748365,0,Substitution,2026,2,11,Indiana,Pacers,IND,Indiana,25,Oklahoma City,Thunder,OKC,Oklahoma City,2.5,TRUE,FALSE,2.5,1,2:58,2,58,FALSE,FALSE,1,1,1,1,178,898,2338,163,883,2323,1,1,1,-214748406.75,-214748365,2025-10-23,2025-10-23T23:30:00Z,
92,401809236132,132,110,Driving Layup Shot,Aaron Wiggins makes driving layup (Jaylin Williams assists),20,23,1,1st Quarter,2:43,TRUE,2,25,4397183,4432823,,2025-10-24T00:09:07Z,TRUE,24,7,2,+2 Points,2026,2,11,Indiana,Pacers,IND,Indiana,25,Oklahoma City,Thunder,OKC,Oklahoma City,2.5,TRUE,FALSE,2.5,1,2:43,2,43,FALSE,FALSE,1,1,1,1,163,883,2323,152,872,2312,1,1,1,-34.75,-1,2025-10-23,2025-10-23T23:30:00Z,
93,401809236133,133,92,Jump Shot,Obi Toppin misses 24-foot three point jumper,20,23,1,1st Quarter,2:32,FALSE,0,11,4278355,,,2025-10-24T00:09:19Z,TRUE,14,22,3,Missed 3PT,2026,2,11,Indiana,Pacers,IND,Indiana,25,Oklahoma City,Thunder,OKC,Oklahoma City,2.5,TRUE,FALSE,2.5,1,2:32,2,32,FALSE,FALSE,1,1,1,1,152,872,2312,149,869,2309,1,1,1,19.75,11,2025-10-23,2025-10-23T23:30:00Z,
94,401809236134,134,155,Defensive Rebound,Ousmane Dieng defensive rebound,20,23,1,1st Quarter,2:29,FALSE,0,25,4997526,,,2025-10-24T00:09:22Z,FALSE,14,22,0,Rebound,2026,2,11,Indiana,Pacers,IND,Indiana,25,Oklahoma City,Thunder,OKC,Oklahoma City,2.5,TRUE,FALSE,2.5,1,2:29,2,29,FALSE,FALSE,1,1,1,1,149,869,2309,141,861,2301,1,1,1,-19.75,-11,2025-10-23,2025-10-23T23:30:00Z,
95,401809236135,135,92,Jump Shot,Ousmane Dieng misses 26-foot three point jumper,20,23,1,1st Quarter,2:21,FALSE,0,25,4997526,,,2025-10-24T00:09:30Z,TRUE,25,26,3,Missed 3PT,2026,2,11,Indiana,Pacers,IND,Indiana,25,Oklahoma City,Thunder,OKC,Oklahoma City,2.5,TRUE,FALSE,2.5,1,2:21,2,21,FALSE,FALSE,1,1,1,1,141,861,2301,141,861,2301,1,1,1,-15.75,0,2025-10-23,2025-10-23T23:30:00Z,
96,401809236137,137,156,Offensive Rebound,Luguentz Dort offensive rebound,20,23,1,1st Quarter,2:21,FALSE,0,25,4397020,,,2025-10-24T00:09:30Z,FALSE,25,26,0,Rebound,2026,2,11,Indiana,Pacers,IND,Indiana,25,Oklahoma City,Thunder,OKC,Oklahoma City,2.5,TRUE,FALSE,2.5,1,2:21,2,21,FALSE,FALSE,1,1,1,1,141,861,2301,133,853,2293,1,1,1,-15.75,0,2025-10-23,2025-10-23T23:30:00Z,
97,401809236138,138,92,Jump Shot,Luguentz Dort misses 23-foot three point jumper,20,23,1,1st Quarter,2:13,FALSE,0,25,4397020,,,2025-10-24T00:09:38Z,TRUE,49,0,3,Missed 3PT,2026,2,11,Indiana,Pacers,IND,Indiana,25,Oklahoma City,Thunder,OKC,Oklahoma City,2.5,TRUE,FALSE,2.5,1,2:13,2,13,FALSE,FALSE,1,1,1,1,133,853,2293,131,851,2291,1,1,1,-41.75,24,2025-10-23,2025-10-23T23:30:00Z,
98,401809236139,139,155,Defensive Rebound,Jay Huff defensive rebound,20,23,1,1st Quarter,2:11,FALSE,0,11,4065731,,,2025-10-24T00:09:40Z,FALSE,49,0,0,Rebound,2026,2,11,Indiana,Pacers,IND,Indiana,25,Oklahoma City,Thunder,OKC,Oklahoma City,2.5,TRUE,FALSE,2.5,1,2:11,2,11,FALSE,FALSE,1,1,1,1,131,851,2291,115,835,2275,1,1,1,41.75,-24,2025-10-23,2025-10-23T23:30:00Z,
99,401809236140,140,131,Pullup Jump Shot,Andrew Nembhard misses 17-foot pullup jump shot,20,23,1,1st Quarter,1:55,FALSE,0,11,4395712,,,2025-10-24T00:09:57Z,TRUE,20,17,2,Missed FG,2026,2,11,Indiana,Pacers,IND,Indiana,25,Oklahoma City,Thunder,OKC,Oklahoma City,2.5,TRUE,FALSE,2.5,1,1:55,1,55,FALSE,FALSE,1,1,1,1,115,835,2275,113,833,2273,1,1,1,24.75,5,2025-10-23,2025-10-23T23:30:00Z,
100,401809236141,141,155,Defensive Rebound,Jaylin Williams defensive rebound,20,23,1,1st Quarter,1:53,FALSE,0,25,4432823,,,2025-10-24T00:09:59Z,FALSE,20,17,0,Rebound,2026,2,11,Indiana,Pacers,IND,Indiana,25,Oklahoma City,Thunder,OKC,Oklahoma City,2.5,TRUE,FALSE,2.5,1,1:53,1,53,FALSE,FALSE,1,1,1,1,113,833,2273,105,825,2265,1,1,1,-24.75,-5,2025-10-23,2025-10-23T23:30:00Z,
101,401809236142,142,92,Jump Shot,Jaylin Williams misses 28-foot three point jumper,20,23,1,1st Quarter,1:45,FALSE,0,25,4432823,,,2025-10-24T00:10:06Z,TRUE,9,24,3,Missed 3PT,2026,2,11,Indiana,Pacers,IND,Indiana,25,Oklahoma City,Thunder,OKC,Oklahoma City,2.5,TRUE,FALSE,2.5,1,1:45,1,45,FALSE,FALSE,1,1,1,1,105,825,2265,101,821,2261,1,1,1,-17.75,-16,2025-10-23,2025-10-23T23:30:00Z,
102,401809236143,143,155,Defensive Rebound,Ben Sheppard defensive rebound,20,23,1,1st Quarter,1:41,FALSE,0,11,4433076,,,2025-10-24T00:10:10Z,FALSE,9,24,0,Rebound,2026,2,11,Indiana,Pacers,IND,Indiana,25,Oklahoma City,Thunder,OKC,Oklahoma City,2.5,TRUE,FALSE,2.5,1,1:41,1,41,FALSE,FALSE,1,1,1,1,101,821,2261,86,806,2246,1,1,1,17.75,16,2025-10-23,2025-10-23T23:30:00Z,
103,401809236144,144,132,Step Back Jump Shot,Andrew Nembhard misses 25-foot three point step back jumpshot,20,23,1,1st Quarter,1:26,FALSE,0,11,4395712,,,2025-10-24T00:10:25Z,TRUE,11,21,3,Missed 3PT,2026,2,11,Indiana,Pacers,IND,Indiana,25,Oklahoma City,Thunder,OKC,Oklahoma City,2.5,TRUE,FALSE,2.5,1,1:26,1,26,FALSE,FALSE,1,1,1,1,86,806,2246,82,802,2242,1,1,1,20.75,14,2025-10-23,2025-10-23T23:30:00Z,
104,401809236145,145,155,Defensive Rebound,Aaron Wiggins defensive rebound,20,23,1,1st Quarter,1:22,FALSE,0,25,4397183,,,2025-10-24T00:10:29Z,FALSE,11,21,0,Rebound,2026,2,11,Indiana,Pacers,IND,Indiana,25,Oklahoma City,Thunder,OKC,Oklahoma City,2.5,TRUE,FALSE,2.5,1,1:22,1,22,FALSE,FALSE,1,1,1,1,82,802,2242,79,799,2239,1,1,1,-20.75,-14,2025-10-23,2025-10-23T23:30:00Z,
105,401809236146,146,44,Shooting Foul,Ben Sheppard shooting foul,20,23,1,1st Quarter,1:19,FALSE,0,11,4433076,,,2025-10-24T00:10:35Z,FALSE,25,7,0,Foul,2026,2,11,Indiana,Pacers,IND,Indiana,25,Oklahoma City,Thunder,OKC,Oklahoma City,2.5,TRUE,FALSE,2.5,1,1:19,1,19,FALSE,FALSE,1,1,1,1,79,799,2239,79,799,2239,1,1,1,34.75,-0,2025-10-23,2025-10-23T23:30:00Z,
106,401809236148,148,98,Free Throw - 1 of 2,Ajay Mitchell makes free throw 1 of 2,21,23,1,1st Quarter,1:19,TRUE,1,25,4900671,,,2025-10-24T00:10:56Z,TRUE,25,13.75,1,+1 Point,2026,2,11,Indiana,Pacers,IND,Indiana,25,Oklahoma City,Thunder,OKC,Oklahoma City,2.5,TRUE,FALSE,2.5,1,1:19,1,19,FALSE,FALSE,1,1,1,1,79,799,2239,79,799,2239,1,1,1,-28,0,2025-10-23,2025-10-23T23:30:00Z,
107,401809236149,149,584,Substitution,Jarace Walker enters the game for Ben Sheppard,21,23,1,1st Quarter,1:19,FALSE,0,11,5106060,4433076,,2025-10-24T00:10:57Z,FALSE,-214748340,-214748365,0,Substitution,2026,2,11,Indiana,Pacers,IND,Indiana,25,Oklahoma City,Thunder,OKC,Oklahoma City,2.5,TRUE,FALSE,2.5,1,1:19,1,19,FALSE,FALSE,1,1,1,1,79,799,2239,79,799,2239,1,1,1,214748406.75,214748365,2025-10-23,2025-10-23T23:30:00Z,
108,401809236151,151,99,Free Throw - 2 of 2,Ajay Mitchell makes free throw 2 of 2,22,23,1,1st Quarter,1:19,TRUE,1,25,4900671,,,2025-10-24T00:11:13Z,TRUE,25,13.75,1,+1 Point,2026,2,11,Indiana,Pacers,IND,Indiana,25,Oklahoma City,Thunder,OKC,Oklahoma City,2.5,TRUE,FALSE,2.5,1,1:19,1,19,FALSE,FALSE,1,1,1,1,79,799,2239,62,782,2222,1,1,1,-28,0,2025-10-23,2025-10-23T23:30:00Z,
109,401809236152,152,128,Driving Finger Roll Layup,Jarace Walker makes 3-foot two point shot (Obi Toppin assists),22,25,1,1st Quarter,1:02,TRUE,2,11,5106060,4278355,,2025-10-24T00:11:30Z,TRUE,22,3,2,+2 Points,2026,2,11,Indiana,Pacers,IND,Indiana,25,Oklahoma City,Thunder,OKC,Oklahoma City,2.5,TRUE,FALSE,2.5,1,1:02,1,2,FALSE,FALSE,1,1,1,1,62,782,2222,45.3,765.3,2205.3,1,1,1,38.75,3,2025-10-23,2025-10-23T23:30:00Z,
110,401809236154,154,144,Driving Floating Jump Shot,Aaron Wiggins misses driving floating jump shot,22,25,1,1st Quarter,0:45.3,FALSE,0,25,4397183,,,2025-10-24T00:11:48Z,TRUE,28,6,2,Missed FG,2026,2,11,Indiana,Pacers,IND,Indiana,25,Oklahoma City,Thunder,OKC,Oklahoma City,2.5,TRUE,FALSE,2.5,1,0:45.3,0,45.3,FALSE,FALSE,1,1,1,1,45.3,765.3,2205.3,43.5,763.5,2203.5,1,1,1,-35.75,3,2025-10-23,2025-10-23T23:30:00Z,
111,401809236155,155,155,Defensive Rebound,Obi Toppin defensive rebound,22,25,1,1st Quarter,0:43.5,FALSE,0,11,4278355,,,2025-10-24T00:11:50Z,FALSE,28,6,0,Rebound,2026,2,11,Indiana,Pacers,IND,Indiana,25,Oklahoma City,Thunder,OKC,Oklahoma City,2.5,TRUE,FALSE,2.5,1,0:43.5,0,43.5,FALSE,FALSE,1,1,1,1,43.5,763.5,2203.5,24.7,744.7,2184.7,1,1,1,35.75,-3,2025-10-23,2025-10-23T23:30:00Z,
112,401809236156,156,92,Jump Shot,Obi Toppin misses 23-foot three point jumper,22,25,1,1st Quarter,0:24.7,FALSE,0,11,4278355,,,2025-10-24T00:12:09Z,TRUE,3,7,3,Missed 3PT,2026,2,11,Indiana,Pacers,IND,Indiana,25,Oklahoma City,Thunder,OKC,Oklahoma City,2.5,TRUE,FALSE,2.5,1,0:24.7,0,24.7,FALSE,FALSE,1,1,1,1,24.7,744.7,2184.7,21.9,741.9,2181.8999,1,1,1,34.75,22,2025-10-23,2025-10-23T23:30:00Z,
113,401809236157,157,155,Defensive Rebound,Ajay Mitchell defensive rebound,22,25,1,1st Quarter,0:21.9,FALSE,0,25,4900671,,,2025-10-24T00:12:12Z,FALSE,3,7,0,Rebound,2026,2,11,Indiana,Pacers,IND,Indiana,25,Oklahoma City,Thunder,OKC,Oklahoma City,2.5,TRUE,FALSE,2.5,1,0:21.9,0,21.9,FALSE,FALSE,1,1,1,1,21.9,741.9,2181.8999,3.8,723.8,2163.8,1,1,1,-34.75,-22,2025-10-23,2025-10-23T23:30:00Z,
114,401809236158,158,131,Pullup Jump Shot,Ajay Mitchell misses 25-foot three point pullup jump shot,22,25,1,1st Quarter,0:3.8,FALSE,0,25,4900671,,,2025-10-24T00:12:30Z,TRUE,45,17,3,Missed 3PT,2026,2,11,Indiana,Pacers,IND,Indiana,25,Oklahoma City,Thunder,OKC,Oklahoma City,2.5,TRUE,FALSE,2.5,1,0:3.8,0,3.8,FALSE,FALSE,1,1,1,1,3.8,723.8,2163.8,1,721,2161,1,1,1,-24.75,20,2025-10-23,2025-10-23T23:30:00Z,
115,401809236159,159,155,Defensive Rebound,Aaron Nesmith defensive rebound,22,25,1,1st Quarter,0:1.0,FALSE,0,11,4396909,,,2025-10-24T00:12:33Z,FALSE,45,17,0,Rebound,2026,2,11,Indiana,Pacers,IND,Indiana,25,Oklahoma City,Thunder,OKC,Oklahoma City,2.5,TRUE,FALSE,2.5,1,0:1.0,0,1,FALSE,FALSE,1,1,1,1,1,721,2161,0,720,2160,1,1,1,24.75,-20,2025-10-23,2025-10-23T23:30:00Z,
116,401809236160,160,282,Heave Jump Shot,Aaron Nesmith misses heave jump shot,22,25,1,1st Quarter,0:0.0,FALSE,0,11,4396909,,,2025-10-24T00:12:34Z,TRUE,24,68,3,Missed 3PT,2026,2,11,Indiana,Pacers,IND,Indiana,25,Oklahoma City,Thunder,OKC,Oklahoma City,2.5,TRUE,FALSE,2.5,1,0:0.0,0,0,FALSE,FALSE,1,1,1,1,0,720,2160,0,720,2160,1,1,1,-26.25,1,2025-10-23,2025-10-23T23:30:00Z,
117,401809236161,161,156,Offensive Rebound,Pacers offensive team rebound,22,25,1,1st Quarter,0:0.0,FALSE,0,11,,,,2025-10-24T00:12:34Z,FALSE,27,16,0,Rebound,2026,2,11,Indiana,Pacers,IND,Indiana,25,Oklahoma City,Thunder,OKC,Oklahoma City,2.5,TRUE,FALSE,2.5,1,0:0.0,0,0,FALSE,FALSE,1,1,1,1,0,720,2160,0,720,2160,1,1,1,25.75,-2,2025-10-23,2025-10-23T23:30:00Z,
118,401809236162,162,412,End Period,End of the 1st Quarter,22,25,1,1st Quarter,0:0.0,FALSE,0,,,,,2025-10-24T00:12:41Z,FALSE,-214748340,-214748365,0,End of 1st,2026,2,11,Indiana,Pacers,IND,Indiana,25,Oklahoma City,Thunder,OKC,Oklahoma City,2.5,TRUE,FALSE,2.5,1,0:0.0,0,0,FALSE,FALSE,1,1,2,1,0,720,2160,720,720,2160,1,1,1,-214748406.75,-214748365,2025-10-23,2025-10-23T23:30:00Z,
119,401809236163,163,584,Substitution,Chris Youngblood enters the game for Luguentz Dort,22,25,2,2nd Quarter,12:00,FALSE,0,25,4706557,4397020,,2025-10-24T00:15:31Z,FALSE,-214748340,-214748365,0,Substitution,2026,2,11,Indiana,Pacers,IND,Indiana,25,Oklahoma City,Thunder,OKC,Oklahoma City,2.5,TRUE,FALSE,2.5,2,12:00,12,0,FALSE,FALSE,1,1,2,1,720,720,2160,720,720,2160,2,1,1,-214748406.75,-214748365,2025-10-23,2025-10-23T23:30:00Z,
120,401809236164,164,584,Substitution,Shai Gilgeous-Alexander enters the game for Jaylin Williams,22,25,2,2nd Quarter,12:00,FALSE,0,25,4278073,4432823,,2025-10-24T00:15:31Z,FALSE,-214748340,-214748365,0,Substitution,2026,2,11,Indiana,Pacers,IND,Indiana,25,Oklahoma City,Thunder,OKC,Oklahoma City,2.5,TRUE,FALSE,2.5,2,12:00,12,0,FALSE,FALSE,1,1,2,1,720,720,2160,720,720,2160,2,2,1,-214748406.75,-214748365,2025-10-23,2025-10-23T23:30:00Z,
121,401809236165,165,584,Substitution,Isaiah Hartenstein enters the game for Aaron Wiggins,22,25,2,2nd Quarter,12:00,FALSE,0,25,4222252,4397183,,2025-10-24T00:15:31Z,FALSE,-214748340,-214748365,0,Substitution,2026,2,11,Indiana,Pacers,IND,Indiana,25,Oklahoma City,Thunder,OKC,Oklahoma City,2.5,TRUE,FALSE,2.5,2,12:00,12,0,FALSE,FALSE,1,1,2,1,720,720,2160,705,705,2145,2,2,1,-214748406.75,-214748365,2025-10-23,2025-10-23T23:30:00Z,
122,401809236170,170,131,Pullup Jump Shot,Andrew Nembhard misses 28-foot three point pullup jump shot,22,25,2,2nd Quarter,11:45,FALSE,0,11,4395712,,,2025-10-24T00:16:26Z,TRUE,29,29,3,Missed 3PT,2026,2,11,Indiana,Pacers,IND,Indiana,25,Oklahoma City,Thunder,OKC,Oklahoma City,2.5,TRUE,FALSE,2.5,2,11:45,11,45,FALSE,FALSE,1,1,2,1,705,705,2145,701,701,2141,2,2,1,12.75,-4,2025-10-23,2025-10-23T23:30:00Z,
123,401809236171,171,155,Defensive Rebound,Isaiah Hartenstein defensive rebound,22,25,2,2nd Quarter,11:41,FALSE,0,25,4222252,,,2025-10-24T00:16:30Z,FALSE,29,29,0,Rebound,2026,2,11,Indiana,Pacers,IND,Indiana,25,Oklahoma City,Thunder,OKC,Oklahoma City,2.5,TRUE,FALSE,2.5,2,11:41,11,41,FALSE,FALSE,1,1,2,1,701,701,2141,692,692,2132,2,2,1,-12.75,4,2025-10-23,2025-10-23T23:30:00Z,
124,401809236172,172,128,Driving Finger Roll Layup,Shai Gilgeous-Alexander makes 1-foot two point shot,24,25,2,2nd Quarter,11:32,TRUE,2,25,4278073,,,2025-10-24T00:16:38Z,TRUE,26,2,2,+2 Points,2026,2,11,Indiana,Pacers,IND,Indiana,25,Oklahoma City,Thunder,OKC,Oklahoma City,2.5,TRUE,FALSE,2.5,2,11:32,11,32,FALSE,FALSE,1,1,2,1,692,692,2132,679,679,2119,2,2,1,-39.75,1,2025-10-23,2025-10-23T23:30:00Z,
125,401809236173,173,111,Alley Oop Layup Shot,Jay Huff makes alley oop layup (Jarace Walker assists),24,27,2,2nd Quarter,11:19,TRUE,2,11,4065731,5106060,,2025-10-24T00:16:51Z,TRUE,27,0,2,+2 Points,2026,2,11,Indiana,Pacers,IND,Indiana,25,Oklahoma City,Thunder,OKC,Oklahoma City,2.5,TRUE,FALSE,2.5,2,11:19,11,19,FALSE,FALSE,1,1,2,1,679,679,2119,660,660,2100,2,2,1,41.75,-2,2025-10-23,2025-10-23T23:30:00Z,
126,401809236175,175,144,Driving Floating Jump Shot,Ajay Mitchell makes 6-foot driving floating jump shot (Shai Gilgeous-Alexander assists),26,27,2,2nd Quarter,11:00,TRUE,2,25,4900671,4278073,,2025-10-24T00:17:11Z,TRUE,28,6,2,+2 Points,2026,2,11,Indiana,Pacers,IND,Indiana,25,Oklahoma City,Thunder,OKC,Oklahoma City,2.5,TRUE,FALSE,2.5,2,11:00,11,0,FALSE,FALSE,1,1,2,1,660,660,2100,644,644,2084,2,2,1,-35.75,3,2025-10-23,2025-10-23T23:30:00Z,
127,401809236177,177,131,Pullup Jump Shot,Aaron Nesmith misses 12-foot pullup jump shot,26,27,2,2nd Quarter,10:44,FALSE,0,11,4396909,,,2025-10-24T00:17:27Z,TRUE,26,13,2,Missed FG,2026,2,11,Indiana,Pacers,IND,Indiana,25,Oklahoma City,Thunder,OKC,Oklahoma City,2.5,TRUE,FALSE,2.5,2,10:44,10,44,FALSE,FALSE,1,1,2,1,644,644,2084,641,641,2081,2,2,1,28.75,-1,2025-10-23,2025-10-23T23:30:00Z,
128,401809236178,178,156,Offensive Rebound,Jay Huff offensive rebound,26,27,2,2nd Quarter,10:41,FALSE,0,11,4065731,,,2025-10-24T00:17:30Z,FALSE,26,13,0,Rebound,2026,2,11,Indiana,Pacers,IND,Indiana,25,Oklahoma City,Thunder,OKC,Oklahoma City,2.5,TRUE,FALSE,2.5,2,10:41,10,41,FALSE,FALSE,1,1,2,1,641,641,2081,638,638,2078,2,2,1,28.75,-1,2025-10-23,2025-10-23T23:30:00Z,
129,401809236179,179,92,Jump Shot,Jay Huff misses 24-foot three point jumper,26,27,2,2nd Quarter,10:38,FALSE,0,11,4065731,,,2025-10-24T00:17:34Z,TRUE,19,24,3,Missed 3PT,2026,2,11,Indiana,Pacers,IND,Indiana,25,Oklahoma City,Thunder,OKC,Oklahoma City,2.5,TRUE,FALSE,2.5,2,10:38,10,38,FALSE,FALSE,1,1,2,1,638,638,2078,634,634,2074,2,2,1,17.75,6,2025-10-23,2025-10-23T23:30:00Z,
130,401809236180,180,155,Defensive Rebound,Isaiah Hartenstein defensive rebound,26,27,2,2nd Quarter,10:34,FALSE,0,25,4222252,,,2025-10-24T00:17:38Z,FALSE,19,24,0,Rebound,2026,2,11,Indiana,Pacers,IND,Indiana,25,Oklahoma City,Thunder,OKC,Oklahoma City,2.5,TRUE,FALSE,2.5,2,10:34,10,34,FALSE,FALSE,1,1,2,1,634,634,2074,622,622,2062,2,2,1,-17.75,-6,2025-10-23,2025-10-23T23:30:00Z,
131,401809236181,181,62,"Bad Pass
Turnover",Isaiah Hartenstein bad pass (Obi Toppin steals),26,27,2,2nd Quarter,10:22,FALSE,0,25,4222252,4278355,,2025-10-24T00:17:50Z,FALSE,14,1,0,Turnover,2026,2,11,Indiana,Pacers,IND,Indiana,25,Oklahoma City,Thunder,OKC,Oklahoma City,2.5,TRUE,FALSE,2.5,2,10:22,10,22,FALSE,FALSE,1,1,2,1,622,622,2062,615,615,2055,2,2,1,-40.75,-11,2025-10-23,2025-10-23T23:30:00Z,
132,401809236183,183,44,Shooting Foul,Chris Youngblood shooting foul,26,27,2,2nd Quarter,10:15,FALSE,0,25,4706557,,,2025-10-24T00:17:59Z,FALSE,22,5,0,Foul,2026,2,11,Indiana,Pacers,IND,Indiana,25,Oklahoma City,Thunder,OKC,Oklahoma City,2.5,TRUE,FALSE,2.5,2,10:15,10,15,FALSE,FALSE,1,1,2,1,615,615,2055,615,615,2055,2,2,1,-36.75,-3,2025-10-23,2025-10-23T23:30:00Z,
133,401809236185,185,98,Free Throw - 1 of 2,Andrew Nembhard makes free throw 1 of 2,26,28,2,2nd Quarter,10:15,TRUE,1,11,4395712,,,2025-10-24T00:18:26Z,TRUE,25,13.75,1,+1 Point,2026,2,11,Indiana,Pacers,IND,Indiana,25,Oklahoma City,Thunder,OKC,Oklahoma City,2.5,TRUE,FALSE,2.5,2,10:15,10,15,FALSE,FALSE,1,1,2,1,615,615,2055,615,615,2055,2,2,1,28,-0,2025-10-23,2025-10-23T23:30:00Z,
134,401809236186,186,99,Free Throw - 2 of 2,Andrew Nembhard makes free throw 2 of 2,26,29,2,2nd Quarter,10:15,TRUE,1,11,4395712,,,2025-10-24T00:18:40Z,TRUE,25,13.75,1,+1 Point,2026,2,11,Indiana,Pacers,IND,Indiana,25,Oklahoma City,Thunder,OKC,Oklahoma City,2.5,TRUE,FALSE,2.5,2,10:15,10,15,FALSE,FALSE,1,1,2,1,615,615,2055,596,596,2036,2,2,1,28,-0,2025-10-23,2025-10-23T23:30:00Z,
135,401809236187,187,141,Cutting Layup Shot,Jay Huff blocks Ajay Mitchell 's 4-foot layup,26,29,2,2nd Quarter,9:56,FALSE,0,25,4900671,4065731,,2025-10-24T00:19:01Z,TRUE,22,3,2,Missed FG,2026,2,11,Indiana,Pacers,IND,Indiana,25,Oklahoma City,Thunder,OKC,Oklahoma City,2.5,TRUE,FALSE,2.5,2,9:56,9,56,FALSE,FALSE,1,1,2,1,596,596,2036,594,594,2034,2,2,1,-38.75,-3,2025-10-23,2025-10-23T23:30:00Z,
136,401809236189,189,155,Defensive Rebound,Aaron Nesmith defensive rebound,26,29,2,2nd Quarter,9:54,FALSE,0,11,4396909,,,2025-10-24T00:19:03Z,FALSE,22,3,0,Rebound,2026,2,11,Indiana,Pacers,IND,Indiana,25,Oklahoma City,Thunder,OKC,Oklahoma City,2.5,TRUE,FALSE,2.5,2,9:54,9,54,FALSE,FALSE,1,1,2,1,594,594,2034,576,576,2016,2,2,1,38.75,3,2025-10-23,2025-10-23T23:30:00Z,
137,401809236190,190,144,Driving Floating Jump Shot,Obi Toppin misses driving floating jump shot,26,29,2,2nd Quarter,9:36,FALSE,0,11,4278355,,,2025-10-24T00:19:21Z,TRUE,12,0,2,Missed FG,2026,2,11,Indiana,Pacers,IND,Indiana,25,Oklahoma City,Thunder,OKC,Oklahoma City,2.5,TRUE,FALSE,2.5,2,9:36,9,36,FALSE,FALSE,1,1,2,1,576,576,2016,575,575,2015,2,2,1,41.75,13,2025-10-23,2025-10-23T23:30:00Z,
138,401809236191,191,155,Defensive Rebound,Isaiah Hartenstein defensive rebound,26,29,2,2nd Quarter,9:35,FALSE,0,25,4222252,,,2025-10-24T00:19:22Z,FALSE,12,0,0,Rebound,2026,2,11,Indiana,Pacers,IND,Indiana,25,Oklahoma City,Thunder,OKC,Oklahoma City,2.5,TRUE,FALSE,2.5,2,9:35,9,35,FALSE,FALSE,1,1,2,1,575,575,2015,571,571,2011,2,2,1,-41.75,-13,2025-10-23,2025-10-23T23:30:00Z,
139,401809236192,192,113,Running Jump Shot,Chris Youngblood makes 22-foot three point shot (Ajay Mitchell assists),29,29,2,2nd Quarter,9:31,TRUE,3,25,4706557,4900671,,2025-10-24T00:19:27Z,TRUE,48,0,3,+3 Points,2026,2,11,Indiana,Pacers,IND,Indiana,25,Oklahoma City,Thunder,OKC,Oklahoma City,2.5,TRUE,FALSE,2.5,2,9:31,9,31,FALSE,FALSE,1,1,2,1,571,571,2011,554,554,1994,2,2,1,-41.75,23,2025-10-23,2025-10-23T23:30:00Z,
140,401809236194,194,62,"Bad Pass
Turnover",Jarace Walker bad pass (Ajay Mitchell steals),29,29,2,2nd Quarter,9:14,FALSE,0,11,5106060,4900671,,2025-10-24T00:19:43Z,FALSE,15,21,0,Turnover,2026,2,11,Indiana,Pacers,IND,Indiana,25,Oklahoma City,Thunder,OKC,Oklahoma City,2.5,TRUE,FALSE,2.5,2,9:14,9,14,FALSE,FALSE,1,1,2,1,554,554,1994,546,546,1986,2,2,1,20.75,10,2025-10-23,2025-10-23T23:30:00Z,
141,401809236196,196,92,Jump Shot,Ousmane Dieng misses 23-foot three point jumper,29,29,2,2nd Quarter,9:06,FALSE,0,25,4997526,,,2025-10-24T00:19:52Z,TRUE,2,1,3,Missed 3PT,2026,2,11,Indiana,Pacers,IND,Indiana,25,Oklahoma City,Thunder,OKC,Oklahoma City,2.5,TRUE,FALSE,2.5,2,9:06,9,6,FALSE,FALSE,1,1,2,1,546,546,1986,541,541,1981,2,2,1,-40.75,-23,2025-10-23,2025-10-23T23:30:00Z,
142,401809236197,197,155,Defensive Rebound,Aaron Nesmith defensive rebound,29,29,2,2nd Quarter,9:01,FALSE,0,11,4396909,,,2025-10-24T00:19:57Z,FALSE,2,1,0,Rebound,2026,2,11,Indiana,Pacers,IND,Indiana,25,Oklahoma City,Thunder,OKC,Oklahoma City,2.5,TRUE,FALSE,2.5,2,9:01,9,1,FALSE,FALSE,1,1,2,1,541,541,1981,541,541,1981,2,2,1,40.75,23,2025-10-23,2025-10-23T23:30:00Z,
143,401809236198,198,45,Personal Foul,Isaiah Hartenstein personal foul,29,29,2,2nd Quarter,9:01,FALSE,0,25,4222252,,,2025-10-24T00:19:59Z,FALSE,36,2,0,Foul,2026,2,11,Indiana,Pacers,IND,Indiana,25,Oklahoma City,Thunder,OKC,Oklahoma City,2.5,TRUE,FALSE,2.5,2,9:01,9,1,FALSE,FALSE,1,1,2,1,541,541,1981,541,541,1981,2,2,1,-39.75,11,2025-10-23,2025-10-23T23:30:00Z,
144,401809236200,200,584,Substitution,Bennedict Mathurin enters the game for Jarace Walker,29,29,2,2nd Quarter,9:01,FALSE,0,11,4683634,5106060,,2025-10-24T00:20:14Z,FALSE,-214748340,-214748365,0,Substitution,2026,2,11,Indiana,Pacers,IND,Indiana,25,Oklahoma City,Thunder,OKC,Oklahoma City,2.5,TRUE,FALSE,2.5,2,9:01,9,1,FALSE,FALSE,1,1,2,1,541,541,1981,541,541,1981,2,2,1,214748406.75,214748365,2025-10-23,2025-10-23T23:30:00Z,
145,401809236201,201,584,Substitution,Luguentz Dort enters the game for Ajay Mitchell,29,29,2,2nd Quarter,9:01,FALSE,0,25,4397020,4900671,,2025-10-24T00:20:14Z,FALSE,-214748340,-214748365,0,Substitution,2026,2,11,Indiana,Pacers,IND,Indiana,25,Oklahoma City,Thunder,OKC,Oklahoma City,2.5,TRUE,FALSE,2.5,2,9:01,9,1,FALSE,FALSE,1,1,2,1,541,541,1981,541,541,1981,2,2,1,-214748406.75,-214748365,2025-10-23,2025-10-23T23:30:00Z,
146,401809236202,202,584,Substitution,Jaylin Williams enters the game for Isaiah Hartenstein,29,29,2,2nd Quarter,9:01,FALSE,0,25,4432823,4222252,,2025-10-24T00:20:14Z,FALSE,-214748340,-214748365,0,Substitution,2026,2,11,Indiana,Pacers,IND,Indiana,25,Oklahoma City,Thunder,OKC,Oklahoma City,2.5,TRUE,FALSE,2.5,2,9:01,9,1,FALSE,FALSE,1,1,2,1,541,541,1981,530,530,1970,2,2,1,-214748406.75,-214748365,2025-10-23,2025-10-23T23:30:00Z,
147,401809236206,206,92,Jump Shot,Obi Toppin makes 12-foot jumper (Andrew Nembhard assists),29,31,2,2nd Quarter,8:50,TRUE,2,11,4278355,4395712,,2025-10-24T00:20:46Z,TRUE,17,10,2,+2 Points,2026,2,11,Indiana,Pacers,IND,Indiana,25,Oklahoma City,Thunder,OKC,Oklahoma City,2.5,TRUE,FALSE,2.5,2,8:50,8,50,FALSE,FALSE,1,1,2,1,530,530,1970,516,516,1956,2,2,1,31.75,8,2025-10-23,2025-10-23T23:30:00Z,
148,401809236208,208,92,Jump Shot,Ousmane Dieng misses 24-foot three point jumper,29,31,2,2nd Quarter,8:36,FALSE,0,25,4997526,,,2025-10-24T00:20:59Z,TRUE,1,4,3,Missed 3PT,2026,2,11,Indiana,Pacers,IND,Indiana,25,Oklahoma City,Thunder,OKC,Oklahoma City,2.5,TRUE,FALSE,2.5,2,8:36,8,36,FALSE,FALSE,1,1,2,1,516,516,1956,514,514,1954,2,2,1,-37.75,-24,2025-10-23,2025-10-23T23:30:00Z,
149,401809236209,209,155,Defensive Rebound,Obi Toppin defensive rebound,29,31,2,2nd Quarter,8:34,FALSE,0,11,4278355,,,2025-10-24T00:21:01Z,FALSE,1,4,0,Rebound,2026,2,11,Indiana,Pacers,IND,Indiana,25,Oklahoma City,Thunder,OKC,Oklahoma City,2.5,TRUE,FALSE,2.5,2,8:34,8,34,FALSE,FALSE,1,1,2,1,514,514,1954,509,509,1949,2,2,1,37.75,24,2025-10-23,2025-10-23T23:30:00Z,
150,401809236210,210,44,Shooting Foul,Chris Youngblood shooting foul,29,31,2,2nd Quarter,8:29,FALSE,0,25,4706557,,,2025-10-24T00:21:08Z,FALSE,17,5,0,Foul,2026,2,11,Indiana,Pacers,IND,Indiana,25,Oklahoma City,Thunder,OKC,Oklahoma City,2.5,TRUE,FALSE,2.5,2,8:29,8,29,FALSE,FALSE,1,1,2,1,509,509,1949,509,509,1949,2,2,1,-36.75,-8,2025-10-23,2025-10-23T23:30:00Z,
151,401809236212,212,98,Free Throw - 1 of 2,Andrew Nembhard makes free throw 1 of 2,29,32,2,2nd Quarter,8:29,TRUE,1,11,4395712,,,2025-10-24T00:21:31Z,TRUE,25,13.75,1,+1 Point,2026,2,11,Indiana,Pacers,IND,Indiana,25,Oklahoma City,Thunder,OKC,Oklahoma City,2.5,TRUE,FALSE,2.5,2,8:29,8,29,FALSE,FALSE,1,1,2,1,509,509,1949,509,509,1949,2,2,1,28,-0,2025-10-23,2025-10-23T23:30:00Z,
152,401809236213,213,584,Substitution,Isaiah Jackson enters the game for Obi Toppin,29,32,2,2nd Quarter,8:29,FALSE,0,11,4432170,4278355,,2025-10-24T00:21:32Z,FALSE,-214748340,-214748365,0,Substitution,2026,2,11,Indiana,Pacers,IND,Indiana,25,Oklahoma City,Thunder,OKC,Oklahoma City,2.5,TRUE,FALSE,2.5,2,8:29,8,29,FALSE,FALSE,1,1,2,1,509,509,1949,509,509,1949,2,2,1,214748406.75,214748365,2025-10-23,2025-10-23T23:30:00Z,
153,401809236214,214,584,Substitution,Ben Sheppard enters the game for Aaron Nesmith,29,32,2,2nd Quarter,8:29,FALSE,0,11,4433076,4396909,,2025-10-24T00:21:32Z,FALSE,-214748340,-214748365,0,Substitution,2026,2,11,Indiana,Pacers,IND,Indiana,25,Oklahoma City,Thunder,OKC,Oklahoma City,2.5,TRUE,FALSE,2.5,2,8:29,8,29,FALSE,FALSE,1,1,2,1,509,509,1949,509,509,1949,2,2,1,214748406.75,214748365,2025-10-23,2025-10-23T23:30:00Z,
154,401809236215,215,584,Substitution,Pascal Siakam enters the game for Jay Huff,29,32,2,2nd Quarter,8:29,FALSE,0,11,3149673,4065731,,2025-10-24T00:21:32Z,FALSE,-214748340,-214748365,0,Substitution,2026,2,11,Indiana,Pacers,IND,Indiana,25,Oklahoma City,Thunder,OKC,Oklahoma City,2.5,TRUE,FALSE,2.5,2,8:29,8,29,FALSE,FALSE,1,1,2,1,509,509,1949,509,509,1949,2,2,1,214748406.75,214748365,2025-10-23,2025-10-23T23:30:00Z,
155,401809236216,216,584,Substitution,Brooks Barnhizer enters the game for Ousmane Dieng,29,32,2,2nd Quarter,8:29,FALSE,0,25,4684208,4997526,,2025-10-24T00:21:32Z,FALSE,-214748340,-214748365,0,Substitution,2026,2,11,Indiana,Pacers,IND,Indiana,25,Oklahoma City,Thunder,OKC,Oklahoma City,2.5,TRUE,FALSE,2.5,2,8:29,8,29,FALSE,FALSE,1,1,2,1,509,509,1949,509,509,1949,2,2,1,-214748406.75,-214748365,2025-10-23,2025-10-23T23:30:00Z,
156,401809236221,221,99,Free Throw - 2 of 2,Andrew Nembhard makes free throw 2 of 2,29,33,2,2nd Quarter,8:29,TRUE,1,11,4395712,,,2025-10-24T00:21:55Z,TRUE,25,13.75,1,+1 Point,2026,2,11,Indiana,Pacers,IND,Indiana,25,Oklahoma City,Thunder,OKC,Oklahoma City,2.5,TRUE,FALSE,2.5,2,8:29,8,29,FALSE,FALSE,1,1,2,1,509,509,1949,487,487,1927,2,2,1,28,-0,2025-10-23,2025-10-23T23:30:00Z,
157,401809236222,222,131,Pullup Jump Shot,Shai Gilgeous-Alexander makes 14-foot pullup jump shot,31,33,2,2nd Quarter,8:07,TRUE,2,25,4278073,,,2025-10-24T00:22:20Z,TRUE,10,-1,2,+2 Points,2026,2,11,Indiana,Pacers,IND,Indiana,25,Oklahoma City,Thunder,OKC,Oklahoma City,2.5,TRUE,FALSE,2.5,2,8:07,8,7,FALSE,FALSE,1,1,2,1,487,487,1927,468,468,1908,2,2,1,-42.75,-15,2025-10-23,2025-10-23T23:30:00Z,
158,401809236223,223,42,Offensive Foul,Isaiah Jackson offensive foul,31,33,2,2nd Quarter,7:48,FALSE,0,11,4432170,,,2025-10-24T00:22:41Z,FALSE,26,28,0,Foul,2026,2,11,Indiana,Pacers,IND,Indiana,25,Oklahoma City,Thunder,OKC,Oklahoma City,2.5,TRUE,FALSE,2.5,2,7:48,7,48,FALSE,FALSE,1,1,2,1,468,468,1908,468,468,1908,2,2,1,13.75,-1,2025-10-23,2025-10-23T23:30:00Z,
159,401809236225,225,84,Offensive Foul Turnover,Isaiah Jackson turnover,31,33,2,2nd Quarter,7:48,FALSE,0,11,4432170,,,2025-10-24T00:22:41Z,FALSE,26,28,0,Turnover,2026,2,11,Indiana,Pacers,IND,Indiana,25,Oklahoma City,Thunder,OKC,Oklahoma City,2.5,TRUE,FALSE,2.5,2,7:48,7,48,FALSE,FALSE,1,1,2,1,468,468,1908,468,468,1908,2,2,1,13.75,-1,2025-10-23,2025-10-23T23:30:00Z,
160,401809236226,226,584,Substitution,Taelon Peter enters the game for Andrew Nembhard,31,33,2,2nd Quarter,7:48,FALSE,0,11,4703421,4395712,,2025-10-24T00:22:47Z,FALSE,-214748340,-214748365,0,Substitution,2026,2,11,Indiana,Pacers,IND,Indiana,25,Oklahoma City,Thunder,OKC,Oklahoma City,2.5,TRUE,FALSE,2.5,2,7:48,7,48,FALSE,FALSE,1,1,2,1,468,468,1908,468,468,1908,2,2,1,214748406.75,214748365,2025-10-23,2025-10-23T23:30:00Z,
161,401809236228,228,584,Substitution,Tony Bradley enters the game for Isaiah Jackson,31,33,2,2nd Quarter,7:48,FALSE,0,11,4065673,4432170,,2025-10-24T00:22:56Z,FALSE,-214748340,-214748365,0,Substitution,2026,2,11,Indiana,Pacers,IND,Indiana,25,Oklahoma City,Thunder,OKC,Oklahoma City,2.5,TRUE,FALSE,2.5,2,7:48,7,48,FALSE,FALSE,1,1,2,1,468,468,1908,450,450,1890,2,2,1,214748406.75,214748365,2025-10-23,2025-10-23T23:30:00Z,
162,401809236230,230,92,Jump Shot,Luguentz Dort makes 27-foot three point jumper (Jaylin Williams assists),34,33,2,2nd Quarter,7:30,TRUE,3,25,4397020,4432823,,2025-10-24T00:23:32Z,TRUE,31,27,3,+3 Points,2026,2,11,Indiana,Pacers,IND,Indiana,25,Oklahoma City,Thunder,OKC,Oklahoma City,2.5,TRUE,FALSE,2.5,2,7:30,7,30,FALSE,FALSE,1,1,2,1,450,450,1890,438,438,1878,2,2,1,-14.75,6,2025-10-23,2025-10-23T23:30:00Z,
163,401809236232,232,114,Turnaround Jump Shot,Shai Gilgeous-Alexander blocks Bennedict Mathurin 's 8-foot two point shot,34,33,2,2nd Quarter,7:18,FALSE,0,11,4683634,4278073,,2025-10-24T00:23:44Z,TRUE,20,7,2,Missed FG,2026,2,11,Indiana,Pacers,IND,Indiana,25,Oklahoma City,Thunder,OKC,Oklahoma City,2.5,TRUE,FALSE,2.5,2,7:18,7,18,FALSE,FALSE,1,1,2,1,438,438,1878,437,437,1877,2,2,1,34.75,5,2025-10-23,2025-10-23T23:30:00Z,
164,401809236234,234,155,Defensive Rebound,Shai Gilgeous-Alexander defensive rebound,34,33,2,2nd Quarter,7:17,FALSE,0,25,4278073,,,2025-10-24T00:23:45Z,FALSE,20,7,0,Rebound,2026,2,11,Indiana,Pacers,IND,Indiana,25,Oklahoma City,Thunder,OKC,Oklahoma City,2.5,TRUE,FALSE,2.5,2,7:17,7,17,FALSE,FALSE,1,1,2,1,437,437,1877,428,428,1868,2,2,1,-34.75,-5,2025-10-23,2025-10-23T23:30:00Z,
165,401809236235,235,44,Shooting Foul,Tony Bradley shooting foul,34,33,2,2nd Quarter,7:08,FALSE,0,11,4065673,,,2025-10-24T00:23:55Z,FALSE,15,7,0,Foul,2026,2,11,Indiana,Pacers,IND,Indiana,25,Oklahoma City,Thunder,OKC,Oklahoma City,2.5,TRUE,FALSE,2.5,2,7:08,7,8,FALSE,FALSE,1,1,2,1,428,428,1868,428,428,1868,2,2,1,34.75,10,2025-10-23,2025-10-23T23:30:00Z,
166,401809236237,237,98,Free Throw - 1 of 2,Shai Gilgeous-Alexander makes free throw 1 of 2,35,33,2,2nd Quarter,7:08,TRUE,1,25,4278073,,,2025-10-24T00:24:19Z,TRUE,25,13.75,1,+1 Point,2026,2,11,Indiana,Pacers,IND,Indiana,25,Oklahoma City,Thunder,OKC,Oklahoma City,2.5,TRUE,FALSE,2.5,2,7:08,7,8,FALSE,FALSE,1,1,2,1,428,428,1868,428,428,1868,2,2,1,-28,0,2025-10-23,2025-10-23T23:30:00Z,
167,401809236238,238,16,Full Timeout,Pacers Full timeout,35,33,2,2nd Quarter,7:08,FALSE,0,11,,,,2025-10-24T00:24:24Z,FALSE,-214748340,-214748365,0,Timeout,2026,2,11,Indiana,Pacers,IND,Indiana,25,Oklahoma City,Thunder,OKC,Oklahoma City,2.5,TRUE,FALSE,2.5,2,7:08,7,8,FALSE,FALSE,1,1,2,1,428,428,1868,428,428,1868,2,2,1,214748406.75,214748365,2025-10-23,2025-10-23T23:30:00Z,
168,401809236239,239,99,Free Throw - 2 of 2,Shai Gilgeous-Alexander makes free throw 2 of 2,36,33,2,2nd Quarter,7:08,TRUE,1,25,4278073,,,2025-10-24T00:27:56Z,TRUE,25,13.75,1,+1 Point,2026,2,11,Indiana,Pacers,IND,Indiana,25,Oklahoma City,Thunder,OKC,Oklahoma City,2.5,TRUE,FALSE,2.5,2,7:08,7,8,FALSE,FALSE,1,1,2,1,428,428,1868,409,409,1849,2,2,1,-28,0,2025-10-23,2025-10-23T23:30:00Z,
169,401809236240,240,131,Pullup Jump Shot,Pascal Siakam misses 18-foot pullup jump shot,36,33,2,2nd Quarter,6:49,FALSE,0,11,3149673,,,2025-10-24T00:28:17Z,TRUE,38,13,2,Missed FG,2026,2,11,Indiana,Pacers,IND,Indiana,25,Oklahoma City,Thunder,OKC,Oklahoma City,2.5,TRUE,FALSE,2.5,2,6:49,6,49,FALSE,FALSE,1,1,2,1,409,409,1849,405,405,1845,2,2,1,28.75,-13,2025-10-23,2025-10-23T23:30:00Z,
170,401809236241,241,155,Defensive Rebound,Luguentz Dort defensive rebound,36,33,2,2nd Quarter,6:45,FALSE,0,25,4397020,,,2025-10-24T00:28:21Z,FALSE,38,13,0,Rebound,2026,2,11,Indiana,Pacers,IND,Indiana,25,Oklahoma City,Thunder,OKC,Oklahoma City,2.5,TRUE,FALSE,2.5,2,6:45,6,45,FALSE,FALSE,1,1,2,1,405,405,1845,398,398,1838,2,2,1,-28.75,13,2025-10-23,2025-10-23T23:30:00Z,
171,401809236242,242,92,Jump Shot,Jaylin Williams makes 28-foot three point jumper (Shai Gilgeous-Alexander assists),39,33,2,2nd Quarter,6:38,TRUE,3,25,4432823,4278073,,2025-10-24T00:28:27Z,TRUE,13,26,3,+3 Points,2026,2,11,Indiana,Pacers,IND,Indiana,25,Oklahoma City,Thunder,OKC,Oklahoma City,2.5,TRUE,FALSE,2.5,2,6:38,6,38,FALSE,FALSE,1,1,2,1,398,398,1838,377,377,1817,2,2,1,-15.75,-12,2025-10-23,2025-10-23T23:30:00Z,
172,401809236244,244,130,Floating Jump Shot,Pascal Siakam makes 13-foot two point shot,39,35,2,2nd Quarter,6:17,TRUE,2,11,3149673,,,2025-10-24T00:28:49Z,TRUE,17,11,2,+2 Points,2026,2,11,Indiana,Pacers,IND,Indiana,25,Oklahoma City,Thunder,OKC,Oklahoma City,2.5,TRUE,FALSE,2.5,2,6:17,6,17,FALSE,FALSE,1,1,2,1,377,377,1817,369,369,1809,2,2,1,30.75,8,2025-10-23,2025-10-23T23:30:00Z,
173,401809236245,245,144,Driving Floating Jump Shot,Brooks Barnhizer misses driving floating jump shot,39,35,2,2nd Quarter,6:09,FALSE,0,25,4684208,,,2025-10-24T00:28:55Z,TRUE,26,8,2,Missed FG,2026,2,11,Indiana,Pacers,IND,Indiana,25,Oklahoma City,Thunder,OKC,Oklahoma City,2.5,TRUE,FALSE,2.5,2,6:09,6,9,FALSE,FALSE,1,1,2,1,369,369,1809,368,368,1808,2,2,1,-33.75,1,2025-10-23,2025-10-23T23:30:00Z,
174,401809236246,246,155,Defensive Rebound,Pascal Siakam defensive rebound,39,35,2,2nd Quarter,6:08,FALSE,0,11,3149673,,,2025-10-24T00:28:56Z,FALSE,26,8,0,Rebound,2026,2,11,Indiana,Pacers,IND,Indiana,25,Oklahoma City,Thunder,OKC,Oklahoma City,2.5,TRUE,FALSE,2.5,2,6:08,6,8,FALSE,FALSE,1,1,2,1,368,368,1808,364,364,1804,2,2,1,33.75,-1,2025-10-23,2025-10-23T23:30:00Z,
175,401809236247,247,44,Shooting Foul,Jaylin Williams shooting foul,39,35,2,2nd Quarter,6:04,FALSE,0,25,4432823,,,2025-10-24T00:29:03Z,FALSE,23,5,0,Foul,2026,2,11,Indiana,Pacers,IND,Indiana,25,Oklahoma City,Thunder,OKC,Oklahoma City,2.5,TRUE,FALSE,2.5,2,6:04,6,4,FALSE,FALSE,1,1,2,1,364,364,1804,364,364,1804,2,2,1,-36.75,-2,2025-10-23,2025-10-23T23:30:00Z,
176,401809236249,249,98,Free Throw - 1 of 2,Pascal Siakam makes free throw 1 of 2,39,36,2,2nd Quarter,6:04,TRUE,1,11,3149673,,,2025-10-24T00:29:36Z,TRUE,25,13.75,1,+1 Point,2026,2,11,Indiana,Pacers,IND,Indiana,25,Oklahoma City,Thunder,OKC,Oklahoma City,2.5,TRUE,FALSE,2.5,2,6:04,6,4,FALSE,FALSE,1,1,2,1,364,364,1804,364,364,1804,2,2,1,28,-0,2025-10-23,2025-10-23T23:30:00Z,
177,401809236250,250,584,Substitution,Chet Holmgren enters the game for Shai Gilgeous-Alexander,39,36,2,2nd Quarter,6:04,FALSE,0,25,4433255,4278073,,2025-10-24T00:29:36Z,FALSE,-214748340,-214748365,0,Substitution,2026,2,11,Indiana,Pacers,IND,Indiana,25,Oklahoma City,Thunder,OKC,Oklahoma City,2.5,TRUE,FALSE,2.5,2,6:04,6,4,FALSE,FALSE,1,1,2,1,364,364,1804,364,364,1804,2,2,1,-214748406.75,-214748365,2025-10-23,2025-10-23T23:30:00Z,
178,401809236251,251,584,Substitution,Ajay Mitchell enters the game for Chris Youngblood,39,36,2,2nd Quarter,6:04,FALSE,0,25,4900671,4706557,,2025-10-24T00:29:36Z,FALSE,-214748340,-214748365,0,Substitution,2026,2,11,Indiana,Pacers,IND,Indiana,25,Oklahoma City,Thunder,OKC,Oklahoma City,2.5,TRUE,FALSE,2.5,2,6:04,6,4,FALSE,FALSE,1,1,2,1,364,364,1804,364,364,1804,2,2,1,-214748406.75,-214748365,2025-10-23,2025-10-23T23:30:00Z,
179,401809236254,254,99,Free Throw - 2 of 2,Pascal Siakam misses free throw 2 of 2,39,36,2,2nd Quarter,6:04,FALSE,0,11,3149673,,,2025-10-24T00:29:36Z,TRUE,25,13.75,1,Missed FT,2026,2,11,Indiana,Pacers,IND,Indiana,25,Oklahoma City,Thunder,OKC,Oklahoma City,2.5,TRUE,FALSE,2.5,2,6:04,6,4,FALSE,FALSE,1,1,2,1,364,364,1804,363,363,1803,2,2,1,28,-0,2025-10-23,2025-10-23T23:30:00Z,
180,401809236255,255,155,Defensive Rebound,Brooks Barnhizer defensive rebound,39,36,2,2nd Quarter,6:03,FALSE,0,25,4684208,,,2025-10-24T00:29:37Z,FALSE,-214748340,-214748365,0,Rebound,2026,2,11,Indiana,Pacers,IND,Indiana,25,Oklahoma City,Thunder,OKC,Oklahoma City,2.5,TRUE,FALSE,2.5,2,6:03,6,3,FALSE,FALSE,1,1,2,1,363,363,1803,348,348,1788,2,2,1,-214748406.75,-214748365,2025-10-23,2025-10-23T23:30:00Z,
181,401809236256,256,42,Offensive Foul,Jaylin Williams offensive foul,39,36,2,2nd Quarter,5:48,FALSE,0,25,4432823,,,2025-10-24T00:30:19Z,FALSE,39,20,0,Foul,2026,2,11,Indiana,Pacers,IND,Indiana,25,Oklahoma City,Thunder,OKC,Oklahoma City,2.5,TRUE,FALSE,2.5,2,5:48,5,48,FALSE,FALSE,1,1,2,1,348,348,1788,348,348,1788,2,2,1,-21.75,14,2025-10-23,2025-10-23T23:30:00Z,
182,401809236258,258,84,Offensive Foul Turnover,Jaylin Williams turnover,39,36,2,2nd Quarter,5:48,FALSE,0,25,4432823,,,2025-10-24T00:30:19Z,FALSE,39,20,0,Turnover,2026,2,11,Indiana,Pacers,IND,Indiana,25,Oklahoma City,Thunder,OKC,Oklahoma City,2.5,TRUE,FALSE,2.5,2,5:48,5,48,FALSE,FALSE,1,1,2,1,348,348,1788,348,348,1788,2,2,1,-21.75,14,2025-10-23,2025-10-23T23:30:00Z,
183,401809236259,259,584,Substitution,Andrew Nembhard enters the game for Taelon Peter,39,36,2,2nd Quarter,5:48,FALSE,0,11,4395712,4703421,,2025-10-24T00:30:29Z,FALSE,-214748340,-214748365,0,Substitution,2026,2,11,Indiana,Pacers,IND,Indiana,25,Oklahoma City,Thunder,OKC,Oklahoma City,2.5,TRUE,FALSE,2.5,2,5:48,5,48,FALSE,FALSE,1,1,2,1,348,348,1788,348,348,1788,2,2,1,214748406.75,214748365,2025-10-23,2025-10-23T23:30:00Z,
184,401809236260,260,584,Substitution,Isaiah Hartenstein enters the game for Jaylin Williams,39,36,2,2nd Quarter,5:48,FALSE,0,25,4222252,4432823,,2025-10-24T00:30:29Z,FALSE,-214748340,-214748365,0,Substitution,2026,2,11,Indiana,Pacers,IND,Indiana,25,Oklahoma City,Thunder,OKC,Oklahoma City,2.5,TRUE,FALSE,2.5,2,5:48,5,48,FALSE,FALSE,1,1,2,1,348,348,1788,339,339,1779,2,2,1,-214748406.75,-214748365,2025-10-23,2025-10-23T23:30:00Z,
185,401809236263,263,92,Jump Shot,Ben Sheppard makes 25-foot three point jumper (Andrew Nembhard assists),39,39,2,2nd Quarter,5:39,TRUE,3,11,4433076,4395712,,2025-10-24T00:30:55Z,TRUE,45,16,3,+3 Points,2026,2,11,Indiana,Pacers,IND,Indiana,25,Oklahoma City,Thunder,OKC,Oklahoma City,2.5,TRUE,FALSE,2.5,2,5:39,5,39,FALSE,FALSE,1,1,2,1,339,339,1779,324,324,1764,2,2,1,25.75,-20,2025-10-23,2025-10-23T23:30:00Z,
186,401809236265,265,44,Shooting Foul,Tony Bradley shooting foul,39,39,2,2nd Quarter,5:24,FALSE,0,11,4065673,,,2025-10-24T00:31:12Z,FALSE,22,5,0,Foul,2026,2,11,Indiana,Pacers,IND,Indiana,25,Oklahoma City,Thunder,OKC,Oklahoma City,2.5,TRUE,FALSE,2.5,2,5:24,5,24,FALSE,FALSE,1,1,2,1,324,324,1764,324,324,1764,2,2,1,36.75,3,2025-10-23,2025-10-23T23:30:00Z,
187,401809236267,267,98,Free Throw - 1 of 2,Isaiah Hartenstein misses free throw 1 of 2,39,39,2,2nd Quarter,5:24,FALSE,0,25,4222252,,,2025-10-24T00:31:40Z,TRUE,25,13.75,1,Missed FT,2026,2,11,Indiana,Pacers,IND,Indiana,25,Oklahoma City,Thunder,OKC,Oklahoma City,2.5,TRUE,FALSE,2.5,2,5:24,5,24,FALSE,FALSE,1,1,2,1,324,324,1764,324,324,1764,2,2,1,-28,0,2025-10-23,2025-10-23T23:30:00Z,
188,401809236268,268,156,Offensive Rebound,Thunder offensive team rebound,39,39,2,2nd Quarter,5:24,FALSE,0,25,,,,2025-10-24T00:31:40Z,FALSE,-214748340,-214748365,0,Rebound,2026,2,11,Indiana,Pacers,IND,Indiana,25,Oklahoma City,Thunder,OKC,Oklahoma City,2.5,TRUE,FALSE,2.5,2,5:24,5,24,FALSE,FALSE,1,1,2,1,324,324,1764,324,324,1764,2,2,1,-214748406.75,-214748365,2025-10-23,2025-10-23T23:30:00Z,
189,401809236269,269,584,Substitution,Aaron Wiggins enters the game for Brooks Barnhizer,39,39,2,2nd Quarter,5:24,FALSE,0,25,4397183,4684208,,2025-10-24T00:31:41Z,FALSE,-214748340,-214748365,0,Substitution,2026,2,11,Indiana,Pacers,IND,Indiana,25,Oklahoma City,Thunder,OKC,Oklahoma City,2.5,TRUE,FALSE,2.5,2,5:24,5,24,FALSE,FALSE,1,1,2,1,324,324,1764,324,324,1764,2,2,1,-214748406.75,-214748365,2025-10-23,2025-10-23T23:30:00Z,
190,401809236271,271,99,Free Throw - 2 of 2,Isaiah Hartenstein misses free throw 2 of 2,39,39,2,2nd Quarter,5:24,FALSE,0,25,4222252,,,2025-10-24T00:31:40Z,TRUE,25,13.75,1,Missed FT,2026,2,11,Indiana,Pacers,IND,Indiana,25,Oklahoma City,Thunder,OKC,Oklahoma City,2.5,TRUE,FALSE,2.5,2,5:24,5,24,FALSE,FALSE,1,1,2,1,324,324,1764,323,323,1763,2,2,1,-28,0,2025-10-23,2025-10-23T23:30:00Z,
191,401809236272,272,155,Defensive Rebound,Pascal Siakam defensive rebound,39,39,2,2nd Quarter,5:23,FALSE,0,11,3149673,,,2025-10-24T00:31:41Z,FALSE,-214748340,-214748365,0,Rebound,2026,2,11,Indiana,Pacers,IND,Indiana,25,Oklahoma City,Thunder,OKC,Oklahoma City,2.5,TRUE,FALSE,2.5,2,5:23,5,23,FALSE,FALSE,1,1,2,1,323,323,1763,316,316,1756,2,2,1,214748406.75,214748365,2025-10-23,2025-10-23T23:30:00Z,
192,401809236273,273,131,Pullup Jump Shot,Pascal Siakam misses 9-foot pullup jump shot,39,39,2,2nd Quarter,5:16,FALSE,0,11,3149673,,,2025-10-24T00:32:05Z,TRUE,21,9,2,Missed FG,2026,2,11,Indiana,Pacers,IND,Indiana,25,Oklahoma City,Thunder,OKC,Oklahoma City,2.5,TRUE,FALSE,2.5,2,5:16,5,16,FALSE,FALSE,1,1,2,1,316,316,1756,313,313,1753,2,2,1,32.75,4,2025-10-23,2025-10-23T23:30:00Z,
193,401809236274,274,155,Defensive Rebound,Isaiah Hartenstein defensive rebound,39,39,2,2nd Quarter,5:13,FALSE,0,25,4222252,,,2025-10-24T00:32:08Z,FALSE,21,9,0,Rebound,2026,2,11,Indiana,Pacers,IND,Indiana,25,Oklahoma City,Thunder,OKC,Oklahoma City,2.5,TRUE,FALSE,2.5,2,5:13,5,13,FALSE,FALSE,1,1,2,1,313,313,1753,305,305,1745,2,2,1,-32.75,-4,2025-10-23,2025-10-23T23:30:00Z,
194,401809236275,275,141,Cutting Layup Shot,Aaron Wiggins misses layup,39,39,2,2nd Quarter,5:05,FALSE,0,25,4397183,,,2025-10-24T00:32:16Z,TRUE,25,5,2,Missed FG,2026,2,11,Indiana,Pacers,IND,Indiana,25,Oklahoma City,Thunder,OKC,Oklahoma City,2.5,TRUE,FALSE,2.5,2,5:05,5,5,FALSE,FALSE,1,1,2,1,305,305,1745,303,303,1743,2,2,1,-36.75,0,2025-10-23,2025-10-23T23:30:00Z,
195,401809236276,276,155,Defensive Rebound,Pascal Siakam defensive rebound,39,39,2,2nd Quarter,5:03,FALSE,0,11,3149673,,,2025-10-24T00:32:18Z,FALSE,25,5,0,Rebound,2026,2,11,Indiana,Pacers,IND,Indiana,25,Oklahoma City,Thunder,OKC,Oklahoma City,2.5,TRUE,FALSE,2.5,2,5:03,5,3,FALSE,FALSE,1,1,2,1,303,303,1743,303,303,1743,2,2,1,36.75,-0,2025-10-23,2025-10-23T23:30:00Z,
196,401809236277,277,45,Personal Foul,Chet Holmgren personal foul,39,39,2,2nd Quarter,5:03,FALSE,0,25,4433255,,,2025-10-24T00:32:20Z,FALSE,38,12,0,Foul,2026,2,11,Indiana,Pacers,IND,Indiana,25,Oklahoma City,Thunder,OKC,Oklahoma City,2.5,TRUE,FALSE,2.5,2,5:03,5,3,FALSE,FALSE,1,1,2,1,303,303,1743,303,303,1743,2,2,1,-29.75,13,2025-10-23,2025-10-23T23:30:00Z,
197,401809236279,279,98,Free Throw - 1 of 2,Pascal Siakam misses free throw 1 of 2,39,39,2,2nd Quarter,5:03,FALSE,0,11,3149673,,,2025-10-24T00:32:56Z,TRUE,25,13.75,1,Missed FT,2026,2,11,Indiana,Pacers,IND,Indiana,25,Oklahoma City,Thunder,OKC,Oklahoma City,2.5,TRUE,FALSE,2.5,2,5:03,5,3,FALSE,FALSE,1,1,2,1,303,303,1743,303,303,1743,2,2,1,28,-0,2025-10-23,2025-10-23T23:30:00Z,
198,401809236280,280,156,Offensive Rebound,Pacers offensive team rebound,39,39,2,2nd Quarter,5:03,FALSE,0,11,,,,2025-10-24T00:32:56Z,FALSE,-214748340,-214748365,0,Rebound,2026,2,11,Indiana,Pacers,IND,Indiana,25,Oklahoma City,Thunder,OKC,Oklahoma City,2.5,TRUE,FALSE,2.5,2,5:03,5,3,FALSE,FALSE,1,1,2,1,303,303,1743,303,303,1743,2,2,1,214748406.75,214748365,2025-10-23,2025-10-23T23:30:00Z,
199,401809236281,281,99,Free Throw - 2 of 2,Pascal Siakam misses free throw 2 of 2,39,39,2,2nd Quarter,5:03,FALSE,0,11,3149673,,,2025-10-24T00:32:56Z,TRUE,25,13.75,1,Missed FT,2026,2,11,Indiana,Pacers,IND,Indiana,25,Oklahoma City,Thunder,OKC,Oklahoma City,2.5,TRUE,FALSE,2.5,2,5:03,5,3,FALSE,FALSE,1,1,2,1,303,303,1743,300,300,1740,2,2,1,28,-0,2025-10-23,2025-10-23T23:30:00Z,
200,401809236282,282,155,Defensive Rebound,Aaron Wiggins defensive rebound,39,39,2,2nd Quarter,5:00,FALSE,0,25,4397183,,,2025-10-24T00:32:59Z,FALSE,-214748340,-214748365,0,Rebound,2026,2,11,Indiana,Pacers,IND,Indiana,25,Oklahoma City,Thunder,OKC,Oklahoma City,2.5,TRUE,FALSE,2.5,2,5:00,5,0,FALSE,FALSE,1,1,2,1,300,300,1740,297,297,1737,2,2,1,-214748406.75,-214748365,2025-10-23,2025-10-23T23:30:00Z,
201,401809236283,283,45,Personal Foul,Ben Sheppard personal foul,39,39,2,2nd Quarter,4:57,FALSE,0,11,4433076,,,2025-10-24T00:33:19Z,FALSE,25,3,0,Foul,2026,2,11,Indiana,Pacers,IND,Indiana,25,Oklahoma City,Thunder,OKC,Oklahoma City,2.5,TRUE,FALSE,2.5,2,4:57,4,57,FALSE,FALSE,1,1,2,1,297,297,1737,297,297,1737,2,2,1,38.75,-0,2025-10-23,2025-10-23T23:30:00Z,
202,401809236285,285,584,Substitution,Aaron Nesmith enters the game for Ben Sheppard,39,39,2,2nd Quarter,4:57,FALSE,0,11,4396909,4433076,,2025-10-24T00:33:29Z,FALSE,-214748340,-214748365,0,Substitution,2026,2,11,Indiana,Pacers,IND,Indiana,25,Oklahoma City,Thunder,OKC,Oklahoma City,2.5,TRUE,FALSE,2.5,2,4:57,4,57,FALSE,FALSE,1,1,2,1,297,297,1737,288,288,1728,2,2,1,214748406.75,214748365,2025-10-23,2025-10-23T23:30:00Z,
203,401809236287,287,114,Turnaround Jump Shot,Chet Holmgren misses 12-foot two point shot,39,39,2,2nd Quarter,4:48,FALSE,0,25,4433255,,,2025-10-24T00:33:56Z,TRUE,26,13,2,Missed FG,2026,2,11,Indiana,Pacers,IND,Indiana,25,Oklahoma City,Thunder,OKC,Oklahoma City,2.5,TRUE,FALSE,2.5,2,4:48,4,48,FALSE,FALSE,1,1,2,1,288,288,1728,284,284,1724,2,2,1,-28.75,1,2025-10-23,2025-10-23T23:30:00Z,
204,401809236288,288,155,Defensive Rebound,Bennedict Mathurin defensive rebound,39,39,2,2nd Quarter,4:44,FALSE,0,11,4683634,,,2025-10-24T00:34:00Z,FALSE,26,13,0,Rebound,2026,2,11,Indiana,Pacers,IND,Indiana,25,Oklahoma City,Thunder,OKC,Oklahoma City,2.5,TRUE,FALSE,2.5,2,4:44,4,44,FALSE,FALSE,1,1,2,1,284,284,1724,279,279,1719,2,2,1,28.75,-1,2025-10-23,2025-10-23T23:30:00Z,
205,401809236289,289,109,Running Layup Shot,Bennedict Mathurin misses two point shot,39,39,2,2nd Quarter,4:39,FALSE,0,11,4683634,,,2025-10-24T00:34:05Z,TRUE,22,5,2,Missed FG,2026,2,11,Indiana,Pacers,IND,Indiana,25,Oklahoma City,Thunder,OKC,Oklahoma City,2.5,TRUE,FALSE,2.5,2,4:39,4,39,FALSE,FALSE,1,1,2,1,279,279,1719,278,278,1718,2,2,1,36.75,3,2025-10-23,2025-10-23T23:30:00Z,
206,401809236290,290,155,Defensive Rebound,Isaiah Hartenstein defensive rebound,39,39,2,2nd Quarter,4:38,FALSE,0,25,4222252,,,2025-10-24T00:34:06Z,FALSE,22,5,0,Rebound,2026,2,11,Indiana,Pacers,IND,Indiana,25,Oklahoma City,Thunder,OKC,Oklahoma City,2.5,TRUE,FALSE,2.5,2,4:38,4,38,FALSE,FALSE,1,1,2,1,278,278,1718,273,273,1713,2,2,1,-36.75,-3,2025-10-23,2025-10-23T23:30:00Z,
207,401809236291,291,109,Running Layup Shot,Tony Bradley blocks Aaron Wiggins 's 3-foot two point shot,39,39,2,2nd Quarter,4:33,FALSE,0,25,4397183,4065673,,2025-10-24T00:34:11Z,TRUE,22,3,2,Missed FG,2026,2,11,Indiana,Pacers,IND,Indiana,25,Oklahoma City,Thunder,OKC,Oklahoma City,2.5,TRUE,FALSE,2.5,2,4:33,4,33,FALSE,FALSE,1,1,2,1,273,273,1713,270,270,1710,2,2,1,-38.75,-3,2025-10-23,2025-10-23T23:30:00Z,
208,401809236293,293,155,Defensive Rebound,Aaron Nesmith defensive rebound,39,39,2,2nd Quarter,4:30,FALSE,0,11,4396909,,,2025-10-24T00:34:14Z,FALSE,22,3,0,Rebound,2026,2,11,Indiana,Pacers,IND,Indiana,25,Oklahoma City,Thunder,OKC,Oklahoma City,2.5,TRUE,FALSE,2.5,2,4:30,4,30,FALSE,FALSE,1,1,2,1,270,270,1710,251,251,1691,2,2,1,38.75,3,2025-10-23,2025-10-23T23:30:00Z,
209,401809236294,294,92,Jump Shot,Aaron Nesmith misses 21-foot jumper,39,39,2,2nd Quarter,4:11,FALSE,0,11,4396909,,,2025-10-24T00:34:31Z,TRUE,33,20,2,Missed FG,2026,2,11,Indiana,Pacers,IND,Indiana,25,Oklahoma City,Thunder,OKC,Oklahoma City,2.5,TRUE,FALSE,2.5,2,4:11,4,11,FALSE,FALSE,1,1,2,1,251,251,1691,250,250,1690,2,2,1,21.75,-8,2025-10-23,2025-10-23T23:30:00Z,
210,401809236295,295,156,Offensive Rebound,Pascal Siakam offensive rebound,39,39,2,2nd Quarter,4:10,FALSE,0,11,3149673,,,2025-10-24T00:34:32Z,FALSE,33,20,0,Rebound,2026,2,11,Indiana,Pacers,IND,Indiana,25,Oklahoma City,Thunder,OKC,Oklahoma City,2.5,TRUE,FALSE,2.5,2,4:10,4,10,FALSE,FALSE,1,1,2,1,250,250,1690,242,242,1682,2,2,1,21.75,-8,2025-10-23,2025-10-23T23:30:00Z,
211,401809236296,296,92,Jump Shot,Pascal Siakam misses 25-foot three point jumper,39,39,2,2nd Quarter,4:02,FALSE,0,11,3149673,,,2025-10-24T00:34:42Z,TRUE,14,23,3,Missed 3PT,2026,2,11,Indiana,Pacers,IND,Indiana,25,Oklahoma City,Thunder,OKC,Oklahoma City,2.5,TRUE,FALSE,2.5,2,4:02,4,2,FALSE,FALSE,1,1,2,1,242,242,1682,236,236,1676,2,2,1,18.75,11,2025-10-23,2025-10-23T23:30:00Z,
212,401809236297,297,155,Defensive Rebound,Aaron Wiggins defensive rebound,39,39,2,2nd Quarter,3:56,FALSE,0,25,4397183,,,2025-10-24T00:34:48Z,FALSE,14,23,0,Rebound,2026,2,11,Indiana,Pacers,IND,Indiana,25,Oklahoma City,Thunder,OKC,Oklahoma City,2.5,TRUE,FALSE,2.5,2,3:56,3,56,FALSE,FALSE,1,1,2,1,236,236,1676,230,230,1670,2,2,1,-18.75,-11,2025-10-23,2025-10-23T23:30:00Z,
213,401809236299,299,584,Substitution,Obi Toppin enters the game for Tony Bradley,39,39,2,2nd Quarter,3:50,FALSE,0,11,4278355,4065673,,2025-10-24T00:35:03Z,FALSE,-214748340,-214748365,0,Substitution,2026,2,11,Indiana,Pacers,IND,Indiana,25,Oklahoma City,Thunder,OKC,Oklahoma City,2.5,TRUE,FALSE,2.5,2,3:50,3,50,FALSE,FALSE,1,1,2,1,230,230,1670,229,229,1669,2,2,1,214748406.75,214748365,2025-10-23,2025-10-23T23:30:00Z,
214,401809236301,301,44,Shooting Foul,Bennedict Mathurin shooting foul,39,39,2,2nd Quarter,3:49,FALSE,0,11,4683634,,,2025-10-24T00:35:28Z,FALSE,24,3,0,Foul,2026,2,11,Indiana,Pacers,IND,Indiana,25,Oklahoma City,Thunder,OKC,Oklahoma City,2.5,TRUE,FALSE,2.5,2,3:49,3,49,FALSE,FALSE,1,1,2,1,229,229,1669,229,229,1669,2,2,1,38.75,1,2025-10-23,2025-10-23T23:30:00Z,
215,401809236303,303,98,Free Throw - 1 of 2,Chet Holmgren makes free throw 1 of 2,40,39,2,2nd Quarter,3:49,TRUE,1,25,4433255,,,2025-10-24T00:35:55Z,TRUE,25,13.75,1,+1 Point,2026,2,11,Indiana,Pacers,IND,Indiana,25,Oklahoma City,Thunder,OKC,Oklahoma City,2.5,TRUE,FALSE,2.5,2,3:49,3,49,FALSE,FALSE,1,1,2,1,229,229,1669,229,229,1669,2,2,1,-28,0,2025-10-23,2025-10-23T23:30:00Z,
216,401809236304,304,99,Free Throw - 2 of 2,Chet Holmgren makes free throw 2 of 2,41,39,2,2nd Quarter,3:49,TRUE,1,25,4433255,,,2025-10-24T00:36:12Z,TRUE,25,13.75,1,+1 Point,2026,2,11,Indiana,Pacers,IND,Indiana,25,Oklahoma City,Thunder,OKC,Oklahoma City,2.5,TRUE,FALSE,2.5,2,3:49,3,49,FALSE,FALSE,1,1,2,1,229,229,1669,217,217,1657,2,2,1,-28,0,2025-10-23,2025-10-23T23:30:00Z,
217,401809236305,305,42,Offensive Foul,Bennedict Mathurin offensive foul,41,39,2,2nd Quarter,3:37,FALSE,0,11,4683634,,,2025-10-24T00:36:28Z,FALSE,36,22,0,Foul,2026,2,11,Indiana,Pacers,IND,Indiana,25,Oklahoma City,Thunder,OKC,Oklahoma City,2.5,TRUE,FALSE,2.5,2,3:37,3,37,FALSE,FALSE,1,1,2,1,217,217,1657,217,217,1657,2,2,1,19.75,-11,2025-10-23,2025-10-23T23:30:00Z,
218,401809236307,307,84,Offensive Foul Turnover,Bennedict Mathurin turnover,41,39,2,2nd Quarter,3:37,FALSE,0,11,4683634,,,2025-10-24T00:36:28Z,FALSE,36,22,0,Turnover,2026,2,11,Indiana,Pacers,IND,Indiana,25,Oklahoma City,Thunder,OKC,Oklahoma City,2.5,TRUE,FALSE,2.5,2,3:37,3,37,FALSE,FALSE,1,1,2,1,217,217,1657,203,203,1643,2,2,1,19.75,-11,2025-10-23,2025-10-23T23:30:00Z,
219,401809236308,308,92,Jump Shot,Aaron Wiggins makes 24-foot three point jumper (Chet Holmgren assists),44,39,2,2nd Quarter,3:23,TRUE,3,25,4397183,4433255,,2025-10-24T00:36:56Z,TRUE,47,12,3,+3 Points,2026,2,11,Indiana,Pacers,IND,Indiana,25,Oklahoma City,Thunder,OKC,Oklahoma City,2.5,TRUE,FALSE,2.5,2,3:23,3,23,FALSE,FALSE,1,1,2,1,203,203,1643,201,201,1641,2,2,1,-29.75,22,2025-10-23,2025-10-23T23:30:00Z,
220,401809236310,310,16,Full Timeout,Pacers Full timeout,44,39,2,2nd Quarter,3:21,FALSE,0,11,,,,2025-10-24T00:37:01Z,FALSE,-214748340,-214748365,0,Timeout,2026,2,11,Indiana,Pacers,IND,Indiana,25,Oklahoma City,Thunder,OKC,Oklahoma City,2.5,TRUE,FALSE,2.5,2,3:21,3,21,FALSE,FALSE,1,1,2,1,201,201,1641,201,201,1641,2,2,1,214748406.75,214748365,2025-10-23,2025-10-23T23:30:00Z,
221,401809236311,311,584,Substitution,Jarace Walker enters the game for Pascal Siakam,44,39,2,2nd Quarter,3:21,FALSE,0,11,5106060,3149673,,2025-10-24T00:39:54Z,FALSE,-214748340,-214748365,0,Substitution,2026,2,11,Indiana,Pacers,IND,Indiana,25,Oklahoma City,Thunder,OKC,Oklahoma City,2.5,TRUE,FALSE,2.5,2,3:21,3,21,FALSE,FALSE,1,1,2,1,201,201,1641,201,201,1641,2,2,1,214748406.75,214748365,2025-10-23,2025-10-23T23:30:00Z,
222,401809236312,312,584,Substitution,Shai Gilgeous-Alexander enters the game for Luguentz Dort,44,39,2,2nd Quarter,3:21,FALSE,0,25,4278073,4397020,,2025-10-24T00:39:54Z,FALSE,-214748340,-214748365,0,Substitution,2026,2,11,Indiana,Pacers,IND,Indiana,25,Oklahoma City,Thunder,OKC,Oklahoma City,2.5,TRUE,FALSE,2.5,2,3:21,3,21,FALSE,FALSE,1,1,2,1,201,201,1641,189,189,1629,2,2,1,-214748406.75,-214748365,2025-10-23,2025-10-23T23:30:00Z,
223,401809236315,315,92,Jump Shot,Obi Toppin misses 25-foot three point jumper,44,39,2,2nd Quarter,3:09,FALSE,0,11,4278355,,,2025-10-24T00:40:39Z,TRUE,29,26,3,Missed 3PT,2026,2,11,Indiana,Pacers,IND,Indiana,25,Oklahoma City,Thunder,OKC,Oklahoma City,2.5,TRUE,FALSE,2.5,2,3:09,3,9,FALSE,FALSE,1,1,2,1,189,189,1629,186,186,1626,2,2,1,15.75,-4,2025-10-23,2025-10-23T23:30:00Z,
224,401809236316,316,156,Offensive Rebound,Pacers offensive team rebound,44,39,2,2nd Quarter,3:06,FALSE,0,11,,,,2025-10-24T00:40:42Z,FALSE,29,26,0,Rebound,2026,2,11,Indiana,Pacers,IND,Indiana,25,Oklahoma City,Thunder,OKC,Oklahoma City,2.5,TRUE,FALSE,2.5,2,3:06,3,6,FALSE,FALSE,1,1,2,1,186,186,1626,173,173,1613,2,2,1,15.75,-4,2025-10-23,2025-10-23T23:30:00Z,
225,401809236318,318,44,Shooting Foul,Chet Holmgren shooting foul,44,39,2,2nd Quarter,2:53,FALSE,0,25,4433255,,,2025-10-24T00:41:17Z,FALSE,17,8,0,Foul,2026,2,11,Indiana,Pacers,IND,Indiana,25,Oklahoma City,Thunder,OKC,Oklahoma City,2.5,TRUE,FALSE,2.5,2,2:53,2,53,FALSE,FALSE,1,1,2,1,173,173,1613,173,173,1613,2,2,1,-33.75,-8,2025-10-23,2025-10-23T23:30:00Z,
226,401809236320,320,98,Free Throw - 1 of 2,Obi Toppin makes free throw 1 of 2,44,40,2,2nd Quarter,2:53,TRUE,1,11,4278355,,,2025-10-24T00:41:46Z,TRUE,25,13.75,1,+1 Point,2026,2,11,Indiana,Pacers,IND,Indiana,25,Oklahoma City,Thunder,OKC,Oklahoma City,2.5,TRUE,FALSE,2.5,2,2:53,2,53,FALSE,FALSE,1,1,2,1,173,173,1613,173,173,1613,2,2,1,28,-0,2025-10-23,2025-10-23T23:30:00Z,
227,401809236321,321,99,Free Throw - 2 of 2,Obi Toppin makes free throw 2 of 2,44,41,2,2nd Quarter,2:53,TRUE,1,11,4278355,,,2025-10-24T00:42:02Z,TRUE,25,13.75,1,+1 Point,2026,2,11,Indiana,Pacers,IND,Indiana,25,Oklahoma City,Thunder,OKC,Oklahoma City,2.5,TRUE,FALSE,2.5,2,2:53,2,53,FALSE,FALSE,1,1,2,1,173,173,1613,151,151,1591,2,2,1,28,-0,2025-10-23,2025-10-23T23:30:00Z,
228,401809236322,322,128,Driving Finger Roll Layup,Shai Gilgeous-Alexander misses two point shot,44,41,2,2nd Quarter,2:31,FALSE,0,25,4278073,,,2025-10-24T00:42:26Z,TRUE,21,3,2,Missed FG,2026,2,11,Indiana,Pacers,IND,Indiana,25,Oklahoma City,Thunder,OKC,Oklahoma City,2.5,TRUE,FALSE,2.5,2,2:31,2,31,FALSE,FALSE,1,1,2,1,151,151,1591,149,149,1589,2,2,1,-38.75,-4,2025-10-23,2025-10-23T23:30:00Z,
229,401809236323,323,155,Defensive Rebound,Bennedict Mathurin defensive rebound,44,41,2,2nd Quarter,2:29,FALSE,0,11,4683634,,,2025-10-24T00:42:28Z,FALSE,21,3,0,Rebound,2026,2,11,Indiana,Pacers,IND,Indiana,25,Oklahoma City,Thunder,OKC,Oklahoma City,2.5,TRUE,FALSE,2.5,2,2:29,2,29,FALSE,FALSE,1,1,2,1,149,149,1589,144,144,1584,2,2,1,38.75,4,2025-10-23,2025-10-23T23:30:00Z,
230,401809236324,324,113,Running Jump Shot,Aaron Nesmith misses 22-foot three point shot,44,41,2,2nd Quarter,2:24,FALSE,0,11,4396909,,,2025-10-24T00:42:34Z,TRUE,2,1,3,Missed 3PT,2026,2,11,Indiana,Pacers,IND,Indiana,25,Oklahoma City,Thunder,OKC,Oklahoma City,2.5,TRUE,FALSE,2.5,2,2:24,2,24,FALSE,FALSE,1,1,2,1,144,144,1584,143,143,1583,2,2,1,40.75,23,2025-10-23,2025-10-23T23:30:00Z,
231,401809236325,325,155,Defensive Rebound,Shai Gilgeous-Alexander defensive rebound,44,41,2,2nd Quarter,2:23,FALSE,0,25,4278073,,,2025-10-24T00:42:35Z,FALSE,2,1,0,Rebound,2026,2,11,Indiana,Pacers,IND,Indiana,25,Oklahoma City,Thunder,OKC,Oklahoma City,2.5,TRUE,FALSE,2.5,2,2:23,2,23,FALSE,FALSE,1,1,2,1,143,143,1583,136,136,1576,2,2,1,-40.75,-23,2025-10-23,2025-10-23T23:30:00Z,
232,401809236326,326,131,Pullup Jump Shot,Shai Gilgeous-Alexander makes 18-foot pullup jump shot,46,41,2,2nd Quarter,2:16,TRUE,2,25,4278073,,,2025-10-24T00:42:42Z,TRUE,18,17,2,+2 Points,2026,2,11,Indiana,Pacers,IND,Indiana,25,Oklahoma City,Thunder,OKC,Oklahoma City,2.5,TRUE,FALSE,2.5,2,2:16,2,16,FALSE,FALSE,1,1,2,1,136,136,1576,118,118,1558,2,2,1,-24.75,-7,2025-10-23,2025-10-23T23:30:00Z,
233,401809236327,327,62,"Bad Pass
Turnover",Andrew Nembhard bad pass (Shai Gilgeous-Alexander steals),46,41,2,2nd Quarter,1:58,FALSE,0,11,4395712,4278073,,2025-10-24T00:43:00Z,FALSE,24,6,0,Turnover,2026,2,11,Indiana,Pacers,IND,Indiana,25,Oklahoma City,Thunder,OKC,Oklahoma City,2.5,TRUE,FALSE,2.5,2,1:58,1,58,FALSE,FALSE,1,1,2,1,118,118,1558,98,98,1538,2,2,1,35.75,1,2025-10-23,2025-10-23T23:30:00Z,
234,401809236329,329,44,Shooting Foul,Jarace Walker shooting foul,46,41,2,2nd Quarter,1:38,FALSE,0,11,5106060,,,2025-10-24T00:43:22Z,FALSE,19,4,0,Foul,2026,2,11,Indiana,Pacers,IND,Indiana,25,Oklahoma City,Thunder,OKC,Oklahoma City,2.5,TRUE,FALSE,2.5,2,1:38,1,38,FALSE,FALSE,1,1,2,1,98,98,1538,98,98,1538,2,2,1,37.75,6,2025-10-23,2025-10-23T23:30:00Z,
235,401809236331,331,98,Free Throw - 1 of 2,Chet Holmgren makes free throw 1 of 2,47,41,2,2nd Quarter,1:38,TRUE,1,25,4433255,,,2025-10-24T00:43:52Z,TRUE,25,13.75,1,+1 Point,2026,2,11,Indiana,Pacers,IND,Indiana,25,Oklahoma City,Thunder,OKC,Oklahoma City,2.5,TRUE,FALSE,2.5,2,1:38,1,38,FALSE,FALSE,1,1,2,1,98,98,1538,98,98,1538,2,2,1,-28,0,2025-10-23,2025-10-23T23:30:00Z,
236,401809236332,332,584,Substitution,Pascal Siakam enters the game for Jarace Walker,47,41,2,2nd Quarter,1:38,FALSE,0,11,3149673,5106060,,2025-10-24T00:43:52Z,FALSE,-214748340,-214748365,0,Substitution,2026,2,11,Indiana,Pacers,IND,Indiana,25,Oklahoma City,Thunder,OKC,Oklahoma City,2.5,TRUE,FALSE,2.5,2,1:38,1,38,FALSE,FALSE,1,1,2,1,98,98,1538,98,98,1538,2,2,1,214748406.75,214748365,2025-10-23,2025-10-23T23:30:00Z,
237,401809236333,333,584,Substitution,Ousmane Dieng enters the game for Isaiah Hartenstein,47,41,2,2nd Quarter,1:38,FALSE,0,25,4997526,4222252,,2025-10-24T00:43:52Z,FALSE,-214748340,-214748365,0,Substitution,2026,2,11,Indiana,Pacers,IND,Indiana,25,Oklahoma City,Thunder,OKC,Oklahoma City,2.5,TRUE,FALSE,2.5,2,1:38,1,38,FALSE,FALSE,1,1,2,1,98,98,1538,98,98,1538,2,2,1,-214748406.75,-214748365,2025-10-23,2025-10-23T23:30:00Z,
238,401809236336,336,99,Free Throw - 2 of 2,Chet Holmgren misses free throw 2 of 2,47,41,2,2nd Quarter,1:38,FALSE,0,25,4433255,,,2025-10-24T00:43:52Z,TRUE,25,13.75,1,Missed FT,2026,2,11,Indiana,Pacers,IND,Indiana,25,Oklahoma City,Thunder,OKC,Oklahoma City,2.5,TRUE,FALSE,2.5,2,1:38,1,38,FALSE,FALSE,1,1,2,1,98,98,1538,98,98,1538,2,2,1,-28,0,2025-10-23,2025-10-23T23:30:00Z,
239,401809236337,337,155,Defensive Rebound,Obi Toppin defensive rebound,47,41,2,2nd Quarter,1:38,FALSE,0,11,4278355,,,2025-10-24T00:43:52Z,FALSE,-214748340,-214748365,0,Rebound,2026,2,11,Indiana,Pacers,IND,Indiana,25,Oklahoma City,Thunder,OKC,Oklahoma City,2.5,TRUE,FALSE,2.5,2,1:38,1,38,FALSE,FALSE,1,1,2,1,98,98,1538,84,84,1524,2,2,1,214748406.75,214748365,2025-10-23,2025-10-23T23:30:00Z,
240,401809236338,338,117,Reverse Dunk Shot,Obi Toppin makes 2-foot dunk (Pascal Siakam assists),47,43,2,2nd Quarter,1:24,TRUE,2,11,4278355,3149673,,2025-10-24T00:44:26Z,TRUE,23,1,2,+2 Points,2026,2,11,Indiana,Pacers,IND,Indiana,25,Oklahoma City,Thunder,OKC,Oklahoma City,2.5,TRUE,FALSE,2.5,2,1:24,1,24,FALSE,FALSE,1,1,2,1,84,84,1524,66,66,1506,2,2,1,40.75,2,2025-10-23,2025-10-23T23:30:00Z,
241,401809236340,340,44,Shooting Foul,Aaron Nesmith shooting foul,47,43,2,2nd Quarter,1:06,FALSE,0,11,4396909,,,2025-10-24T00:44:47Z,FALSE,26,7,0,Foul,2026,2,11,Indiana,Pacers,IND,Indiana,25,Oklahoma City,Thunder,OKC,Oklahoma City,2.5,TRUE,FALSE,2.5,2,1:06,1,6,FALSE,FALSE,1,1,2,1,66,66,1506,66,66,1506,2,2,1,34.75,-1,2025-10-23,2025-10-23T23:30:00Z,
242,401809236342,342,98,Free Throw - 1 of 2,Ajay Mitchell makes free throw 1 of 2,48,43,2,2nd Quarter,1:06,TRUE,1,25,4900671,,,2025-10-24T00:45:13Z,TRUE,25,13.75,1,+1 Point,2026,2,11,Indiana,Pacers,IND,Indiana,25,Oklahoma City,Thunder,OKC,Oklahoma City,2.5,TRUE,FALSE,2.5,2,1:06,1,6,FALSE,FALSE,1,1,2,1,66,66,1506,66,66,1506,2,2,1,-28,0,2025-10-23,2025-10-23T23:30:00Z,
243,401809236343,343,584,Substitution,Branden Carlson enters the game for Chet Holmgren,48,43,2,2nd Quarter,1:06,FALSE,0,25,4592435,4433255,,2025-10-24T00:45:13Z,FALSE,-214748340,-214748365,0,Substitution,2026,2,11,Indiana,Pacers,IND,Indiana,25,Oklahoma City,Thunder,OKC,Oklahoma City,2.5,TRUE,FALSE,2.5,2,1:06,1,6,FALSE,FALSE,1,1,2,1,66,66,1506,66,66,1506,2,2,1,-214748406.75,-214748365,2025-10-23,2025-10-23T23:30:00Z,
244,401809236345,345,99,Free Throw - 2 of 2,Ajay Mitchell makes free throw 2 of 2,49,43,2,2nd Quarter,1:06,TRUE,1,25,4900671,,,2025-10-24T00:45:30Z,TRUE,25,13.75,1,+1 Point,2026,2,11,Indiana,Pacers,IND,Indiana,25,Oklahoma City,Thunder,OKC,Oklahoma City,2.5,TRUE,FALSE,2.5,2,1:06,1,6,FALSE,FALSE,1,1,2,1,66,66,1506,58,58,1498,2,2,1,-28,0,2025-10-23,2025-10-23T23:30:00Z,
245,401809236346,346,132,Step Back Jump Shot,Pascal Siakam misses 25-foot three point step back jumpshot,49,43,2,2nd Quarter,0:58.0,FALSE,0,11,3149673,,,2025-10-24T00:45:40Z,TRUE,31,25,3,Missed 3PT,2026,2,11,Indiana,Pacers,IND,Indiana,25,Oklahoma City,Thunder,OKC,Oklahoma City,2.5,TRUE,FALSE,2.5,2,0:58.0,0,58,FALSE,FALSE,1,1,2,1,58,58,1498,54.6,54.6,1494.6,2,2,1,16.75,-6,2025-10-23,2025-10-23T23:30:00Z,
246,401809236347,347,155,Defensive Rebound,Aaron Wiggins defensive rebound,49,43,2,2nd Quarter,0:54.6,FALSE,0,25,4397183,,,2025-10-24T00:45:44Z,FALSE,31,25,0,Rebound,2026,2,11,Indiana,Pacers,IND,Indiana,25,Oklahoma City,Thunder,OKC,Oklahoma City,2.5,TRUE,FALSE,2.5,2,0:54.6,0,54.6,FALSE,FALSE,1,1,2,1,54.6,54.6,1494.6,34.8,34.8,1474.8,2,2,1,-16.75,6,2025-10-23,2025-10-23T23:30:00Z,
247,401809236348,348,121,Fade Away Jump Shot,Shai Gilgeous-Alexander misses 12-foot two point shot,49,43,2,2nd Quarter,0:34.8,FALSE,0,25,4278073,,,2025-10-24T00:46:04Z,TRUE,36,7,2,Missed FG,2026,2,11,Indiana,Pacers,IND,Indiana,25,Oklahoma City,Thunder,OKC,Oklahoma City,2.5,TRUE,FALSE,2.5,2,0:34.8,0,34.8,FALSE,FALSE,1,1,2,1,34.8,34.8,1474.8,31.6,31.6,1471.6,2,2,1,-34.75,11,2025-10-23,2025-10-23T23:30:00Z,
248,401809236349,349,155,Defensive Rebound,Bennedict Mathurin defensive rebound,49,43,2,2nd Quarter,0:31.6,FALSE,0,11,4683634,,,2025-10-24T00:46:07Z,FALSE,36,7,0,Rebound,2026,2,11,Indiana,Pacers,IND,Indiana,25,Oklahoma City,Thunder,OKC,Oklahoma City,2.5,TRUE,FALSE,2.5,2,0:31.6,0,31.6,FALSE,FALSE,1,1,2,1,31.6,31.6,1471.6,29.3,29.3,1469.3,2,2,1,34.75,-11,2025-10-23,2025-10-23T23:30:00Z,
249,401809236350,350,116,Running Dunk Shot,Bennedict Mathurin makes 1-foot dunk,49,45,2,2nd Quarter,0:29.3,TRUE,2,11,4683634,,,2025-10-24T00:46:10Z,TRUE,25,1,2,+2 Points,2026,2,11,Indiana,Pacers,IND,Indiana,25,Oklahoma City,Thunder,OKC,Oklahoma City,2.5,TRUE,FALSE,2.5,2,0:29.3,0,29.3,FALSE,FALSE,1,1,2,1,29.3,29.3,1469.3,22.8,22.8,1462.8,2,2,1,40.75,-0,2025-10-23,2025-10-23T23:30:00Z,
250,401809236352,352,35,Technical Foul,Rick Carlisle technical foul,49,45,2,2nd Quarter,0:22.8,FALSE,0,11,4661,,,2025-10-24T00:46:37Z,FALSE,-214748340,-214748365,0,Foul,2026,2,11,Indiana,Pacers,IND,Indiana,25,Oklahoma City,Thunder,OKC,Oklahoma City,2.5,TRUE,FALSE,2.5,2,0:22.8,0,22.8,FALSE,FALSE,1,1,2,1,22.8,22.8,1462.8,22.8,22.8,1462.8,2,2,1,214748406.75,214748365,2025-10-23,2025-10-23T23:30:00Z,
251,401809236354,354,103,Free Throw - Technical,Shai Gilgeous-Alexander makes technical free throw,50,45,2,2nd Quarter,0:22.8,TRUE,1,25,4278073,,,2025-10-24T00:47:13Z,TRUE,25,13.75,1,+1 Point,2026,2,11,Indiana,Pacers,IND,Indiana,25,Oklahoma City,Thunder,OKC,Oklahoma City,2.5,TRUE,FALSE,2.5,2,0:22.8,0,22.8,FALSE,FALSE,1,1,2,1,22.8,22.8,1462.8,18.3,18.3,1458.3,2,2,1,-28,0,2025-10-23,2025-10-23T23:30:00Z,
252,401809236356,356,110,Driving Layup Shot,Ajay Mitchell makes driving layup,52,45,2,2nd Quarter,0:18.3,TRUE,2,25,4900671,,,2025-10-24T00:47:44Z,TRUE,22,2,2,+2 Points,2026,2,11,Indiana,Pacers,IND,Indiana,25,Oklahoma City,Thunder,OKC,Oklahoma City,2.5,TRUE,FALSE,2.5,2,0:18.3,0,18.3,FALSE,FALSE,1,1,2,1,18.3,18.3,1458.3,14.5,14.5,1454.5,2,2,1,-39.75,-3,2025-10-23,2025-10-23T23:30:00Z,
253,401809236357,357,44,Shooting Foul,Ousmane Dieng shooting foul,52,45,2,2nd Quarter,0:14.5,FALSE,0,25,4997526,,,2025-10-24T00:47:51Z,FALSE,24,5,0,Foul,2026,2,11,Indiana,Pacers,IND,Indiana,25,Oklahoma City,Thunder,OKC,Oklahoma City,2.5,TRUE,FALSE,2.5,2,0:14.5,0,14.5,FALSE,FALSE,1,1,2,1,14.5,14.5,1454.5,14.5,14.5,1454.5,2,2,1,-36.75,-1,2025-10-23,2025-10-23T23:30:00Z,
254,401809236359,359,98,Free Throw - 1 of 2,Bennedict Mathurin makes free throw 1 of 2,52,46,2,2nd Quarter,0:14.5,TRUE,1,11,4683634,,,2025-10-24T00:48:22Z,TRUE,25,13.75,1,+1 Point,2026,2,11,Indiana,Pacers,IND,Indiana,25,Oklahoma City,Thunder,OKC,Oklahoma City,2.5,TRUE,FALSE,2.5,2,0:14.5,0,14.5,FALSE,FALSE,1,1,2,1,14.5,14.5,1454.5,14.5,14.5,1454.5,2,2,1,28,-0,2025-10-23,2025-10-23T23:30:00Z,
255,401809236360,360,584,Substitution,Ben Sheppard enters the game for Andrew Nembhard,52,46,2,2nd Quarter,0:14.5,FALSE,0,11,4433076,4395712,,2025-10-24T00:48:22Z,FALSE,-214748340,-214748365,0,Substitution,2026,2,11,Indiana,Pacers,IND,Indiana,25,Oklahoma City,Thunder,OKC,Oklahoma City,2.5,TRUE,FALSE,2.5,2,0:14.5,0,14.5,FALSE,FALSE,1,1,2,1,14.5,14.5,1454.5,14.5,14.5,1454.5,2,2,1,214748406.75,214748365,2025-10-23,2025-10-23T23:30:00Z,
256,401809236361,361,584,Substitution,Chris Youngblood enters the game for Ousmane Dieng,52,46,2,2nd Quarter,0:14.5,FALSE,0,25,4706557,4997526,,2025-10-24T00:48:22Z,FALSE,-214748340,-214748365,0,Substitution,2026,2,11,Indiana,Pacers,IND,Indiana,25,Oklahoma City,Thunder,OKC,Oklahoma City,2.5,TRUE,FALSE,2.5,2,0:14.5,0,14.5,FALSE,FALSE,1,1,2,1,14.5,14.5,1454.5,14.5,14.5,1454.5,2,2,1,-214748406.75,-214748365,2025-10-23,2025-10-23T23:30:00Z,
257,401809236364,364,99,Free Throw - 2 of 2,Bennedict Mathurin makes free throw 2 of 2,52,47,2,2nd Quarter,0:14.5,TRUE,1,11,4683634,,,2025-10-24T00:48:47Z,TRUE,25,13.75,1,+1 Point,2026,2,11,Indiana,Pacers,IND,Indiana,25,Oklahoma City,Thunder,OKC,Oklahoma City,2.5,TRUE,FALSE,2.5,2,0:14.5,0,14.5,FALSE,FALSE,1,1,2,1,14.5,14.5,1454.5,3.1,3.1,1443.1,2,2,1,28,-0,2025-10-23,2025-10-23T23:30:00Z,
258,401809236365,365,45,Personal Foul,Bennedict Mathurin personal foul,52,47,2,2nd Quarter,0:3.1,FALSE,0,11,4683634,,,2025-10-24T00:49:06Z,FALSE,16,16,0,Foul,2026,2,11,Indiana,Pacers,IND,Indiana,25,Oklahoma City,Thunder,OKC,Oklahoma City,2.5,TRUE,FALSE,2.5,2,0:3.1,0,3.1,FALSE,FALSE,1,1,2,1,3.1,3.1,1443.1,3.1,3.1,1443.1,2,2,1,25.75,9,2025-10-23,2025-10-23T23:30:00Z,
259,401809236367,367,98,Free Throw - 1 of 2,Shai Gilgeous-Alexander makes free throw 1 of 2,53,47,2,2nd Quarter,0:3.1,TRUE,1,25,4278073,,,2025-10-24T00:49:31Z,TRUE,25,13.75,1,+1 Point,2026,2,11,Indiana,Pacers,IND,Indiana,25,Oklahoma City,Thunder,OKC,Oklahoma City,2.5,TRUE,FALSE,2.5,2,0:3.1,0,3.1,FALSE,FALSE,1,1,2,1,3.1,3.1,1443.1,3.1,3.1,1443.1,2,2,1,-28,0,2025-10-23,2025-10-23T23:30:00Z,
260,401809236368,368,584,Substitution,Andrew Nembhard enters the game for Ben Sheppard,53,47,2,2nd Quarter,0:3.1,FALSE,0,11,4395712,4433076,,2025-10-24T00:49:31Z,FALSE,-214748340,-214748365,0,Substitution,2026,2,11,Indiana,Pacers,IND,Indiana,25,Oklahoma City,Thunder,OKC,Oklahoma City,2.5,TRUE,FALSE,2.5,2,0:3.1,0,3.1,FALSE,FALSE,1,1,2,1,3.1,3.1,1443.1,3.1,3.1,1443.1,2,2,1,214748406.75,214748365,2025-10-23,2025-10-23T23:30:00Z,
261,401809236369,369,584,Substitution,Ousmane Dieng enters the game for Chris Youngblood,53,47,2,2nd Quarter,0:3.1,FALSE,0,25,4997526,4706557,,2025-10-24T00:49:31Z,FALSE,-214748340,-214748365,0,Substitution,2026,2,11,Indiana,Pacers,IND,Indiana,25,Oklahoma City,Thunder,OKC,Oklahoma City,2.5,TRUE,FALSE,2.5,2,0:3.1,0,3.1,FALSE,FALSE,1,1,2,1,3.1,3.1,1443.1,3.1,3.1,1443.1,2,2,1,-214748406.75,-214748365,2025-10-23,2025-10-23T23:30:00Z,
262,401809236372,372,99,Free Throw - 2 of 2,Shai Gilgeous-Alexander makes free throw 2 of 2,54,47,2,2nd Quarter,0:3.1,TRUE,1,25,4278073,,,2025-10-24T00:49:58Z,TRUE,25,13.75,1,+1 Point,2026,2,11,Indiana,Pacers,IND,Indiana,25,Oklahoma City,Thunder,OKC,Oklahoma City,2.5,TRUE,FALSE,2.5,2,0:3.1,0,3.1,FALSE,FALSE,1,1,2,1,3.1,3.1,1443.1,0,0,1440,2,2,1,-28,0,2025-10-23,2025-10-23T23:30:00Z,
263,401809236373,373,282,Heave Jump Shot,Bennedict Mathurin misses heave jump shot,54,47,2,2nd Quarter,0:0.0,FALSE,0,11,4683634,,,2025-10-24T00:50:05Z,TRUE,31,44,3,Missed 3PT,2026,2,11,Indiana,Pacers,IND,Indiana,25,Oklahoma City,Thunder,OKC,Oklahoma City,2.5,TRUE,FALSE,2.5,2,0:0.0,0,0,FALSE,FALSE,1,1,2,1,0,0,1440,0,0,1440,2,2,1,-2.25,-6,2025-10-23,2025-10-23T23:30:00Z,
264,401809236374,374,156,Offensive Rebound,Pacers offensive team rebound,54,47,2,2nd Quarter,0:0.0,FALSE,0,11,,,,2025-10-24T00:50:07Z,FALSE,19,40,0,Rebound,2026,2,11,Indiana,Pacers,IND,Indiana,25,Oklahoma City,Thunder,OKC,Oklahoma City,2.5,TRUE,FALSE,2.5,2,0:0.0,0,0,FALSE,FALSE,1,1,2,1,0,0,1440,0,0,1440,2,2,1,1.75,6,2025-10-23,2025-10-23T23:30:00Z,
265,401809236375,375,412,End Period,End of the 2nd Quarter,54,47,2,2nd Quarter,0:0.0,FALSE,0,,,,,2025-10-24T00:50:09Z,FALSE,-214748340,-214748365,0,Halftime,2026,2,11,Indiana,Pacers,IND,Indiana,25,Oklahoma City,Thunder,OKC,Oklahoma City,2.5,TRUE,FALSE,2.5,2,0:0.0,0,0,FALSE,FALSE,1,1,3,2,0,0,1440,720,1440,1440,2,2,1,-214748406.75,-214748365,2025-10-23,2025-10-23T23:30:00Z,
266,401809236376,376,584,Substitution,Isaiah Jackson enters the game for Obi Toppin,54,47,3,3rd Quarter,12:00,FALSE,0,11,4432170,4278355,,2025-10-24T01:06:16Z,FALSE,-214748340,-214748365,0,Substitution,2026,2,11,Indiana,Pacers,IND,Indiana,25,Oklahoma City,Thunder,OKC,Oklahoma City,2.5,TRUE,FALSE,2.5,3,12:00,12,0,FALSE,FALSE,2,2,3,2,720,1440,1440,720,1440,1440,3,2,1,214748406.75,214748365,2025-10-23,2025-10-23T23:30:00Z,
267,401809236377,377,584,Substitution,Ben Sheppard enters the game for Andrew Nembhard,54,47,3,3rd Quarter,12:00,FALSE,0,11,4433076,4395712,,2025-10-24T01:06:16Z,FALSE,-214748340,-214748365,0,Substitution,2026,2,11,Indiana,Pacers,IND,Indiana,25,Oklahoma City,Thunder,OKC,Oklahoma City,2.5,TRUE,FALSE,2.5,3,12:00,12,0,FALSE,FALSE,2,2,3,2,720,1440,1440,720,1440,1440,3,3,2,214748406.75,214748365,2025-10-23,2025-10-23T23:30:00Z,
268,401809236378,378,584,Substitution,Luguentz Dort enters the game for Branden Carlson,54,47,3,3rd Quarter,12:00,FALSE,0,25,4397020,4592435,,2025-10-24T01:06:16Z,FALSE,-214748340,-214748365,0,Substitution,2026,2,11,Indiana,Pacers,IND,Indiana,25,Oklahoma City,Thunder,OKC,Oklahoma City,2.5,TRUE,FALSE,2.5,3,12:00,12,0,FALSE,FALSE,2,2,3,2,720,1440,1440,720,1440,1440,3,3,2,-214748406.75,-214748365,2025-10-23,2025-10-23T23:30:00Z,
269,401809236379,379,584,Substitution,Chet Holmgren enters the game for Ajay Mitchell,54,47,3,3rd Quarter,12:00,FALSE,0,25,4433255,4900671,,2025-10-24T01:06:16Z,FALSE,-214748340,-214748365,0,Substitution,2026,2,11,Indiana,Pacers,IND,Indiana,25,Oklahoma City,Thunder,OKC,Oklahoma City,2.5,TRUE,FALSE,2.5,3,12:00,12,0,FALSE,FALSE,2,2,3,2,720,1440,1440,720,1440,1440,3,3,2,-214748406.75,-214748365,2025-10-23,2025-10-23T23:30:00Z,
270,401809236380,380,584,Substitution,Isaiah Hartenstein enters the game for Ousmane Dieng,54,47,3,3rd Quarter,12:00,FALSE,0,25,4222252,4997526,,2025-10-24T01:06:16Z,FALSE,-214748340,-214748365,0,Substitution,2026,2,11,Indiana,Pacers,IND,Indiana,25,Oklahoma City,Thunder,OKC,Oklahoma City,2.5,TRUE,FALSE,2.5,3,12:00,12,0,FALSE,FALSE,2,2,3,2,720,1440,1440,701,1421,1421,3,3,2,-214748406.75,-214748365,2025-10-23,2025-10-23T23:30:00Z,
271,401809236387,387,110,Driving Layup Shot,Pascal Siakam makes driving layup,54,49,3,3rd Quarter,11:41,TRUE,2,11,3149673,,,2025-10-24T01:07:47Z,TRUE,27,3,2,+2 Points,2026,2,11,Indiana,Pacers,IND,Indiana,25,Oklahoma City,Thunder,OKC,Oklahoma City,2.5,TRUE,FALSE,2.5,3,11:41,11,41,FALSE,FALSE,2,2,3,2,701,1421,1421,701,1421,1421,3,3,2,38.75,-2,2025-10-23,2025-10-23T23:30:00Z,
272,401809236388,388,44,Shooting Foul,Isaiah Hartenstein shooting foul,54,49,3,3rd Quarter,11:41,FALSE,0,25,4222252,,,2025-10-24T01:07:49Z,FALSE,27,3,0,Foul,2026,2,11,Indiana,Pacers,IND,Indiana,25,Oklahoma City,Thunder,OKC,Oklahoma City,2.5,TRUE,FALSE,2.5,3,11:41,11,41,FALSE,FALSE,2,2,3,2,701,1421,1421,701,1421,1421,3,3,2,-38.75,2,2025-10-23,2025-10-23T23:30:00Z,
273,401809236390,390,97,Free Throw - 1 of 1,Pascal Siakam makes free throw 1 of 1,54,50,3,3rd Quarter,11:41,TRUE,1,11,3149673,,,2025-10-24T01:08:13Z,TRUE,25,13.75,1,+1 Point,2026,2,11,Indiana,Pacers,IND,Indiana,25,Oklahoma City,Thunder,OKC,Oklahoma City,2.5,TRUE,FALSE,2.5,3,11:41,11,41,FALSE,FALSE,2,2,3,2,701,1421,1421,684,1404,1404,3,3,2,28,-0,2025-10-23,2025-10-23T23:30:00Z,
274,401809236391,391,63,Lost Ball Turnover,Chet Holmgren lost ball turnover (Pascal Siakam steals),54,50,3,3rd Quarter,11:24,FALSE,0,25,4433255,3149673,,2025-10-24T01:08:33Z,FALSE,30,13,0,Turnover,2026,2,11,Indiana,Pacers,IND,Indiana,25,Oklahoma City,Thunder,OKC,Oklahoma City,2.5,TRUE,FALSE,2.5,3,11:24,11,24,FALSE,FALSE,2,2,3,2,684,1404,1404,681,1401,1401,3,3,2,-28.75,5,2025-10-23,2025-10-23T23:30:00Z,
275,401809236393,393,113,Running Jump Shot,Ben Sheppard misses 23-foot three point shot,54,50,3,3rd Quarter,11:21,FALSE,0,11,4433076,,,2025-10-24T01:08:37Z,TRUE,48,0,3,Missed 3PT,2026,2,11,Indiana,Pacers,IND,Indiana,25,Oklahoma City,Thunder,OKC,Oklahoma City,2.5,TRUE,FALSE,2.5,3,11:21,11,21,FALSE,FALSE,2,2,3,2,681,1401,1401,678,1398,1398,3,3,2,41.75,-23,2025-10-23,2025-10-23T23:30:00Z,
276,401809236394,394,155,Defensive Rebound,Chet Holmgren defensive rebound,54,50,3,3rd Quarter,11:18,FALSE,0,25,4433255,,,2025-10-24T01:08:40Z,FALSE,48,0,0,Rebound,2026,2,11,Indiana,Pacers,IND,Indiana,25,Oklahoma City,Thunder,OKC,Oklahoma City,2.5,TRUE,FALSE,2.5,3,11:18,11,18,FALSE,FALSE,2,2,3,2,678,1398,1398,668,1388,1388,3,3,2,-41.75,23,2025-10-23,2025-10-23T23:30:00Z,
277,401809236395,395,92,Jump Shot,Chet Holmgren misses 25-foot three point jumper,54,50,3,3rd Quarter,11:08,FALSE,0,25,4433255,,,2025-10-24T01:08:50Z,TRUE,34,24,3,Missed 3PT,2026,2,11,Indiana,Pacers,IND,Indiana,25,Oklahoma City,Thunder,OKC,Oklahoma City,2.5,TRUE,FALSE,2.5,3,11:08,11,8,FALSE,FALSE,2,2,3,2,668,1388,1388,665,1385,1385,3,3,2,-17.75,9,2025-10-23,2025-10-23T23:30:00Z,
278,401809236396,396,156,Offensive Rebound,Luguentz Dort offensive rebound,54,50,3,3rd Quarter,11:05,FALSE,0,25,4397020,,,2025-10-24T01:08:53Z,FALSE,34,24,0,Rebound,2026,2,11,Indiana,Pacers,IND,Indiana,25,Oklahoma City,Thunder,OKC,Oklahoma City,2.5,TRUE,FALSE,2.5,3,11:05,11,5,FALSE,FALSE,2,2,3,2,665,1385,1385,654,1374,1374,3,3,2,-17.75,9,2025-10-23,2025-10-23T23:30:00Z,
279,401809236397,397,64,Traveling,Chet Holmgren traveling,54,50,3,3rd Quarter,10:54,FALSE,0,25,4433255,,,2025-10-24T01:09:05Z,FALSE,47,11,0,Turnover,2026,2,11,Indiana,Pacers,IND,Indiana,25,Oklahoma City,Thunder,OKC,Oklahoma City,2.5,TRUE,FALSE,2.5,3,10:54,10,54,FALSE,FALSE,2,2,3,2,654,1374,1374,649,1369,1369,3,3,2,-30.75,22,2025-10-23,2025-10-23T23:30:00Z,
280,401809236398,398,90,Out of Bounds - Bad Pass Turnover,Aaron Nesmith out of bounds bad pass turnover,54,50,3,3rd Quarter,10:49,FALSE,0,11,4396909,,,2025-10-24T01:09:21Z,FALSE,48,14,0,Turnover,2026,2,11,Indiana,Pacers,IND,Indiana,25,Oklahoma City,Thunder,OKC,Oklahoma City,2.5,TRUE,FALSE,2.5,3,10:49,10,49,FALSE,FALSE,2,2,3,2,649,1369,1369,637,1357,1357,3,3,2,27.75,-23,2025-10-23,2025-10-23T23:30:00Z,
281,401809236399,399,131,Pullup Jump Shot,Aaron Wiggins makes 24-foot three pointer,57,50,3,3rd Quarter,10:37,TRUE,3,25,4397183,,,2025-10-24T01:09:37Z,TRUE,31,24,3,+3 Points,2026,2,11,Indiana,Pacers,IND,Indiana,25,Oklahoma City,Thunder,OKC,Oklahoma City,2.5,TRUE,FALSE,2.5,3,10:37,10,37,FALSE,FALSE,2,2,3,2,637,1357,1357,610,1330,1330,3,3,2,-17.75,6,2025-10-23,2025-10-23T23:30:00Z,
282,401809236400,400,95,Layup Shot,Isaiah Jackson misses layup,57,50,3,3rd Quarter,10:10,FALSE,0,11,4432170,,,2025-10-24T01:10:03Z,TRUE,23,1,2,Missed FG,2026,2,11,Indiana,Pacers,IND,Indiana,25,Oklahoma City,Thunder,OKC,Oklahoma City,2.5,TRUE,FALSE,2.5,3,10:10,10,10,FALSE,FALSE,2,2,3,2,610,1330,1330,608,1328,1328,3,3,2,40.75,2,2025-10-23,2025-10-23T23:30:00Z,
283,401809236401,401,156,Offensive Rebound,Isaiah Jackson offensive rebound,57,50,3,3rd Quarter,10:08,FALSE,0,11,4432170,,,2025-10-24T01:10:05Z,FALSE,23,1,0,Rebound,2026,2,11,Indiana,Pacers,IND,Indiana,25,Oklahoma City,Thunder,OKC,Oklahoma City,2.5,TRUE,FALSE,2.5,3,10:08,10,8,FALSE,FALSE,2,2,3,2,608,1328,1328,608,1328,1328,3,3,2,40.75,2,2025-10-23,2025-10-23T23:30:00Z,
284,401809236402,402,125,Layup Shot Putback,Isaiah Jackson misses two point shot,57,50,3,3rd Quarter,10:08,FALSE,0,11,4432170,,,2025-10-24T01:10:05Z,TRUE,22,3,2,Missed FG,2026,2,11,Indiana,Pacers,IND,Indiana,25,Oklahoma City,Thunder,OKC,Oklahoma City,2.5,TRUE,FALSE,2.5,3,10:08,10,8,FALSE,FALSE,2,2,3,2,608,1328,1328,608,1328,1328,3,3,2,38.75,3,2025-10-23,2025-10-23T23:30:00Z,
285,401809236403,403,155,Defensive Rebound,Aaron Wiggins defensive rebound,57,50,3,3rd Quarter,10:08,FALSE,0,25,4397183,,,2025-10-24T01:10:05Z,FALSE,22,3,0,Rebound,2026,2,11,Indiana,Pacers,IND,Indiana,25,Oklahoma City,Thunder,OKC,Oklahoma City,2.5,TRUE,FALSE,2.5,3,10:08,10,8,FALSE,FALSE,2,2,3,2,608,1328,1328,597,1317,1317,3,3,2,-38.75,-3,2025-10-23,2025-10-23T23:30:00Z,
286,401809236404,404,110,Driving Layup Shot,Ben Sheppard blocks Shai Gilgeous-Alexander 's 5-foot driving layup,57,50,3,3rd Quarter,9:57,FALSE,0,25,4278073,4433076,,2025-10-24T01:10:17Z,TRUE,25,6,2,Missed FG,2026,2,11,Indiana,Pacers,IND,Indiana,25,Oklahoma City,Thunder,OKC,Oklahoma City,2.5,TRUE,FALSE,2.5,3,9:57,9,57,FALSE,FALSE,2,2,3,2,597,1317,1317,593,1313,1313,3,3,2,-35.75,0,2025-10-23,2025-10-23T23:30:00Z,
287,401809236406,406,155,Defensive Rebound,Aaron Nesmith defensive rebound,57,50,3,3rd Quarter,9:53,FALSE,0,11,4396909,,,2025-10-24T01:10:21Z,FALSE,25,6,0,Rebound,2026,2,11,Indiana,Pacers,IND,Indiana,25,Oklahoma City,Thunder,OKC,Oklahoma City,2.5,TRUE,FALSE,2.5,3,9:53,9,53,FALSE,FALSE,2,2,3,2,593,1313,1313,589,1309,1309,3,3,2,35.75,-0,2025-10-23,2025-10-23T23:30:00Z,
288,401809236407,407,131,Pullup Jump Shot,Aaron Wiggins blocks Ben Sheppard 's 11-foot pullup jump shot,57,50,3,3rd Quarter,9:49,FALSE,0,11,4433076,4397183,,2025-10-24T01:10:24Z,TRUE,34,8,2,Missed FG,2026,2,11,Indiana,Pacers,IND,Indiana,25,Oklahoma City,Thunder,OKC,Oklahoma City,2.5,TRUE,FALSE,2.5,3,9:49,9,49,FALSE,FALSE,2,2,3,2,589,1309,1309,586,1306,1306,3,3,2,33.75,-9,2025-10-23,2025-10-23T23:30:00Z,
289,401809236409,409,155,Defensive Rebound,Chet Holmgren defensive rebound,57,50,3,3rd Quarter,9:46,FALSE,0,25,4433255,,,2025-10-24T01:10:27Z,FALSE,34,8,0,Rebound,2026,2,11,Indiana,Pacers,IND,Indiana,25,Oklahoma City,Thunder,OKC,Oklahoma City,2.5,TRUE,FALSE,2.5,3,9:46,9,46,FALSE,FALSE,2,2,3,2,586,1306,1306,580,1300,1300,3,3,2,-33.75,9,2025-10-23,2025-10-23T23:30:00Z,
290,401809236411,411,92,Jump Shot,Shai Gilgeous-Alexander misses 25-foot three point jumper,57,50,3,3rd Quarter,9:40,FALSE,0,25,4278073,,,2025-10-24T01:10:54Z,TRUE,1,10,3,Missed 3PT,2026,2,11,Indiana,Pacers,IND,Indiana,25,Oklahoma City,Thunder,OKC,Oklahoma City,2.5,TRUE,FALSE,2.5,3,9:40,9,40,FALSE,FALSE,2,2,3,2,580,1300,1300,576,1296,1296,3,3,2,-31.75,-24,2025-10-23,2025-10-23T23:30:00Z,
291,401809236412,412,155,Defensive Rebound,Pascal Siakam defensive rebound,57,50,3,3rd Quarter,9:36,FALSE,0,11,3149673,,,2025-10-24T01:10:58Z,FALSE,1,10,0,Rebound,2026,2,11,Indiana,Pacers,IND,Indiana,25,Oklahoma City,Thunder,OKC,Oklahoma City,2.5,TRUE,FALSE,2.5,3,9:36,9,36,FALSE,FALSE,2,2,3,2,576,1296,1296,571,1291,1291,3,3,2,31.75,24,2025-10-23,2025-10-23T23:30:00Z,
292,401809236413,413,109,Running Layup Shot,Bennedict Mathurin makes two point shot (Pascal Siakam assists),57,52,3,3rd Quarter,9:31,TRUE,2,11,4683634,3149673,,2025-10-24T01:11:02Z,TRUE,22,2,2,+2 Points,2026,2,11,Indiana,Pacers,IND,Indiana,25,Oklahoma City,Thunder,OKC,Oklahoma City,2.5,TRUE,FALSE,2.5,3,9:31,9,31,FALSE,FALSE,2,2,3,2,571,1291,1291,570,1290,1290,3,3,2,39.75,3,2025-10-23,2025-10-23T23:30:00Z,
293,401809236415,415,16,Full Timeout,Thunder Full timeout,57,52,3,3rd Quarter,9:30,FALSE,0,25,,,,2025-10-24T01:11:06Z,FALSE,-214748340,-214748365,0,Timeout,2026,2,11,Indiana,Pacers,IND,Indiana,25,Oklahoma City,Thunder,OKC,Oklahoma City,2.5,TRUE,FALSE,2.5,3,9:30,9,30,FALSE,FALSE,2,2,3,2,570,1290,1290,570,1290,1290,3,3,2,-214748406.75,-214748365,2025-10-23,2025-10-23T23:30:00Z,
294,401809236416,416,584,Substitution,Brooks Barnhizer enters the game for Chet Holmgren,57,52,3,3rd Quarter,9:30,FALSE,0,25,4684208,4433255,,2025-10-24T01:13:57Z,FALSE,-214748340,-214748365,0,Substitution,2026,2,11,Indiana,Pacers,IND,Indiana,25,Oklahoma City,Thunder,OKC,Oklahoma City,2.5,TRUE,FALSE,2.5,3,9:30,9,30,FALSE,FALSE,2,2,3,2,570,1290,1290,559,1279,1279,3,3,2,-214748406.75,-214748365,2025-10-23,2025-10-23T23:30:00Z,
295,401809236418,418,62,"Bad Pass
Turnover",Isaiah Hartenstein bad pass (Ben Sheppard steals),57,52,3,3rd Quarter,9:19,FALSE,0,25,4222252,4433076,,2025-10-24T01:14:48Z,FALSE,43,27,0,Turnover,2026,2,11,Indiana,Pacers,IND,Indiana,25,Oklahoma City,Thunder,OKC,Oklahoma City,2.5,TRUE,FALSE,2.5,3,9:19,9,19,FALSE,FALSE,2,2,3,2,559,1279,1279,555,1275,1275,3,3,2,-14.75,18,2025-10-23,2025-10-23T23:30:00Z,
296,401809236420,420,116,Running Dunk Shot,Ben Sheppard makes 1-foot dunk,57,54,3,3rd Quarter,9:15,TRUE,2,11,4433076,,,2025-10-24T01:14:52Z,TRUE,26,1,2,+2 Points,2026,2,11,Indiana,Pacers,IND,Indiana,25,Oklahoma City,Thunder,OKC,Oklahoma City,2.5,TRUE,FALSE,2.5,3,9:15,9,15,FALSE,FALSE,2,2,3,2,555,1275,1275,529,1249,1249,3,3,2,40.75,-1,2025-10-23,2025-10-23T23:30:00Z,
297,401809236422,422,42,Offensive Foul,Aaron Wiggins offensive foul,57,54,3,3rd Quarter,8:49,FALSE,0,25,4397183,,,2025-10-24T01:15:16Z,FALSE,17,2,0,Foul,2026,2,11,Indiana,Pacers,IND,Indiana,25,Oklahoma City,Thunder,OKC,Oklahoma City,2.5,TRUE,FALSE,2.5,3,8:49,8,49,FALSE,FALSE,2,2,3,2,529,1249,1249,529,1249,1249,3,3,2,-39.75,-8,2025-10-23,2025-10-23T23:30:00Z,
298,401809236424,424,84,Offensive Foul Turnover,Aaron Wiggins turnover,57,54,3,3rd Quarter,8:49,FALSE,0,25,4397183,,,2025-10-24T01:15:16Z,FALSE,17,2,0,Turnover,2026,2,11,Indiana,Pacers,IND,Indiana,25,Oklahoma City,Thunder,OKC,Oklahoma City,2.5,TRUE,FALSE,2.5,3,8:49,8,49,FALSE,FALSE,2,2,3,2,529,1249,1249,523,1243,1243,3,3,2,-39.75,-8,2025-10-23,2025-10-23T23:30:00Z,
299,401809236425,425,110,Driving Layup Shot,Pascal Siakam misses driving layup,57,54,3,3rd Quarter,8:43,FALSE,0,11,3149673,,,2025-10-24T01:15:39Z,TRUE,28,2,2,Missed FG,2026,2,11,Indiana,Pacers,IND,Indiana,25,Oklahoma City,Thunder,OKC,Oklahoma City,2.5,TRUE,FALSE,2.5,3,8:43,8,43,FALSE,FALSE,2,2,3,2,523,1243,1243,521,1241,1241,3,3,2,39.75,-3,2025-10-23,2025-10-23T23:30:00Z,
300,401809236426,426,155,Defensive Rebound,Isaiah Hartenstein defensive rebound,57,54,3,3rd Quarter,8:41,FALSE,0,25,4222252,,,2025-10-24T01:15:41Z,FALSE,28,2,0,Rebound,2026,2,11,Indiana,Pacers,IND,Indiana,25,Oklahoma City,Thunder,OKC,Oklahoma City,2.5,TRUE,FALSE,2.5,3,8:41,8,41,FALSE,FALSE,2,2,3,2,521,1241,1241,517,1237,1237,3,3,2,-39.75,3,2025-10-23,2025-10-23T23:30:00Z,
301,401809236427,427,44,Shooting Foul,Aaron Nesmith shooting foul,57,54,3,3rd Quarter,8:37,FALSE,0,11,4396909,,,2025-10-24T01:15:46Z,FALSE,21,0,0,Foul,2026,2,11,Indiana,Pacers,IND,Indiana,25,Oklahoma City,Thunder,OKC,Oklahoma City,2.5,TRUE,FALSE,2.5,3,8:37,8,37,FALSE,FALSE,2,2,3,2,517,1237,1237,517,1237,1237,3,3,2,41.75,4,2025-10-23,2025-10-23T23:30:00Z,
302,401809236429,429,98,Free Throw - 1 of 2,Aaron Wiggins makes free throw 1 of 2,58,54,3,3rd Quarter,8:37,TRUE,1,25,4397183,,,2025-10-24T01:16:17Z,TRUE,25,13.75,1,+1 Point,2026,2,11,Indiana,Pacers,IND,Indiana,25,Oklahoma City,Thunder,OKC,Oklahoma City,2.5,TRUE,FALSE,2.5,3,8:37,8,37,FALSE,FALSE,2,2,3,2,517,1237,1237,517,1237,1237,3,3,2,-28,0,2025-10-23,2025-10-23T23:30:00Z,
303,401809236430,430,99,Free Throw - 2 of 2,Aaron Wiggins makes free throw 2 of 2,59,54,3,3rd Quarter,8:37,TRUE,1,25,4397183,,,2025-10-24T01:16:32Z,TRUE,25,13.75,1,+1 Point,2026,2,11,Indiana,Pacers,IND,Indiana,25,Oklahoma City,Thunder,OKC,Oklahoma City,2.5,TRUE,FALSE,2.5,3,8:37,8,37,FALSE,FALSE,2,2,3,2,517,1237,1237,503,1223,1223,3,3,2,-28,0,2025-10-23,2025-10-23T23:30:00Z,
304,401809236431,431,131,Pullup Jump Shot,Bennedict Mathurin misses 16-foot pullup jump shot,59,54,3,3rd Quarter,8:23,FALSE,0,11,4683634,,,2025-10-24T01:16:51Z,TRUE,39,9,2,Missed FG,2026,2,11,Indiana,Pacers,IND,Indiana,25,Oklahoma City,Thunder,OKC,Oklahoma City,2.5,TRUE,FALSE,2.5,3,8:23,8,23,FALSE,FALSE,2,2,3,2,503,1223,1223,500,1220,1220,3,3,2,32.75,-14,2025-10-23,2025-10-23T23:30:00Z,
305,401809236432,432,156,Offensive Rebound,Pascal Siakam offensive rebound,59,54,3,3rd Quarter,8:20,FALSE,0,11,3149673,,,2025-10-24T01:16:54Z,FALSE,39,9,0,Rebound,2026,2,11,Indiana,Pacers,IND,Indiana,25,Oklahoma City,Thunder,OKC,Oklahoma City,2.5,TRUE,FALSE,2.5,3,8:20,8,20,FALSE,FALSE,2,2,3,2,500,1220,1220,500,1220,1220,3,3,2,32.75,-14,2025-10-23,2025-10-23T23:30:00Z,
306,401809236433,433,94,Tip Shot,Pascal Siakam misses tip shot,59,54,3,3rd Quarter,8:20,FALSE,0,11,3149673,,,2025-10-24T01:16:55Z,TRUE,25,0,2,Missed FG,2026,2,11,Indiana,Pacers,IND,Indiana,25,Oklahoma City,Thunder,OKC,Oklahoma City,2.5,TRUE,FALSE,2.5,3,8:20,8,20,FALSE,FALSE,2,2,3,2,500,1220,1220,497,1217,1217,3,3,2,41.75,-0,2025-10-23,2025-10-23T23:30:00Z,
307,401809236434,434,155,Defensive Rebound,Isaiah Hartenstein defensive rebound,59,54,3,3rd Quarter,8:17,FALSE,0,25,4222252,,,2025-10-24T01:16:58Z,FALSE,25,0,0,Rebound,2026,2,11,Indiana,Pacers,IND,Indiana,25,Oklahoma City,Thunder,OKC,Oklahoma City,2.5,TRUE,FALSE,2.5,3,8:17,8,17,FALSE,FALSE,2,2,3,2,497,1217,1217,497,1217,1217,3,3,2,-41.75,0,2025-10-23,2025-10-23T23:30:00Z,
308,401809236435,435,45,Personal Foul,Isaiah Jackson personal foul,59,54,3,3rd Quarter,8:17,FALSE,0,11,4432170,,,2025-10-24T01:16:57Z,FALSE,28,5,0,Foul,2026,2,11,Indiana,Pacers,IND,Indiana,25,Oklahoma City,Thunder,OKC,Oklahoma City,2.5,TRUE,FALSE,2.5,3,8:17,8,17,FALSE,FALSE,2,2,3,2,497,1217,1217,497,1217,1217,3,3,2,36.75,-3,2025-10-23,2025-10-23T23:30:00Z,
309,401809236437,437,584,Substitution,Jay Huff enters the game for Isaiah Jackson,59,54,3,3rd Quarter,8:17,FALSE,0,11,4065731,4432170,,2025-10-24T01:17:10Z,FALSE,-214748340,-214748365,0,Substitution,2026,2,11,Indiana,Pacers,IND,Indiana,25,Oklahoma City,Thunder,OKC,Oklahoma City,2.5,TRUE,FALSE,2.5,3,8:17,8,17,FALSE,FALSE,2,2,3,2,497,1217,1217,480,1200,1200,3,3,2,214748406.75,214748365,2025-10-23,2025-10-23T23:30:00Z,
310,401809236439,439,132,Step Back Jump Shot,Aaron Wiggins misses 23-foot three point step back jumpshot,59,54,3,3rd Quarter,8:00,FALSE,0,25,4397183,,,2025-10-24T01:17:44Z,TRUE,2,0,3,Missed 3PT,2026,2,11,Indiana,Pacers,IND,Indiana,25,Oklahoma City,Thunder,OKC,Oklahoma City,2.5,TRUE,FALSE,2.5,3,8:00,8,0,FALSE,FALSE,2,2,3,2,480,1200,1200,477,1197,1197,3,3,2,-41.75,-23,2025-10-23,2025-10-23T23:30:00Z,
311,401809236440,440,155,Defensive Rebound,Pascal Siakam defensive rebound,59,54,3,3rd Quarter,7:57,FALSE,0,11,3149673,,,2025-10-24T01:17:47Z,FALSE,2,0,0,Rebound,2026,2,11,Indiana,Pacers,IND,Indiana,25,Oklahoma City,Thunder,OKC,Oklahoma City,2.5,TRUE,FALSE,2.5,3,7:57,7,57,FALSE,FALSE,2,2,3,2,477,1197,1197,474,1194,1194,3,3,2,41.75,23,2025-10-23,2025-10-23T23:30:00Z,
312,401809236441,441,109,Running Layup Shot,Pascal Siakam misses two point shot,59,54,3,3rd Quarter,7:54,FALSE,0,11,3149673,,,2025-10-24T01:17:50Z,TRUE,28,5,2,Missed FG,2026,2,11,Indiana,Pacers,IND,Indiana,25,Oklahoma City,Thunder,OKC,Oklahoma City,2.5,TRUE,FALSE,2.5,3,7:54,7,54,FALSE,FALSE,2,2,3,2,474,1194,1194,473,1193,1193,3,3,2,36.75,-3,2025-10-23,2025-10-23T23:30:00Z,
313,401809236442,442,155,Defensive Rebound,Shai Gilgeous-Alexander defensive rebound,59,54,3,3rd Quarter,7:53,FALSE,0,25,4278073,,,2025-10-24T01:17:51Z,FALSE,28,5,0,Rebound,2026,2,11,Indiana,Pacers,IND,Indiana,25,Oklahoma City,Thunder,OKC,Oklahoma City,2.5,TRUE,FALSE,2.5,3,7:53,7,53,FALSE,FALSE,2,2,3,2,473,1193,1193,456,1176,1176,3,3,2,-36.75,3,2025-10-23,2025-10-23T23:30:00Z,
314,401809236443,443,44,Shooting Foul,Aaron Nesmith shooting foul,59,54,3,3rd Quarter,7:36,FALSE,0,11,4396909,,,2025-10-24T01:18:10Z,FALSE,25,5,0,Foul,2026,2,11,Indiana,Pacers,IND,Indiana,25,Oklahoma City,Thunder,OKC,Oklahoma City,2.5,TRUE,FALSE,2.5,3,7:36,7,36,FALSE,FALSE,2,2,3,2,456,1176,1176,456,1176,1176,3,3,2,36.75,-0,2025-10-23,2025-10-23T23:30:00Z,
315,401809236445,445,98,Free Throw - 1 of 2,Aaron Wiggins makes free throw 1 of 2,60,54,3,3rd Quarter,7:36,TRUE,1,25,4397183,,,2025-10-24T01:18:41Z,TRUE,25,13.75,1,+1 Point,2026,2,11,Indiana,Pacers,IND,Indiana,25,Oklahoma City,Thunder,OKC,Oklahoma City,2.5,TRUE,FALSE,2.5,3,7:36,7,36,FALSE,FALSE,2,2,3,2,456,1176,1176,456,1176,1176,3,3,2,-28,0,2025-10-23,2025-10-23T23:30:00Z,
316,401809236446,446,584,Substitution,Jarace Walker enters the game for Aaron Nesmith,60,54,3,3rd Quarter,7:36,FALSE,0,11,5106060,4396909,,2025-10-24T01:18:42Z,FALSE,-214748340,-214748365,0,Substitution,2026,2,11,Indiana,Pacers,IND,Indiana,25,Oklahoma City,Thunder,OKC,Oklahoma City,2.5,TRUE,FALSE,2.5,3,7:36,7,36,FALSE,FALSE,2,2,3,2,456,1176,1176,456,1176,1176,3,3,2,214748406.75,214748365,2025-10-23,2025-10-23T23:30:00Z,
317,401809236448,448,584,Substitution,Obi Toppin enters the game for Pascal Siakam,60,54,3,3rd Quarter,7:36,FALSE,0,11,4278355,3149673,,2025-10-24T01:18:46Z,FALSE,-214748340,-214748365,0,Substitution,2026,2,11,Indiana,Pacers,IND,Indiana,25,Oklahoma City,Thunder,OKC,Oklahoma City,2.5,TRUE,FALSE,2.5,3,7:36,7,36,FALSE,FALSE,2,2,3,2,456,1176,1176,456,1176,1176,3,3,2,214748406.75,214748365,2025-10-23,2025-10-23T23:30:00Z,
318,401809236450,450,99,Free Throw - 2 of 2,Aaron Wiggins makes free throw 2 of 2,61,54,3,3rd Quarter,7:36,TRUE,1,25,4397183,,,2025-10-24T01:19:10Z,TRUE,25,13.75,1,+1 Point,2026,2,11,Indiana,Pacers,IND,Indiana,25,Oklahoma City,Thunder,OKC,Oklahoma City,2.5,TRUE,FALSE,2.5,3,7:36,7,36,FALSE,FALSE,2,2,3,2,456,1176,1176,443,1163,1163,3,3,2,-28,0,2025-10-23,2025-10-23T23:30:00Z,
319,401809236451,451,92,Jump Shot,Obi Toppin makes 12-foot jumper (Ben Sheppard assists),61,56,3,3rd Quarter,7:23,TRUE,2,11,4278355,4433076,,2025-10-24T01:19:27Z,TRUE,30,12,2,+2 Points,2026,2,11,Indiana,Pacers,IND,Indiana,25,Oklahoma City,Thunder,OKC,Oklahoma City,2.5,TRUE,FALSE,2.5,3,7:23,7,23,FALSE,FALSE,2,2,3,2,443,1163,1163,429,1149,1149,3,3,2,29.75,-5,2025-10-23,2025-10-23T23:30:00Z,
320,401809236453,453,132,Step Back Jump Shot,Shai Gilgeous-Alexander makes 13-foot step back jumpshot,63,56,3,3rd Quarter,7:09,TRUE,2,25,4278073,,,2025-10-24T01:19:40Z,TRUE,16,11,2,+2 Points,2026,2,11,Indiana,Pacers,IND,Indiana,25,Oklahoma City,Thunder,OKC,Oklahoma City,2.5,TRUE,FALSE,2.5,3,7:09,7,9,FALSE,FALSE,2,2,3,2,429,1149,1149,415,1135,1135,3,3,2,-30.75,-9,2025-10-23,2025-10-23T23:30:00Z,
321,401809236454,454,92,Jump Shot,Jay Huff makes 27-foot three point jumper (Ben Sheppard assists),63,59,3,3rd Quarter,6:55,TRUE,3,11,4065731,4433076,,2025-10-24T01:19:53Z,TRUE,5,19,3,+3 Points,2026,2,11,Indiana,Pacers,IND,Indiana,25,Oklahoma City,Thunder,OKC,Oklahoma City,2.5,TRUE,FALSE,2.5,3,6:55,6,55,FALSE,FALSE,2,2,3,2,415,1135,1135,404,1124,1124,3,3,2,22.75,20,2025-10-23,2025-10-23T23:30:00Z,
322,401809236456,456,131,Pullup Jump Shot,Shai Gilgeous-Alexander makes 26-foot three pointer,66,59,3,3rd Quarter,6:44,TRUE,3,25,4278073,,,2025-10-24T01:20:06Z,TRUE,32,26,3,+3 Points,2026,2,11,Indiana,Pacers,IND,Indiana,25,Oklahoma City,Thunder,OKC,Oklahoma City,2.5,TRUE,FALSE,2.5,3,6:44,6,44,FALSE,FALSE,2,2,3,2,404,1124,1124,392,1112,1112,3,3,2,-15.75,7,2025-10-23,2025-10-23T23:30:00Z,
323,401809236457,457,92,Jump Shot,Ben Sheppard makes 27-foot three point jumper (Obi Toppin assists),66,62,3,3rd Quarter,6:32,TRUE,3,11,4433076,4278355,,2025-10-24T01:20:18Z,TRUE,5,20,3,+3 Points,2026,2,11,Indiana,Pacers,IND,Indiana,25,Oklahoma City,Thunder,OKC,Oklahoma City,2.5,TRUE,FALSE,2.5,3,6:32,6,32,FALSE,FALSE,2,2,3,2,392,1112,1112,378,1098,1098,3,3,2,21.75,20,2025-10-23,2025-10-23T23:30:00Z,
324,401809236459,459,130,Floating Jump Shot,Isaiah Hartenstein misses 9-foot two point shot,66,62,3,3rd Quarter,6:18,FALSE,0,25,4222252,,,2025-10-24T01:20:32Z,TRUE,15,1,2,Missed FG,2026,2,11,Indiana,Pacers,IND,Indiana,25,Oklahoma City,Thunder,OKC,Oklahoma City,2.5,TRUE,FALSE,2.5,3,6:18,6,18,FALSE,FALSE,2,2,3,2,378,1098,1098,375,1095,1095,3,3,2,-40.75,-10,2025-10-23,2025-10-23T23:30:00Z,
325,401809236460,460,155,Defensive Rebound,Jarace Walker defensive rebound,66,62,3,3rd Quarter,6:15,FALSE,0,11,5106060,,,2025-10-24T01:20:35Z,FALSE,15,1,0,Rebound,2026,2,11,Indiana,Pacers,IND,Indiana,25,Oklahoma City,Thunder,OKC,Oklahoma City,2.5,TRUE,FALSE,2.5,3,6:15,6,15,FALSE,FALSE,2,2,3,2,375,1095,1095,367,1087,1087,3,3,2,40.75,10,2025-10-23,2025-10-23T23:30:00Z,
326,401809236461,461,114,Turnaround Jump Shot,Ben Sheppard misses 17-foot two point shot,66,62,3,3rd Quarter,6:07,FALSE,0,11,4433076,,,2025-10-24T01:20:42Z,TRUE,13,12,2,Missed FG,2026,2,11,Indiana,Pacers,IND,Indiana,25,Oklahoma City,Thunder,OKC,Oklahoma City,2.5,TRUE,FALSE,2.5,3,6:07,6,7,FALSE,FALSE,2,2,3,2,367,1087,1087,365,1085,1085,3,3,2,29.75,12,2025-10-23,2025-10-23T23:30:00Z,
327,401809236462,462,155,Defensive Rebound,Shai Gilgeous-Alexander defensive rebound,66,62,3,3rd Quarter,6:05,FALSE,0,25,4278073,,,2025-10-24T01:20:44Z,FALSE,13,12,0,Rebound,2026,2,11,Indiana,Pacers,IND,Indiana,25,Oklahoma City,Thunder,OKC,Oklahoma City,2.5,TRUE,FALSE,2.5,3,6:05,6,5,FALSE,FALSE,2,2,3,2,365,1085,1085,350,1070,1070,3,3,2,-29.75,-12,2025-10-23,2025-10-23T23:30:00Z,
328,401809236463,463,128,Driving Finger Roll Layup,Shai Gilgeous-Alexander misses two point shot,66,62,3,3rd Quarter,5:50,FALSE,0,25,4278073,,,2025-10-24T01:20:58Z,TRUE,23,1,2,Missed FG,2026,2,11,Indiana,Pacers,IND,Indiana,25,Oklahoma City,Thunder,OKC,Oklahoma City,2.5,TRUE,FALSE,2.5,3,5:50,5,50,FALSE,FALSE,2,2,3,2,350,1070,1070,349,1069,1069,3,3,2,-40.75,-2,2025-10-23,2025-10-23T23:30:00Z,
329,401809236464,464,156,Offensive Rebound,Brooks Barnhizer offensive rebound,66,62,3,3rd Quarter,5:49,FALSE,0,25,4684208,,,2025-10-24T01:20:59Z,FALSE,23,1,0,Rebound,2026,2,11,Indiana,Pacers,IND,Indiana,25,Oklahoma City,Thunder,OKC,Oklahoma City,2.5,TRUE,FALSE,2.5,3,5:49,5,49,FALSE,FALSE,2,2,3,2,349,1069,1069,349,1069,1069,3,3,2,-40.75,-2,2025-10-23,2025-10-23T23:30:00Z,
330,401809236465,465,150,Tip Dunk Shot,Brooks Barnhizer makes dunk,68,62,3,3rd Quarter,5:49,TRUE,2,25,4684208,,,2025-10-24T01:21:02Z,TRUE,25,0,2,+2 Points,2026,2,11,Indiana,Pacers,IND,Indiana,25,Oklahoma City,Thunder,OKC,Oklahoma City,2.5,TRUE,FALSE,2.5,3,5:49,5,49,FALSE,FALSE,2,2,3,2,349,1069,1069,341,1061,1061,3,3,2,-41.75,0,2025-10-23,2025-10-23T23:30:00Z,
331,401809236466,466,128,Driving Finger Roll Layup,Bennedict Mathurin makes 3-foot two point shot,68,64,3,3rd Quarter,5:41,TRUE,2,11,4683634,,,2025-10-24T01:21:10Z,TRUE,28,2,2,+2 Points,2026,2,11,Indiana,Pacers,IND,Indiana,25,Oklahoma City,Thunder,OKC,Oklahoma City,2.5,TRUE,FALSE,2.5,3,5:41,5,41,FALSE,FALSE,2,2,3,2,341,1061,1061,341,1061,1061,3,3,2,39.75,-3,2025-10-23,2025-10-23T23:30:00Z,
332,401809236467,467,44,Shooting Foul,Brooks Barnhizer shooting foul,68,64,3,3rd Quarter,5:41,FALSE,0,25,4684208,,,2025-10-24T01:21:12Z,FALSE,28,2,0,Foul,2026,2,11,Indiana,Pacers,IND,Indiana,25,Oklahoma City,Thunder,OKC,Oklahoma City,2.5,TRUE,FALSE,2.5,3,5:41,5,41,FALSE,FALSE,2,2,3,2,341,1061,1061,341,1061,1061,3,3,2,-39.75,3,2025-10-23,2025-10-23T23:30:00Z,
333,401809236469,469,584,Substitution,Taelon Peter enters the game for Ben Sheppard,68,64,3,3rd Quarter,5:41,FALSE,0,11,4703421,4433076,,2025-10-24T01:21:20Z,FALSE,-214748340,-214748365,0,Substitution,2026,2,11,Indiana,Pacers,IND,Indiana,25,Oklahoma City,Thunder,OKC,Oklahoma City,2.5,TRUE,FALSE,2.5,3,5:41,5,41,FALSE,FALSE,2,2,3,2,341,1061,1061,341,1061,1061,3,3,2,214748406.75,214748365,2025-10-23,2025-10-23T23:30:00Z,
334,401809236470,470,584,Substitution,Jaylin Williams enters the game for Shai Gilgeous-Alexander,68,64,3,3rd Quarter,5:41,FALSE,0,25,4432823,4278073,,2025-10-24T01:21:20Z,FALSE,-214748340,-214748365,0,Substitution,2026,2,11,Indiana,Pacers,IND,Indiana,25,Oklahoma City,Thunder,OKC,Oklahoma City,2.5,TRUE,FALSE,2.5,3,5:41,5,41,FALSE,FALSE,2,2,3,2,341,1061,1061,341,1061,1061,3,3,2,-214748406.75,-214748365,2025-10-23,2025-10-23T23:30:00Z,
335,401809236471,471,584,Substitution,Chet Holmgren enters the game for Aaron Wiggins,68,64,3,3rd Quarter,5:41,FALSE,0,25,4433255,4397183,,2025-10-24T01:21:20Z,FALSE,-214748340,-214748365,0,Substitution,2026,2,11,Indiana,Pacers,IND,Indiana,25,Oklahoma City,Thunder,OKC,Oklahoma City,2.5,TRUE,FALSE,2.5,3,5:41,5,41,FALSE,FALSE,2,2,3,2,341,1061,1061,341,1061,1061,3,3,2,-214748406.75,-214748365,2025-10-23,2025-10-23T23:30:00Z,
336,401809236472,472,584,Substitution,Ajay Mitchell enters the game for Isaiah Hartenstein,68,64,3,3rd Quarter,5:41,FALSE,0,25,4900671,4222252,,2025-10-24T01:21:20Z,FALSE,-214748340,-214748365,0,Substitution,2026,2,11,Indiana,Pacers,IND,Indiana,25,Oklahoma City,Thunder,OKC,Oklahoma City,2.5,TRUE,FALSE,2.5,3,5:41,5,41,FALSE,FALSE,2,2,3,2,341,1061,1061,341,1061,1061,3,3,2,-214748406.75,-214748365,2025-10-23,2025-10-23T23:30:00Z,
337,401809236477,477,97,Free Throw - 1 of 1,Bennedict Mathurin makes free throw 1 of 1,68,65,3,3rd Quarter,5:41,TRUE,1,11,4683634,,,2025-10-24T01:21:48Z,TRUE,25,13.75,1,+1 Point,2026,2,11,Indiana,Pacers,IND,Indiana,25,Oklahoma City,Thunder,OKC,Oklahoma City,2.5,TRUE,FALSE,2.5,3,5:41,5,41,FALSE,FALSE,2,2,3,2,341,1061,1061,327,1047,1047,3,3,2,28,-0,2025-10-23,2025-10-23T23:30:00Z,
338,401809236478,478,92,Jump Shot,Chet Holmgren misses 26-foot three point jumper,68,65,3,3rd Quarter,5:27,FALSE,0,25,4433255,,,2025-10-24T01:22:03Z,TRUE,12,23,3,Missed 3PT,2026,2,11,Indiana,Pacers,IND,Indiana,25,Oklahoma City,Thunder,OKC,Oklahoma City,2.5,TRUE,FALSE,2.5,3,5:27,5,27,FALSE,FALSE,2,2,3,2,327,1047,1047,323,1043,1043,3,3,2,-18.75,-13,2025-10-23,2025-10-23T23:30:00Z,
339,401809236479,479,155,Defensive Rebound,Pacers defensive team rebound,68,65,3,3rd Quarter,5:23,FALSE,0,11,,,,2025-10-24T01:22:07Z,FALSE,12,23,0,Rebound,2026,2,11,Indiana,Pacers,IND,Indiana,25,Oklahoma City,Thunder,OKC,Oklahoma City,2.5,TRUE,FALSE,2.5,3,5:23,5,23,FALSE,FALSE,2,2,3,2,323,1043,1043,316,1036,1036,3,3,2,18.75,13,2025-10-23,2025-10-23T23:30:00Z,
340,401809236481,481,92,Jump Shot,Obi Toppin misses 26-foot three point jumper,68,65,3,3rd Quarter,5:16,FALSE,0,11,4278355,,,2025-10-24T01:22:24Z,TRUE,47,15,3,Missed 3PT,2026,2,11,Indiana,Pacers,IND,Indiana,25,Oklahoma City,Thunder,OKC,Oklahoma City,2.5,TRUE,FALSE,2.5,3,5:16,5,16,FALSE,FALSE,2,2,3,2,316,1036,1036,314,1034,1034,3,3,2,26.75,-22,2025-10-23,2025-10-23T23:30:00Z,
341,401809236482,482,155,Defensive Rebound,Chet Holmgren defensive rebound,68,65,3,3rd Quarter,5:14,FALSE,0,25,4433255,,,2025-10-24T01:22:26Z,FALSE,47,15,0,Rebound,2026,2,11,Indiana,Pacers,IND,Indiana,25,Oklahoma City,Thunder,OKC,Oklahoma City,2.5,TRUE,FALSE,2.5,3,5:14,5,14,FALSE,FALSE,2,2,3,2,314,1034,1034,311,1031,1031,3,3,2,-26.75,22,2025-10-23,2025-10-23T23:30:00Z,
342,401809236483,483,62,"Bad Pass
Turnover",Chet Holmgren bad pass (Jarace Walker steals),68,65,3,3rd Quarter,5:11,FALSE,0,25,4433255,5106060,,2025-10-24T01:22:30Z,FALSE,7,41,0,Turnover,2026,2,11,Indiana,Pacers,IND,Indiana,25,Oklahoma City,Thunder,OKC,Oklahoma City,2.5,TRUE,FALSE,2.5,3,5:11,5,11,FALSE,FALSE,2,2,3,2,311,1031,1031,308,1028,1028,3,3,2,-0.75,-18,2025-10-23,2025-10-23T23:30:00Z,
343,401809236485,485,128,Driving Finger Roll Layup,Jarace Walker misses two point shot,68,65,3,3rd Quarter,5:08,FALSE,0,11,5106060,,,2025-10-24T01:22:33Z,TRUE,25,4,2,Missed FG,2026,2,11,Indiana,Pacers,IND,Indiana,25,Oklahoma City,Thunder,OKC,Oklahoma City,2.5,TRUE,FALSE,2.5,3,5:08,5,8,FALSE,FALSE,2,2,3,2,308,1028,1028,307,1027,1027,3,3,2,37.75,-0,2025-10-23,2025-10-23T23:30:00Z,
344,401809236486,486,156,Offensive Rebound,Pacers offensive team rebound,68,65,3,3rd Quarter,5:07,FALSE,0,11,,,,2025-10-24T01:22:34Z,FALSE,25,4,0,Rebound,2026,2,11,Indiana,Pacers,IND,Indiana,25,Oklahoma City,Thunder,OKC,Oklahoma City,2.5,TRUE,FALSE,2.5,3,5:07,5,7,FALSE,FALSE,2,2,3,2,307,1027,1027,300,1020,1020,3,3,2,37.75,-0,2025-10-23,2025-10-23T23:30:00Z,
345,401809236488,488,132,Step Back Jump Shot,Jarace Walker makes 26-foot three point step back jumpshot (Taelon Peter assists),68,68,3,3rd Quarter,5:00,TRUE,3,11,5106060,4703421,,2025-10-24T01:23:03Z,TRUE,48,12,3,+3 Points,2026,2,11,Indiana,Pacers,IND,Indiana,25,Oklahoma City,Thunder,OKC,Oklahoma City,2.5,TRUE,FALSE,2.5,3,5:00,5,0,FALSE,FALSE,2,2,3,2,300,1020,1020,278,998,998,3,3,2,29.75,-23,2025-10-23,2025-10-23T23:30:00Z,
346,401809236490,490,90,Out of Bounds - Bad Pass Turnover,Jaylin Williams out of bounds bad pass turnover,68,68,3,3rd Quarter,4:38,FALSE,0,25,4432823,,,2025-10-24T01:23:24Z,FALSE,1,9,0,Turnover,2026,2,11,Indiana,Pacers,IND,Indiana,25,Oklahoma City,Thunder,OKC,Oklahoma City,2.5,TRUE,FALSE,2.5,3,4:38,4,38,FALSE,FALSE,2,2,3,2,278,998,998,274,994,994,3,3,2,-32.75,-24,2025-10-23,2025-10-23T23:30:00Z,
347,401809236491,491,131,Pullup Jump Shot,Bennedict Mathurin misses 27-foot three point pullup jump shot,68,68,3,3rd Quarter,4:34,FALSE,0,11,4683634,,,2025-10-24T01:23:36Z,TRUE,1,15,3,Missed 3PT,2026,2,11,Indiana,Pacers,IND,Indiana,25,Oklahoma City,Thunder,OKC,Oklahoma City,2.5,TRUE,FALSE,2.5,3,4:34,4,34,FALSE,FALSE,2,2,3,2,274,994,994,271,991,991,3,3,2,26.75,24,2025-10-23,2025-10-23T23:30:00Z,
348,401809236492,492,155,Defensive Rebound,Luguentz Dort defensive rebound,68,68,3,3rd Quarter,4:31,FALSE,0,25,4397020,,,2025-10-24T01:23:39Z,FALSE,1,15,0,Rebound,2026,2,11,Indiana,Pacers,IND,Indiana,25,Oklahoma City,Thunder,OKC,Oklahoma City,2.5,TRUE,FALSE,2.5,3,4:31,4,31,FALSE,FALSE,2,2,3,2,271,991,991,265,985,985,3,3,2,-26.75,-24,2025-10-23,2025-10-23T23:30:00Z,
349,401809236493,493,44,Shooting Foul,Jay Huff shooting foul,68,68,3,3rd Quarter,4:25,FALSE,0,11,4065731,,,2025-10-24T01:23:48Z,FALSE,26,11,0,Foul,2026,2,11,Indiana,Pacers,IND,Indiana,25,Oklahoma City,Thunder,OKC,Oklahoma City,2.5,TRUE,FALSE,2.5,3,4:25,4,25,FALSE,FALSE,2,2,3,2,265,985,985,265,985,985,3,3,2,30.75,-1,2025-10-23,2025-10-23T23:30:00Z,
350,401809236495,495,98,Free Throw - 1 of 2,Luguentz Dort makes free throw 1 of 2,69,68,3,3rd Quarter,4:25,TRUE,1,25,4397020,,,2025-10-24T01:24:20Z,TRUE,25,13.75,1,+1 Point,2026,2,11,Indiana,Pacers,IND,Indiana,25,Oklahoma City,Thunder,OKC,Oklahoma City,2.5,TRUE,FALSE,2.5,3,4:25,4,25,FALSE,FALSE,2,2,3,2,265,985,985,265,985,985,3,3,2,-28,0,2025-10-23,2025-10-23T23:30:00Z,
351,401809236496,496,99,Free Throw - 2 of 2,Luguentz Dort makes free throw 2 of 2,70,68,3,3rd Quarter,4:25,TRUE,1,25,4397020,,,2025-10-24T01:24:37Z,TRUE,25,13.75,1,+1 Point,2026,2,11,Indiana,Pacers,IND,Indiana,25,Oklahoma City,Thunder,OKC,Oklahoma City,2.5,TRUE,FALSE,2.5,3,4:25,4,25,FALSE,FALSE,2,2,3,2,265,985,985,248,968,968,3,3,2,-28,0,2025-10-23,2025-10-23T23:30:00Z,
352,401809236497,497,128,Driving Finger Roll Layup,Jay Huff misses two point shot,70,68,3,3rd Quarter,4:08,FALSE,0,11,4065731,,,2025-10-24T01:24:55Z,TRUE,28,3,2,Missed FG,2026,2,11,Indiana,Pacers,IND,Indiana,25,Oklahoma City,Thunder,OKC,Oklahoma City,2.5,TRUE,FALSE,2.5,3,4:08,4,8,FALSE,FALSE,2,2,3,2,248,968,968,248,968,968,3,3,2,38.75,-3,2025-10-23,2025-10-23T23:30:00Z,
353,401809236498,498,155,Defensive Rebound,Jaylin Williams defensive rebound,70,68,3,3rd Quarter,4:08,FALSE,0,25,4432823,,,2025-10-24T01:24:55Z,FALSE,28,3,0,Rebound,2026,2,11,Indiana,Pacers,IND,Indiana,25,Oklahoma City,Thunder,OKC,Oklahoma City,2.5,TRUE,FALSE,2.5,3,4:08,4,8,FALSE,FALSE,2,2,3,2,248,968,968,241,961,961,3,3,2,-38.75,3,2025-10-23,2025-10-23T23:30:00Z,
354,401809236499,499,92,Jump Shot,Luguentz Dort misses 23-foot three point jumper,70,68,3,3rd Quarter,4:01,FALSE,0,25,4397020,,,2025-10-24T01:25:03Z,TRUE,48,4,3,Missed 3PT,2026,2,11,Indiana,Pacers,IND,Indiana,25,Oklahoma City,Thunder,OKC,Oklahoma City,2.5,TRUE,FALSE,2.5,3,4:01,4,1,FALSE,FALSE,2,2,3,2,241,961,961,237,957,957,3,3,2,-37.75,23,2025-10-23,2025-10-23T23:30:00Z,
355,401809236500,500,155,Defensive Rebound,Bennedict Mathurin defensive rebound,70,68,3,3rd Quarter,3:57,FALSE,0,11,4683634,,,2025-10-24T01:25:07Z,FALSE,48,4,0,Rebound,2026,2,11,Indiana,Pacers,IND,Indiana,25,Oklahoma City,Thunder,OKC,Oklahoma City,2.5,TRUE,FALSE,2.5,3,3:57,3,57,FALSE,FALSE,2,2,3,2,237,957,957,233,953,953,3,3,2,37.75,-23,2025-10-23,2025-10-23T23:30:00Z,
356,401809236501,501,146,Running Pullup Jump Shot,Bennedict Mathurin makes 1-foot running pullup jump shot,70,70,3,3rd Quarter,3:53,TRUE,2,11,4683634,,,2025-10-24T01:25:13Z,TRUE,26,2,2,+2 Points,2026,2,11,Indiana,Pacers,IND,Indiana,25,Oklahoma City,Thunder,OKC,Oklahoma City,2.5,TRUE,FALSE,2.5,3,3:53,3,53,FALSE,FALSE,2,2,3,2,233,953,953,233,953,953,3,3,2,39.75,-1,2025-10-23,2025-10-23T23:30:00Z,
357,401809236502,502,44,Shooting Foul,Jaylin Williams shooting foul,70,70,3,3rd Quarter,3:53,FALSE,0,25,4432823,,,2025-10-24T01:25:18Z,FALSE,26,2,0,Foul,2026,2,11,Indiana,Pacers,IND,Indiana,25,Oklahoma City,Thunder,OKC,Oklahoma City,2.5,TRUE,FALSE,2.5,3,3:53,3,53,FALSE,FALSE,2,2,3,2,233,953,953,233,953,953,3,3,2,-39.75,1,2025-10-23,2025-10-23T23:30:00Z,
358,401809236504,504,584,Substitution,Ousmane Dieng enters the game for Brooks Barnhizer,70,70,3,3rd Quarter,3:53,FALSE,0,25,4997526,4684208,,2025-10-24T01:25:32Z,FALSE,-214748340,-214748365,0,Substitution,2026,2,11,Indiana,Pacers,IND,Indiana,25,Oklahoma City,Thunder,OKC,Oklahoma City,2.5,TRUE,FALSE,2.5,3,3:53,3,53,FALSE,FALSE,2,2,3,2,233,953,953,233,953,953,3,3,2,-214748406.75,-214748365,2025-10-23,2025-10-23T23:30:00Z,
359,401809236506,506,97,Free Throw - 1 of 1,Bennedict Mathurin makes free throw 1 of 1,70,71,3,3rd Quarter,3:53,TRUE,1,11,4683634,,,2025-10-24T01:25:48Z,TRUE,25,13.75,1,+1 Point,2026,2,11,Indiana,Pacers,IND,Indiana,25,Oklahoma City,Thunder,OKC,Oklahoma City,2.5,TRUE,FALSE,2.5,3,3:53,3,53,FALSE,FALSE,2,2,3,2,233,953,953,217,937,937,3,3,2,28,-0,2025-10-23,2025-10-23T23:30:00Z,
360,401809236507,507,63,Lost Ball Turnover,Ajay Mitchell lost ball turnover (Taelon Peter steals),70,71,3,3rd Quarter,3:37,FALSE,0,25,4900671,4703421,,2025-10-24T01:26:06Z,FALSE,29,34,0,Turnover,2026,2,11,Indiana,Pacers,IND,Indiana,25,Oklahoma City,Thunder,OKC,Oklahoma City,2.5,TRUE,FALSE,2.5,3,3:37,3,37,FALSE,FALSE,2,2,3,2,217,937,937,211,931,931,3,3,2,-7.75,4,2025-10-23,2025-10-23T23:30:00Z,
361,401809236509,509,92,Jump Shot,Taelon Peter makes 23-foot three point jumper (Jarace Walker assists),70,74,3,3rd Quarter,3:31,TRUE,3,11,4703421,5106060,,2025-10-24T01:26:12Z,TRUE,49,1,3,+3 Points,2026,2,11,Indiana,Pacers,IND,Indiana,25,Oklahoma City,Thunder,OKC,Oklahoma City,2.5,TRUE,FALSE,2.5,3,3:31,3,31,FALSE,FALSE,2,2,3,2,211,931,931,193,913,913,3,3,2,40.75,-24,2025-10-23,2025-10-23T23:30:00Z,
362,401809236511,511,110,Driving Layup Shot,Jay Huff blocks Luguentz Dort 's 1-foot driving layup,70,74,3,3rd Quarter,3:13,FALSE,0,25,4397020,4065731,,2025-10-24T01:26:29Z,TRUE,27,1,2,Missed FG,2026,2,11,Indiana,Pacers,IND,Indiana,25,Oklahoma City,Thunder,OKC,Oklahoma City,2.5,TRUE,FALSE,2.5,3,3:13,3,13,FALSE,FALSE,2,2,3,2,193,913,913,192,912,912,3,3,2,-40.75,2,2025-10-23,2025-10-23T23:30:00Z,
363,401809236513,513,155,Defensive Rebound,Jay Huff defensive rebound,70,74,3,3rd Quarter,3:12,FALSE,0,11,4065731,,,2025-10-24T01:26:30Z,FALSE,27,1,0,Rebound,2026,2,11,Indiana,Pacers,IND,Indiana,25,Oklahoma City,Thunder,OKC,Oklahoma City,2.5,TRUE,FALSE,2.5,3,3:12,3,12,FALSE,FALSE,2,2,3,2,192,912,912,189,909,909,3,3,2,40.75,-2,2025-10-23,2025-10-23T23:30:00Z,
364,401809236514,514,90,Out of Bounds - Bad Pass Turnover,Bennedict Mathurin out of bounds bad pass turnover,70,74,3,3rd Quarter,3:09,FALSE,0,11,4683634,,,2025-10-24T01:26:34Z,FALSE,1,9,0,Turnover,2026,2,11,Indiana,Pacers,IND,Indiana,25,Oklahoma City,Thunder,OKC,Oklahoma City,2.5,TRUE,FALSE,2.5,3,3:09,3,9,FALSE,FALSE,2,2,3,2,189,909,909,178,898,898,3,3,2,32.75,24,2025-10-23,2025-10-23T23:30:00Z,
365,401809236515,515,114,Turnaround Jump Shot,Chet Holmgren makes 7-foot two point shot (Ajay Mitchell assists),72,74,3,3rd Quarter,2:58,TRUE,2,25,4433255,4900671,,2025-10-24T01:26:52Z,TRUE,30,6,2,+2 Points,2026,2,11,Indiana,Pacers,IND,Indiana,25,Oklahoma City,Thunder,OKC,Oklahoma City,2.5,TRUE,FALSE,2.5,3,2:58,2,58,FALSE,FALSE,2,2,3,2,178,898,898,177,897,897,3,3,2,-35.75,5,2025-10-23,2025-10-23T23:30:00Z,
366,401809236517,517,16,Full Timeout,Pacers Full timeout,72,74,3,3rd Quarter,2:57,FALSE,0,11,,,,2025-10-24T01:26:57Z,FALSE,-214748340,-214748365,0,Timeout,2026,2,11,Indiana,Pacers,IND,Indiana,25,Oklahoma City,Thunder,OKC,Oklahoma City,2.5,TRUE,FALSE,2.5,3,2:57,2,57,FALSE,FALSE,2,2,3,2,177,897,897,177,897,897,3,3,2,214748406.75,214748365,2025-10-23,2025-10-23T23:30:00Z,
367,401809236518,518,584,Substitution,Ben Sheppard enters the game for Bennedict Mathurin,72,74,3,3rd Quarter,2:57,FALSE,0,11,4433076,4683634,,2025-10-24T01:29:49Z,FALSE,-214748340,-214748365,0,Substitution,2026,2,11,Indiana,Pacers,IND,Indiana,25,Oklahoma City,Thunder,OKC,Oklahoma City,2.5,TRUE,FALSE,2.5,3,2:57,2,57,FALSE,FALSE,2,2,3,2,177,897,897,177,897,897,3,3,2,214748406.75,214748365,2025-10-23,2025-10-23T23:30:00Z,
368,401809236519,519,584,Substitution,Pascal Siakam enters the game for Jay Huff,72,74,3,3rd Quarter,2:57,FALSE,0,11,3149673,4065731,,2025-10-24T01:29:49Z,FALSE,-214748340,-214748365,0,Substitution,2026,2,11,Indiana,Pacers,IND,Indiana,25,Oklahoma City,Thunder,OKC,Oklahoma City,2.5,TRUE,FALSE,2.5,3,2:57,2,57,FALSE,FALSE,2,2,3,2,177,897,897,177,897,897,3,3,2,214748406.75,214748365,2025-10-23,2025-10-23T23:30:00Z,
369,401809236520,520,584,Substitution,Shai Gilgeous-Alexander enters the game for Luguentz Dort,72,74,3,3rd Quarter,2:57,FALSE,0,25,4278073,4397020,,2025-10-24T01:29:49Z,FALSE,-214748340,-214748365,0,Substitution,2026,2,11,Indiana,Pacers,IND,Indiana,25,Oklahoma City,Thunder,OKC,Oklahoma City,2.5,TRUE,FALSE,2.5,3,2:57,2,57,FALSE,FALSE,2,2,3,2,177,897,897,177,897,897,3,3,2,-214748406.75,-214748365,2025-10-23,2025-10-23T23:30:00Z,
370,401809236521,521,584,Substitution,Aaron Wiggins enters the game for Jaylin Williams,72,74,3,3rd Quarter,2:57,FALSE,0,25,4397183,4432823,,2025-10-24T01:29:49Z,FALSE,-214748340,-214748365,0,Substitution,2026,2,11,Indiana,Pacers,IND,Indiana,25,Oklahoma City,Thunder,OKC,Oklahoma City,2.5,TRUE,FALSE,2.5,3,2:57,2,57,FALSE,FALSE,2,2,3,2,177,897,897,159,879,879,3,3,2,-214748406.75,-214748365,2025-10-23,2025-10-23T23:30:00Z,
371,401809236526,526,92,Jump Shot,Ben Sheppard misses 23-foot three point jumper,72,74,3,3rd Quarter,2:39,FALSE,0,11,4433076,,,2025-10-24T01:30:41Z,TRUE,2,0,3,Missed 3PT,2026,2,11,Indiana,Pacers,IND,Indiana,25,Oklahoma City,Thunder,OKC,Oklahoma City,2.5,TRUE,FALSE,2.5,3,2:39,2,39,FALSE,FALSE,2,2,3,2,159,879,879,156,876,876,3,3,2,41.75,23,2025-10-23,2025-10-23T23:30:00Z,
372,401809236527,527,155,Defensive Rebound,Chet Holmgren defensive rebound,72,74,3,3rd Quarter,2:36,FALSE,0,25,4433255,,,2025-10-24T01:30:44Z,FALSE,2,0,0,Rebound,2026,2,11,Indiana,Pacers,IND,Indiana,25,Oklahoma City,Thunder,OKC,Oklahoma City,2.5,TRUE,FALSE,2.5,3,2:36,2,36,FALSE,FALSE,2,2,3,2,156,876,876,133,853,853,3,3,2,-41.75,-23,2025-10-23,2025-10-23T23:30:00Z,
373,401809236528,528,131,Pullup Jump Shot,Aaron Wiggins makes 27-foot three pointer,75,74,3,3rd Quarter,2:13,TRUE,3,25,4397183,,,2025-10-24T01:31:05Z,TRUE,30,27,3,+3 Points,2026,2,11,Indiana,Pacers,IND,Indiana,25,Oklahoma City,Thunder,OKC,Oklahoma City,2.5,TRUE,FALSE,2.5,3,2:13,2,13,FALSE,FALSE,2,2,3,2,133,853,853,123,843,843,3,3,2,-14.75,5,2025-10-23,2025-10-23T23:30:00Z,
374,401809236529,529,110,Driving Layup Shot,Ben Sheppard makes driving layup (Obi Toppin assists),75,76,3,3rd Quarter,2:03,TRUE,2,11,4433076,4278355,,2025-10-24T01:31:17Z,TRUE,29,2,2,+2 Points,2026,2,11,Indiana,Pacers,IND,Indiana,25,Oklahoma City,Thunder,OKC,Oklahoma City,2.5,TRUE,FALSE,2.5,3,2:03,2,3,FALSE,FALSE,2,2,3,2,123,843,843,114,834,834,3,3,2,39.75,-4,2025-10-23,2025-10-23T23:30:00Z,
375,401809236531,531,110,Driving Layup Shot,Shai Gilgeous-Alexander makes driving layup,77,76,3,3rd Quarter,1:54,TRUE,2,25,4278073,,,2025-10-24T01:31:27Z,TRUE,27,1,2,+2 Points,2026,2,11,Indiana,Pacers,IND,Indiana,25,Oklahoma City,Thunder,OKC,Oklahoma City,2.5,TRUE,FALSE,2.5,3,1:54,1,54,FALSE,FALSE,2,2,3,2,114,834,834,114,834,834,3,3,2,-40.75,2,2025-10-23,2025-10-23T23:30:00Z,
376,401809236532,532,44,Shooting Foul,Ben Sheppard shooting foul,77,76,3,3rd Quarter,1:54,FALSE,0,11,4433076,,,2025-10-24T01:31:29Z,FALSE,27,1,0,Foul,2026,2,11,Indiana,Pacers,IND,Indiana,25,Oklahoma City,Thunder,OKC,Oklahoma City,2.5,TRUE,FALSE,2.5,3,1:54,1,54,FALSE,FALSE,2,2,3,2,114,834,834,114,834,834,3,3,2,40.75,-2,2025-10-23,2025-10-23T23:30:00Z,
377,401809236534,534,97,Free Throw - 1 of 1,Shai Gilgeous-Alexander makes free throw 1 of 1,78,76,3,3rd Quarter,1:54,TRUE,1,25,4278073,,,2025-10-24T01:31:52Z,TRUE,25,13.75,1,+1 Point,2026,2,11,Indiana,Pacers,IND,Indiana,25,Oklahoma City,Thunder,OKC,Oklahoma City,2.5,TRUE,FALSE,2.5,3,1:54,1,54,FALSE,FALSE,2,2,3,2,114,834,834,99,819,819,3,3,2,-28,0,2025-10-23,2025-10-23T23:30:00Z,
378,401809236535,535,131,Pullup Jump Shot,Jarace Walker misses 27-foot three point pullup jump shot,78,76,3,3rd Quarter,1:39,FALSE,0,11,5106060,,,2025-10-24T01:32:08Z,TRUE,33,26,3,Missed 3PT,2026,2,11,Indiana,Pacers,IND,Indiana,25,Oklahoma City,Thunder,OKC,Oklahoma City,2.5,TRUE,FALSE,2.5,3,1:39,1,39,FALSE,FALSE,2,2,3,2,99,819,819,95,815,815,3,3,2,15.75,-8,2025-10-23,2025-10-23T23:30:00Z,
379,401809236536,536,155,Defensive Rebound,Aaron Wiggins defensive rebound,78,76,3,3rd Quarter,1:35,FALSE,0,25,4397183,,,2025-10-24T01:32:12Z,FALSE,33,26,0,Rebound,2026,2,11,Indiana,Pacers,IND,Indiana,25,Oklahoma City,Thunder,OKC,Oklahoma City,2.5,TRUE,FALSE,2.5,3,1:35,1,35,FALSE,FALSE,2,2,3,2,95,815,815,82,802,802,3,3,2,-15.75,8,2025-10-23,2025-10-23T23:30:00Z,
380,401809236537,537,92,Jump Shot,Aaron Wiggins misses 26-foot three point jumper,78,76,3,3rd Quarter,1:22,FALSE,0,25,4397183,,,2025-10-24T01:32:25Z,TRUE,26,27,3,Missed 3PT,2026,2,11,Indiana,Pacers,IND,Indiana,25,Oklahoma City,Thunder,OKC,Oklahoma City,2.5,TRUE,FALSE,2.5,3,1:22,1,22,FALSE,FALSE,2,2,3,2,82,802,802,80,800,800,3,3,2,-14.75,1,2025-10-23,2025-10-23T23:30:00Z,
381,401809236538,538,155,Defensive Rebound,Jarace Walker defensive rebound,78,76,3,3rd Quarter,1:20,FALSE,0,11,5106060,,,2025-10-24T01:32:27Z,FALSE,26,27,0,Rebound,2026,2,11,Indiana,Pacers,IND,Indiana,25,Oklahoma City,Thunder,OKC,Oklahoma City,2.5,TRUE,FALSE,2.5,3,1:20,1,20,FALSE,FALSE,2,2,3,2,80,800,800,74,794,794,3,3,2,14.75,-1,2025-10-23,2025-10-23T23:30:00Z,
382,401809236539,539,109,Running Layup Shot,Pascal Siakam makes two point shot (Jarace Walker assists),78,78,3,3rd Quarter,1:14,TRUE,2,11,3149673,5106060,,2025-10-24T01:32:34Z,TRUE,27,2,2,+2 Points,2026,2,11,Indiana,Pacers,IND,Indiana,25,Oklahoma City,Thunder,OKC,Oklahoma City,2.5,TRUE,FALSE,2.5,3,1:14,1,14,FALSE,FALSE,2,2,3,2,74,794,794,74,794,794,3,3,2,39.75,-2,2025-10-23,2025-10-23T23:30:00Z,
383,401809236541,541,44,Shooting Foul,Aaron Wiggins shooting foul,78,78,3,3rd Quarter,1:14,FALSE,0,25,4397183,,,2025-10-24T01:32:36Z,FALSE,27,2,0,Foul,2026,2,11,Indiana,Pacers,IND,Indiana,25,Oklahoma City,Thunder,OKC,Oklahoma City,2.5,TRUE,FALSE,2.5,3,1:14,1,14,FALSE,FALSE,2,2,3,2,74,794,794,74,794,794,3,3,2,-39.75,2,2025-10-23,2025-10-23T23:30:00Z,
384,401809236543,543,584,Substitution,Isaiah Hartenstein enters the game for Chet Holmgren,78,78,3,3rd Quarter,1:14,FALSE,0,25,4222252,4433255,,2025-10-24T01:32:46Z,FALSE,-214748340,-214748365,0,Substitution,2026,2,11,Indiana,Pacers,IND,Indiana,25,Oklahoma City,Thunder,OKC,Oklahoma City,2.5,TRUE,FALSE,2.5,3,1:14,1,14,FALSE,FALSE,2,2,3,2,74,794,794,74,794,794,3,3,2,-214748406.75,-214748365,2025-10-23,2025-10-23T23:30:00Z,
385,401809236545,545,584,Substitution,Tony Bradley enters the game for Obi Toppin,78,78,3,3rd Quarter,1:14,FALSE,0,11,4065673,4278355,,2025-10-24T01:33:01Z,FALSE,-214748340,-214748365,0,Substitution,2026,2,11,Indiana,Pacers,IND,Indiana,25,Oklahoma City,Thunder,OKC,Oklahoma City,2.5,TRUE,FALSE,2.5,3,1:14,1,14,FALSE,FALSE,2,2,3,2,74,794,794,74,794,794,3,3,2,214748406.75,214748365,2025-10-23,2025-10-23T23:30:00Z,
386,401809236547,547,97,Free Throw - 1 of 1,Pascal Siakam misses free throw 1 of 1,78,78,3,3rd Quarter,1:14,FALSE,0,11,3149673,,,2025-10-24T01:33:25Z,TRUE,25,13.75,1,Missed FT,2026,2,11,Indiana,Pacers,IND,Indiana,25,Oklahoma City,Thunder,OKC,Oklahoma City,2.5,TRUE,FALSE,2.5,3,1:14,1,14,FALSE,FALSE,2,2,3,2,74,794,794,73,793,793,3,3,2,28,-0,2025-10-23,2025-10-23T23:30:00Z,
387,401809236548,548,155,Defensive Rebound,Isaiah Hartenstein defensive rebound,78,78,3,3rd Quarter,1:13,FALSE,0,25,4222252,,,2025-10-24T01:33:26Z,FALSE,-214748340,-214748365,0,Rebound,2026,2,11,Indiana,Pacers,IND,Indiana,25,Oklahoma City,Thunder,OKC,Oklahoma City,2.5,TRUE,FALSE,2.5,3,1:13,1,13,FALSE,FALSE,2,2,3,2,73,793,793,60,780,780,3,3,2,-214748406.75,-214748365,2025-10-23,2025-10-23T23:30:00Z,
388,401809236549,549,110,Driving Layup Shot,Ajay Mitchell makes driving layup,80,78,3,3rd Quarter,1:00,TRUE,2,25,4900671,,,2025-10-24T01:33:41Z,TRUE,19,6,2,+2 Points,2026,2,11,Indiana,Pacers,IND,Indiana,25,Oklahoma City,Thunder,OKC,Oklahoma City,2.5,TRUE,FALSE,2.5,3,1:00,1,0,FALSE,FALSE,2,2,3,2,60,780,780,60,780,780,3,3,2,-35.75,-6,2025-10-23,2025-10-23T23:30:00Z,
389,401809236550,550,44,Shooting Foul,Taelon Peter shooting foul,80,78,3,3rd Quarter,1:00,FALSE,0,11,4703421,,,2025-10-24T01:33:44Z,FALSE,19,6,0,Foul,2026,2,11,Indiana,Pacers,IND,Indiana,25,Oklahoma City,Thunder,OKC,Oklahoma City,2.5,TRUE,FALSE,2.5,3,1:00,1,0,FALSE,FALSE,2,2,3,2,60,780,780,60,780,780,3,3,2,35.75,6,2025-10-23,2025-10-23T23:30:00Z,
390,401809236552,552,97,Free Throw - 1 of 1,Ajay Mitchell makes free throw 1 of 1,81,78,3,3rd Quarter,1:00,TRUE,1,25,4900671,,,2025-10-24T01:34:11Z,TRUE,25,13.75,1,+1 Point,2026,2,11,Indiana,Pacers,IND,Indiana,25,Oklahoma City,Thunder,OKC,Oklahoma City,2.5,TRUE,FALSE,2.5,3,1:00,1,0,FALSE,FALSE,2,2,3,2,60,780,780,40.9,760.9,760.9,3,3,2,-28,0,2025-10-23,2025-10-23T23:30:00Z,
391,401809236553,553,92,Jump Shot,Jarace Walker misses 26-foot three point jumper,81,78,3,3rd Quarter,0:40.9,FALSE,0,11,5106060,,,2025-10-24T01:34:33Z,TRUE,5,18,3,Missed 3PT,2026,2,11,Indiana,Pacers,IND,Indiana,25,Oklahoma City,Thunder,OKC,Oklahoma City,2.5,TRUE,FALSE,2.5,3,0:40.9,0,40.9,FALSE,FALSE,2,2,3,2,40.9,760.9,760.9,36.7,756.7,756.7,3,3,2,23.75,20,2025-10-23,2025-10-23T23:30:00Z,
392,401809236554,554,155,Defensive Rebound,Ajay Mitchell defensive rebound,81,78,3,3rd Quarter,0:36.7,FALSE,0,25,4900671,,,2025-10-24T01:34:37Z,FALSE,5,18,0,Rebound,2026,2,11,Indiana,Pacers,IND,Indiana,25,Oklahoma City,Thunder,OKC,Oklahoma City,2.5,TRUE,FALSE,2.5,3,0:36.7,0,36.7,FALSE,FALSE,2,2,3,2,36.7,756.7,756.7,28.5,748.5,748.5,3,3,2,-23.75,-20,2025-10-23,2025-10-23T23:30:00Z,
393,401809236555,555,131,Pullup Jump Shot,Shai Gilgeous-Alexander misses 27-foot three point pullup jump shot,81,78,3,3rd Quarter,0:28.5,FALSE,0,25,4278073,,,2025-10-24T01:34:44Z,TRUE,10,23,3,Missed 3PT,2026,2,11,Indiana,Pacers,IND,Indiana,25,Oklahoma City,Thunder,OKC,Oklahoma City,2.5,TRUE,FALSE,2.5,3,0:28.5,0,28.5,FALSE,FALSE,2,2,3,2,28.5,748.5,748.5,25.8,745.8,745.8,3,3,2,-18.75,-15,2025-10-23,2025-10-23T23:30:00Z,
394,401809236556,556,155,Defensive Rebound,Jarace Walker defensive rebound,81,78,3,3rd Quarter,0:25.8,FALSE,0,11,5106060,,,2025-10-24T01:34:47Z,FALSE,10,23,0,Rebound,2026,2,11,Indiana,Pacers,IND,Indiana,25,Oklahoma City,Thunder,OKC,Oklahoma City,2.5,TRUE,FALSE,2.5,3,0:25.8,0,25.8,FALSE,FALSE,2,2,3,2,25.8,745.8,745.8,12.4,732.4,732.4,3,3,2,18.75,15,2025-10-23,2025-10-23T23:30:00Z,
395,401809236557,557,90,Out of Bounds - Bad Pass Turnover,Taelon Peter out of bounds bad pass turnover,81,78,3,3rd Quarter,0:12.4,FALSE,0,11,4703421,,,2025-10-24T01:35:01Z,FALSE,15,1,0,Turnover,2026,2,11,Indiana,Pacers,IND,Indiana,25,Oklahoma City,Thunder,OKC,Oklahoma City,2.5,TRUE,FALSE,2.5,3,0:12.4,0,12.4,FALSE,FALSE,2,2,3,2,12.4,732.4,732.4,12.4,732.4,732.4,3,3,2,40.75,10,2025-10-23,2025-10-23T23:30:00Z,
396,401809236558,558,584,Substitution,Chris Youngblood enters the game for Ousmane Dieng,81,78,3,3rd Quarter,0:12.4,FALSE,0,25,4706557,4997526,,2025-10-24T01:35:06Z,FALSE,-214748340,-214748365,0,Substitution,2026,2,11,Indiana,Pacers,IND,Indiana,25,Oklahoma City,Thunder,OKC,Oklahoma City,2.5,TRUE,FALSE,2.5,3,0:12.4,0,12.4,FALSE,FALSE,2,2,3,2,12.4,732.4,732.4,12.4,732.4,732.4,3,3,2,-214748406.75,-214748365,2025-10-23,2025-10-23T23:30:00Z,
397,401809236560,560,584,Substitution,Bennedict Mathurin enters the game for Taelon Peter,81,78,3,3rd Quarter,0:12.4,FALSE,0,11,4683634,4703421,,2025-10-24T01:35:06Z,FALSE,-214748340,-214748365,0,Substitution,2026,2,11,Indiana,Pacers,IND,Indiana,25,Oklahoma City,Thunder,OKC,Oklahoma City,2.5,TRUE,FALSE,2.5,3,0:12.4,0,12.4,FALSE,FALSE,2,2,3,2,12.4,732.4,732.4,3.1,723.1,723.1,3,3,2,214748406.75,214748365,2025-10-23,2025-10-23T23:30:00Z,
398,401809236562,562,92,Jump Shot,Ajay Mitchell misses 25-foot three point jumper,81,78,3,3rd Quarter,0:3.1,FALSE,0,25,4900671,,,2025-10-24T01:35:40Z,TRUE,44,17,3,Missed 3PT,2026,2,11,Indiana,Pacers,IND,Indiana,25,Oklahoma City,Thunder,OKC,Oklahoma City,2.5,TRUE,FALSE,2.5,3,0:3.1,0,3.1,FALSE,FALSE,2,2,3,2,3.1,723.1,723.1,0.1,720.1,720.1,3,3,2,-24.75,19,2025-10-23,2025-10-23T23:30:00Z,
399,401809236563,563,155,Defensive Rebound,Pascal Siakam defensive rebound,81,78,3,3rd Quarter,0:0.1,FALSE,0,11,3149673,,,2025-10-24T01:35:43Z,FALSE,44,17,0,Rebound,2026,2,11,Indiana,Pacers,IND,Indiana,25,Oklahoma City,Thunder,OKC,Oklahoma City,2.5,TRUE,FALSE,2.5,3,0:0.1,0,0.1,FALSE,FALSE,2,2,3,2,0.1,720.1,720.1,0,720,720,3,3,2,24.75,-19,2025-10-23,2025-10-23T23:30:00Z,
400,401809236564,564,412,End Period,End of the 3rd Quarter,81,78,3,3rd Quarter,0:0.0,FALSE,0,,,,,2025-10-24T01:35:46Z,FALSE,-214748340,-214748365,0,End of 3rd,2026,2,11,Indiana,Pacers,IND,Indiana,25,Oklahoma City,Thunder,OKC,Oklahoma City,2.5,TRUE,FALSE,2.5,3,0:0.0,0,0,FALSE,FALSE,2,2,4,2,0,720,720,720,720,720,3,3,2,-214748406.75,-214748365,2025-10-23,2025-10-23T23:30:00Z,
401,401809236565,565,584,Substitution,Aaron Nesmith enters the game for Jarace Walker,81,78,4,4th Quarter,12:00,FALSE,0,11,4396909,5106060,,2025-10-24T01:38:42Z,FALSE,-214748340,-214748365,0,Substitution,2026,2,11,Indiana,Pacers,IND,Indiana,25,Oklahoma City,Thunder,OKC,Oklahoma City,2.5,TRUE,FALSE,2.5,4,12:00,12,0,FALSE,FALSE,2,2,4,2,720,720,720,720,720,720,4,3,2,214748406.75,214748365,2025-10-23,2025-10-23T23:30:00Z,
402,401809236566,566,584,Substitution,Ousmane Dieng enters the game for Chris Youngblood,81,78,4,4th Quarter,12:00,FALSE,0,25,4997526,4706557,,2025-10-24T01:38:42Z,FALSE,-214748340,-214748365,0,Substitution,2026,2,11,Indiana,Pacers,IND,Indiana,25,Oklahoma City,Thunder,OKC,Oklahoma City,2.5,TRUE,FALSE,2.5,4,12:00,12,0,FALSE,FALSE,2,2,4,2,720,720,720,706,706,706,4,4,2,-214748406.75,-214748365,2025-10-23,2025-10-23T23:30:00Z,
403,401809236570,570,141,Cutting Layup Shot,Ajay Mitchell makes 2-foot layup (Isaiah Hartenstein assists),83,78,4,4th Quarter,11:46,TRUE,2,25,4900671,4222252,,2025-10-24T01:39:41Z,TRUE,23,1,2,+2 Points,2026,2,11,Indiana,Pacers,IND,Indiana,25,Oklahoma City,Thunder,OKC,Oklahoma City,2.5,TRUE,FALSE,2.5,4,11:46,11,46,FALSE,FALSE,2,2,4,2,706,706,706,692,692,692,4,4,2,-40.75,-2,2025-10-23,2025-10-23T23:30:00Z,
404,401809236572,572,131,Pullup Jump Shot,Bennedict Mathurin makes 27-foot three pointer,83,81,4,4th Quarter,11:32,TRUE,3,11,4683634,,,2025-10-24T01:39:57Z,TRUE,29,27,3,+3 Points,2026,2,11,Indiana,Pacers,IND,Indiana,25,Oklahoma City,Thunder,OKC,Oklahoma City,2.5,TRUE,FALSE,2.5,4,11:32,11,32,FALSE,FALSE,2,2,4,2,692,692,692,675,675,675,4,4,2,14.75,-4,2025-10-23,2025-10-23T23:30:00Z,
405,401809236574,574,131,Pullup Jump Shot,Shai Gilgeous-Alexander misses 16-foot pullup jump shot,83,81,4,4th Quarter,11:15,FALSE,0,25,4278073,,,2025-10-24T01:40:13Z,TRUE,15,13,2,Missed FG,2026,2,11,Indiana,Pacers,IND,Indiana,25,Oklahoma City,Thunder,OKC,Oklahoma City,2.5,TRUE,FALSE,2.5,4,11:15,11,15,FALSE,FALSE,2,2,4,2,675,675,675,673,673,673,4,4,2,-28.75,-10,2025-10-23,2025-10-23T23:30:00Z,
406,401809236575,575,155,Defensive Rebound,Bennedict Mathurin defensive rebound,83,81,4,4th Quarter,11:13,FALSE,0,11,4683634,,,2025-10-24T01:40:15Z,FALSE,15,13,0,Rebound,2026,2,11,Indiana,Pacers,IND,Indiana,25,Oklahoma City,Thunder,OKC,Oklahoma City,2.5,TRUE,FALSE,2.5,4,11:13,11,13,FALSE,FALSE,2,2,4,2,673,673,673,667,667,667,4,4,2,28.75,10,2025-10-23,2025-10-23T23:30:00Z,
407,401809236576,576,44,Shooting Foul,Ousmane Dieng shooting foul,83,81,4,4th Quarter,11:07,FALSE,0,25,4997526,,,2025-10-24T01:40:22Z,FALSE,20,8,0,Foul,2026,2,11,Indiana,Pacers,IND,Indiana,25,Oklahoma City,Thunder,OKC,Oklahoma City,2.5,TRUE,FALSE,2.5,4,11:07,11,7,FALSE,FALSE,2,2,4,2,667,667,667,667,667,667,4,4,2,-33.75,-5,2025-10-23,2025-10-23T23:30:00Z,
408,401809236578,578,98,Free Throw - 1 of 2,Pascal Siakam misses free throw 1 of 2,83,81,4,4th Quarter,11:07,FALSE,0,11,3149673,,,2025-10-24T01:40:50Z,TRUE,25,13.75,1,Missed FT,2026,2,11,Indiana,Pacers,IND,Indiana,25,Oklahoma City,Thunder,OKC,Oklahoma City,2.5,TRUE,FALSE,2.5,4,11:07,11,7,FALSE,FALSE,2,2,4,2,667,667,667,667,667,667,4,4,2,28,-0,2025-10-23,2025-10-23T23:30:00Z,
409,401809236579,579,156,Offensive Rebound,Pacers offensive team rebound,83,81,4,4th Quarter,11:07,FALSE,0,11,,,,2025-10-24T01:40:50Z,FALSE,-214748340,-214748365,0,Rebound,2026,2,11,Indiana,Pacers,IND,Indiana,25,Oklahoma City,Thunder,OKC,Oklahoma City,2.5,TRUE,FALSE,2.5,4,11:07,11,7,FALSE,FALSE,2,2,4,2,667,667,667,667,667,667,4,4,2,214748406.75,214748365,2025-10-23,2025-10-23T23:30:00Z,
410,401809236580,580,584,Substitution,Luguentz Dort enters the game for Ajay Mitchell,83,81,4,4th Quarter,11:07,FALSE,0,25,4397020,4900671,,2025-10-24T01:40:54Z,FALSE,-214748340,-214748365,0,Substitution,2026,2,11,Indiana,Pacers,IND,Indiana,25,Oklahoma City,Thunder,OKC,Oklahoma City,2.5,TRUE,FALSE,2.5,4,11:07,11,7,FALSE,FALSE,2,2,4,2,667,667,667,667,667,667,4,4,2,-214748406.75,-214748365,2025-10-23,2025-10-23T23:30:00Z,
411,401809236582,582,99,Free Throw - 2 of 2,Pascal Siakam misses free throw 2 of 2,83,81,4,4th Quarter,11:07,FALSE,0,11,3149673,,,2025-10-24T01:40:50Z,TRUE,25,13.75,1,Missed FT,2026,2,11,Indiana,Pacers,IND,Indiana,25,Oklahoma City,Thunder,OKC,Oklahoma City,2.5,TRUE,FALSE,2.5,4,11:07,11,7,FALSE,FALSE,2,2,4,2,667,667,667,665,665,665,4,4,2,28,-0,2025-10-23,2025-10-23T23:30:00Z,
412,401809236583,583,155,Defensive Rebound,Aaron Wiggins defensive rebound,83,81,4,4th Quarter,11:05,FALSE,0,25,4397183,,,2025-10-24T01:40:52Z,FALSE,-214748340,-214748365,0,Rebound,2026,2,11,Indiana,Pacers,IND,Indiana,25,Oklahoma City,Thunder,OKC,Oklahoma City,2.5,TRUE,FALSE,2.5,4,11:05,11,5,FALSE,FALSE,2,2,4,2,665,665,665,650,650,650,4,4,2,-214748406.75,-214748365,2025-10-23,2025-10-23T23:30:00Z,
413,401809236584,584,133,Pullup Bank Jump Shot,Aaron Wiggins makes 11-foot two point shot (Shai Gilgeous-Alexander assists),85,81,4,4th Quarter,10:50,TRUE,2,25,4397183,4278073,,2025-10-24T01:41:30Z,TRUE,14,3,2,+2 Points,2026,2,11,Indiana,Pacers,IND,Indiana,25,Oklahoma City,Thunder,OKC,Oklahoma City,2.5,TRUE,FALSE,2.5,4,10:50,10,50,FALSE,FALSE,2,2,4,2,650,650,650,636,636,636,4,4,2,-38.75,-11,2025-10-23,2025-10-23T23:30:00Z,
414,401809236586,586,44,Shooting Foul,Aaron Wiggins shooting foul,85,81,4,4th Quarter,10:36,FALSE,0,25,4397183,,,2025-10-24T01:41:45Z,FALSE,20,4,0,Foul,2026,2,11,Indiana,Pacers,IND,Indiana,25,Oklahoma City,Thunder,OKC,Oklahoma City,2.5,TRUE,FALSE,2.5,4,10:36,10,36,FALSE,FALSE,2,2,4,2,636,636,636,636,636,636,4,4,2,-37.75,-5,2025-10-23,2025-10-23T23:30:00Z,
415,401809236588,588,98,Free Throw - 1 of 2,Ben Sheppard makes free throw 1 of 2,85,82,4,4th Quarter,10:36,TRUE,1,11,4433076,,,2025-10-24T01:42:13Z,TRUE,25,13.75,1,+1 Point,2026,2,11,Indiana,Pacers,IND,Indiana,25,Oklahoma City,Thunder,OKC,Oklahoma City,2.5,TRUE,FALSE,2.5,4,10:36,10,36,FALSE,FALSE,2,2,4,2,636,636,636,636,636,636,4,4,2,28,-0,2025-10-23,2025-10-23T23:30:00Z,
416,401809236589,589,99,Free Throw - 2 of 2,Ben Sheppard makes free throw 2 of 2,85,83,4,4th Quarter,10:36,TRUE,1,11,4433076,,,2025-10-24T01:42:27Z,TRUE,25,13.75,1,+1 Point,2026,2,11,Indiana,Pacers,IND,Indiana,25,Oklahoma City,Thunder,OKC,Oklahoma City,2.5,TRUE,FALSE,2.5,4,10:36,10,36,FALSE,FALSE,2,2,4,2,636,636,636,621,621,621,4,4,2,28,-0,2025-10-23,2025-10-23T23:30:00Z,
417,401809236590,590,130,Floating Jump Shot,Isaiah Hartenstein misses 7-foot two point shot,85,83,4,4th Quarter,10:21,FALSE,0,25,4222252,,,2025-10-24T01:42:45Z,TRUE,23,7,2,Missed FG,2026,2,11,Indiana,Pacers,IND,Indiana,25,Oklahoma City,Thunder,OKC,Oklahoma City,2.5,TRUE,FALSE,2.5,4,10:21,10,21,FALSE,FALSE,2,2,4,2,621,621,621,619,619,619,4,4,2,-34.75,-2,2025-10-23,2025-10-23T23:30:00Z,
418,401809236591,591,155,Defensive Rebound,Pascal Siakam defensive rebound,85,83,4,4th Quarter,10:19,FALSE,0,11,3149673,,,2025-10-24T01:42:47Z,FALSE,23,7,0,Rebound,2026,2,11,Indiana,Pacers,IND,Indiana,25,Oklahoma City,Thunder,OKC,Oklahoma City,2.5,TRUE,FALSE,2.5,4,10:19,10,19,FALSE,FALSE,2,2,4,2,619,619,619,601,601,601,4,4,2,34.75,2,2025-10-23,2025-10-23T23:30:00Z,
419,401809236592,592,92,Jump Shot,Aaron Nesmith misses 23-foot three point jumper,85,83,4,4th Quarter,10:01,FALSE,0,11,4396909,,,2025-10-24T01:43:05Z,TRUE,2,1,3,Missed 3PT,2026,2,11,Indiana,Pacers,IND,Indiana,25,Oklahoma City,Thunder,OKC,Oklahoma City,2.5,TRUE,FALSE,2.5,4,10:01,10,1,FALSE,FALSE,2,2,4,2,601,601,601,597,597,597,4,4,2,40.75,23,2025-10-23,2025-10-23T23:30:00Z,
420,401809236593,593,156,Offensive Rebound,Pascal Siakam offensive rebound,85,83,4,4th Quarter,9:57,FALSE,0,11,3149673,,,2025-10-24T01:43:09Z,FALSE,2,1,0,Rebound,2026,2,11,Indiana,Pacers,IND,Indiana,25,Oklahoma City,Thunder,OKC,Oklahoma City,2.5,TRUE,FALSE,2.5,4,9:57,9,57,FALSE,FALSE,2,2,4,2,597,597,597,583,583,583,4,4,2,40.75,23,2025-10-23,2025-10-23T23:30:00Z,
421,401809236594,594,137,Turnaround Fade Away Jump Shot,Aaron Nesmith makes 11-foot two point shot,85,85,4,4th Quarter,9:43,TRUE,2,11,4396909,,,2025-10-24T01:43:22Z,TRUE,15,6,2,+2 Points,2026,2,11,Indiana,Pacers,IND,Indiana,25,Oklahoma City,Thunder,OKC,Oklahoma City,2.5,TRUE,FALSE,2.5,4,9:43,9,43,FALSE,FALSE,2,2,4,2,583,583,583,570,570,570,4,4,2,35.75,10,2025-10-23,2025-10-23T23:30:00Z,
422,401809236595,595,45,Personal Foul,Tony Bradley personal foul,85,85,4,4th Quarter,9:30,FALSE,0,11,4065673,,,2025-10-24T01:43:42Z,FALSE,26,20,0,Foul,2026,2,11,Indiana,Pacers,IND,Indiana,25,Oklahoma City,Thunder,OKC,Oklahoma City,2.5,TRUE,FALSE,2.5,4,9:30,9,30,FALSE,FALSE,2,2,4,2,570,570,570,570,570,570,4,4,2,21.75,-1,2025-10-23,2025-10-23T23:30:00Z,
423,401809236597,597,584,Substitution,Chet Holmgren enters the game for Ousmane Dieng,85,85,4,4th Quarter,9:30,FALSE,0,25,4433255,4997526,,2025-10-24T01:43:46Z,FALSE,-214748340,-214748365,0,Substitution,2026,2,11,Indiana,Pacers,IND,Indiana,25,Oklahoma City,Thunder,OKC,Oklahoma City,2.5,TRUE,FALSE,2.5,4,9:30,9,30,FALSE,FALSE,2,2,4,2,570,570,570,566,566,566,4,4,2,-214748406.75,-214748365,2025-10-23,2025-10-23T23:30:00Z,
424,401809236599,599,118,Alley Oop Dunk Shot,Chet Holmgren makes 3-foot alley oop dunk shot (Isaiah Hartenstein assists),87,85,4,4th Quarter,9:26,TRUE,2,25,4433255,4222252,,2025-10-24T01:44:07Z,TRUE,22,-1,2,+2 Points,2026,2,11,Indiana,Pacers,IND,Indiana,25,Oklahoma City,Thunder,OKC,Oklahoma City,2.5,TRUE,FALSE,2.5,4,9:26,9,26,FALSE,FALSE,2,2,4,2,566,566,566,555,555,555,4,4,2,-42.75,-3,2025-10-23,2025-10-23T23:30:00Z,
425,401809236601,601,131,Pullup Jump Shot,Pascal Siakam misses 16-foot pullup jump shot,87,85,4,4th Quarter,9:15,FALSE,0,11,3149673,,,2025-10-24T01:44:17Z,TRUE,28,16,2,Missed FG,2026,2,11,Indiana,Pacers,IND,Indiana,25,Oklahoma City,Thunder,OKC,Oklahoma City,2.5,TRUE,FALSE,2.5,4,9:15,9,15,FALSE,FALSE,2,2,4,2,555,555,555,552,552,552,4,4,2,25.75,-3,2025-10-23,2025-10-23T23:30:00Z,
426,401809236602,602,155,Defensive Rebound,Luguentz Dort defensive rebound,87,85,4,4th Quarter,9:12,FALSE,0,25,4397020,,,2025-10-24T01:44:20Z,FALSE,28,16,0,Rebound,2026,2,11,Indiana,Pacers,IND,Indiana,25,Oklahoma City,Thunder,OKC,Oklahoma City,2.5,TRUE,FALSE,2.5,4,9:12,9,12,FALSE,FALSE,2,2,4,2,552,552,552,545,545,545,4,4,2,-25.75,3,2025-10-23,2025-10-23T23:30:00Z,
427,401809236603,603,92,Jump Shot,Luguentz Dort misses 25-foot three point jumper,87,85,4,4th Quarter,9:05,FALSE,0,25,4397020,,,2025-10-24T01:44:27Z,TRUE,2,12,3,Missed 3PT,2026,2,11,Indiana,Pacers,IND,Indiana,25,Oklahoma City,Thunder,OKC,Oklahoma City,2.5,TRUE,FALSE,2.5,4,9:05,9,5,FALSE,FALSE,2,2,4,2,545,545,545,542,542,542,4,4,2,-29.75,-23,2025-10-23,2025-10-23T23:30:00Z,
428,401809236604,604,155,Defensive Rebound,Pascal Siakam defensive rebound,87,85,4,4th Quarter,9:02,FALSE,0,11,3149673,,,2025-10-24T01:44:30Z,FALSE,2,12,0,Rebound,2026,2,11,Indiana,Pacers,IND,Indiana,25,Oklahoma City,Thunder,OKC,Oklahoma City,2.5,TRUE,FALSE,2.5,4,9:02,9,2,FALSE,FALSE,2,2,4,2,542,542,542,537,537,537,4,4,2,29.75,23,2025-10-23,2025-10-23T23:30:00Z,
429,401809236605,605,44,Shooting Foul,Isaiah Hartenstein shooting foul,87,85,4,4th Quarter,8:57,FALSE,0,25,4222252,,,2025-10-24T01:44:37Z,FALSE,21,7,0,Foul,2026,2,11,Indiana,Pacers,IND,Indiana,25,Oklahoma City,Thunder,OKC,Oklahoma City,2.5,TRUE,FALSE,2.5,4,8:57,8,57,FALSE,FALSE,2,2,4,2,537,537,537,537,537,537,4,4,2,-34.75,-4,2025-10-23,2025-10-23T23:30:00Z,
430,401809236607,607,98,Free Throw - 1 of 2,Bennedict Mathurin makes free throw 1 of 2,87,86,4,4th Quarter,8:57,TRUE,1,11,4683634,,,2025-10-24T01:45:04Z,TRUE,25,13.75,1,+1 Point,2026,2,11,Indiana,Pacers,IND,Indiana,25,Oklahoma City,Thunder,OKC,Oklahoma City,2.5,TRUE,FALSE,2.5,4,8:57,8,57,FALSE,FALSE,2,2,4,2,537,537,537,537,537,537,4,4,2,28,-0,2025-10-23,2025-10-23T23:30:00Z,
431,401809236608,608,584,Substitution,Ajay Mitchell enters the game for Aaron Wiggins,87,86,4,4th Quarter,8:57,FALSE,0,25,4900671,4397183,,2025-10-24T01:45:13Z,FALSE,-214748340,-214748365,0,Substitution,2026,2,11,Indiana,Pacers,IND,Indiana,25,Oklahoma City,Thunder,OKC,Oklahoma City,2.5,TRUE,FALSE,2.5,4,8:57,8,57,FALSE,FALSE,2,2,4,2,537,537,537,537,537,537,4,4,2,-214748406.75,-214748365,2025-10-23,2025-10-23T23:30:00Z,
432,401809236610,610,99,Free Throw - 2 of 2,Bennedict Mathurin makes free throw 2 of 2,87,87,4,4th Quarter,8:57,TRUE,1,11,4683634,,,2025-10-24T01:45:04Z,TRUE,25,13.75,1,+1 Point,2026,2,11,Indiana,Pacers,IND,Indiana,25,Oklahoma City,Thunder,OKC,Oklahoma City,2.5,TRUE,FALSE,2.5,4,8:57,8,57,FALSE,FALSE,2,2,4,2,537,537,537,524,524,524,4,4,2,28,-0,2025-10-23,2025-10-23T23:30:00Z,
433,401809236611,611,92,Jump Shot,Shai Gilgeous-Alexander makes 26-foot three point jumper (Ajay Mitchell assists),90,87,4,4th Quarter,8:44,TRUE,3,25,4278073,4900671,,2025-10-24T01:45:51Z,TRUE,16,25,3,+3 Points,2026,2,11,Indiana,Pacers,IND,Indiana,25,Oklahoma City,Thunder,OKC,Oklahoma City,2.5,TRUE,FALSE,2.5,4,8:44,8,44,FALSE,FALSE,2,2,4,2,524,524,524,513,513,513,4,4,2,-16.75,-9,2025-10-23,2025-10-23T23:30:00Z,
434,401809236613,613,92,Jump Shot,Pascal Siakam makes 25-foot three point jumper (Ben Sheppard assists),90,90,4,4th Quarter,8:33,TRUE,3,11,3149673,4433076,,2025-10-24T01:46:02Z,TRUE,15,24,3,+3 Points,2026,2,11,Indiana,Pacers,IND,Indiana,25,Oklahoma City,Thunder,OKC,Oklahoma City,2.5,TRUE,FALSE,2.5,4,8:33,8,33,FALSE,FALSE,2,2,4,2,513,513,513,500,500,500,4,4,2,17.75,10,2025-10-23,2025-10-23T23:30:00Z,
435,401809236615,615,44,Shooting Foul,Bennedict Mathurin shooting foul,90,90,4,4th Quarter,8:20,FALSE,0,11,4683634,,,2025-10-24T01:46:17Z,FALSE,29,6,0,Foul,2026,2,11,Indiana,Pacers,IND,Indiana,25,Oklahoma City,Thunder,OKC,Oklahoma City,2.5,TRUE,FALSE,2.5,4,8:20,8,20,FALSE,FALSE,2,2,4,2,500,500,500,500,500,500,4,4,2,35.75,-4,2025-10-23,2025-10-23T23:30:00Z,
436,401809236617,617,98,Free Throw - 1 of 2,Shai Gilgeous-Alexander makes free throw 1 of 2,91,90,4,4th Quarter,8:20,TRUE,1,25,4278073,,,2025-10-24T01:46:47Z,TRUE,25,13.75,1,+1 Point,2026,2,11,Indiana,Pacers,IND,Indiana,25,Oklahoma City,Thunder,OKC,Oklahoma City,2.5,TRUE,FALSE,2.5,4,8:20,8,20,FALSE,FALSE,2,2,4,2,500,500,500,500,500,500,4,4,2,-28,0,2025-10-23,2025-10-23T23:30:00Z,
437,401809236618,618,584,Substitution,Jaylin Williams enters the game for Isaiah Hartenstein,91,90,4,4th Quarter,8:20,FALSE,0,25,4432823,4222252,,2025-10-24T01:46:52Z,FALSE,-214748340,-214748365,0,Substitution,2026,2,11,Indiana,Pacers,IND,Indiana,25,Oklahoma City,Thunder,OKC,Oklahoma City,2.5,TRUE,FALSE,2.5,4,8:20,8,20,FALSE,FALSE,2,2,4,2,500,500,500,500,500,500,4,4,2,-214748406.75,-214748365,2025-10-23,2025-10-23T23:30:00Z,
438,401809236620,620,584,Substitution,Obi Toppin enters the game for Tony Bradley,91,90,4,4th Quarter,8:20,FALSE,0,11,4278355,4065673,,2025-10-24T01:46:59Z,FALSE,-214748340,-214748365,0,Substitution,2026,2,11,Indiana,Pacers,IND,Indiana,25,Oklahoma City,Thunder,OKC,Oklahoma City,2.5,TRUE,FALSE,2.5,4,8:20,8,20,FALSE,FALSE,2,2,4,2,500,500,500,500,500,500,4,4,2,214748406.75,214748365,2025-10-23,2025-10-23T23:30:00Z,
439,401809236622,622,99,Free Throw - 2 of 2,Shai Gilgeous-Alexander makes free throw 2 of 2,92,90,4,4th Quarter,8:20,TRUE,1,25,4278073,,,2025-10-24T01:47:21Z,TRUE,25,13.75,1,+1 Point,2026,2,11,Indiana,Pacers,IND,Indiana,25,Oklahoma City,Thunder,OKC,Oklahoma City,2.5,TRUE,FALSE,2.5,4,8:20,8,20,FALSE,FALSE,2,2,4,2,500,500,500,478,478,478,4,4,2,-28,0,2025-10-23,2025-10-23T23:30:00Z,
440,401809236623,623,137,Turnaround Fade Away Jump Shot,Obi Toppin makes 11-foot two point shot,92,92,4,4th Quarter,7:58,TRUE,2,11,4278355,,,2025-10-24T01:47:43Z,TRUE,25,12,2,+2 Points,2026,2,11,Indiana,Pacers,IND,Indiana,25,Oklahoma City,Thunder,OKC,Oklahoma City,2.5,TRUE,FALSE,2.5,4,7:58,7,58,FALSE,FALSE,2,2,4,2,478,478,478,453,453,453,4,4,2,29.75,-0,2025-10-23,2025-10-23T23:30:00Z,
441,401809236624,624,119,Driving Hook Shot,Jaylin Williams makes 8-foot two point shot (Chet Holmgren assists),94,92,4,4th Quarter,7:33,TRUE,2,25,4432823,4433255,,2025-10-24T01:48:09Z,TRUE,32,5,2,+2 Points,2026,2,11,Indiana,Pacers,IND,Indiana,25,Oklahoma City,Thunder,OKC,Oklahoma City,2.5,TRUE,FALSE,2.5,4,7:33,7,33,FALSE,FALSE,2,2,4,2,453,453,453,435,435,435,4,4,2,-36.75,7,2025-10-23,2025-10-23T23:30:00Z,
442,401809236626,626,131,Pullup Jump Shot,Pascal Siakam makes 26-foot three pointer,94,95,4,4th Quarter,7:15,TRUE,3,11,3149673,,,2025-10-24T01:48:28Z,TRUE,18,26,3,+3 Points,2026,2,11,Indiana,Pacers,IND,Indiana,25,Oklahoma City,Thunder,OKC,Oklahoma City,2.5,TRUE,FALSE,2.5,4,7:15,7,15,FALSE,FALSE,2,2,4,2,435,435,435,414,414,414,4,4,2,15.75,7,2025-10-23,2025-10-23T23:30:00Z,
443,401809236627,627,132,Step Back Jump Shot,Shai Gilgeous-Alexander misses 17-foot step back jumpshot,94,95,4,4th Quarter,6:54,FALSE,0,25,4278073,,,2025-10-24T01:48:48Z,TRUE,25,18,2,Missed FG,2026,2,11,Indiana,Pacers,IND,Indiana,25,Oklahoma City,Thunder,OKC,Oklahoma City,2.5,TRUE,FALSE,2.5,4,6:54,6,54,FALSE,FALSE,2,2,4,2,414,414,414,411,411,411,4,4,2,-23.75,0,2025-10-23,2025-10-23T23:30:00Z,
444,401809236628,628,155,Defensive Rebound,Aaron Nesmith defensive rebound,94,95,4,4th Quarter,6:51,FALSE,0,11,4396909,,,2025-10-24T01:48:51Z,FALSE,25,18,0,Rebound,2026,2,11,Indiana,Pacers,IND,Indiana,25,Oklahoma City,Thunder,OKC,Oklahoma City,2.5,TRUE,FALSE,2.5,4,6:51,6,51,FALSE,FALSE,2,2,4,2,411,411,411,404,404,404,4,4,2,23.75,-0,2025-10-23,2025-10-23T23:30:00Z,
445,401809236629,629,110,Driving Layup Shot,Obi Toppin misses driving layup,94,95,4,4th Quarter,6:44,FALSE,0,11,4278355,,,2025-10-24T01:49:00Z,TRUE,27,3,2,Missed FG,2026,2,11,Indiana,Pacers,IND,Indiana,25,Oklahoma City,Thunder,OKC,Oklahoma City,2.5,TRUE,FALSE,2.5,4,6:44,6,44,FALSE,FALSE,2,2,4,2,404,404,404,402,402,402,4,4,2,38.75,-2,2025-10-23,2025-10-23T23:30:00Z,
446,401809236630,630,156,Offensive Rebound,Bennedict Mathurin offensive rebound,94,95,4,4th Quarter,6:42,FALSE,0,11,4683634,,,2025-10-24T01:49:02Z,FALSE,27,3,0,Rebound,2026,2,11,Indiana,Pacers,IND,Indiana,25,Oklahoma City,Thunder,OKC,Oklahoma City,2.5,TRUE,FALSE,2.5,4,6:42,6,42,FALSE,FALSE,2,2,4,2,402,402,402,402,402,402,4,4,2,38.75,-2,2025-10-23,2025-10-23T23:30:00Z,
447,401809236631,631,44,Shooting Foul,Ajay Mitchell shooting foul,94,95,4,4th Quarter,6:42,FALSE,0,25,4900671,,,2025-10-24T01:49:03Z,FALSE,24,4,0,Foul,2026,2,11,Indiana,Pacers,IND,Indiana,25,Oklahoma City,Thunder,OKC,Oklahoma City,2.5,TRUE,FALSE,2.5,4,6:42,6,42,FALSE,FALSE,2,2,4,2,402,402,402,402,402,402,4,4,2,-37.75,-1,2025-10-23,2025-10-23T23:30:00Z,
448,401809236633,633,16,Full Timeout,Pacers Full timeout,94,95,4,4th Quarter,6:42,FALSE,0,11,,,,2025-10-24T01:49:15Z,FALSE,-214748340,-214748365,0,Timeout,2026,2,11,Indiana,Pacers,IND,Indiana,25,Oklahoma City,Thunder,OKC,Oklahoma City,2.5,TRUE,FALSE,2.5,4,6:42,6,42,FALSE,FALSE,2,2,4,2,402,402,402,402,402,402,4,4,2,214748406.75,214748365,2025-10-23,2025-10-23T23:30:00Z,
449,401809236634,634,584,Substitution,Tony Bradley enters the game for Ben Sheppard,94,95,4,4th Quarter,6:42,FALSE,0,11,4065673,4433076,,2025-10-24T01:51:44Z,FALSE,-214748340,-214748365,0,Substitution,2026,2,11,Indiana,Pacers,IND,Indiana,25,Oklahoma City,Thunder,OKC,Oklahoma City,2.5,TRUE,FALSE,2.5,4,6:42,6,42,FALSE,FALSE,2,2,4,2,402,402,402,402,402,402,4,4,2,214748406.75,214748365,2025-10-23,2025-10-23T23:30:00Z,
450,401809236635,635,584,Substitution,Jarace Walker enters the game for Pascal Siakam,94,95,4,4th Quarter,6:42,FALSE,0,11,5106060,3149673,,2025-10-24T01:51:44Z,FALSE,-214748340,-214748365,0,Substitution,2026,2,11,Indiana,Pacers,IND,Indiana,25,Oklahoma City,Thunder,OKC,Oklahoma City,2.5,TRUE,FALSE,2.5,4,6:42,6,42,FALSE,FALSE,2,2,4,2,402,402,402,402,402,402,4,4,2,214748406.75,214748365,2025-10-23,2025-10-23T23:30:00Z,
451,401809236636,636,584,Substitution,Isaiah Hartenstein enters the game for Shai Gilgeous-Alexander,94,95,4,4th Quarter,6:42,FALSE,0,25,4222252,4278073,,2025-10-24T01:51:44Z,FALSE,-214748340,-214748365,0,Substitution,2026,2,11,Indiana,Pacers,IND,Indiana,25,Oklahoma City,Thunder,OKC,Oklahoma City,2.5,TRUE,FALSE,2.5,4,6:42,6,42,FALSE,FALSE,2,2,4,2,402,402,402,402,402,402,4,4,2,-214748406.75,-214748365,2025-10-23,2025-10-23T23:30:00Z,
452,401809236637,637,584,Substitution,Aaron Wiggins enters the game for Jaylin Williams,94,95,4,4th Quarter,6:42,FALSE,0,25,4397183,4432823,,2025-10-24T01:51:44Z,FALSE,-214748340,-214748365,0,Substitution,2026,2,11,Indiana,Pacers,IND,Indiana,25,Oklahoma City,Thunder,OKC,Oklahoma City,2.5,TRUE,FALSE,2.5,4,6:42,6,42,FALSE,FALSE,2,2,4,2,402,402,402,402,402,402,4,4,2,-214748406.75,-214748365,2025-10-23,2025-10-23T23:30:00Z,
453,401809236642,642,98,Free Throw - 1 of 2,Bennedict Mathurin makes free throw 1 of 2,94,96,4,4th Quarter,6:42,TRUE,1,11,4683634,,,2025-10-24T01:52:42Z,TRUE,25,13.75,1,+1 Point,2026,2,11,Indiana,Pacers,IND,Indiana,25,Oklahoma City,Thunder,OKC,Oklahoma City,2.5,TRUE,FALSE,2.5,4,6:42,6,42,FALSE,FALSE,2,2,4,2,402,402,402,402,402,402,4,4,2,28,-0,2025-10-23,2025-10-23T23:30:00Z,
454,401809236643,643,99,Free Throw - 2 of 2,Bennedict Mathurin makes free throw 2 of 2,94,97,4,4th Quarter,6:42,TRUE,1,11,4683634,,,2025-10-24T01:53:00Z,TRUE,25,13.75,1,+1 Point,2026,2,11,Indiana,Pacers,IND,Indiana,25,Oklahoma City,Thunder,OKC,Oklahoma City,2.5,TRUE,FALSE,2.5,4,6:42,6,42,FALSE,FALSE,2,2,4,2,402,402,402,389,389,389,4,4,2,28,-0,2025-10-23,2025-10-23T23:30:00Z,
455,401809236644,644,118,Alley Oop Dunk Shot,Isaiah Hartenstein makes 1-foot alley oop dunk shot (Ajay Mitchell assists),96,97,4,4th Quarter,6:29,TRUE,2,25,4222252,4900671,,2025-10-24T01:53:18Z,TRUE,25,2,2,+2 Points,2026,2,11,Indiana,Pacers,IND,Indiana,25,Oklahoma City,Thunder,OKC,Oklahoma City,2.5,TRUE,FALSE,2.5,4,6:29,6,29,FALSE,FALSE,2,2,4,2,389,389,389,389,389,389,4,4,2,-39.75,0,2025-10-23,2025-10-23T23:30:00Z,
456,401809236646,646,44,Shooting Foul,Aaron Nesmith shooting foul,96,97,4,4th Quarter,6:29,FALSE,0,11,4396909,,,2025-10-24T01:53:20Z,FALSE,25,2,0,Foul,2026,2,11,Indiana,Pacers,IND,Indiana,25,Oklahoma City,Thunder,OKC,Oklahoma City,2.5,TRUE,FALSE,2.5,4,6:29,6,29,FALSE,FALSE,2,2,4,2,389,389,389,389,389,389,4,4,2,39.75,-0,2025-10-23,2025-10-23T23:30:00Z,
457,401809236648,648,97,Free Throw - 1 of 1,Isaiah Hartenstein makes free throw 1 of 1,97,97,4,4th Quarter,6:29,TRUE,1,25,4222252,,,2025-10-24T01:53:45Z,TRUE,25,13.75,1,+1 Point,2026,2,11,Indiana,Pacers,IND,Indiana,25,Oklahoma City,Thunder,OKC,Oklahoma City,2.5,TRUE,FALSE,2.5,4,6:29,6,29,FALSE,FALSE,2,2,4,2,389,389,389,379,379,379,4,4,2,-28,0,2025-10-23,2025-10-23T23:30:00Z,
458,401809236649,649,110,Driving Layup Shot,Aaron Nesmith misses driving layup,97,97,4,4th Quarter,6:19,FALSE,0,11,4396909,,,2025-10-24T01:53:57Z,TRUE,22,3,2,Missed FG,2026,2,11,Indiana,Pacers,IND,Indiana,25,Oklahoma City,Thunder,OKC,Oklahoma City,2.5,TRUE,FALSE,2.5,4,6:19,6,19,FALSE,FALSE,2,2,4,2,379,379,379,378,378,378,4,4,2,38.75,3,2025-10-23,2025-10-23T23:30:00Z,
459,401809236650,650,155,Defensive Rebound,Isaiah Hartenstein defensive rebound,97,97,4,4th Quarter,6:18,FALSE,0,25,4222252,,,2025-10-24T01:53:58Z,FALSE,22,3,0,Rebound,2026,2,11,Indiana,Pacers,IND,Indiana,25,Oklahoma City,Thunder,OKC,Oklahoma City,2.5,TRUE,FALSE,2.5,4,6:18,6,18,FALSE,FALSE,2,2,4,2,378,378,378,374,374,374,4,4,2,-38.75,-3,2025-10-23,2025-10-23T23:30:00Z,
460,401809236651,651,146,Running Pullup Jump Shot,Ajay Mitchell misses running pullup jump shot,97,97,4,4th Quarter,6:14,FALSE,0,25,4900671,,,2025-10-24T01:54:04Z,TRUE,22,25,3,Missed 3PT,2026,2,11,Indiana,Pacers,IND,Indiana,25,Oklahoma City,Thunder,OKC,Oklahoma City,2.5,TRUE,FALSE,2.5,4,6:14,6,14,FALSE,FALSE,2,2,4,2,374,374,374,368,368,368,4,4,2,-16.75,-3,2025-10-23,2025-10-23T23:30:00Z,
461,401809236652,652,156,Offensive Rebound,Luguentz Dort offensive rebound,97,97,4,4th Quarter,6:08,FALSE,0,25,4397020,,,2025-10-24T01:54:08Z,FALSE,22,25,0,Rebound,2026,2,11,Indiana,Pacers,IND,Indiana,25,Oklahoma City,Thunder,OKC,Oklahoma City,2.5,TRUE,FALSE,2.5,4,6:08,6,8,FALSE,FALSE,2,2,4,2,368,368,368,368,368,368,4,4,2,-16.75,-3,2025-10-23,2025-10-23T23:30:00Z,
462,401809236653,653,45,Personal Foul,Aaron Nesmith personal foul,97,97,4,4th Quarter,6:08,FALSE,0,11,4396909,,,2025-10-24T01:54:14Z,FALSE,4,19,0,Foul,2026,2,11,Indiana,Pacers,IND,Indiana,25,Oklahoma City,Thunder,OKC,Oklahoma City,2.5,TRUE,FALSE,2.5,4,6:08,6,8,FALSE,FALSE,2,2,4,2,368,368,368,368,368,368,4,4,2,22.75,21,2025-10-23,2025-10-23T23:30:00Z,
463,401809236655,655,584,Substitution,Ben Sheppard enters the game for Aaron Nesmith,97,97,4,4th Quarter,6:08,FALSE,0,11,4433076,4396909,,2025-10-24T01:54:31Z,FALSE,-214748340,-214748365,0,Substitution,2026,2,11,Indiana,Pacers,IND,Indiana,25,Oklahoma City,Thunder,OKC,Oklahoma City,2.5,TRUE,FALSE,2.5,4,6:08,6,8,FALSE,FALSE,2,2,4,2,368,368,368,365,365,365,4,4,2,214748406.75,214748365,2025-10-23,2025-10-23T23:30:00Z,
464,401809236657,657,144,Driving Floating Jump Shot,Ajay Mitchell makes 3-foot driving floating jump shot (Luguentz Dort assists),99,97,4,4th Quarter,6:05,TRUE,2,25,4900671,4397020,,2025-10-24T01:55:03Z,TRUE,22,2,2,+2 Points,2026,2,11,Indiana,Pacers,IND,Indiana,25,Oklahoma City,Thunder,OKC,Oklahoma City,2.5,TRUE,FALSE,2.5,4,6:05,6,5,FALSE,FALSE,2,2,4,2,365,365,365,354,354,354,4,4,2,-39.75,-3,2025-10-23,2025-10-23T23:30:00Z,
465,401809236659,659,110,Driving Layup Shot,Tony Bradley makes driving layup (Ben Sheppard assists),99,99,4,4th Quarter,5:54,TRUE,2,11,4065673,4433076,,2025-10-24T01:55:15Z,TRUE,27,4,2,+2 Points,2026,2,11,Indiana,Pacers,IND,Indiana,25,Oklahoma City,Thunder,OKC,Oklahoma City,2.5,TRUE,FALSE,2.5,4,5:54,5,54,FALSE,FALSE,2,2,4,2,354,354,354,354,354,354,4,4,2,37.75,-2,2025-10-23,2025-10-23T23:30:00Z,
466,401809236661,661,44,Shooting Foul,Isaiah Hartenstein shooting foul,99,99,4,4th Quarter,5:54,FALSE,0,25,4222252,,,2025-10-24T01:55:17Z,FALSE,27,4,0,Foul,2026,2,11,Indiana,Pacers,IND,Indiana,25,Oklahoma City,Thunder,OKC,Oklahoma City,2.5,TRUE,FALSE,2.5,4,5:54,5,54,FALSE,FALSE,2,2,4,2,354,354,354,354,354,354,4,4,2,-37.75,2,2025-10-23,2025-10-23T23:30:00Z,
467,401809236663,663,97,Free Throw - 1 of 1,Tony Bradley misses free throw 1 of 1,99,99,4,4th Quarter,5:54,FALSE,0,11,4065673,,,2025-10-24T01:55:46Z,TRUE,25,13.75,1,Missed FT,2026,2,11,Indiana,Pacers,IND,Indiana,25,Oklahoma City,Thunder,OKC,Oklahoma City,2.5,TRUE,FALSE,2.5,4,5:54,5,54,FALSE,FALSE,2,2,4,2,354,354,354,354,354,354,4,4,2,28,-0,2025-10-23,2025-10-23T23:30:00Z,
468,401809236664,664,155,Defensive Rebound,Chet Holmgren defensive rebound,99,99,4,4th Quarter,5:54,FALSE,0,25,4433255,,,2025-10-24T01:55:46Z,FALSE,-214748340,-214748365,0,Rebound,2026,2,11,Indiana,Pacers,IND,Indiana,25,Oklahoma City,Thunder,OKC,Oklahoma City,2.5,TRUE,FALSE,2.5,4,5:54,5,54,FALSE,FALSE,2,2,4,2,354,354,354,339,339,339,4,4,2,-214748406.75,-214748365,2025-10-23,2025-10-23T23:30:00Z,
469,401809236665,665,44,Shooting Foul,Obi Toppin shooting foul,99,99,4,4th Quarter,5:39,FALSE,0,11,4278355,,,2025-10-24T01:56:06Z,FALSE,23,5,0,Foul,2026,2,11,Indiana,Pacers,IND,Indiana,25,Oklahoma City,Thunder,OKC,Oklahoma City,2.5,TRUE,FALSE,2.5,4,5:39,5,39,FALSE,FALSE,2,2,4,2,339,339,339,339,339,339,4,4,2,36.75,2,2025-10-23,2025-10-23T23:30:00Z,
470,401809236667,667,278,Ref-Initiated Review (Supported),(05:39) [Thunder] REF-INITIATED REVIEW (REPLAY SUPPORTS CALL),99,99,4,4th Quarter,5:39,FALSE,0,,,,,2025-10-24T01:56:28Z,FALSE,-214748340,-214748365,0,Challenge,2026,2,11,Indiana,Pacers,IND,Indiana,25,Oklahoma City,Thunder,OKC,Oklahoma City,2.5,TRUE,FALSE,2.5,4,5:39,5,39,FALSE,FALSE,2,2,4,2,339,339,339,339,339,339,4,4,2,-214748406.75,-214748365,2025-10-23,2025-10-23T23:30:00Z,
471,401809236668,668,98,Free Throw - 1 of 2,Chet Holmgren makes free throw 1 of 2,100,99,4,4th Quarter,5:39,TRUE,1,25,4433255,,,2025-10-24T01:58:26Z,TRUE,25,13.75,1,+1 Point,2026,2,11,Indiana,Pacers,IND,Indiana,25,Oklahoma City,Thunder,OKC,Oklahoma City,2.5,TRUE,FALSE,2.5,4,5:39,5,39,FALSE,FALSE,2,2,4,2,339,339,339,339,339,339,4,4,2,-28,0,2025-10-23,2025-10-23T23:30:00Z,
472,401809236669,669,584,Substitution,Pascal Siakam enters the game for Tony Bradley,100,99,4,4th Quarter,5:39,FALSE,0,11,3149673,4065673,,2025-10-24T01:58:27Z,FALSE,-214748340,-214748365,0,Substitution,2026,2,11,Indiana,Pacers,IND,Indiana,25,Oklahoma City,Thunder,OKC,Oklahoma City,2.5,TRUE,FALSE,2.5,4,5:39,5,39,FALSE,FALSE,2,2,4,2,339,339,339,339,339,339,4,4,2,214748406.75,214748365,2025-10-23,2025-10-23T23:30:00Z,
473,401809236671,671,99,Free Throw - 2 of 2,Chet Holmgren makes free throw 2 of 2,101,99,4,4th Quarter,5:39,TRUE,1,25,4433255,,,2025-10-24T01:58:47Z,TRUE,25,13.75,1,+1 Point,2026,2,11,Indiana,Pacers,IND,Indiana,25,Oklahoma City,Thunder,OKC,Oklahoma City,2.5,TRUE,FALSE,2.5,4,5:39,5,39,FALSE,FALSE,2,2,4,2,339,339,339,317,317,317,4,4,2,-28,0,2025-10-23,2025-10-23T23:30:00Z,
474,401809236672,672,132,Step Back Jump Shot,Bennedict Mathurin makes 26-foot three point step back jumpshot,101,102,4,4th Quarter,5:17,TRUE,3,11,4683634,,,2025-10-24T01:59:12Z,TRUE,17,26,3,+3 Points,2026,2,11,Indiana,Pacers,IND,Indiana,25,Oklahoma City,Thunder,OKC,Oklahoma City,2.5,TRUE,FALSE,2.5,4,5:17,5,17,FALSE,FALSE,2,2,4,2,317,317,317,302,302,302,4,4,2,15.75,8,2025-10-23,2025-10-23T23:30:00Z,
475,401809236673,673,144,Driving Floating Jump Shot,Ajay Mitchell misses driving floating jump shot,101,102,4,4th Quarter,5:02,FALSE,0,25,4900671,,,2025-10-24T01:59:28Z,TRUE,33,9,2,Missed FG,2026,2,11,Indiana,Pacers,IND,Indiana,25,Oklahoma City,Thunder,OKC,Oklahoma City,2.5,TRUE,FALSE,2.5,4,5:02,5,2,FALSE,FALSE,2,2,4,2,302,302,302,299,299,299,4,4,2,-32.75,8,2025-10-23,2025-10-23T23:30:00Z,
476,401809236674,674,155,Defensive Rebound,Ben Sheppard defensive rebound,101,102,4,4th Quarter,4:59,FALSE,0,11,4433076,,,2025-10-24T01:59:31Z,FALSE,33,9,0,Rebound,2026,2,11,Indiana,Pacers,IND,Indiana,25,Oklahoma City,Thunder,OKC,Oklahoma City,2.5,TRUE,FALSE,2.5,4,4:59,4,59,FALSE,FALSE,2,2,4,2,299,299,299,289,289,289,4,4,2,32.75,-8,2025-10-23,2025-10-23T23:30:00Z,
477,401809236675,675,121,Fade Away Jump Shot,Jarace Walker makes 13-foot two point shot,101,104,4,4th Quarter,4:49,TRUE,2,11,5106060,,,2025-10-24T01:59:39Z,TRUE,18,12,2,+2 Points,2026,2,11,Indiana,Pacers,IND,Indiana,25,Oklahoma City,Thunder,OKC,Oklahoma City,2.5,TRUE,FALSE,2.5,4,4:49,4,49,FALSE,FALSE,2,2,4,2,289,289,289,289,289,289,4,4,2,29.75,7,2025-10-23,2025-10-23T23:30:00Z,
478,401809236676,676,16,Full Timeout,Thunder Full timeout,101,104,4,4th Quarter,4:49,FALSE,0,25,,,,2025-10-24T01:59:45Z,FALSE,-214748340,-214748365,0,Timeout,2026,2,11,Indiana,Pacers,IND,Indiana,25,Oklahoma City,Thunder,OKC,Oklahoma City,2.5,TRUE,FALSE,2.5,4,4:49,4,49,FALSE,FALSE,2,2,4,2,289,289,289,289,289,289,4,4,2,-214748406.75,-214748365,2025-10-23,2025-10-23T23:30:00Z,
479,401809236677,677,584,Substitution,Shai Gilgeous-Alexander enters the game for Aaron Wiggins,101,104,4,4th Quarter,4:49,FALSE,0,25,4278073,4397183,,2025-10-24T02:02:24Z,FALSE,-214748340,-214748365,0,Substitution,2026,2,11,Indiana,Pacers,IND,Indiana,25,Oklahoma City,Thunder,OKC,Oklahoma City,2.5,TRUE,FALSE,2.5,4,4:49,4,49,FALSE,FALSE,2,2,4,2,289,289,289,271,271,271,4,4,2,-214748406.75,-214748365,2025-10-23,2025-10-23T23:30:00Z,
480,401809236679,679,114,Turnaround Jump Shot,Shai Gilgeous-Alexander misses 14-foot two point shot,101,104,4,4th Quarter,4:31,FALSE,0,25,4278073,,,2025-10-24T02:03:29Z,TRUE,11,0,2,Missed FG,2026,2,11,Indiana,Pacers,IND,Indiana,25,Oklahoma City,Thunder,OKC,Oklahoma City,2.5,TRUE,FALSE,2.5,4,4:31,4,31,FALSE,FALSE,2,2,4,2,271,271,271,269,269,269,4,4,2,-41.75,-14,2025-10-23,2025-10-23T23:30:00Z,
481,401809236680,680,155,Defensive Rebound,Obi Toppin defensive rebound,101,104,4,4th Quarter,4:29,FALSE,0,11,4278355,,,2025-10-24T02:03:31Z,FALSE,11,0,0,Rebound,2026,2,11,Indiana,Pacers,IND,Indiana,25,Oklahoma City,Thunder,OKC,Oklahoma City,2.5,TRUE,FALSE,2.5,4,4:29,4,29,FALSE,FALSE,2,2,4,2,269,269,269,263,263,263,4,4,2,41.75,14,2025-10-23,2025-10-23T23:30:00Z,
482,401809236681,681,64,Traveling,Obi Toppin traveling,101,104,4,4th Quarter,4:23,FALSE,0,11,4278355,,,2025-10-24T02:03:39Z,FALSE,1,6,0,Turnover,2026,2,11,Indiana,Pacers,IND,Indiana,25,Oklahoma City,Thunder,OKC,Oklahoma City,2.5,TRUE,FALSE,2.5,4,4:23,4,23,FALSE,FALSE,2,2,4,2,263,263,263,250,250,250,4,4,2,35.75,24,2025-10-23,2025-10-23T23:30:00Z,
483,401809236682,682,110,Driving Layup Shot,Ajay Mitchell makes driving layup,103,104,4,4th Quarter,4:10,TRUE,2,25,4900671,,,2025-10-24T02:04:06Z,TRUE,21,2,2,+2 Points,2026,2,11,Indiana,Pacers,IND,Indiana,25,Oklahoma City,Thunder,OKC,Oklahoma City,2.5,TRUE,FALSE,2.5,4,4:10,4,10,FALSE,FALSE,2,2,4,2,250,250,250,236,236,236,4,4,2,-39.75,-4,2025-10-23,2025-10-23T23:30:00Z,
484,401809236683,683,144,Driving Floating Jump Shot,Pascal Siakam misses driving floating jump shot,103,104,4,4th Quarter,3:56,FALSE,0,11,3149673,,,2025-10-24T02:04:20Z,TRUE,19,10,2,Missed FG,2026,2,11,Indiana,Pacers,IND,Indiana,25,Oklahoma City,Thunder,OKC,Oklahoma City,2.5,TRUE,FALSE,2.5,4,3:56,3,56,FALSE,FALSE,2,2,4,2,236,236,236,233,233,233,4,4,2,31.75,6,2025-10-23,2025-10-23T23:30:00Z,
485,401809236684,684,155,Defensive Rebound,Chet Holmgren defensive rebound,103,104,4,4th Quarter,3:53,FALSE,0,25,4433255,,,2025-10-24T02:04:23Z,FALSE,19,10,0,Rebound,2026,2,11,Indiana,Pacers,IND,Indiana,25,Oklahoma City,Thunder,OKC,Oklahoma City,2.5,TRUE,FALSE,2.5,4,3:53,3,53,FALSE,FALSE,2,2,4,2,233,233,233,212,212,212,4,4,2,-31.75,-6,2025-10-23,2025-10-23T23:30:00Z,
486,401809236685,685,131,Pullup Jump Shot,Shai Gilgeous-Alexander misses 15-foot pullup jump shot,103,104,4,4th Quarter,3:32,FALSE,0,25,4278073,,,2025-10-24T02:04:44Z,TRUE,15,12,2,Missed FG,2026,2,11,Indiana,Pacers,IND,Indiana,25,Oklahoma City,Thunder,OKC,Oklahoma City,2.5,TRUE,FALSE,2.5,4,3:32,3,32,FALSE,FALSE,2,2,4,2,212,212,212,209,209,209,4,4,2,-29.75,-10,2025-10-23,2025-10-23T23:30:00Z,
487,401809236686,686,155,Defensive Rebound,Bennedict Mathurin defensive rebound,103,104,4,4th Quarter,3:29,FALSE,0,11,4683634,,,2025-10-24T02:04:47Z,FALSE,15,12,0,Rebound,2026,2,11,Indiana,Pacers,IND,Indiana,25,Oklahoma City,Thunder,OKC,Oklahoma City,2.5,TRUE,FALSE,2.5,4,3:29,3,29,FALSE,FALSE,2,2,4,2,209,209,209,202,202,202,4,4,2,29.75,10,2025-10-23,2025-10-23T23:30:00Z,
488,401809236687,687,44,Shooting Foul,Shai Gilgeous-Alexander shooting foul,103,104,4,4th Quarter,3:22,FALSE,0,25,4278073,,,2025-10-24T02:04:55Z,FALSE,23,6,0,Foul,2026,2,11,Indiana,Pacers,IND,Indiana,25,Oklahoma City,Thunder,OKC,Oklahoma City,2.5,TRUE,FALSE,2.5,4,3:22,3,22,FALSE,FALSE,2,2,4,2,202,202,202,202,202,202,4,4,2,-35.75,-2,2025-10-23,2025-10-23T23:30:00Z,
489,401809236689,689,98,Free Throw - 1 of 2,Bennedict Mathurin makes free throw 1 of 2,103,105,4,4th Quarter,3:22,TRUE,1,11,4683634,,,2025-10-24T02:05:26Z,TRUE,25,13.75,1,+1 Point,2026,2,11,Indiana,Pacers,IND,Indiana,25,Oklahoma City,Thunder,OKC,Oklahoma City,2.5,TRUE,FALSE,2.5,4,3:22,3,22,FALSE,FALSE,2,2,4,2,202,202,202,202,202,202,4,4,2,28,-0,2025-10-23,2025-10-23T23:30:00Z,
490,401809236690,690,16,Full Timeout,Thunder Full timeout,103,105,4,4th Quarter,3:22,FALSE,0,25,,,,2025-10-24T02:05:30Z,FALSE,-214748340,-214748365,0,Timeout,2026,2,11,Indiana,Pacers,IND,Indiana,25,Oklahoma City,Thunder,OKC,Oklahoma City,2.5,TRUE,FALSE,2.5,4,3:22,3,22,FALSE,FALSE,2,2,4,2,202,202,202,202,202,202,4,4,2,-214748406.75,-214748365,2025-10-23,2025-10-23T23:30:00Z,
491,401809236691,691,99,Free Throw - 2 of 2,Bennedict Mathurin misses free throw 2 of 2,103,105,4,4th Quarter,3:22,FALSE,0,11,4683634,,,2025-10-24T02:05:26Z,TRUE,25,13.75,1,Missed FT,2026,2,11,Indiana,Pacers,IND,Indiana,25,Oklahoma City,Thunder,OKC,Oklahoma City,2.5,TRUE,FALSE,2.5,4,3:22,3,22,FALSE,FALSE,2,2,4,2,202,202,202,201,201,201,4,4,2,28,-0,2025-10-23,2025-10-23T23:30:00Z,
492,401809236692,692,155,Defensive Rebound,Shai Gilgeous-Alexander defensive rebound,103,105,4,4th Quarter,3:21,FALSE,0,25,4278073,,,2025-10-24T02:05:27Z,FALSE,-214748340,-214748365,0,Rebound,2026,2,11,Indiana,Pacers,IND,Indiana,25,Oklahoma City,Thunder,OKC,Oklahoma City,2.5,TRUE,FALSE,2.5,4,3:21,3,21,FALSE,FALSE,2,2,4,2,201,201,201,190,190,190,4,4,2,-214748406.75,-214748365,2025-10-23,2025-10-23T23:30:00Z,
493,401809236693,693,44,Shooting Foul,Obi Toppin shooting foul,103,105,4,4th Quarter,3:10,FALSE,0,11,4278355,,,2025-10-24T02:07:42Z,FALSE,35,16,0,Foul,2026,2,11,Indiana,Pacers,IND,Indiana,25,Oklahoma City,Thunder,OKC,Oklahoma City,2.5,TRUE,FALSE,2.5,4,3:10,3,10,FALSE,FALSE,2,2,4,2,190,190,190,190,190,190,4,4,2,25.75,-10,2025-10-23,2025-10-23T23:30:00Z,
494,401809236695,695,98,Free Throw - 1 of 2,Shai Gilgeous-Alexander misses free throw 1 of 2,103,105,4,4th Quarter,3:10,FALSE,0,25,4278073,,,2025-10-24T02:08:06Z,TRUE,25,13.75,1,Missed FT,2026,2,11,Indiana,Pacers,IND,Indiana,25,Oklahoma City,Thunder,OKC,Oklahoma City,2.5,TRUE,FALSE,2.5,4,3:10,3,10,FALSE,FALSE,2,2,4,2,190,190,190,190,190,190,4,4,2,-28,0,2025-10-23,2025-10-23T23:30:00Z,
495,401809236696,696,156,Offensive Rebound,Thunder offensive team rebound,103,105,4,4th Quarter,3:10,FALSE,0,25,,,,2025-10-24T02:08:06Z,FALSE,-214748340,-214748365,0,Rebound,2026,2,11,Indiana,Pacers,IND,Indiana,25,Oklahoma City,Thunder,OKC,Oklahoma City,2.5,TRUE,FALSE,2.5,4,3:10,3,10,FALSE,FALSE,2,2,4,2,190,190,190,190,190,190,4,4,2,-214748406.75,-214748365,2025-10-23,2025-10-23T23:30:00Z,
496,401809236697,697,99,Free Throw - 2 of 2,Shai Gilgeous-Alexander makes free throw 2 of 2,104,105,4,4th Quarter,3:10,TRUE,1,25,4278073,,,2025-10-24T02:08:20Z,TRUE,25,13.75,1,+1 Point,2026,2,11,Indiana,Pacers,IND,Indiana,25,Oklahoma City,Thunder,OKC,Oklahoma City,2.5,TRUE,FALSE,2.5,4,3:10,3,10,FALSE,FALSE,2,2,4,2,190,190,190,177,177,177,4,4,2,-28,0,2025-10-23,2025-10-23T23:30:00Z,
497,401809236698,698,144,Driving Floating Jump Shot,Bennedict Mathurin makes 11-foot driving floating jump shot,104,107,4,4th Quarter,2:57,TRUE,2,11,4683634,,,2025-10-24T02:08:39Z,TRUE,24,12,2,+2 Points,2026,2,11,Indiana,Pacers,IND,Indiana,25,Oklahoma City,Thunder,OKC,Oklahoma City,2.5,TRUE,FALSE,2.5,4,2:57,2,57,FALSE,FALSE,2,2,4,2,177,177,177,177,177,177,4,4,2,29.75,1,2025-10-23,2025-10-23T23:30:00Z,
498,401809236699,699,44,Shooting Foul,Luguentz Dort shooting foul,104,107,4,4th Quarter,2:57,FALSE,0,25,4397020,,,2025-10-24T02:08:41Z,FALSE,24,12,0,Foul,2026,2,11,Indiana,Pacers,IND,Indiana,25,Oklahoma City,Thunder,OKC,Oklahoma City,2.5,TRUE,FALSE,2.5,4,2:57,2,57,FALSE,FALSE,2,2,4,2,177,177,177,177,177,177,4,4,2,-29.75,-1,2025-10-23,2025-10-23T23:30:00Z,
499,401809236701,701,97,Free Throw - 1 of 1,Bennedict Mathurin misses free throw 1 of 1,104,107,4,4th Quarter,2:57,FALSE,0,11,4683634,,,2025-10-24T02:09:07Z,TRUE,25,13.75,1,Missed FT,2026,2,11,Indiana,Pacers,IND,Indiana,25,Oklahoma City,Thunder,OKC,Oklahoma City,2.5,TRUE,FALSE,2.5,4,2:57,2,57,FALSE,FALSE,2,2,4,2,177,177,177,177,177,177,4,4,2,28,-0,2025-10-23,2025-10-23T23:30:00Z,
500,401809236702,702,155,Defensive Rebound,Shai Gilgeous-Alexander defensive rebound,104,107,4,4th Quarter,2:57,FALSE,0,25,4278073,,,2025-10-24T02:09:07Z,FALSE,-214748340,-214748365,0,Rebound,2026,2,11,Indiana,Pacers,IND,Indiana,25,Oklahoma City,Thunder,OKC,Oklahoma City,2.5,TRUE,FALSE,2.5,4,2:57,2,57,FALSE,FALSE,2,2,4,2,177,177,177,163,163,163,4,4,2,-214748406.75,-214748365,2025-10-23,2025-10-23T23:30:00Z,
501,401809236703,703,132,Step Back Jump Shot,Shai Gilgeous-Alexander makes 10-foot step back jumpshot,106,107,4,4th Quarter,2:43,TRUE,2,25,4278073,,,2025-10-24T02:09:22Z,TRUE,15,2,2,+2 Points,2026,2,11,Indiana,Pacers,IND,Indiana,25,Oklahoma City,Thunder,OKC,Oklahoma City,2.5,TRUE,FALSE,2.5,4,2:43,2,43,FALSE,FALSE,2,2,4,2,163,163,163,142,142,142,4,4,2,-39.75,-10,2025-10-23,2025-10-23T23:30:00Z,
502,401809236704,704,45,Personal Foul,Chet Holmgren personal foul,106,107,4,4th Quarter,2:22,FALSE,0,25,4433255,,,2025-10-24T02:09:44Z,FALSE,26,4,0,Foul,2026,2,11,Indiana,Pacers,IND,Indiana,25,Oklahoma City,Thunder,OKC,Oklahoma City,2.5,TRUE,FALSE,2.5,4,2:22,2,22,FALSE,FALSE,2,2,4,2,142,142,142,142,142,142,4,4,2,-37.75,1,2025-10-23,2025-10-23T23:30:00Z,
503,401809236706,706,98,Free Throw - 1 of 2,Bennedict Mathurin makes free throw 1 of 2,106,108,4,4th Quarter,2:22,TRUE,1,11,4683634,,,2025-10-24T02:10:16Z,TRUE,25,13.75,1,+1 Point,2026,2,11,Indiana,Pacers,IND,Indiana,25,Oklahoma City,Thunder,OKC,Oklahoma City,2.5,TRUE,FALSE,2.5,4,2:22,2,22,FALSE,FALSE,2,2,4,2,142,142,142,142,142,142,4,4,2,28,-0,2025-10-23,2025-10-23T23:30:00Z,
504,401809236707,707,99,Free Throw - 2 of 2,Bennedict Mathurin makes free throw 2 of 2,106,109,4,4th Quarter,2:22,TRUE,1,11,4683634,,,2025-10-24T02:10:38Z,TRUE,25,13.75,1,+1 Point,2026,2,11,Indiana,Pacers,IND,Indiana,25,Oklahoma City,Thunder,OKC,Oklahoma City,2.5,TRUE,FALSE,2.5,4,2:22,2,22,FALSE,FALSE,2,2,4,2,142,142,142,126,126,126,4,4,2,28,-0,2025-10-23,2025-10-23T23:30:00Z,
505,401809236708,708,128,Driving Finger Roll Layup,Ajay Mitchell makes 3-foot two point shot (Shai Gilgeous-Alexander assists),108,109,4,4th Quarter,2:06,TRUE,2,25,4900671,4278073,,2025-10-24T02:10:55Z,TRUE,28,2,2,+2 Points,2026,2,11,Indiana,Pacers,IND,Indiana,25,Oklahoma City,Thunder,OKC,Oklahoma City,2.5,TRUE,FALSE,2.5,4,2:06,2,6,FALSE,FALSE,2,2,4,2,126,126,126,109,109,109,4,4,2,-39.75,3,2025-10-23,2025-10-23T23:30:00Z,
506,401809236710,710,92,Jump Shot,Pascal Siakam misses 19-foot jumper,108,109,4,4th Quarter,1:49,FALSE,0,11,3149673,,,2025-10-24T02:11:13Z,TRUE,26,20,2,Missed FG,2026,2,11,Indiana,Pacers,IND,Indiana,25,Oklahoma City,Thunder,OKC,Oklahoma City,2.5,TRUE,FALSE,2.5,4,1:49,1,49,FALSE,FALSE,2,2,4,2,109,109,109,106,106,106,4,4,2,21.75,-1,2025-10-23,2025-10-23T23:30:00Z,
507,401809236711,711,155,Defensive Rebound,Chet Holmgren defensive rebound,108,109,4,4th Quarter,1:46,FALSE,0,25,4433255,,,2025-10-24T02:11:16Z,FALSE,26,20,0,Rebound,2026,2,11,Indiana,Pacers,IND,Indiana,25,Oklahoma City,Thunder,OKC,Oklahoma City,2.5,TRUE,FALSE,2.5,4,1:46,1,46,FALSE,FALSE,2,2,4,2,106,106,106,97,97,97,4,4,2,-21.75,1,2025-10-23,2025-10-23T23:30:00Z,
508,401809236712,712,128,Driving Finger Roll Layup,Shai Gilgeous-Alexander makes 4-foot two point shot,110,109,4,4th Quarter,1:37,TRUE,2,25,4278073,,,2025-10-24T02:11:24Z,TRUE,29,3,2,+2 Points,2026,2,11,Indiana,Pacers,IND,Indiana,25,Oklahoma City,Thunder,OKC,Oklahoma City,2.5,TRUE,FALSE,2.5,4,1:37,1,37,FALSE,FALSE,2,2,4,2,97,97,97,82,82,82,4,4,2,-38.75,4,2025-10-23,2025-10-23T23:30:00Z,
509,401809236713,713,126,Layup Driving Reverse,Jarace Walker makes two point shot (Pascal Siakam assists),110,111,4,4th Quarter,1:22,TRUE,2,11,5106060,3149673,,2025-10-24T02:11:42Z,TRUE,26,2,2,+2 Points,2026,2,11,Indiana,Pacers,IND,Indiana,25,Oklahoma City,Thunder,OKC,Oklahoma City,2.5,TRUE,FALSE,2.5,4,1:22,1,22,FALSE,FALSE,2,2,4,2,82,82,82,74,74,74,4,4,2,39.75,-1,2025-10-23,2025-10-23T23:30:00Z,
510,401809236715,715,44,Shooting Foul,Jarace Walker shooting foul,110,111,4,4th Quarter,1:14,FALSE,0,11,5106060,,,2025-10-24T02:11:53Z,FALSE,23,2,0,Foul,2026,2,11,Indiana,Pacers,IND,Indiana,25,Oklahoma City,Thunder,OKC,Oklahoma City,2.5,TRUE,FALSE,2.5,4,1:14,1,14,FALSE,FALSE,2,2,4,2,74,74,74,74,74,74,4,4,2,39.75,2,2025-10-23,2025-10-23T23:30:00Z,
511,401809236717,717,98,Free Throw - 1 of 2,Chet Holmgren makes free throw 1 of 2,111,111,4,4th Quarter,1:14,TRUE,1,25,4433255,,,2025-10-24T02:12:30Z,TRUE,25,13.75,1,+1 Point,2026,2,11,Indiana,Pacers,IND,Indiana,25,Oklahoma City,Thunder,OKC,Oklahoma City,2.5,TRUE,FALSE,2.5,4,1:14,1,14,FALSE,FALSE,2,2,4,2,74,74,74,74,74,74,4,4,2,-28,0,2025-10-23,2025-10-23T23:30:00Z,
512,401809236718,718,99,Free Throw - 2 of 2,Chet Holmgren makes free throw 2 of 2,112,111,4,4th Quarter,1:14,TRUE,1,25,4433255,,,2025-10-24T02:12:50Z,TRUE,25,13.75,1,+1 Point,2026,2,11,Indiana,Pacers,IND,Indiana,25,Oklahoma City,Thunder,OKC,Oklahoma City,2.5,TRUE,FALSE,2.5,4,1:14,1,14,FALSE,FALSE,2,2,4,2,74,74,74,60,60,60,4,4,2,-28,0,2025-10-23,2025-10-23T23:30:00Z,
513,401809236719,719,132,Step Back Jump Shot,Bennedict Mathurin misses 28-foot three point step back jumpshot,112,111,4,4th Quarter,1:00,FALSE,0,11,4683634,,,2025-10-24T02:13:05Z,TRUE,12,26,3,Missed 3PT,2026,2,11,Indiana,Pacers,IND,Indiana,25,Oklahoma City,Thunder,OKC,Oklahoma City,2.5,TRUE,FALSE,2.5,4,1:00,1,0,FALSE,FALSE,2,2,4,2,60,60,60,57.6,57.6,57.6,4,4,2,15.75,13,2025-10-23,2025-10-23T23:30:00Z,
514,401809236720,720,155,Defensive Rebound,Isaiah Hartenstein defensive rebound,112,111,4,4th Quarter,0:57.6,FALSE,0,25,4222252,,,2025-10-24T02:13:07Z,FALSE,12,26,0,Rebound,2026,2,11,Indiana,Pacers,IND,Indiana,25,Oklahoma City,Thunder,OKC,Oklahoma City,2.5,TRUE,FALSE,2.5,4,0:57.6,0,57.6,FALSE,FALSE,2,2,4,2,57.6,57.6,57.6,37.9,37.9,37.9,4,4,2,-15.75,-13,2025-10-23,2025-10-23T23:30:00Z,
515,401809236721,721,131,Pullup Jump Shot,Shai Gilgeous-Alexander misses 27-foot three point pullup jump shot,112,111,4,4th Quarter,0:37.9,FALSE,0,25,4278073,,,2025-10-24T02:13:28Z,TRUE,40,23,3,Missed 3PT,2026,2,11,Indiana,Pacers,IND,Indiana,25,Oklahoma City,Thunder,OKC,Oklahoma City,2.5,TRUE,FALSE,2.5,4,0:37.9,0,37.9,FALSE,FALSE,2,2,4,2,37.9,37.9,37.9,34.1,34.1,34.1,4,4,2,-18.75,15,2025-10-23,2025-10-23T23:30:00Z,
516,401809236722,722,155,Defensive Rebound,Ben Sheppard defensive rebound,112,111,4,4th Quarter,0:34.1,FALSE,0,11,4433076,,,2025-10-24T02:13:32Z,FALSE,40,23,0,Rebound,2026,2,11,Indiana,Pacers,IND,Indiana,25,Oklahoma City,Thunder,OKC,Oklahoma City,2.5,TRUE,FALSE,2.5,4,0:34.1,0,34.1,FALSE,FALSE,2,2,4,2,34.1,34.1,34.1,17,17,17,4,4,2,18.75,-15,2025-10-23,2025-10-23T23:30:00Z,
517,401809236723,723,131,Pullup Jump Shot,Pascal Siakam misses 25-foot three point pullup jump shot,112,111,4,4th Quarter,0:17.0,FALSE,0,11,3149673,,,2025-10-24T02:13:49Z,TRUE,23,26,3,Missed 3PT,2026,2,11,Indiana,Pacers,IND,Indiana,25,Oklahoma City,Thunder,OKC,Oklahoma City,2.5,TRUE,FALSE,2.5,4,0:17.0,0,17,FALSE,FALSE,2,2,4,2,17,17,17,13,13,13,4,4,2,15.75,2,2025-10-23,2025-10-23T23:30:00Z,
518,401809236724,724,155,Defensive Rebound,Isaiah Hartenstein defensive rebound,112,111,4,4th Quarter,0:13.0,FALSE,0,25,4222252,,,2025-10-24T02:13:53Z,FALSE,23,26,0,Rebound,2026,2,11,Indiana,Pacers,IND,Indiana,25,Oklahoma City,Thunder,OKC,Oklahoma City,2.5,TRUE,FALSE,2.5,4,0:13.0,0,13,FALSE,FALSE,2,2,4,2,13,13,13,13,13,13,4,4,2,-15.75,-2,2025-10-23,2025-10-23T23:30:00Z,
519,401809236725,725,22,Personal Take Foul,Obi Toppin personal take foul,112,111,4,4th Quarter,0:13.0,FALSE,0,11,4278355,,,2025-10-24T02:13:59Z,FALSE,32,19,0,Foul,2026,2,11,Indiana,Pacers,IND,Indiana,25,Oklahoma City,Thunder,OKC,Oklahoma City,2.5,TRUE,FALSE,2.5,4,0:13.0,0,13,FALSE,FALSE,2,2,4,2,13,13,13,13,13,13,4,4,2,22.75,-7,2025-10-23,2025-10-23T23:30:00Z,
520,401809236727,727,98,Free Throw - 1 of 2,Shai Gilgeous-Alexander makes free throw 1 of 2,113,111,4,4th Quarter,0:13.0,TRUE,1,25,4278073,,,2025-10-24T02:14:30Z,TRUE,25,13.75,1,+1 Point,2026,2,11,Indiana,Pacers,IND,Indiana,25,Oklahoma City,Thunder,OKC,Oklahoma City,2.5,TRUE,FALSE,2.5,4,0:13.0,0,13,FALSE,FALSE,2,2,4,2,13,13,13,13,13,13,4,4,2,-28,0,2025-10-23,2025-10-23T23:30:00Z,
521,401809236728,728,99,Free Throw - 2 of 2,Shai Gilgeous-Alexander misses free throw 2 of 2,113,111,4,4th Quarter,0:13.0,FALSE,0,25,4278073,,,2025-10-24T02:14:30Z,TRUE,25,13.75,1,Missed FT,2026,2,11,Indiana,Pacers,IND,Indiana,25,Oklahoma City,Thunder,OKC,Oklahoma City,2.5,TRUE,FALSE,2.5,4,0:13.0,0,13,FALSE,FALSE,2,2,4,2,13,13,13,11.8,11.8,11.8,4,4,2,-28,0,2025-10-23,2025-10-23T23:30:00Z,
522,401809236729,729,155,Defensive Rebound,Ben Sheppard defensive rebound,113,111,4,4th Quarter,0:11.8,FALSE,0,11,4433076,,,2025-10-24T02:14:31Z,FALSE,-214748340,-214748365,0,Rebound,2026,2,11,Indiana,Pacers,IND,Indiana,25,Oklahoma City,Thunder,OKC,Oklahoma City,2.5,TRUE,FALSE,2.5,4,0:11.8,0,11.8,FALSE,FALSE,2,2,4,2,11.8,11.8,11.8,11.8,11.8,11.8,4,4,2,214748406.75,214748365,2025-10-23,2025-10-23T23:30:00Z,
523,401809236730,730,16,Full Timeout,Pacers Full timeout,113,111,4,4th Quarter,0:11.8,FALSE,0,11,,,,2025-10-24T02:14:53Z,FALSE,-214748340,-214748365,0,Timeout,2026,2,11,Indiana,Pacers,IND,Indiana,25,Oklahoma City,Thunder,OKC,Oklahoma City,2.5,TRUE,FALSE,2.5,4,0:11.8,0,11.8,FALSE,FALSE,2,2,4,2,11.8,11.8,11.8,6.8,6.8,6.8,4,4,2,214748406.75,214748365,2025-10-23,2025-10-23T23:30:00Z,
524,401809236731,731,131,Pullup Jump Shot,Pascal Siakam makes 21-foot pullup jump shot,113,113,4,4th Quarter,0:6.8,TRUE,2,11,3149673,,,2025-10-24T02:16:51Z,TRUE,34,20,2,+2 Points,2026,2,11,Indiana,Pacers,IND,Indiana,25,Oklahoma City,Thunder,OKC,Oklahoma City,2.5,TRUE,FALSE,2.5,4,0:6.8,0,6.8,FALSE,FALSE,2,2,4,2,6.8,6.8,6.8,6.5,6.5,6.5,4,4,2,21.75,-9,2025-10-23,2025-10-23T23:30:00Z,
525,401809236732,732,16,Full Timeout,Thunder Full timeout,113,113,4,4th Quarter,0:6.5,FALSE,0,25,,,,2025-10-24T02:16:57Z,FALSE,-214748340,-214748365,0,Timeout,2026,2,11,Indiana,Pacers,IND,Indiana,25,Oklahoma City,Thunder,OKC,Oklahoma City,2.5,TRUE,FALSE,2.5,4,0:6.5,0,6.5,FALSE,FALSE,2,2,4,2,6.5,6.5,6.5,2,2,2,4,4,2,-214748406.75,-214748365,2025-10-23,2025-10-23T23:30:00Z,
526,401809236733,733,131,Pullup Jump Shot,Shai Gilgeous-Alexander misses 28-foot three point pullup jump shot,113,113,4,4th Quarter,0:2.0,FALSE,0,25,4278073,,,2025-10-24T02:18:50Z,TRUE,34,27,3,Missed 3PT,2026,2,11,Indiana,Pacers,IND,Indiana,25,Oklahoma City,Thunder,OKC,Oklahoma City,2.5,TRUE,FALSE,2.5,4,0:2.0,0,2,FALSE,FALSE,2,2,4,2,2,2,2,2,2,2,4,4,2,-14.75,9,2025-10-23,2025-10-23T23:30:00Z,
527,401809236734,734,155,Defensive Rebound,Pascal Siakam defensive rebound,113,113,4,4th Quarter,0:2.0,FALSE,0,11,3149673,,,2025-10-24T02:18:50Z,FALSE,34,27,0,Rebound,2026,2,11,Indiana,Pacers,IND,Indiana,25,Oklahoma City,Thunder,OKC,Oklahoma City,2.5,TRUE,FALSE,2.5,4,0:2.0,0,2,FALSE,FALSE,2,2,4,2,2,2,2,0,0,0,4,4,2,14.75,-9,2025-10-23,2025-10-23T23:30:00Z,
528,401809236735,735,412,End Period,End of the 4th Quarter,113,113,4,4th Quarter,0:0.0,FALSE,0,,,,,2025-10-24T02:18:55Z,FALSE,-214748340,-214748365,0,End of 4th,2026,2,11,Indiana,Pacers,IND,Indiana,25,Oklahoma City,Thunder,OKC,Oklahoma City,2.5,TRUE,FALSE,2.5,4,0:0.0,0,0,FALSE,FALSE,2,2,5,2,0,0,0,300,300,300,4,4,2,-214748406.75,-214748365,2025-10-23,2025-10-23T23:30:00Z,
529,401809236736,736,584,Substitution,Aaron Wiggins enters the game for Chet Holmgren,113,113,5,OT,5:00,FALSE,0,25,4397183,4433255,,2025-10-24T02:20:44Z,FALSE,-214748340,-214748365,0,Substitution,2026,2,11,Indiana,Pacers,IND,Indiana,25,Oklahoma City,Thunder,OKC,Oklahoma City,2.5,TRUE,FALSE,2.5,5,5:00,5,0,FALSE,FALSE,2,2,5,2,300,300,300,300,300,300,5,4,2,-214748406.75,-214748365,2025-10-23,2025-10-23T23:30:00Z,
530,401809236740,740,615,Jumpball,Isaiah Hartenstein vs. Obi Toppin (Pascal Siakam gains possession),113,113,5,OT,5:00,FALSE,0,11,4278355,4222252,3149673,2025-10-24T02:21:56Z,FALSE,-214748340,-214748365,0,Jump Ball,2026,2,11,Indiana,Pacers,IND,Indiana,25,Oklahoma City,Thunder,OKC,Oklahoma City,2.5,TRUE,FALSE,2.5,5,5:00,5,0,FALSE,FALSE,2,2,5,2,300,300,300,279,279,279,5,5,2,214748406.75,214748365,2025-10-23,2025-10-23T23:30:00Z,
531,401809236743,743,92,Jump Shot,Obi Toppin misses 25-foot three point jumper,113,113,5,OT,4:39,FALSE,0,11,4278355,,,2025-10-24T02:22:15Z,TRUE,1,9,3,Missed 3PT,2026,2,11,Indiana,Pacers,IND,Indiana,25,Oklahoma City,Thunder,OKC,Oklahoma City,2.5,TRUE,FALSE,2.5,5,4:39,4,39,FALSE,FALSE,2,2,5,2,279,279,279,276,276,276,5,5,2,32.75,24,2025-10-23,2025-10-23T23:30:00Z,
532,401809236744,744,156,Offensive Rebound,Pacers offensive team rebound,113,113,5,OT,4:36,FALSE,0,11,,,,2025-10-24T02:22:19Z,FALSE,1,9,0,Rebound,2026,2,11,Indiana,Pacers,IND,Indiana,25,Oklahoma City,Thunder,OKC,Oklahoma City,2.5,TRUE,FALSE,2.5,5,4:36,4,36,FALSE,FALSE,2,2,5,2,276,276,276,276,276,276,5,5,2,32.75,24,2025-10-23,2025-10-23T23:30:00Z,
533,401809236745,745,43,Loose Ball Foul,Shai Gilgeous-Alexander loose ball foul,113,113,5,OT,4:36,FALSE,0,25,4278073,,,2025-10-24T02:22:21Z,FALSE,28,4,0,Foul,2026,2,11,Indiana,Pacers,IND,Indiana,25,Oklahoma City,Thunder,OKC,Oklahoma City,2.5,TRUE,FALSE,2.5,5,4:36,4,36,FALSE,FALSE,2,2,5,2,276,276,276,272,272,272,5,5,2,-37.75,3,2025-10-23,2025-10-23T23:30:00Z,
534,401809236747,747,45,Personal Foul,Ajay Mitchell personal foul,113,113,5,OT,4:32,FALSE,0,25,4900671,,,2025-10-24T02:22:43Z,FALSE,27,24,0,Foul,2026,2,11,Indiana,Pacers,IND,Indiana,25,Oklahoma City,Thunder,OKC,Oklahoma City,2.5,TRUE,FALSE,2.5,5,4:32,4,32,FALSE,FALSE,2,2,5,2,272,272,272,257,257,257,5,5,2,-17.75,2,2025-10-23,2025-10-23T23:30:00Z,
535,401809236749,749,131,Pullup Jump Shot,Bennedict Mathurin misses 21-foot pullup jump shot,113,113,5,OT,4:17,FALSE,0,11,4683634,,,2025-10-24T02:23:13Z,TRUE,4,6,2,Missed FG,2026,2,11,Indiana,Pacers,IND,Indiana,25,Oklahoma City,Thunder,OKC,Oklahoma City,2.5,TRUE,FALSE,2.5,5,4:17,4,17,FALSE,FALSE,2,2,5,2,257,257,257,256,256,256,5,5,2,35.75,21,2025-10-23,2025-10-23T23:30:00Z,
536,401809236750,750,156,Offensive Rebound,Ben Sheppard offensive rebound,113,113,5,OT,4:16,FALSE,0,11,4433076,,,2025-10-24T02:23:14Z,FALSE,4,6,0,Rebound,2026,2,11,Indiana,Pacers,IND,Indiana,25,Oklahoma City,Thunder,OKC,Oklahoma City,2.5,TRUE,FALSE,2.5,5,4:16,4,16,FALSE,FALSE,2,2,5,2,256,256,256,253,253,253,5,5,2,35.75,21,2025-10-23,2025-10-23T23:30:00Z,
537,401809236751,751,92,Jump Shot,Ben Sheppard misses 27-foot three point jumper,113,113,5,OT,4:13,FALSE,0,11,4433076,,,2025-10-24T02:23:17Z,TRUE,31,27,3,Missed 3PT,2026,2,11,Indiana,Pacers,IND,Indiana,25,Oklahoma City,Thunder,OKC,Oklahoma City,2.5,TRUE,FALSE,2.5,5,4:13,4,13,FALSE,FALSE,2,2,5,2,253,253,253,250,250,250,5,5,2,14.75,-6,2025-10-23,2025-10-23T23:30:00Z,
538,401809236752,752,155,Defensive Rebound,Shai Gilgeous-Alexander defensive rebound,113,113,5,OT,4:10,FALSE,0,25,4278073,,,2025-10-24T02:23:20Z,FALSE,31,27,0,Rebound,2026,2,11,Indiana,Pacers,IND,Indiana,25,Oklahoma City,Thunder,OKC,Oklahoma City,2.5,TRUE,FALSE,2.5,5,4:10,4,10,FALSE,FALSE,2,2,5,2,250,250,250,247,247,247,5,5,2,-14.75,6,2025-10-23,2025-10-23T23:30:00Z,
539,401809236753,753,109,Running Layup Shot,Ajay Mitchell misses two point shot,113,113,5,OT,4:07,FALSE,0,25,4900671,,,2025-10-24T02:23:24Z,TRUE,22,3,2,Missed FG,2026,2,11,Indiana,Pacers,IND,Indiana,25,Oklahoma City,Thunder,OKC,Oklahoma City,2.5,TRUE,FALSE,2.5,5,4:07,4,7,FALSE,FALSE,2,2,5,2,247,247,247,244,244,244,5,5,2,-38.75,-3,2025-10-23,2025-10-23T23:30:00Z,
540,401809236754,754,155,Defensive Rebound,Pascal Siakam defensive rebound,113,113,5,OT,4:04,FALSE,0,11,3149673,,,2025-10-24T02:23:27Z,FALSE,22,3,0,Rebound,2026,2,11,Indiana,Pacers,IND,Indiana,25,Oklahoma City,Thunder,OKC,Oklahoma City,2.5,TRUE,FALSE,2.5,5,4:04,4,4,FALSE,FALSE,2,2,5,2,244,244,244,238,238,238,5,5,2,38.75,3,2025-10-23,2025-10-23T23:30:00Z,
541,401809236755,755,95,Layup Shot,Obi Toppin makes layup,113,115,5,OT,3:58,TRUE,2,11,4278355,,,2025-10-24T02:23:34Z,TRUE,23,3,2,+2 Points,2026,2,11,Indiana,Pacers,IND,Indiana,25,Oklahoma City,Thunder,OKC,Oklahoma City,2.5,TRUE,FALSE,2.5,5,3:58,3,58,FALSE,FALSE,2,2,5,2,238,238,238,221,221,221,5,5,2,38.75,2,2025-10-23,2025-10-23T23:30:00Z,
542,401809236756,756,131,Pullup Jump Shot,Shai Gilgeous-Alexander misses 26-foot three point pullup jump shot,113,115,5,OT,3:41,FALSE,0,25,4278073,,,2025-10-24T02:23:51Z,TRUE,31,26,3,Missed 3PT,2026,2,11,Indiana,Pacers,IND,Indiana,25,Oklahoma City,Thunder,OKC,Oklahoma City,2.5,TRUE,FALSE,2.5,5,3:41,3,41,FALSE,FALSE,2,2,5,2,221,221,221,218,218,218,5,5,2,-15.75,6,2025-10-23,2025-10-23T23:30:00Z,
543,401809236757,757,155,Defensive Rebound,Bennedict Mathurin defensive rebound,113,115,5,OT,3:38,FALSE,0,11,4683634,,,2025-10-24T02:23:54Z,FALSE,31,26,0,Rebound,2026,2,11,Indiana,Pacers,IND,Indiana,25,Oklahoma City,Thunder,OKC,Oklahoma City,2.5,TRUE,FALSE,2.5,5,3:38,3,38,FALSE,FALSE,2,2,5,2,218,218,218,210,210,210,5,5,2,15.75,-6,2025-10-23,2025-10-23T23:30:00Z,
544,401809236758,758,45,Personal Foul,Shai Gilgeous-Alexander personal foul,113,115,5,OT,3:30,FALSE,0,25,4278073,,,2025-10-24T02:24:02Z,FALSE,5,-1,0,Foul,2026,2,11,Indiana,Pacers,IND,Indiana,25,Oklahoma City,Thunder,OKC,Oklahoma City,2.5,TRUE,FALSE,2.5,5,3:30,3,30,FALSE,FALSE,2,2,5,2,210,210,210,210,210,210,5,5,2,-42.75,-20,2025-10-23,2025-10-23T23:30:00Z,
545,401809236760,760,584,Substitution,Chet Holmgren enters the game for Aaron Wiggins,113,115,5,OT,3:30,FALSE,0,25,4433255,4397183,,2025-10-24T02:24:09Z,FALSE,-214748340,-214748365,0,Substitution,2026,2,11,Indiana,Pacers,IND,Indiana,25,Oklahoma City,Thunder,OKC,Oklahoma City,2.5,TRUE,FALSE,2.5,5,3:30,3,30,FALSE,FALSE,2,2,5,2,210,210,210,206,206,206,5,5,2,-214748406.75,-214748365,2025-10-23,2025-10-23T23:30:00Z,
546,401809236762,762,45,Personal Foul,Luguentz Dort personal foul,113,115,5,OT,3:26,FALSE,0,25,4397020,,,2025-10-24T02:24:35Z,FALSE,48,18,0,Foul,2026,2,11,Indiana,Pacers,IND,Indiana,25,Oklahoma City,Thunder,OKC,Oklahoma City,2.5,TRUE,FALSE,2.5,5,3:26,3,26,FALSE,FALSE,2,2,5,2,206,206,206,206,206,206,5,5,2,-23.75,23,2025-10-23,2025-10-23T23:30:00Z,
547,401809236764,764,16,Full Timeout,Thunder Full timeout,113,115,5,OT,3:26,FALSE,0,25,,,,2025-10-24T02:24:56Z,FALSE,-214748340,-214748365,0,Timeout,2026,2,11,Indiana,Pacers,IND,Indiana,25,Oklahoma City,Thunder,OKC,Oklahoma City,2.5,TRUE,FALSE,2.5,5,3:26,3,26,FALSE,FALSE,2,2,5,2,206,206,206,206,206,206,5,5,2,-214748406.75,-214748365,2025-10-23,2025-10-23T23:30:00Z,
548,401809236765,765,216,Coach's Challenge (Stands),(03:26) [Thunder] COACH'S CHALLENGE (CALL STANDS) [Thunder] charged with a timeout,113,115,5,OT,3:26,FALSE,0,25,,,,2025-10-24T02:24:57Z,FALSE,-214748340,-214748365,0,Challenge,2026,2,11,Indiana,Pacers,IND,Indiana,25,Oklahoma City,Thunder,OKC,Oklahoma City,2.5,TRUE,FALSE,2.5,5,3:26,3,26,FALSE,FALSE,2,2,5,2,206,206,206,206,206,206,5,5,2,-214748406.75,-214748365,2025-10-23,2025-10-23T23:30:00Z,
549,401809236766,766,98,Free Throw - 1 of 2,Pascal Siakam makes free throw 1 of 2,113,116,5,OT,3:26,TRUE,1,11,3149673,,,2025-10-24T02:26:48Z,TRUE,25,13.75,1,+1 Point,2026,2,11,Indiana,Pacers,IND,Indiana,25,Oklahoma City,Thunder,OKC,Oklahoma City,2.5,TRUE,FALSE,2.5,5,3:26,3,26,FALSE,FALSE,2,2,5,2,206,206,206,206,206,206,5,5,2,28,-0,2025-10-23,2025-10-23T23:30:00Z,
550,401809236767,767,99,Free Throw - 2 of 2,Pascal Siakam misses free throw 2 of 2,113,116,5,OT,3:26,FALSE,0,11,3149673,,,2025-10-24T02:26:48Z,TRUE,25,13.75,1,Missed FT,2026,2,11,Indiana,Pacers,IND,Indiana,25,Oklahoma City,Thunder,OKC,Oklahoma City,2.5,TRUE,FALSE,2.5,5,3:26,3,26,FALSE,FALSE,2,2,5,2,206,206,206,203,203,203,5,5,2,28,-0,2025-10-23,2025-10-23T23:30:00Z,
551,401809236768,768,156,Offensive Rebound,Jarace Walker offensive rebound,113,116,5,OT,3:23,FALSE,0,11,5106060,,,2025-10-24T02:26:51Z,FALSE,-214748340,-214748365,0,Rebound,2026,2,11,Indiana,Pacers,IND,Indiana,25,Oklahoma City,Thunder,OKC,Oklahoma City,2.5,TRUE,FALSE,2.5,5,3:23,3,23,FALSE,FALSE,2,2,5,2,203,203,203,196,196,196,5,5,2,214748406.75,214748365,2025-10-23,2025-10-23T23:30:00Z,
552,401809236769,769,44,Shooting Foul,Shai Gilgeous-Alexander shooting foul,113,116,5,OT,3:16,FALSE,0,25,4278073,,,2025-10-24T02:27:17Z,FALSE,22,4,0,Foul,2026,2,11,Indiana,Pacers,IND,Indiana,25,Oklahoma City,Thunder,OKC,Oklahoma City,2.5,TRUE,FALSE,2.5,5,3:16,3,16,FALSE,FALSE,2,2,5,2,196,196,196,196,196,196,5,5,2,-37.75,-3,2025-10-23,2025-10-23T23:30:00Z,
553,401809236771,771,98,Free Throw - 1 of 2,Bennedict Mathurin makes free throw 1 of 2,113,117,5,OT,3:16,TRUE,1,11,4683634,,,2025-10-24T02:27:49Z,TRUE,25,13.75,1,+1 Point,2026,2,11,Indiana,Pacers,IND,Indiana,25,Oklahoma City,Thunder,OKC,Oklahoma City,2.5,TRUE,FALSE,2.5,5,3:16,3,16,FALSE,FALSE,2,2,5,2,196,196,196,196,196,196,5,5,2,28,-0,2025-10-23,2025-10-23T23:30:00Z,
554,401809236772,772,99,Free Throw - 2 of 2,Bennedict Mathurin makes free throw 2 of 2,113,118,5,OT,3:16,TRUE,1,11,4683634,,,2025-10-24T02:28:10Z,TRUE,25,13.75,1,+1 Point,2026,2,11,Indiana,Pacers,IND,Indiana,25,Oklahoma City,Thunder,OKC,Oklahoma City,2.5,TRUE,FALSE,2.5,5,3:16,3,16,FALSE,FALSE,2,2,5,2,196,196,196,176,176,176,5,5,2,28,-0,2025-10-23,2025-10-23T23:30:00Z,
555,401809236773,773,44,Shooting Foul,Jarace Walker shooting foul,113,118,5,OT,2:56,FALSE,0,11,5106060,,,2025-10-24T02:28:34Z,FALSE,13,6,0,Foul,2026,2,11,Indiana,Pacers,IND,Indiana,25,Oklahoma City,Thunder,OKC,Oklahoma City,2.5,TRUE,FALSE,2.5,5,2:56,2,56,FALSE,FALSE,2,2,5,2,176,176,176,176,176,176,5,5,2,35.75,12,2025-10-23,2025-10-23T23:30:00Z,
556,401809236775,775,98,Free Throw - 1 of 2,Shai Gilgeous-Alexander makes free throw 1 of 2,114,118,5,OT,2:56,TRUE,1,25,4278073,,,2025-10-24T02:29:05Z,TRUE,25,13.75,1,+1 Point,2026,2,11,Indiana,Pacers,IND,Indiana,25,Oklahoma City,Thunder,OKC,Oklahoma City,2.5,TRUE,FALSE,2.5,5,2:56,2,56,FALSE,FALSE,2,2,5,2,176,176,176,176,176,176,5,5,2,-28,0,2025-10-23,2025-10-23T23:30:00Z,
557,401809236776,776,99,Free Throw - 2 of 2,Shai Gilgeous-Alexander makes free throw 2 of 2,115,118,5,OT,2:56,TRUE,1,25,4278073,,,2025-10-24T02:29:19Z,TRUE,25,13.75,1,+1 Point,2026,2,11,Indiana,Pacers,IND,Indiana,25,Oklahoma City,Thunder,OKC,Oklahoma City,2.5,TRUE,FALSE,2.5,5,2:56,2,56,FALSE,FALSE,2,2,5,2,176,176,176,162,162,162,5,5,2,-28,0,2025-10-23,2025-10-23T23:30:00Z,
558,401809236777,777,131,Pullup Jump Shot,Pascal Siakam misses 17-foot pullup jump shot,115,118,5,OT,2:42,FALSE,0,11,3149673,,,2025-10-24T02:29:36Z,TRUE,12,12,2,Missed FG,2026,2,11,Indiana,Pacers,IND,Indiana,25,Oklahoma City,Thunder,OKC,Oklahoma City,2.5,TRUE,FALSE,2.5,5,2:42,2,42,FALSE,FALSE,2,2,5,2,162,162,162,162,162,162,5,5,2,29.75,13,2025-10-23,2025-10-23T23:30:00Z,
559,401809236778,778,155,Defensive Rebound,Thunder defensive team rebound,115,118,5,OT,2:42,FALSE,0,25,,,,2025-10-24T02:29:43Z,FALSE,12,12,0,Rebound,2026,2,11,Indiana,Pacers,IND,Indiana,25,Oklahoma City,Thunder,OKC,Oklahoma City,2.5,TRUE,FALSE,2.5,5,2:42,2,42,FALSE,FALSE,2,2,5,2,162,162,162,162,162,162,5,5,2,-29.75,-13,2025-10-23,2025-10-23T23:30:00Z,
560,401809236779,779,43,Loose Ball Foul,Bennedict Mathurin loose ball foul,115,118,5,OT,2:42,FALSE,0,11,4683634,,,2025-10-24T02:29:44Z,FALSE,29,5,0,Foul,2026,2,11,Indiana,Pacers,IND,Indiana,25,Oklahoma City,Thunder,OKC,Oklahoma City,2.5,TRUE,FALSE,2.5,5,2:42,2,42,FALSE,FALSE,2,2,5,2,162,162,162,148,148,148,5,5,2,36.75,-4,2025-10-23,2025-10-23T23:30:00Z,
561,401809236781,781,92,Jump Shot,Chet Holmgren misses 24-foot three point jumper,115,118,5,OT,2:28,FALSE,0,25,4433255,,,2025-10-24T02:30:13Z,TRUE,8,18,3,Missed 3PT,2026,2,11,Indiana,Pacers,IND,Indiana,25,Oklahoma City,Thunder,OKC,Oklahoma City,2.5,TRUE,FALSE,2.5,5,2:28,2,28,FALSE,FALSE,2,2,5,2,148,148,148,146,146,146,5,5,2,-23.75,-17,2025-10-23,2025-10-23T23:30:00Z,
562,401809236782,782,155,Defensive Rebound,Pacers defensive team rebound,115,118,5,OT,2:26,FALSE,0,11,,,,2025-10-24T02:30:15Z,FALSE,8,18,0,Rebound,2026,2,11,Indiana,Pacers,IND,Indiana,25,Oklahoma City,Thunder,OKC,Oklahoma City,2.5,TRUE,FALSE,2.5,5,2:26,2,26,FALSE,FALSE,2,2,5,2,146,146,146,146,146,146,5,5,2,23.75,17,2025-10-23,2025-10-23T23:30:00Z,
563,401809236783,783,12,Kicked Ball,Luguentz Dort kicked ball violation,115,118,5,OT,2:26,FALSE,0,25,4397020,,,2025-10-24T02:30:24Z,FALSE,-214748340,-214748365,0,Violation,2026,2,11,Indiana,Pacers,IND,Indiana,25,Oklahoma City,Thunder,OKC,Oklahoma City,2.5,TRUE,FALSE,2.5,5,2:26,2,26,FALSE,FALSE,2,2,5,2,146,146,146,129,129,129,5,5,2,-214748406.75,-214748365,2025-10-23,2025-10-23T23:30:00Z,
564,401809236784,784,92,Jump Shot,Obi Toppin misses 24-foot three point jumper,115,118,5,OT,2:09,FALSE,0,11,4278355,,,2025-10-24T02:30:49Z,TRUE,2,8,3,Missed 3PT,2026,2,11,Indiana,Pacers,IND,Indiana,25,Oklahoma City,Thunder,OKC,Oklahoma City,2.5,TRUE,FALSE,2.5,5,2:09,2,9,FALSE,FALSE,2,2,5,2,129,129,129,127,127,127,5,5,2,33.75,23,2025-10-23,2025-10-23T23:30:00Z,
565,401809236785,785,615,Jumpball,Chet Holmgren vs. Obi Toppin (Pascal Siakam gains possession),115,118,5,OT,2:07,FALSE,0,11,4278355,4433255,3149673,2025-10-24T02:31:33Z,FALSE,-214748340,-214748365,0,Jump Ball,2026,2,11,Indiana,Pacers,IND,Indiana,25,Oklahoma City,Thunder,OKC,Oklahoma City,2.5,TRUE,FALSE,2.5,5,2:07,2,7,FALSE,FALSE,2,2,5,2,127,127,127,127,127,127,5,5,2,214748406.75,214748365,2025-10-23,2025-10-23T23:30:00Z,
566,401809236788,788,156,Offensive Rebound,Pacers offensive team rebound,115,118,5,OT,2:07,FALSE,0,11,,,,2025-10-24T02:30:51Z,FALSE,2,8,0,Rebound,2026,2,11,Indiana,Pacers,IND,Indiana,25,Oklahoma City,Thunder,OKC,Oklahoma City,2.5,TRUE,FALSE,2.5,5,2:07,2,7,FALSE,FALSE,2,2,5,2,127,127,127,115,115,115,5,5,2,33.75,23,2025-10-23,2025-10-23T23:30:00Z,
567,401809236789,789,128,Driving Finger Roll Layup,Bennedict Mathurin misses two point shot,115,118,5,OT,1:55,FALSE,0,11,4683634,,,2025-10-24T02:31:45Z,TRUE,27,3,2,Missed FG,2026,2,11,Indiana,Pacers,IND,Indiana,25,Oklahoma City,Thunder,OKC,Oklahoma City,2.5,TRUE,FALSE,2.5,5,1:55,1,55,FALSE,FALSE,2,2,5,2,115,115,115,113,113,113,5,5,2,38.75,-2,2025-10-23,2025-10-23T23:30:00Z,
568,401809236790,790,155,Defensive Rebound,Isaiah Hartenstein defensive rebound,115,118,5,OT,1:53,FALSE,0,25,4222252,,,2025-10-24T02:31:47Z,FALSE,27,3,0,Rebound,2026,2,11,Indiana,Pacers,IND,Indiana,25,Oklahoma City,Thunder,OKC,Oklahoma City,2.5,TRUE,FALSE,2.5,5,1:53,1,53,FALSE,FALSE,2,2,5,2,113,113,113,106,106,106,5,5,2,-38.75,2,2025-10-23,2025-10-23T23:30:00Z,
569,401809236791,791,144,Driving Floating Jump Shot,Ajay Mitchell makes 4-foot driving floating jump shot,117,118,5,OT,1:46,TRUE,2,25,4900671,,,2025-10-24T02:31:55Z,TRUE,26,4,2,+2 Points,2026,2,11,Indiana,Pacers,IND,Indiana,25,Oklahoma City,Thunder,OKC,Oklahoma City,2.5,TRUE,FALSE,2.5,5,1:46,1,46,FALSE,FALSE,2,2,5,2,106,106,106,106,106,106,5,5,2,-37.75,1,2025-10-23,2025-10-23T23:30:00Z,
570,401809236792,792,44,Shooting Foul,Ben Sheppard shooting foul,117,118,5,OT,1:46,FALSE,0,11,4433076,,,2025-10-24T02:31:57Z,FALSE,26,4,0,Foul,2026,2,11,Indiana,Pacers,IND,Indiana,25,Oklahoma City,Thunder,OKC,Oklahoma City,2.5,TRUE,FALSE,2.5,5,1:46,1,46,FALSE,FALSE,2,2,5,2,106,106,106,106,106,106,5,5,2,37.75,-1,2025-10-23,2025-10-23T23:30:00Z,
571,401809236794,794,97,Free Throw - 1 of 1,Ajay Mitchell makes free throw 1 of 1,118,118,5,OT,1:46,TRUE,1,25,4900671,,,2025-10-24T02:32:29Z,TRUE,25,13.75,1,+1 Point,2026,2,11,Indiana,Pacers,IND,Indiana,25,Oklahoma City,Thunder,OKC,Oklahoma City,2.5,TRUE,FALSE,2.5,5,1:46,1,46,FALSE,FALSE,2,2,5,2,106,106,106,91,91,91,5,5,2,-28,0,2025-10-23,2025-10-23T23:30:00Z,
572,401809236795,795,121,Fade Away Jump Shot,Jarace Walker makes 11-foot two point shot,118,120,5,OT,1:31,TRUE,2,11,5106060,,,2025-10-24T02:32:46Z,TRUE,17,9,2,+2 Points,2026,2,11,Indiana,Pacers,IND,Indiana,25,Oklahoma City,Thunder,OKC,Oklahoma City,2.5,TRUE,FALSE,2.5,5,1:31,1,31,FALSE,FALSE,2,2,5,2,91,91,91,78,78,78,5,5,2,32.75,8,2025-10-23,2025-10-23T23:30:00Z,
573,401809236796,796,128,Driving Finger Roll Layup,Shai Gilgeous-Alexander makes 3-foot two point shot,120,120,5,OT,1:18,TRUE,2,25,4278073,,,2025-10-24T02:33:03Z,TRUE,27,2,2,+2 Points,2026,2,11,Indiana,Pacers,IND,Indiana,25,Oklahoma City,Thunder,OKC,Oklahoma City,2.5,TRUE,FALSE,2.5,5,1:18,1,18,FALSE,FALSE,2,2,5,2,78,78,78,63,63,63,5,5,2,-39.75,2,2025-10-23,2025-10-23T23:30:00Z,
574,401809236797,797,114,Turnaround Jump Shot,Pascal Siakam makes 16-foot two point shot,120,122,5,OT,1:03,TRUE,2,11,3149673,,,2025-10-24T02:33:22Z,TRUE,17,15,2,+2 Points,2026,2,11,Indiana,Pacers,IND,Indiana,25,Oklahoma City,Thunder,OKC,Oklahoma City,2.5,TRUE,FALSE,2.5,5,1:03,1,3,FALSE,FALSE,2,2,5,2,63,63,63,54.2,54.2,54.2,5,5,2,26.75,8,2025-10-23,2025-10-23T23:30:00Z,
575,401809236798,798,45,Personal Foul,Ben Sheppard personal foul,120,122,5,OT,0:54.2,FALSE,0,11,4433076,,,2025-10-24T02:33:37Z,FALSE,38,8,0,Foul,2026,2,11,Indiana,Pacers,IND,Indiana,25,Oklahoma City,Thunder,OKC,Oklahoma City,2.5,TRUE,FALSE,2.5,5,0:54.2,0,54.2,FALSE,FALSE,2,2,5,2,54.2,54.2,54.2,54.2,54.2,54.2,5,5,2,33.75,-13,2025-10-23,2025-10-23T23:30:00Z,
576,401809236800,800,98,Free Throw - 1 of 2,Ajay Mitchell makes free throw 1 of 2,121,122,5,OT,0:54.2,TRUE,1,25,4900671,,,2025-10-24T02:34:08Z,TRUE,25,13.75,1,+1 Point,2026,2,11,Indiana,Pacers,IND,Indiana,25,Oklahoma City,Thunder,OKC,Oklahoma City,2.5,TRUE,FALSE,2.5,5,0:54.2,0,54.2,FALSE,FALSE,2,2,5,2,54.2,54.2,54.2,54.2,54.2,54.2,5,5,2,-28,0,2025-10-23,2025-10-23T23:30:00Z,
577,401809236801,801,16,Full Timeout,Pacers Full timeout,121,122,5,OT,0:54.2,FALSE,0,11,,,,2025-10-24T02:34:16Z,FALSE,-214748340,-214748365,0,Timeout,2026,2,11,Indiana,Pacers,IND,Indiana,25,Oklahoma City,Thunder,OKC,Oklahoma City,2.5,TRUE,FALSE,2.5,5,0:54.2,0,54.2,FALSE,FALSE,2,2,5,2,54.2,54.2,54.2,54.2,54.2,54.2,5,5,2,214748406.75,214748365,2025-10-23,2025-10-23T23:30:00Z,
578,401809236802,802,99,Free Throw - 2 of 2,Ajay Mitchell makes free throw 2 of 2,122,122,5,OT,0:54.2,TRUE,1,25,4900671,,,2025-10-24T02:36:18Z,TRUE,25,13.75,1,+1 Point,2026,2,11,Indiana,Pacers,IND,Indiana,25,Oklahoma City,Thunder,OKC,Oklahoma City,2.5,TRUE,FALSE,2.5,5,0:54.2,0,54.2,FALSE,FALSE,2,2,5,2,54.2,54.2,54.2,33.1,33.1,33.1,5,5,2,-28,0,2025-10-23,2025-10-23T23:30:00Z,
579,401809236803,803,87,Out of Bounds - Lost Ball Turnover,Jarace Walker out of bounds lost ball turnover,122,122,5,OT,0:33.1,FALSE,0,11,5106060,,,2025-10-24T02:36:44Z,FALSE,37,0,0,Turnover,2026,2,11,Indiana,Pacers,IND,Indiana,25,Oklahoma City,Thunder,OKC,Oklahoma City,2.5,TRUE,FALSE,2.5,5,0:33.1,0,33.1,FALSE,FALSE,2,2,5,2,33.1,33.1,33.1,33.1,33.1,33.1,5,5,2,41.75,-12,2025-10-23,2025-10-23T23:30:00Z,
580,401809236804,804,16,Full Timeout,Thunder Full timeout,122,122,5,OT,0:33.1,FALSE,0,25,,,,2025-10-24T02:37:00Z,FALSE,-214748340,-214748365,0,Timeout,2026,2,11,Indiana,Pacers,IND,Indiana,25,Oklahoma City,Thunder,OKC,Oklahoma City,2.5,TRUE,FALSE,2.5,5,0:33.1,0,33.1,FALSE,FALSE,2,2,5,2,33.1,33.1,33.1,27.1,27.1,27.1,5,5,2,-214748406.75,-214748365,2025-10-23,2025-10-23T23:30:00Z,
581,401809236805,805,132,Step Back Jump Shot,Shai Gilgeous-Alexander makes 13-foot step back jumpshot,124,122,5,OT,0:27.1,TRUE,2,25,4278073,,,2025-10-24T02:38:54Z,TRUE,13,6,2,+2 Points,2026,2,11,Indiana,Pacers,IND,Indiana,25,Oklahoma City,Thunder,OKC,Oklahoma City,2.5,TRUE,FALSE,2.5,5,0:27.1,0,27.1,FALSE,FALSE,2,2,5,2,27.1,27.1,27.1,12.6,12.6,12.6,5,5,2,-35.75,-12,2025-10-23,2025-10-23T23:30:00Z,
582,401809236806,806,128,Driving Finger Roll Layup,Bennedict Mathurin makes 3-foot two point shot,124,124,5,OT,0:12.6,TRUE,2,11,4683634,,,2025-10-24T02:39:11Z,TRUE,27,3,2,+2 Points,2026,2,11,Indiana,Pacers,IND,Indiana,25,Oklahoma City,Thunder,OKC,Oklahoma City,2.5,TRUE,FALSE,2.5,5,0:12.6,0,12.6,FALSE,FALSE,2,2,5,2,12.6,12.6,12.6,1.4,1.4,1.4,5,5,2,38.75,-2,2025-10-23,2025-10-23T23:30:00Z,
583,401809236807,807,110,Driving Layup Shot,Shai Gilgeous-Alexander misses driving layup,124,124,5,OT,0:1.4,FALSE,0,25,4278073,,,2025-10-24T02:39:25Z,TRUE,28,1,2,Missed FG,2026,2,11,Indiana,Pacers,IND,Indiana,25,Oklahoma City,Thunder,OKC,Oklahoma City,2.5,TRUE,FALSE,2.5,5,0:1.4,0,1.4,FALSE,FALSE,2,2,5,2,1.4,1.4,1.4,1.4,1.4,1.4,5,5,2,-40.75,3,2025-10-23,2025-10-23T23:30:00Z,
584,401809236808,808,156,Offensive Rebound,Chet Holmgren offensive rebound,124,124,5,OT,0:1.4,FALSE,0,25,4433255,,,2025-10-24T02:39:25Z,FALSE,28,1,0,Rebound,2026,2,11,Indiana,Pacers,IND,Indiana,25,Oklahoma City,Thunder,OKC,Oklahoma City,2.5,TRUE,FALSE,2.5,5,0:1.4,0,1.4,FALSE,FALSE,2,2,5,2,1.4,1.4,1.4,0,0,0,5,5,2,-40.75,3,2025-10-23,2025-10-23T23:30:00Z,
585,401809236809,809,412,End Period,End of the 1st  Overtime,124,124,5,OT,0:0.0,FALSE,0,,,,,2025-10-24T02:39:31Z,FALSE,-214748340,-214748365,0,End of 1st OT,2026,2,11,Indiana,Pacers,IND,Indiana,25,Oklahoma City,Thunder,OKC,Oklahoma City,2.5,TRUE,FALSE,2.5,5,0:0.0,0,0,FALSE,FALSE,2,2,6,2,0,0,0,300,300,300,5,5,2,-214748406.75,-214748365,2025-10-23,2025-10-23T23:30:00Z,
586,401809236810,810,584,Substitution,Aaron Wiggins enters the game for Isaiah Hartenstein,124,124,6,2OT,5:00,FALSE,0,25,4397183,4222252,,2025-10-24T02:41:36Z,FALSE,-214748340,-214748365,0,Substitution,2026,2,11,Indiana,Pacers,IND,Indiana,25,Oklahoma City,Thunder,OKC,Oklahoma City,2.5,TRUE,FALSE,2.5,6,5:00,5,0,FALSE,FALSE,2,2,6,2,300,300,300,300,300,300,6,5,2,-214748406.75,-214748365,2025-10-23,2025-10-23T23:30:00Z,
587,401809236814,814,615,Jumpball,Chet Holmgren vs. Obi Toppin (Pascal Siakam gains possession),124,124,6,2OT,5:00,FALSE,0,11,4278355,4433255,3149673,2025-10-24T02:42:16Z,FALSE,-214748340,-214748365,0,Jump Ball,2026,2,11,Indiana,Pacers,IND,Indiana,25,Oklahoma City,Thunder,OKC,Oklahoma City,2.5,TRUE,FALSE,2.5,6,5:00,5,0,FALSE,FALSE,2,2,6,2,300,300,300,281,281,281,6,6,2,214748406.75,214748365,2025-10-23,2025-10-23T23:30:00Z,
588,401809236817,817,132,Step Back Jump Shot,Bennedict Mathurin misses 25-foot three point step back jumpshot,124,124,6,2OT,4:41,FALSE,0,11,4683634,,,2025-10-24T02:42:31Z,TRUE,35,24,3,Missed 3PT,2026,2,11,Indiana,Pacers,IND,Indiana,25,Oklahoma City,Thunder,OKC,Oklahoma City,2.5,TRUE,FALSE,2.5,6,4:41,4,41,FALSE,FALSE,2,2,6,2,281,281,281,280,280,280,6,6,2,17.75,-10,2025-10-23,2025-10-23T23:30:00Z,
589,401809236818,818,156,Offensive Rebound,Ben Sheppard offensive rebound,124,124,6,2OT,4:40,FALSE,0,11,4433076,,,2025-10-24T02:42:32Z,FALSE,35,24,0,Rebound,2026,2,11,Indiana,Pacers,IND,Indiana,25,Oklahoma City,Thunder,OKC,Oklahoma City,2.5,TRUE,FALSE,2.5,6,4:40,4,40,FALSE,FALSE,2,2,6,2,280,280,280,271,271,271,6,6,2,17.75,-10,2025-10-23,2025-10-23T23:30:00Z,
590,401809236819,819,133,Pullup Bank Jump Shot,Jarace Walker makes 11-foot two point shot,124,126,6,2OT,4:31,TRUE,2,11,5106060,,,2025-10-24T02:42:42Z,TRUE,23,12,2,+2 Points,2026,2,11,Indiana,Pacers,IND,Indiana,25,Oklahoma City,Thunder,OKC,Oklahoma City,2.5,TRUE,FALSE,2.5,6,4:31,4,31,FALSE,FALSE,2,2,6,2,271,271,271,251,251,251,6,6,2,29.75,2,2025-10-23,2025-10-23T23:30:00Z,
591,401809236820,820,133,Pullup Bank Jump Shot,Shai Gilgeous-Alexander makes 14-foot two point shot,126,126,6,2OT,4:11,TRUE,2,25,4278073,,,2025-10-24T02:43:03Z,TRUE,33,12,2,+2 Points,2026,2,11,Indiana,Pacers,IND,Indiana,25,Oklahoma City,Thunder,OKC,Oklahoma City,2.5,TRUE,FALSE,2.5,6,4:11,4,11,FALSE,FALSE,2,2,6,2,251,251,251,251,251,251,6,6,2,-29.75,8,2025-10-23,2025-10-23T23:30:00Z,
592,401809236821,821,44,Shooting Foul,Bennedict Mathurin shooting foul,126,126,6,2OT,4:11,FALSE,0,11,4683634,,,2025-10-24T02:43:06Z,FALSE,33,12,0,Foul,2026,2,11,Indiana,Pacers,IND,Indiana,25,Oklahoma City,Thunder,OKC,Oklahoma City,2.5,TRUE,FALSE,2.5,6,4:11,4,11,FALSE,FALSE,2,2,6,2,251,251,251,251,251,251,6,6,2,29.75,-8,2025-10-23,2025-10-23T23:30:00Z,
593,401809236823,823,584,Substitution,Taelon Peter enters the game for Bennedict Mathurin,126,126,6,2OT,4:11,FALSE,0,11,4703421,4683634,,2025-10-24T02:43:23Z,FALSE,-214748340,-214748365,0,Substitution,2026,2,11,Indiana,Pacers,IND,Indiana,25,Oklahoma City,Thunder,OKC,Oklahoma City,2.5,TRUE,FALSE,2.5,6,4:11,4,11,FALSE,FALSE,2,2,6,2,251,251,251,251,251,251,6,6,2,214748406.75,214748365,2025-10-23,2025-10-23T23:30:00Z,
594,401809236825,825,97,Free Throw - 1 of 1,Shai Gilgeous-Alexander makes free throw 1 of 1,127,126,6,2OT,4:11,TRUE,1,25,4278073,,,2025-10-24T02:43:46Z,TRUE,25,13.75,1,+1 Point,2026,2,11,Indiana,Pacers,IND,Indiana,25,Oklahoma City,Thunder,OKC,Oklahoma City,2.5,TRUE,FALSE,2.5,6,4:11,4,11,FALSE,FALSE,2,2,6,2,251,251,251,236,236,236,6,6,2,-28,0,2025-10-23,2025-10-23T23:30:00Z,
595,401809236826,826,110,Driving Layup Shot,Pascal Siakam misses driving layup,127,126,6,2OT,3:56,FALSE,0,11,3149673,,,2025-10-24T02:44:04Z,TRUE,28,3,2,Missed FG,2026,2,11,Indiana,Pacers,IND,Indiana,25,Oklahoma City,Thunder,OKC,Oklahoma City,2.5,TRUE,FALSE,2.5,6,3:56,3,56,FALSE,FALSE,2,2,6,2,236,236,236,234,234,234,6,6,2,38.75,-3,2025-10-23,2025-10-23T23:30:00Z,
596,401809236827,827,155,Defensive Rebound,Luguentz Dort defensive rebound,127,126,6,2OT,3:54,FALSE,0,25,4397020,,,2025-10-24T02:44:06Z,FALSE,28,3,0,Rebound,2026,2,11,Indiana,Pacers,IND,Indiana,25,Oklahoma City,Thunder,OKC,Oklahoma City,2.5,TRUE,FALSE,2.5,6,3:54,3,54,FALSE,FALSE,2,2,6,2,234,234,234,218,218,218,6,6,2,-38.75,3,2025-10-23,2025-10-23T23:30:00Z,
597,401809236828,828,110,Driving Layup Shot,Ajay Mitchell misses driving layup,127,126,6,2OT,3:38,FALSE,0,25,4900671,,,2025-10-24T02:44:21Z,TRUE,23,3,2,Missed FG,2026,2,11,Indiana,Pacers,IND,Indiana,25,Oklahoma City,Thunder,OKC,Oklahoma City,2.5,TRUE,FALSE,2.5,6,3:38,3,38,FALSE,FALSE,2,2,6,2,218,218,218,217,217,217,6,6,2,-38.75,-2,2025-10-23,2025-10-23T23:30:00Z,
598,401809236829,829,155,Defensive Rebound,Obi Toppin defensive rebound,127,126,6,2OT,3:37,FALSE,0,11,4278355,,,2025-10-24T02:44:22Z,FALSE,23,3,0,Rebound,2026,2,11,Indiana,Pacers,IND,Indiana,25,Oklahoma City,Thunder,OKC,Oklahoma City,2.5,TRUE,FALSE,2.5,6,3:37,3,37,FALSE,FALSE,2,2,6,2,217,217,217,212,212,212,6,6,2,38.75,2,2025-10-23,2025-10-23T23:30:00Z,
599,401809236830,830,149,Running Alley Oop Dunk Shot,Obi Toppin makes 3-foot dunk (Pascal Siakam assists),127,128,6,2OT,3:32,TRUE,2,11,4278355,3149673,,2025-10-24T02:44:27Z,TRUE,26,3,2,+2 Points,2026,2,11,Indiana,Pacers,IND,Indiana,25,Oklahoma City,Thunder,OKC,Oklahoma City,2.5,TRUE,FALSE,2.5,6,3:32,3,32,FALSE,FALSE,2,2,6,2,212,212,212,200,200,200,6,6,2,38.75,-1,2025-10-23,2025-10-23T23:30:00Z,
600,401809236832,832,92,Jump Shot,Aaron Wiggins misses 24-foot three point jumper,127,128,6,2OT,3:20,FALSE,0,25,4397183,,,2025-10-24T02:44:41Z,TRUE,45,14,3,Missed 3PT,2026,2,11,Indiana,Pacers,IND,Indiana,25,Oklahoma City,Thunder,OKC,Oklahoma City,2.5,TRUE,FALSE,2.5,6,3:20,3,20,FALSE,FALSE,2,2,6,2,200,200,200,196,196,196,6,6,2,-27.75,20,2025-10-23,2025-10-23T23:30:00Z,
601,401809236833,833,156,Offensive Rebound,Luguentz Dort offensive rebound,127,128,6,2OT,3:16,FALSE,0,25,4397020,,,2025-10-24T02:44:45Z,FALSE,45,14,0,Rebound,2026,2,11,Indiana,Pacers,IND,Indiana,25,Oklahoma City,Thunder,OKC,Oklahoma City,2.5,TRUE,FALSE,2.5,6,3:16,3,16,FALSE,FALSE,2,2,6,2,196,196,196,193,193,193,6,6,2,-27.75,20,2025-10-23,2025-10-23T23:30:00Z,
602,401809236834,834,92,Jump Shot,Aaron Wiggins makes 24-foot three point jumper (Luguentz Dort assists),130,128,6,2OT,3:13,TRUE,3,25,4397183,4397020,,2025-10-24T02:44:46Z,TRUE,49,2,3,+3 Points,2026,2,11,Indiana,Pacers,IND,Indiana,25,Oklahoma City,Thunder,OKC,Oklahoma City,2.5,TRUE,FALSE,2.5,6,3:13,3,13,FALSE,FALSE,2,2,6,2,193,193,193,172,172,172,6,6,2,-39.75,24,2025-10-23,2025-10-23T23:30:00Z,
603,401809236837,837,62,"Bad Pass
Turnover",Pascal Siakam bad pass (Luguentz Dort steals),130,128,6,2OT,2:52,FALSE,0,11,3149673,4397020,,2025-10-24T02:45:09Z,FALSE,25,3,0,Turnover,2026,2,11,Indiana,Pacers,IND,Indiana,25,Oklahoma City,Thunder,OKC,Oklahoma City,2.5,TRUE,FALSE,2.5,6,2:52,2,52,FALSE,FALSE,2,2,6,2,172,172,172,167,167,167,6,6,2,38.75,-0,2025-10-23,2025-10-23T23:30:00Z,
604,401809236839,839,129,Running Finger Roll Layup,Shai Gilgeous-Alexander makes two point shot,132,128,6,2OT,2:47,TRUE,2,25,4278073,,,2025-10-24T02:45:13Z,TRUE,22,1,2,+2 Points,2026,2,11,Indiana,Pacers,IND,Indiana,25,Oklahoma City,Thunder,OKC,Oklahoma City,2.5,TRUE,FALSE,2.5,6,2:47,2,47,FALSE,FALSE,2,2,6,2,167,167,167,165,165,165,6,6,2,-40.75,-3,2025-10-23,2025-10-23T23:30:00Z,
605,401809236840,840,16,Full Timeout,Pacers Full timeout,132,128,6,2OT,2:45,FALSE,0,11,,,,2025-10-24T02:45:17Z,FALSE,-214748340,-214748365,0,Timeout,2026,2,11,Indiana,Pacers,IND,Indiana,25,Oklahoma City,Thunder,OKC,Oklahoma City,2.5,TRUE,FALSE,2.5,6,2:45,2,45,FALSE,FALSE,2,2,6,2,165,165,165,165,165,165,6,6,2,214748406.75,214748365,2025-10-23,2025-10-23T23:30:00Z,
606,401809236841,841,584,Substitution,Isaiah Hartenstein enters the game for Ajay Mitchell,132,128,6,2OT,2:45,FALSE,0,25,4222252,4900671,,2025-10-24T02:46:28Z,FALSE,-214748340,-214748365,0,Substitution,2026,2,11,Indiana,Pacers,IND,Indiana,25,Oklahoma City,Thunder,OKC,Oklahoma City,2.5,TRUE,FALSE,2.5,6,2:45,2,45,FALSE,FALSE,2,2,6,2,165,165,165,146,146,146,6,6,2,-214748406.75,-214748365,2025-10-23,2025-10-23T23:30:00Z,
607,401809236843,843,92,Jump Shot,Jarace Walker misses 26-foot three point jumper,132,128,6,2OT,2:26,FALSE,0,11,5106060,,,2025-10-24T02:47:18Z,TRUE,37,24,3,Missed 3PT,2026,2,11,Indiana,Pacers,IND,Indiana,25,Oklahoma City,Thunder,OKC,Oklahoma City,2.5,TRUE,FALSE,2.5,6,2:26,2,26,FALSE,FALSE,2,2,6,2,146,146,146,143,143,143,6,6,2,17.75,-12,2025-10-23,2025-10-23T23:30:00Z,
608,401809236844,844,155,Defensive Rebound,Isaiah Hartenstein defensive rebound,132,128,6,2OT,2:23,FALSE,0,25,4222252,,,2025-10-24T02:47:21Z,FALSE,37,24,0,Rebound,2026,2,11,Indiana,Pacers,IND,Indiana,25,Oklahoma City,Thunder,OKC,Oklahoma City,2.5,TRUE,FALSE,2.5,6,2:23,2,23,FALSE,FALSE,2,2,6,2,143,143,143,126,126,126,6,6,2,-17.75,12,2025-10-23,2025-10-23T23:30:00Z,
609,401809236845,845,92,Jump Shot,Aaron Wiggins makes 27-foot three point jumper (Shai Gilgeous-Alexander assists),135,128,6,2OT,2:06,TRUE,3,25,4397183,4278073,,2025-10-24T02:47:38Z,TRUE,25,28,3,+3 Points,2026,2,11,Indiana,Pacers,IND,Indiana,25,Oklahoma City,Thunder,OKC,Oklahoma City,2.5,TRUE,FALSE,2.5,6,2:06,2,6,FALSE,FALSE,2,2,6,2,126,126,126,107,107,107,6,6,2,-13.75,0,2025-10-23,2025-10-23T23:30:00Z,
610,401809236847,847,92,Jump Shot,Ben Sheppard makes 23-foot three point jumper (Jarace Walker assists),135,131,6,2OT,1:47,TRUE,3,11,4433076,5106060,,2025-10-24T02:47:57Z,TRUE,2,1,3,+3 Points,2026,2,11,Indiana,Pacers,IND,Indiana,25,Oklahoma City,Thunder,OKC,Oklahoma City,2.5,TRUE,FALSE,2.5,6,1:47,1,47,FALSE,FALSE,2,2,6,2,107,107,107,86,86,86,6,6,2,40.75,23,2025-10-23,2025-10-23T23:30:00Z,
611,401809236849,849,137,Turnaround Fade Away Jump Shot,Shai Gilgeous-Alexander misses 16-foot two point shot,135,131,6,2OT,1:26,FALSE,0,25,4278073,,,2025-10-24T02:48:20Z,TRUE,40,9,2,Missed FG,2026,2,11,Indiana,Pacers,IND,Indiana,25,Oklahoma City,Thunder,OKC,Oklahoma City,2.5,TRUE,FALSE,2.5,6,1:26,1,26,FALSE,FALSE,2,2,6,2,86,86,86,83,83,83,6,6,2,-32.75,15,2025-10-23,2025-10-23T23:30:00Z,
612,401809236850,850,155,Defensive Rebound,Ben Sheppard defensive rebound,135,131,6,2OT,1:23,FALSE,0,11,4433076,,,2025-10-24T02:48:23Z,FALSE,40,9,0,Rebound,2026,2,11,Indiana,Pacers,IND,Indiana,25,Oklahoma City,Thunder,OKC,Oklahoma City,2.5,TRUE,FALSE,2.5,6,1:23,1,23,FALSE,FALSE,2,2,6,2,83,83,83,76,76,76,6,6,2,32.75,-15,2025-10-23,2025-10-23T23:30:00Z,
613,401809236851,851,131,Pullup Jump Shot,Jarace Walker misses 26-foot three point pullup jump shot,135,131,6,2OT,1:16,FALSE,0,11,5106060,,,2025-10-24T02:48:32Z,TRUE,14,25,3,Missed 3PT,2026,2,11,Indiana,Pacers,IND,Indiana,25,Oklahoma City,Thunder,OKC,Oklahoma City,2.5,TRUE,FALSE,2.5,6,1:16,1,16,FALSE,FALSE,2,2,6,2,76,76,76,71,71,71,6,6,2,16.75,11,2025-10-23,2025-10-23T23:30:00Z,
614,401809236852,852,155,Defensive Rebound,Aaron Wiggins defensive rebound,135,131,6,2OT,1:11,FALSE,0,25,4397183,,,2025-10-24T02:48:37Z,FALSE,14,25,0,Rebound,2026,2,11,Indiana,Pacers,IND,Indiana,25,Oklahoma City,Thunder,OKC,Oklahoma City,2.5,TRUE,FALSE,2.5,6,1:11,1,11,FALSE,FALSE,2,2,6,2,71,71,71,59.8,59.8,59.8,6,6,2,-16.75,-11,2025-10-23,2025-10-23T23:30:00Z,
615,401809236853,853,45,Personal Foul,Ben Sheppard personal foul,135,131,6,2OT,0:59.8,FALSE,0,11,4433076,,,2025-10-24T02:48:49Z,FALSE,24,26,0,Foul,2026,2,11,Indiana,Pacers,IND,Indiana,25,Oklahoma City,Thunder,OKC,Oklahoma City,2.5,TRUE,FALSE,2.5,6,0:59.8,0,59.8,FALSE,FALSE,2,2,6,2,59.8,59.8,59.8,59.8,59.8,59.8,6,6,2,15.75,1,2025-10-23,2025-10-23T23:30:00Z,
616,401809236855,855,584,Substitution,Johnny Furphy enters the game for Ben Sheppard,135,131,6,2OT,0:59.8,FALSE,0,11,5157066,4433076,,2025-10-24T02:49:00Z,FALSE,-214748340,-214748365,0,Substitution,2026,2,11,Indiana,Pacers,IND,Indiana,25,Oklahoma City,Thunder,OKC,Oklahoma City,2.5,TRUE,FALSE,2.5,6,0:59.8,0,59.8,FALSE,FALSE,2,2,6,2,59.8,59.8,59.8,59.8,59.8,59.8,6,6,2,214748406.75,214748365,2025-10-23,2025-10-23T23:30:00Z,
617,401809236857,857,584,Substitution,Ajay Mitchell enters the game for Isaiah Hartenstein,135,131,6,2OT,0:59.8,FALSE,0,25,4900671,4222252,,2025-10-24T02:49:20Z,FALSE,-214748340,-214748365,0,Substitution,2026,2,11,Indiana,Pacers,IND,Indiana,25,Oklahoma City,Thunder,OKC,Oklahoma City,2.5,TRUE,FALSE,2.5,6,0:59.8,0,59.8,FALSE,FALSE,2,2,6,2,59.8,59.8,59.8,49,49,49,6,6,2,-214748406.75,-214748365,2025-10-23,2025-10-23T23:30:00Z,
618,401809236859,859,131,Pullup Jump Shot,Ajay Mitchell misses 10-foot pullup jump shot,135,131,6,2OT,0:49.0,FALSE,0,25,4900671,,,2025-10-24T02:49:47Z,TRUE,36,3,2,Missed FG,2026,2,11,Indiana,Pacers,IND,Indiana,25,Oklahoma City,Thunder,OKC,Oklahoma City,2.5,TRUE,FALSE,2.5,6,0:49.0,0,49,FALSE,FALSE,2,2,6,2,49,49,49,46.9,46.9,46.9,6,6,2,-38.75,11,2025-10-23,2025-10-23T23:30:00Z,
619,401809236860,860,156,Offensive Rebound,Chet Holmgren offensive rebound,135,131,6,2OT,0:46.9,FALSE,0,25,4433255,,,2025-10-24T02:49:49Z,FALSE,36,3,0,Rebound,2026,2,11,Indiana,Pacers,IND,Indiana,25,Oklahoma City,Thunder,OKC,Oklahoma City,2.5,TRUE,FALSE,2.5,6,0:46.9,0,46.9,FALSE,FALSE,2,2,6,2,46.9,46.9,46.9,46.5,46.5,46.5,6,6,2,-38.75,11,2025-10-23,2025-10-23T23:30:00Z,
620,401809236861,861,125,Layup Shot Putback,Chet Holmgren misses two point shot,135,131,6,2OT,0:46.5,FALSE,0,25,4433255,,,2025-10-24T02:49:50Z,TRUE,23,1,2,Missed FG,2026,2,11,Indiana,Pacers,IND,Indiana,25,Oklahoma City,Thunder,OKC,Oklahoma City,2.5,TRUE,FALSE,2.5,6,0:46.5,0,46.5,FALSE,FALSE,2,2,6,2,46.5,46.5,46.5,45.1,45.1,45.1,6,6,2,-40.75,-2,2025-10-23,2025-10-23T23:30:00Z,
621,401809236862,862,156,Offensive Rebound,Chet Holmgren offensive rebound,135,131,6,2OT,0:45.1,FALSE,0,25,4433255,,,2025-10-24T02:49:51Z,FALSE,23,1,0,Rebound,2026,2,11,Indiana,Pacers,IND,Indiana,25,Oklahoma City,Thunder,OKC,Oklahoma City,2.5,TRUE,FALSE,2.5,6,0:45.1,0,45.1,FALSE,FALSE,2,2,6,2,45.1,45.1,45.1,44.8,44.8,44.8,6,6,2,-40.75,-2,2025-10-23,2025-10-23T23:30:00Z,
622,401809236863,863,125,Layup Shot Putback,Chet Holmgren makes two point shot,137,131,6,2OT,0:44.8,TRUE,2,25,4433255,,,2025-10-24T02:49:52Z,TRUE,23,1,2,+2 Points,2026,2,11,Indiana,Pacers,IND,Indiana,25,Oklahoma City,Thunder,OKC,Oklahoma City,2.5,TRUE,FALSE,2.5,6,0:44.8,0,44.8,FALSE,FALSE,2,2,6,2,44.8,44.8,44.8,44.8,44.8,44.8,6,6,2,-40.75,-2,2025-10-23,2025-10-23T23:30:00Z,
623,401809236864,864,9,Defensive Goaltending,Obi Toppin defensive goaltending violation,137,131,6,2OT,0:44.8,FALSE,0,11,4278355,,,2025-10-24T02:49:56Z,FALSE,-214748340,-214748365,0,Goaltending,2026,2,11,Indiana,Pacers,IND,Indiana,25,Oklahoma City,Thunder,OKC,Oklahoma City,2.5,TRUE,FALSE,2.5,6,0:44.8,0,44.8,FALSE,FALSE,2,2,6,2,44.8,44.8,44.8,44.8,44.8,44.8,6,6,2,214748406.75,214748365,2025-10-23,2025-10-23T23:30:00Z,
624,401809236865,865,278,Ref-Initiated Review (Supported),(00:44.8) [Thunder] REF-INITIATED REVIEW (REPLAY SUPPORTS CALL),137,131,6,2OT,0:44.8,FALSE,0,,,,,2025-10-24T02:50:14Z,FALSE,-214748340,-214748365,0,Challenge,2026,2,11,Indiana,Pacers,IND,Indiana,25,Oklahoma City,Thunder,OKC,Oklahoma City,2.5,TRUE,FALSE,2.5,6,0:44.8,0,44.8,FALSE,FALSE,2,2,6,2,44.8,44.8,44.8,37.1,37.1,37.1,6,6,2,-214748406.75,-214748365,2025-10-23,2025-10-23T23:30:00Z,
625,401809236866,866,114,Turnaround Jump Shot,Pascal Siakam makes 10-foot two point shot,137,133,6,2OT,0:37.1,TRUE,2,11,3149673,,,2025-10-24T02:51:27Z,TRUE,25,11,2,+2 Points,2026,2,11,Indiana,Pacers,IND,Indiana,25,Oklahoma City,Thunder,OKC,Oklahoma City,2.5,TRUE,FALSE,2.5,6,0:37.1,0,37.1,FALSE,FALSE,2,2,6,2,37.1,37.1,37.1,28.8,28.8,28.8,6,6,2,30.75,-0,2025-10-23,2025-10-23T23:30:00Z,
626,401809236867,867,45,Personal Foul,Pascal Siakam personal foul,137,133,6,2OT,0:28.8,FALSE,0,11,3149673,,,2025-10-24T02:51:39Z,FALSE,24,35,0,Foul,2026,2,11,Indiana,Pacers,IND,Indiana,25,Oklahoma City,Thunder,OKC,Oklahoma City,2.5,TRUE,FALSE,2.5,6,0:28.8,0,28.8,FALSE,FALSE,2,2,6,2,28.8,28.8,28.8,28.8,28.8,28.8,6,6,2,6.75,1,2025-10-23,2025-10-23T23:30:00Z,
627,401809236869,869,98,Free Throw - 1 of 2,Shai Gilgeous-Alexander makes free throw 1 of 2,138,133,6,2OT,0:28.8,TRUE,1,25,4278073,,,2025-10-24T02:52:07Z,TRUE,25,13.75,1,+1 Point,2026,2,11,Indiana,Pacers,IND,Indiana,25,Oklahoma City,Thunder,OKC,Oklahoma City,2.5,TRUE,FALSE,2.5,6,0:28.8,0,28.8,FALSE,FALSE,2,2,6,2,28.8,28.8,28.8,28.8,28.8,28.8,6,6,2,-28,0,2025-10-23,2025-10-23T23:30:00Z,
628,401809236870,870,99,Free Throw - 2 of 2,Shai Gilgeous-Alexander makes free throw 2 of 2,139,133,6,2OT,0:28.8,TRUE,1,25,4278073,,,2025-10-24T02:52:21Z,TRUE,25,13.75,1,+1 Point,2026,2,11,Indiana,Pacers,IND,Indiana,25,Oklahoma City,Thunder,OKC,Oklahoma City,2.5,TRUE,FALSE,2.5,6,0:28.8,0,28.8,FALSE,FALSE,2,2,6,2,28.8,28.8,28.8,22.5,22.5,22.5,6,6,2,-28,0,2025-10-23,2025-10-23T23:30:00Z,
629,401809236871,871,128,Driving Finger Roll Layup,Obi Toppin makes 3-foot two point shot,139,135,6,2OT,0:22.5,TRUE,2,11,4278355,,,2025-10-24T02:52:34Z,TRUE,22,3,2,+2 Points,2026,2,11,Indiana,Pacers,IND,Indiana,25,Oklahoma City,Thunder,OKC,Oklahoma City,2.5,TRUE,FALSE,2.5,6,0:22.5,0,22.5,FALSE,FALSE,2,2,6,2,22.5,22.5,22.5,22.5,22.5,22.5,6,6,2,38.75,3,2025-10-23,2025-10-23T23:30:00Z,
630,401809236872,872,16,Full Timeout,Thunder Full timeout,139,135,6,2OT,0:22.5,FALSE,0,25,,,,2025-10-24T02:52:50Z,FALSE,-214748340,-214748365,0,Timeout,2026,2,11,Indiana,Pacers,IND,Indiana,25,Oklahoma City,Thunder,OKC,Oklahoma City,2.5,TRUE,FALSE,2.5,6,0:22.5,0,22.5,FALSE,FALSE,2,2,6,2,22.5,22.5,22.5,20.7,20.7,20.7,6,6,2,-214748406.75,-214748365,2025-10-23,2025-10-23T23:30:00Z,
631,401809236873,873,45,Personal Foul,Jarace Walker personal foul,139,135,6,2OT,0:20.7,FALSE,0,11,5106060,,,2025-10-24T02:54:54Z,FALSE,10,14,0,Foul,2026,2,11,Indiana,Pacers,IND,Indiana,25,Oklahoma City,Thunder,OKC,Oklahoma City,2.5,TRUE,FALSE,2.5,6,0:20.7,0,20.7,FALSE,FALSE,2,2,6,2,20.7,20.7,20.7,20.7,20.7,20.7,6,6,2,27.75,15,2025-10-23,2025-10-23T23:30:00Z,
632,401809236875,875,98,Free Throw - 1 of 2,Shai Gilgeous-Alexander makes free throw 1 of 2,140,135,6,2OT,0:20.7,TRUE,1,25,4278073,,,2025-10-24T02:55:17Z,TRUE,25,13.75,1,+1 Point,2026,2,11,Indiana,Pacers,IND,Indiana,25,Oklahoma City,Thunder,OKC,Oklahoma City,2.5,TRUE,FALSE,2.5,6,0:20.7,0,20.7,FALSE,FALSE,2,2,6,2,20.7,20.7,20.7,20.7,20.7,20.7,6,6,2,-28,0,2025-10-23,2025-10-23T23:30:00Z,
633,401809236876,876,99,Free Throw - 2 of 2,Shai Gilgeous-Alexander makes free throw 2 of 2,141,135,6,2OT,0:20.7,TRUE,1,25,4278073,,,2025-10-24T02:55:31Z,TRUE,25,13.75,1,+1 Point,2026,2,11,Indiana,Pacers,IND,Indiana,25,Oklahoma City,Thunder,OKC,Oklahoma City,2.5,TRUE,FALSE,2.5,6,0:20.7,0,20.7,FALSE,FALSE,2,2,6,2,20.7,20.7,20.7,20.7,20.7,20.7,6,6,2,-28,0,2025-10-23,2025-10-23T23:30:00Z,
634,401809236877,877,16,Full Timeout,Pacers Full timeout,141,135,6,2OT,0:20.7,FALSE,0,11,,,,2025-10-24T02:55:36Z,FALSE,-214748340,-214748365,0,Timeout,2026,2,11,Indiana,Pacers,IND,Indiana,25,Oklahoma City,Thunder,OKC,Oklahoma City,2.5,TRUE,FALSE,2.5,6,0:20.7,0,20.7,FALSE,FALSE,2,2,6,2,20.7,20.7,20.7,17.8,17.8,17.8,6,6,2,214748406.75,214748365,2025-10-23,2025-10-23T23:30:00Z,
635,401809236878,878,92,Jump Shot,Obi Toppin misses 23-foot three point jumper,141,135,6,2OT,0:17.8,FALSE,0,11,4278355,,,2025-10-24T02:57:42Z,TRUE,1,1,3,Missed 3PT,2026,2,11,Indiana,Pacers,IND,Indiana,25,Oklahoma City,Thunder,OKC,Oklahoma City,2.5,TRUE,FALSE,2.5,6,0:17.8,0,17.8,FALSE,FALSE,2,2,6,2,17.8,17.8,17.8,14.8,14.8,14.8,6,6,2,40.75,24,2025-10-23,2025-10-23T23:30:00Z,
636,401809236879,879,155,Defensive Rebound,Aaron Wiggins defensive rebound,141,135,6,2OT,0:14.8,FALSE,0,25,4397183,,,2025-10-24T02:57:45Z,FALSE,1,1,0,Rebound,2026,2,11,Indiana,Pacers,IND,Indiana,25,Oklahoma City,Thunder,OKC,Oklahoma City,2.5,TRUE,FALSE,2.5,6,0:14.8,0,14.8,FALSE,FALSE,2,2,6,2,14.8,14.8,14.8,0,0,0,6,6,2,-40.75,-24,2025-10-23,2025-10-23T23:30:00Z,
637,401809236880,880,412,End Period,End of the 2nd  Overtime,141,135,6,2OT,0:0.0,FALSE,0,,,,,2025-10-24T02:58:01Z,FALSE,-214748340,-214748365,0,End of 2nd OT,2026,2,11,Indiana,Pacers,IND,Indiana,25,Oklahoma City,Thunder,OKC,Oklahoma City,2.5,TRUE,FALSE,2.5,6,0:0.0,0,0,FALSE,FALSE,2,2,6,2,0,0,0,0,0,0,6,6,2,-214748406.75,-214748365,2025-10-23,2025-10-23T23:30:00Z,
638,401809236881,881,402,End Game,End of Game,141,135,6,2OT,0:0.0,FALSE,0,,,,,2025-10-24T02:58:04Z,FALSE,-214748340,-214748365,0,End of Game,2026,2,11,Indiana,Pacers,IND,Indiana,25,Oklahoma City,Thunder,OKC,Oklahoma City,2.5,TRUE,FALSE,2.5,6,0:0.0,0,0,FALSE,FALSE,2,2,,,0,0,0,,,,6,6,2,-214748406.75,-214748365,2025-10-23,2025-10-23T23:30:00Z,
