game_play_number,id,sequence_number,type_id,type_text,text,away_score,home_score,period_number,period_display_value,clock_display_value,scoring_play,score_value,team_id,athlete_id_1,athlete_id_2,athlete_id_3,wallclock,shooting_play,coordinate_x_raw,coordinate_y_raw,points_attempted,short_description,season,season_type,home_team_id,home_team_name,home_team_mascot,home_team_abbrev,home_team_name_alt,away_team_id,away_team_name,away_team_mascot,away_team_abbrev,away_team_name_alt,game_spread,home_favorite,game_spread_available,home_team_spread,qtr,time,clock_minutes,clock_seconds,home_timeout_called,away_timeout_called,half,game_half,lead_qtr,lead_half,start_quarter_seconds_remaining,start_half_seconds_remaining,start_game_seconds_remaining,end_quarter_seconds_remaining,end_half_seconds_remaining,end_game_seconds_remaining,period,lag_qtr,lag_half,coordinate_x,coordinate_y,game_date,game_date_time,type_abbreviation
1,4018108124,4,615,Jumpball,Myles Turner vs. Kel'el Ware (Davion Mitchell gains possession),0,0,1,1st Quarter,12:00,False,0,14.0,5105623.0,3133628.0,4278053.0,2026-03-12T23:41:33Z,False,,,0,Jump Ball,2026,2,14,Miami,Heat,MIA,Miami,15,Milwaukee,Bucks,MIL,Milwaukee,5.5,True,True,-5.5,1,12:00,12,0,False,False,1,1,1,1,720,1440,2880,709.0,1429.0,2869.0,1,,,,,2026-03-12,2026-03-12T23:30Z,
2,4018108127,7,110,Driving Layup Shot,Pelle Larsson makes driving layup (Davion Mitchell assists),0,2,1,1st Quarter,11:49,True,2,14.0,4601025.0,4278053.0,,2026-03-12T23:41:41Z,True,26.0,0.0,2,+2 Points,2026,2,14,Miami,Heat,MIA,Miami,15,Milwaukee,Bucks,MIL,Milwaukee,5.5,True,True,-5.5,1,11:49,11,49,False,False,1,1,2,2,709,1429,2869,709.0,1429.0,2869.0,1,1.0,1.0,-29.75,-11.0,2026-03-12,2026-03-12T23:30Z,
3,4018108128,8,9,Defensive Goaltending,Kyle Kuzma defensive goaltending violation,0,2,1,1st Quarter,11:49,False,0,15.0,3134907.0,,,2026-03-12T23:41:46Z,False,,,0,Goaltending,2026,2,14,Miami,Heat,MIA,Miami,15,Milwaukee,Bucks,MIL,Milwaukee,5.5,True,True,-5.5,1,11:49,11,49,False,False,1,1,3,3,709,1429,2869,694.0,1414.0,2854.0,1,1.0,1.0,,,2026-03-12,2026-03-12T23:30Z,
4,4018108129,9,92,Jump Shot,Myles Turner misses 23-foot three point jumper,0,2,1,1st Quarter,11:34,False,0,15.0,3133628.0,,,2026-03-12T23:42:08Z,True,48.0,1.0,3,Missed 3PT,2026,2,14,Miami,Heat,MIA,Miami,15,Milwaukee,Bucks,MIL,Milwaukee,5.5,True,True,-5.5,1,11:34,11,34,False,False,1,1,4,4,694,1414,2854,690.0,1410.0,2850.0,1,1.0,1.0,22.5,-10.0,2026-03-12,2026-03-12T23:30Z,
5,40181081210,10,155,Defensive Rebound,Pelle Larsson defensive rebound,0,2,1,1st Quarter,11:30,False,0,14.0,4601025.0,,,2026-03-12T23:42:12Z,False,48.0,1.0,0,Rebound,2026,2,14,Miami,Heat,MIA,Miami,15,Milwaukee,Bucks,MIL,Milwaukee,5.5,True,True,-5.5,1,11:30,11,30,False,False,1,1,5,5,690,1410,2850,686.0,1406.0,2846.0,1,1.0,1.0,22.5,-10.0,2026-03-12,2026-03-12T23:30Z,
6,40181081211,11,146,Running Pullup Jump Shot,Bam Adebayo makes 11-foot running pullup jump shot (Pelle Larsson assists),0,4,1,1st Quarter,11:26,True,2,14.0,4066261.0,4601025.0,,2026-03-12T23:42:16Z,True,14.0,4.0,2,+2 Points,2026,2,14,Miami,Heat,MIA,Miami,15,Milwaukee,Bucks,MIL,Milwaukee,5.5,True,True,-5.5,1,11:26,11,26,False,False,1,1,6,6,686,1406,2846,676.0,1396.0,2836.0,1,1.0,1.0,-58.25,-7.0,2026-03-12,2026-03-12T23:30Z,
7,40181081212,12,131,Pullup Jump Shot,Giannis Antetokounmpo misses 18-foot pullup jump shot,0,4,1,1st Quarter,11:16,False,0,15.0,3032977.0,,,2026-03-12T23:42:26Z,True,33.0,17.0,2,Missed FG,2026,2,14,Miami,Heat,MIA,Miami,15,Milwaukee,Bucks,MIL,Milwaukee,5.5,True,True,-5.5,1,11:16,11,16,False,False,1,1,7,7,676,1396,2836,676.0,1396.0,2836.0,1,1.0,1.0,-13.12,6.0,2026-03-12,2026-03-12T23:30Z,
8,40181081213,13,155,Defensive Rebound,Kasparas Jakucionis defensive rebound,0,4,1,1st Quarter,11:16,False,0,14.0,5214640.0,,,2026-03-12T23:42:26Z,False,33.0,17.0,0,Rebound,2026,2,14,Miami,Heat,MIA,Miami,15,Milwaukee,Bucks,MIL,Milwaukee,5.5,True,True,-5.5,1,11:16,11,16,False,False,1,1,8,8,676,1396,2836,661.0,1381.0,2821.0,1,1.0,1.0,-13.12,6.0,2026-03-12,2026-03-12T23:30Z,
9,40181081215,15,92,Jump Shot,Davion Mitchell misses 24-foot three point jumper,0,4,1,1st Quarter,11:01,False,0,14.0,4278053.0,,,2026-03-12T23:42:40Z,True,42.0,18.0,3,Missed 3PT,2026,2,14,Miami,Heat,MIA,Miami,15,Milwaukee,Bucks,MIL,Milwaukee,5.5,True,True,-5.5,1,11:01,11,1,False,False,1,1,9,9,661,1381,2821,658.0,1378.0,2818.0,1,1.0,1.0,8.25,7.0,2026-03-12,2026-03-12T23:30Z,
10,40181081216,16,155,Defensive Rebound,Giannis Antetokounmpo defensive rebound,0,4,1,1st Quarter,10:58,False,0,15.0,3032977.0,,,2026-03-12T23:42:44Z,False,42.0,18.0,0,Rebound,2026,2,14,Miami,Heat,MIA,Miami,15,Milwaukee,Bucks,MIL,Milwaukee,5.5,True,True,-5.5,1,10:58,10,58,False,False,1,1,10,10,658,1378,2818,647.0,1367.0,2807.0,1,1.0,1.0,8.25,7.0,2026-03-12,2026-03-12T23:30Z,
11,40181081217,17,110,Driving Layup Shot,Giannis Antetokounmpo makes driving layup (Myles Turner assists),2,4,1,1st Quarter,10:47,True,2,15.0,3032977.0,3133628.0,,2026-03-12T23:42:55Z,True,24.0,1.0,2,+2 Points,2026,2,14,Miami,Heat,MIA,Miami,15,Milwaukee,Bucks,MIL,Milwaukee,5.5,True,True,-5.5,1,10:47,10,47,False,False,1,1,11,11,647,1367,2807,633.0,1353.0,2793.0,1,1.0,1.0,-34.5,-10.0,2026-03-12,2026-03-12T23:30Z,
12,40181081219,19,92,Jump Shot,Kasparas Jakucionis makes 25-foot three point jumper (Pelle Larsson assists),2,7,1,1st Quarter,10:33,True,3,14.0,5214640.0,4601025.0,,2026-03-12T23:43:09Z,True,25.0,26.0,3,+3 Points,2026,2,14,Miami,Heat,MIA,Miami,15,Milwaukee,Bucks,MIL,Milwaukee,5.5,True,True,-5.5,1,10:33,10,33,False,False,1,1,12,12,633,1353,2793,611.0,1331.0,2771.0,1,1.0,1.0,-32.12,15.0,2026-03-12,2026-03-12T23:30Z,
13,40181081221,21,141,Cutting Layup Shot,Kasparas Jakucionis blocks Myles Turner 's 3-foot layup,2,7,1,1st Quarter,10:11,False,0,15.0,3133628.0,5214640.0,,2026-03-12T23:43:31Z,True,25.0,4.0,2,Missed FG,2026,2,14,Miami,Heat,MIA,Miami,15,Milwaukee,Bucks,MIL,Milwaukee,5.5,True,True,-5.5,1,10:11,10,11,False,False,1,1,13,13,611,1331,2771,608.0,1328.0,2768.0,1,1.0,1.0,-32.12,-7.0,2026-03-12,2026-03-12T23:30Z,
14,40181081223,23,155,Defensive Rebound,Davion Mitchell defensive rebound,2,7,1,1st Quarter,10:08,False,0,14.0,4278053.0,,,2026-03-12T23:43:34Z,False,25.0,4.0,0,Rebound,2026,2,14,Miami,Heat,MIA,Miami,15,Milwaukee,Bucks,MIL,Milwaukee,5.5,True,True,-5.5,1,10:08,10,8,False,False,1,1,14,14,608,1328,2768,606.0,1326.0,2766.0,1,1.0,1.0,-32.12,-7.0,2026-03-12,2026-03-12T23:30Z,
15,40181081224,24,113,Running Jump Shot,Kasparas Jakucionis makes 25-foot running jump shot (Davion Mitchell assists),2,10,1,1st Quarter,10:06,True,3,14.0,5214640.0,4278053.0,,2026-03-12T23:43:36Z,True,12.0,22.0,3,+3 Points,2026,2,14,Miami,Heat,MIA,Miami,15,Milwaukee,Bucks,MIL,Milwaukee,5.5,True,True,-5.5,1,10:06,10,6,False,False,1,1,15,15,606,1326,2766,591.0,1311.0,2751.0,1,1.0,1.0,-63.0,11.0,2026-03-12,2026-03-12T23:30Z,
16,40181081226,26,115,Driving Dunk Shot,Giannis Antetokounmpo makes 1-foot driving dunk,4,10,1,1st Quarter,9:51,True,2,15.0,3032977.0,,,2026-03-12T23:43:51Z,True,26.0,1.0,2,+2 Points,2026,2,14,Miami,Heat,MIA,Miami,15,Milwaukee,Bucks,MIL,Milwaukee,5.5,True,True,-5.5,1,9:51,9,51,False,False,1,1,16,16,591,1311,2751,572.0,1292.0,2732.0,1,1.0,1.0,-29.75,-10.0,2026-03-12,2026-03-12T23:30Z,
17,40181081227,27,92,Jump Shot,Bam Adebayo misses 25-foot three point jumper,4,10,1,1st Quarter,9:32,False,0,14.0,4066261.0,,,2026-03-12T23:44:10Z,True,10.0,21.0,3,Missed 3PT,2026,2,14,Miami,Heat,MIA,Miami,15,Milwaukee,Bucks,MIL,Milwaukee,5.5,True,True,-5.5,1,9:32,9,32,False,False,1,1,17,17,572,1292,2732,568.0,1288.0,2728.0,1,1.0,1.0,-67.75,10.0,2026-03-12,2026-03-12T23:30Z,
18,40181081228,28,155,Defensive Rebound,Kevin Porter Jr. defensive rebound,4,10,1,1st Quarter,9:28,False,0,15.0,4397140.0,,,2026-03-12T23:44:14Z,False,10.0,21.0,0,Rebound,2026,2,14,Miami,Heat,MIA,Miami,15,Milwaukee,Bucks,MIL,Milwaukee,5.5,True,True,-5.5,1,9:28,9,28,False,False,1,1,18,18,568,1288,2728,556.0,1276.0,2716.0,1,1.0,1.0,-67.75,10.0,2026-03-12,2026-03-12T23:30Z,
19,40181081229,29,131,Pullup Jump Shot,Giannis Antetokounmpo misses 26-foot three point pullup jump shot,4,10,1,1st Quarter,9:16,False,0,15.0,3032977.0,,,2026-03-12T23:44:25Z,True,9.0,21.0,3,Missed 3PT,2026,2,14,Miami,Heat,MIA,Miami,15,Milwaukee,Bucks,MIL,Milwaukee,5.5,True,True,-5.5,1,9:16,9,16,False,False,1,1,19,19,556,1276,2716,555.0,1275.0,2715.0,1,1.0,1.0,-70.12,10.0,2026-03-12,2026-03-12T23:30Z,
20,40181081230,30,155,Defensive Rebound,Heat defensive team rebound,4,10,1,1st Quarter,9:15,False,0,14.0,,,,2026-03-12T23:44:29Z,False,9.0,21.0,0,Rebound,2026,2,14,Miami,Heat,MIA,Miami,15,Milwaukee,Bucks,MIL,Milwaukee,5.5,True,True,-5.5,1,9:15,9,15,False,False,1,1,20,20,555,1275,2715,538.0,1258.0,2698.0,1,1.0,1.0,-70.12,10.0,2026-03-12,2026-03-12T23:30Z,
21,40181081233,33,128,Driving Finger Roll Layup,Pelle Larsson misses two point shot,4,10,1,1st Quarter,8:58,False,0,14.0,4601025.0,,,2026-03-12T23:44:53Z,True,26.0,2.0,2,Missed FG,2026,2,14,Miami,Heat,MIA,Miami,15,Milwaukee,Bucks,MIL,Milwaukee,5.5,True,True,-5.5,1,8:58,8,58,False,False,1,1,21,21,538,1258,2698,535.0,1255.0,2695.0,1,1.0,1.0,-29.75,-9.0,2026-03-12,2026-03-12T23:30Z,
22,40181081234,34,155,Defensive Rebound,Giannis Antetokounmpo defensive rebound,4,10,1,1st Quarter,8:55,False,0,15.0,3032977.0,,,2026-03-12T23:44:56Z,False,26.0,2.0,0,Rebound,2026,2,14,Miami,Heat,MIA,Miami,15,Milwaukee,Bucks,MIL,Milwaukee,5.5,True,True,-5.5,1,8:55,8,55,False,False,1,1,22,22,535,1255,2695,533.0,1253.0,2693.0,1,1.0,1.0,-29.75,-9.0,2026-03-12,2026-03-12T23:30Z,
23,40181081235,35,44,Shooting Foul,Davion Mitchell shooting foul,4,10,1,1st Quarter,8:53,False,0,14.0,4278053.0,,,2026-03-12T23:44:59Z,False,26.0,8.0,0,Foul,2026,2,14,Miami,Heat,MIA,Miami,15,Milwaukee,Bucks,MIL,Milwaukee,5.5,True,True,-5.5,1,8:53,8,53,False,False,1,1,23,23,533,1253,2693,533.0,1253.0,2693.0,1,1.0,1.0,-29.75,-3.0,2026-03-12,2026-03-12T23:30Z,
24,40181081237,37,98,Free Throw - 1 of 2,Giannis Antetokounmpo makes free throw 1 of 2,5,10,1,1st Quarter,8:53,True,1,15.0,3032977.0,,,2026-03-12T23:45:39Z,True,,,1,+1 Point,2026,2,14,Miami,Heat,MIA,Miami,15,Milwaukee,Bucks,MIL,Milwaukee,5.5,True,True,-5.5,1,8:53,8,53,False,False,1,1,24,24,533,1253,2693,533.0,1253.0,2693.0,1,1.0,1.0,,,2026-03-12,2026-03-12T23:30Z,
25,40181081238,38,99,Free Throw - 2 of 2,Giannis Antetokounmpo makes free throw 2 of 2,6,10,1,1st Quarter,8:53,True,1,15.0,3032977.0,,,2026-03-12T23:45:39Z,True,,,1,+1 Point,2026,2,14,Miami,Heat,MIA,Miami,15,Milwaukee,Bucks,MIL,Milwaukee,5.5,True,True,-5.5,1,8:53,8,53,False,False,1,1,25,25,533,1253,2693,510.0,1230.0,2670.0,1,1.0,1.0,,,2026-03-12,2026-03-12T23:30Z,
26,40181081239,39,92,Jump Shot,Kel'el Ware misses 22-foot three point jumper,6,10,1,1st Quarter,8:30,False,0,14.0,5105623.0,,,2026-03-12T23:46:33Z,True,2.0,2.0,3,Missed 3PT,2026,2,14,Miami,Heat,MIA,Miami,15,Milwaukee,Bucks,MIL,Milwaukee,5.5,True,True,-5.5,1,8:30,8,30,False,False,1,1,26,26,510,1230,2670,505.0,1225.0,2665.0,1,1.0,1.0,-86.75,-9.0,2026-03-12,2026-03-12T23:30Z,
27,40181081240,40,155,Defensive Rebound,Kevin Porter Jr. defensive rebound,6,10,1,1st Quarter,8:25,False,0,15.0,4397140.0,,,2026-03-12T23:46:38Z,False,2.0,2.0,0,Rebound,2026,2,14,Miami,Heat,MIA,Miami,15,Milwaukee,Bucks,MIL,Milwaukee,5.5,True,True,-5.5,1,8:25,8,25,False,False,1,1,27,27,505,1225,2665,502.0,1222.0,2662.0,1,1.0,1.0,-86.75,-9.0,2026-03-12,2026-03-12T23:30Z,
28,40181081241,41,116,Running Dunk Shot,Giannis Antetokounmpo makes 1-foot running dunk (Kevin Porter Jr. assists),8,10,1,1st Quarter,8:22,True,2,15.0,3032977.0,4397140.0,,2026-03-12T23:46:40Z,True,26.0,2.0,2,+2 Points,2026,2,14,Miami,Heat,MIA,Miami,15,Milwaukee,Bucks,MIL,Milwaukee,5.5,True,True,-5.5,1,8:22,8,22,False,False,1,1,28,28,502,1222,2662,488.0,1208.0,2648.0,1,1.0,1.0,-29.75,-9.0,2026-03-12,2026-03-12T23:30Z,
29,40181081243,43,92,Jump Shot,Pelle Larsson makes 25-foot three point jumper (Davion Mitchell assists),8,13,1,1st Quarter,8:08,True,3,14.0,4601025.0,4278053.0,,2026-03-12T23:46:54Z,True,13.0,23.0,3,+3 Points,2026,2,14,Miami,Heat,MIA,Miami,15,Milwaukee,Bucks,MIL,Milwaukee,5.5,True,True,-5.5,1,8:08,8,8,False,False,1,1,29,29,488,1208,2648,478.0,1198.0,2638.0,1,1.0,1.0,-60.62,12.0,2026-03-12,2026-03-12T23:30Z,
30,40181081245,45,110,Driving Layup Shot,Giannis Antetokounmpo misses driving layup,8,13,1,1st Quarter,7:58,False,0,15.0,3032977.0,,,2026-03-12T23:47:05Z,True,27.0,2.0,2,Missed FG,2026,2,14,Miami,Heat,MIA,Miami,15,Milwaukee,Bucks,MIL,Milwaukee,5.5,True,True,-5.5,1,7:58,7,58,False,False,1,1,30,30,478,1198,2638,474.0,1194.0,2634.0,1,1.0,1.0,-27.38,-9.0,2026-03-12,2026-03-12T23:30Z,
31,40181081247,47,155,Defensive Rebound,Kel'el Ware defensive rebound,8,13,1,1st Quarter,7:54,False,0,14.0,5105623.0,,,2026-03-12T23:47:09Z,False,27.0,2.0,0,Rebound,2026,2,14,Miami,Heat,MIA,Miami,15,Milwaukee,Bucks,MIL,Milwaukee,5.5,True,True,-5.5,1,7:54,7,54,False,False,1,1,31,31,474,1194,2634,467.0,1187.0,2627.0,1,1.0,1.0,-27.38,-9.0,2026-03-12,2026-03-12T23:30Z,
32,40181081248,48,110,Driving Layup Shot,Kel'el Ware makes driving layup (Bam Adebayo assists),8,15,1,1st Quarter,7:47,True,2,14.0,5105623.0,4066261.0,,2026-03-12T23:47:16Z,True,26.0,1.0,2,+2 Points,2026,2,14,Miami,Heat,MIA,Miami,15,Milwaukee,Bucks,MIL,Milwaukee,5.5,True,True,-5.5,1,7:47,7,47,False,False,1,1,32,32,467,1187,2627,453.0,1173.0,2613.0,1,1.0,1.0,-29.75,-10.0,2026-03-12,2026-03-12T23:30Z,
33,40181081249,49,130,Floating Jump Shot,Ousmane Dieng misses 5-foot floating jump shot,8,15,1,1st Quarter,7:33,False,0,15.0,4997526.0,,,2026-03-12T23:47:29Z,True,19.0,1.0,2,Missed FG,2026,2,14,Miami,Heat,MIA,Miami,15,Milwaukee,Bucks,MIL,Milwaukee,5.5,True,True,-5.5,1,7:33,7,33,False,False,1,1,33,33,453,1173,2613,449.0,1169.0,2609.0,1,1.0,1.0,-46.38,-10.0,2026-03-12,2026-03-12T23:30Z,
34,40181081250,50,155,Defensive Rebound,Davion Mitchell defensive rebound,8,15,1,1st Quarter,7:29,False,0,14.0,4278053.0,,,2026-03-12T23:47:33Z,False,19.0,1.0,0,Rebound,2026,2,14,Miami,Heat,MIA,Miami,15,Milwaukee,Bucks,MIL,Milwaukee,5.5,True,True,-5.5,1,7:29,7,29,False,False,1,1,34,34,449,1169,2609,438.0,1158.0,2598.0,1,1.0,1.0,-46.38,-10.0,2026-03-12,2026-03-12T23:30Z,
35,40181081251,51,92,Jump Shot,Kasparas Jakucionis misses 25-foot three point jumper,8,15,1,1st Quarter,7:18,False,0,14.0,5214640.0,,,2026-03-12T23:47:44Z,True,47.0,12.0,3,Missed 3PT,2026,2,14,Miami,Heat,MIA,Miami,15,Milwaukee,Bucks,MIL,Milwaukee,5.5,True,True,-5.5,1,7:18,7,18,False,False,1,1,35,35,438,1158,2598,437.0,1157.0,2597.0,1,1.0,1.0,20.12,1.0,2026-03-12,2026-03-12T23:30Z,
36,40181081252,52,155,Defensive Rebound,Bucks defensive team rebound,8,15,1,1st Quarter,7:17,False,0,15.0,,,,2026-03-12T23:47:45Z,False,47.0,12.0,0,Rebound,2026,2,14,Miami,Heat,MIA,Miami,15,Milwaukee,Bucks,MIL,Milwaukee,5.5,True,True,-5.5,1,7:17,7,17,False,False,1,1,36,36,437,1157,2597,428.0,1148.0,2588.0,1,1.0,1.0,20.12,1.0,2026-03-12,2026-03-12T23:30Z,
37,40181081254,54,64,Traveling,Kyle Kuzma traveling turnover,8,15,1,1st Quarter,7:08,False,0,15.0,3134907.0,,,2026-03-12T23:48:08Z,False,15.0,11.0,0,Turnover,2026,2,14,Miami,Heat,MIA,Miami,15,Milwaukee,Bucks,MIL,Milwaukee,5.5,True,True,-5.5,1,7:08,7,8,False,False,1,1,37,37,428,1148,2588,413.0,1133.0,2573.0,1,1.0,1.0,-55.88,0.0,2026-03-12,2026-03-12T23:30Z,
38,40181081255,55,130,Floating Jump Shot,Bam Adebayo makes 5-foot floating jump shot (Pelle Larsson assists),8,17,1,1st Quarter,6:53,True,2,14.0,4066261.0,4601025.0,,2026-03-12T23:48:36Z,True,30.0,1.0,2,+2 Points,2026,2,14,Miami,Heat,MIA,Miami,15,Milwaukee,Bucks,MIL,Milwaukee,5.5,True,True,-5.5,1,6:53,6,53,False,False,1,1,38,38,413,1133,2573,413.0,1133.0,2573.0,1,1.0,1.0,-20.25,-10.0,2026-03-12,2026-03-12T23:30Z,
39,40181081257,57,16,Full Timeout,Bucks Full timeout,8,17,1,1st Quarter,6:53,False,0,15.0,,,,2026-03-12T23:48:48Z,False,,,0,Timeout,2026,2,14,Miami,Heat,MIA,Miami,15,Milwaukee,Bucks,MIL,Milwaukee,5.5,True,True,-5.5,1,6:53,6,53,False,True,1,1,39,39,413,1133,2573,401.0,1121.0,2561.0,1,1.0,1.0,,,2026-03-12,2026-03-12T23:30Z,
40,40181081259,59,90,Out of Bounds - Bad Pass Turnover,Ousmane Dieng out of bounds bad pass turnover,8,17,1,1st Quarter,6:41,False,0,15.0,4997526.0,,,2026-03-12T23:51:52Z,False,34.0,25.0,0,Turnover,2026,2,14,Miami,Heat,MIA,Miami,15,Milwaukee,Bucks,MIL,Milwaukee,5.5,True,True,-5.5,1,6:41,6,41,False,False,1,1,40,40,401,1121,2561,392.0,1112.0,2552.0,1,1.0,1.0,-10.75,14.0,2026-03-12,2026-03-12T23:30Z,
41,40181081260,60,45,Personal Foul,Kyle Kuzma personal foul,8,17,1,1st Quarter,6:32,False,0,15.0,3134907.0,,,2026-03-12T23:52:10Z,False,26.0,10.0,0,Foul,2026,2,14,Miami,Heat,MIA,Miami,15,Milwaukee,Bucks,MIL,Milwaukee,5.5,True,True,-5.5,1,6:32,6,32,False,False,1,1,41,41,392,1112,2552,392.0,1112.0,2552.0,1,1.0,1.0,-29.75,-1.0,2026-03-12,2026-03-12T23:30Z,
42,40181081262,62,584,Substitution,Jaime Jaquez Jr. enters the game for Bam Adebayo,8,17,1,1st Quarter,6:32,False,0,14.0,4432848.0,4066261.0,,2026-03-12T23:52:19Z,False,,,0,Substitution,2026,2,14,Miami,Heat,MIA,Miami,15,Milwaukee,Bucks,MIL,Milwaukee,5.5,True,True,-5.5,1,6:32,6,32,False,False,1,1,42,42,392,1112,2552,385.0,1105.0,2545.0,1,1.0,1.0,,,2026-03-12,2026-03-12T23:30Z,
43,40181081264,64,92,Jump Shot,Kel'el Ware makes 22-foot three point jumper (Jaime Jaquez Jr. assists),8,20,1,1st Quarter,6:25,True,3,14.0,5105623.0,4432848.0,,2026-03-12T23:52:36Z,True,2.0,4.0,3,+3 Points,2026,2,14,Miami,Heat,MIA,Miami,15,Milwaukee,Bucks,MIL,Milwaukee,5.5,True,True,-5.5,1,6:25,6,25,False,False,1,1,43,43,385,1105,2545,371.0,1091.0,2531.0,1,1.0,1.0,-86.75,-7.0,2026-03-12,2026-03-12T23:30Z,
44,40181081266,66,131,Pullup Jump Shot,Giannis Antetokounmpo misses 18-foot pullup jump shot,8,20,1,1st Quarter,6:11,False,0,15.0,3032977.0,,,2026-03-12T23:52:49Z,True,38.0,14.0,2,Missed FG,2026,2,14,Miami,Heat,MIA,Miami,15,Milwaukee,Bucks,MIL,Milwaukee,5.5,True,True,-5.5,1,6:11,6,11,False,False,1,1,44,44,371,1091,2531,367.0,1087.0,2527.0,1,1.0,1.0,-1.25,3.0,2026-03-12,2026-03-12T23:30Z,
45,40181081267,67,155,Defensive Rebound,Davion Mitchell defensive rebound,8,20,1,1st Quarter,6:07,False,0,14.0,4278053.0,,,2026-03-12T23:52:53Z,False,38.0,14.0,0,Rebound,2026,2,14,Miami,Heat,MIA,Miami,15,Milwaukee,Bucks,MIL,Milwaukee,5.5,True,True,-5.5,1,6:07,6,7,False,False,1,1,45,45,367,1087,2527,363.0,1083.0,2523.0,1,1.0,1.0,-1.25,3.0,2026-03-12,2026-03-12T23:30Z,
46,40181081268,68,109,Running Layup Shot,Davion Mitchell makes running layup,8,22,1,1st Quarter,6:03,True,2,14.0,4278053.0,,,2026-03-12T23:52:58Z,True,24.0,1.0,2,+2 Points,2026,2,14,Miami,Heat,MIA,Miami,15,Milwaukee,Bucks,MIL,Milwaukee,5.5,True,True,-5.5,1,6:03,6,3,False,False,1,1,46,46,363,1083,2523,347.0,1067.0,2507.0,1,1.0,1.0,-34.5,-10.0,2026-03-12,2026-03-12T23:30Z,
47,40181081269,69,128,Driving Finger Roll Layup,Giannis Antetokounmpo makes 4-foot two point shot (Kevin Porter Jr. assists),10,22,1,1st Quarter,5:47,True,2,15.0,3032977.0,4397140.0,,2026-03-12T23:53:14Z,True,23.0,4.0,2,+2 Points,2026,2,14,Miami,Heat,MIA,Miami,15,Milwaukee,Bucks,MIL,Milwaukee,5.5,True,True,-5.5,1,5:47,5,47,False,False,1,1,47,47,347,1067,2507,332.0,1052.0,2492.0,1,1.0,1.0,-36.88,-7.0,2026-03-12,2026-03-12T23:30Z,
48,40181081271,71,92,Jump Shot,Kasparas Jakucionis misses 25-foot three point jumper,10,22,1,1st Quarter,5:32,False,0,14.0,5214640.0,,,2026-03-12T23:53:29Z,True,14.0,23.0,3,Missed 3PT,2026,2,14,Miami,Heat,MIA,Miami,15,Milwaukee,Bucks,MIL,Milwaukee,5.5,True,True,-5.5,1,5:32,5,32,False,False,1,1,48,48,332,1052,2492,332.0,1052.0,2492.0,1,1.0,1.0,-58.25,12.0,2026-03-12,2026-03-12T23:30Z,
49,40181081272,72,155,Defensive Rebound,Giannis Antetokounmpo defensive rebound,10,22,1,1st Quarter,5:32,False,0,15.0,3032977.0,,,2026-03-12T23:53:29Z,False,14.0,23.0,0,Rebound,2026,2,14,Miami,Heat,MIA,Miami,15,Milwaukee,Bucks,MIL,Milwaukee,5.5,True,True,-5.5,1,5:32,5,32,False,False,1,1,49,49,332,1052,2492,318.0,1038.0,2478.0,1,1.0,1.0,-58.25,12.0,2026-03-12,2026-03-12T23:30Z,
50,40181081273,73,62,"Bad Pass
Turnover","Myles Turner bad pass
turnover (Pelle Larsson steals)",10,22,1,1st Quarter,5:18,False,0,15.0,3133628.0,4601025.0,,2026-03-12T23:53:43Z,False,42.0,24.0,0,Turnover,2026,2,14,Miami,Heat,MIA,Miami,15,Milwaukee,Bucks,MIL,Milwaukee,5.5,True,True,-5.5,1,5:18,5,18,False,False,1,1,50,50,318,1038,2478,317.0,1037.0,2477.0,1,1.0,1.0,8.25,13.0,2026-03-12,2026-03-12T23:30Z,
51,40181081276,76,44,Shooting Foul,Kevin Porter Jr. shooting foul,10,22,1,1st Quarter,5:17,False,0,15.0,4397140.0,,,2026-03-12T23:54:01Z,False,24.0,3.0,0,Foul,2026,2,14,Miami,Heat,MIA,Miami,15,Milwaukee,Bucks,MIL,Milwaukee,5.5,True,True,-5.5,1,5:17,5,17,False,False,1,1,51,51,317,1037,2477,317.0,1037.0,2477.0,1,1.0,1.0,-34.5,-8.0,2026-03-12,2026-03-12T23:30Z,
52,40181081278,78,98,Free Throw - 1 of 2,Pelle Larsson makes free throw 1 of 2,10,23,1,1st Quarter,5:17,True,1,14.0,4601025.0,,,2026-03-12T23:54:22Z,True,,,1,+1 Point,2026,2,14,Miami,Heat,MIA,Miami,15,Milwaukee,Bucks,MIL,Milwaukee,5.5,True,True,-5.5,1,5:17,5,17,False,False,1,1,52,52,317,1037,2477,317.0,1037.0,2477.0,1,1.0,1.0,,,2026-03-12,2026-03-12T23:30Z,
53,40181081279,79,584,Substitution,Jericho Sims enters the game for Ousmane Dieng,10,23,1,1st Quarter,5:17,False,0,15.0,4277922.0,4997526.0,,2026-03-12T23:54:23Z,False,,,0,Substitution,2026,2,14,Miami,Heat,MIA,Miami,15,Milwaukee,Bucks,MIL,Milwaukee,5.5,True,True,-5.5,1,5:17,5,17,False,False,1,1,53,53,317,1037,2477,317.0,1037.0,2477.0,1,1.0,1.0,,,2026-03-12,2026-03-12T23:30Z,
54,40181081280,80,584,Substitution,Taurean Prince enters the game for Giannis Antetokounmpo,10,23,1,1st Quarter,5:17,False,0,15.0,2990962.0,3032977.0,,2026-03-12T23:54:23Z,False,,,0,Substitution,2026,2,14,Miami,Heat,MIA,Miami,15,Milwaukee,Bucks,MIL,Milwaukee,5.5,True,True,-5.5,1,5:17,5,17,False,False,1,1,54,54,317,1037,2477,317.0,1037.0,2477.0,1,1.0,1.0,,,2026-03-12,2026-03-12T23:30Z,
55,40181081283,83,99,Free Throw - 2 of 2,Pelle Larsson makes free throw 2 of 2,10,24,1,1st Quarter,5:17,True,1,14.0,4601025.0,,,2026-03-12T23:54:49Z,True,,,1,+1 Point,2026,2,14,Miami,Heat,MIA,Miami,15,Milwaukee,Bucks,MIL,Milwaukee,5.5,True,True,-5.5,1,5:17,5,17,False,False,1,1,55,55,317,1037,2477,305.0,1025.0,2465.0,1,1.0,1.0,,,2026-03-12,2026-03-12T23:30Z,
56,40181081284,84,128,Driving Finger Roll Layup,Kevin Porter Jr. makes 3-foot two point shot,12,24,1,1st Quarter,5:05,True,2,15.0,4397140.0,,,2026-03-12T23:55:01Z,True,29.0,2.0,2,+2 Points,2026,2,14,Miami,Heat,MIA,Miami,15,Milwaukee,Bucks,MIL,Milwaukee,5.5,True,True,-5.5,1,5:05,5,5,False,False,1,1,56,56,305,1025,2465,287.0,1007.0,2447.0,1,1.0,1.0,-22.62,-9.0,2026-03-12,2026-03-12T23:30Z,
57,40181081285,85,62,"Bad Pass
Turnover","Kasparas Jakucionis bad pass
turnover (Kevin Porter Jr. steals)",12,24,1,1st Quarter,4:47,False,0,14.0,5214640.0,4397140.0,,2026-03-12T23:55:19Z,False,19.0,7.0,0,Turnover,2026,2,14,Miami,Heat,MIA,Miami,15,Milwaukee,Bucks,MIL,Milwaukee,5.5,True,True,-5.5,1,4:47,4,47,False,False,1,1,57,57,287,1007,2447,282.0,1002.0,2442.0,1,1.0,1.0,-46.38,-4.0,2026-03-12,2026-03-12T23:30Z,
58,40181081287,87,113,Running Jump Shot,Myles Turner misses 29-foot running jump shot,12,24,1,1st Quarter,4:42,False,0,15.0,3133628.0,,,2026-03-12T23:55:24Z,True,27.0,29.0,3,Missed 3PT,2026,2,14,Miami,Heat,MIA,Miami,15,Milwaukee,Bucks,MIL,Milwaukee,5.5,True,True,-5.5,1,4:42,4,42,False,False,1,1,58,58,282,1002,2442,277.0,997.0,2437.0,1,1.0,1.0,-27.38,18.0,2026-03-12,2026-03-12T23:30Z,
59,40181081288,88,155,Defensive Rebound,Pelle Larsson defensive rebound,12,24,1,1st Quarter,4:37,False,0,14.0,4601025.0,,,2026-03-12T23:55:29Z,False,27.0,29.0,0,Rebound,2026,2,14,Miami,Heat,MIA,Miami,15,Milwaukee,Bucks,MIL,Milwaukee,5.5,True,True,-5.5,1,4:37,4,37,False,False,1,1,59,59,277,997,2437,257.0,977.0,2417.0,1,1.0,1.0,-27.38,18.0,2026-03-12,2026-03-12T23:30Z,
60,40181081289,89,92,Jump Shot,Myles Turner blocks Kel'el Ware 's 22-foot three point jumper,12,24,1,1st Quarter,4:17,False,0,14.0,5105623.0,3133628.0,,2026-03-12T23:55:49Z,True,2.0,-1.0,3,Missed 3PT,2026,2,14,Miami,Heat,MIA,Miami,15,Milwaukee,Bucks,MIL,Milwaukee,5.5,True,True,-5.5,1,4:17,4,17,False,False,1,1,60,60,257,977,2417,255.0,975.0,2415.0,1,1.0,1.0,-86.75,-12.0,2026-03-12,2026-03-12T23:30Z,
61,40181081291,91,155,Defensive Rebound,Kevin Porter Jr. defensive rebound,12,24,1,1st Quarter,4:15,False,0,15.0,4397140.0,,,2026-03-12T23:55:51Z,False,2.0,-1.0,0,Rebound,2026,2,14,Miami,Heat,MIA,Miami,15,Milwaukee,Bucks,MIL,Milwaukee,5.5,True,True,-5.5,1,4:15,4,15,False,False,1,1,61,61,255,975,2415,234.0,954.0,2394.0,1,1.0,1.0,-86.75,-12.0,2026-03-12,2026-03-12T23:30Z,
62,40181081292,92,132,Step Back Jump Shot,Kyle Kuzma misses 26-foot three point step back jumpshot,12,24,1,1st Quarter,3:54,False,0,15.0,3134907.0,,,2026-03-12T23:56:12Z,True,9.0,21.0,3,Missed 3PT,2026,2,14,Miami,Heat,MIA,Miami,15,Milwaukee,Bucks,MIL,Milwaukee,5.5,True,True,-5.5,1,3:54,3,54,False,False,1,1,62,62,234,954,2394,229.0,949.0,2389.0,1,1.0,1.0,-70.12,10.0,2026-03-12,2026-03-12T23:30Z,
63,40181081293,93,155,Defensive Rebound,Kel'el Ware defensive rebound,12,24,1,1st Quarter,3:49,False,0,14.0,5105623.0,,,2026-03-12T23:56:17Z,False,9.0,21.0,0,Rebound,2026,2,14,Miami,Heat,MIA,Miami,15,Milwaukee,Bucks,MIL,Milwaukee,5.5,True,True,-5.5,1,3:49,3,49,False,False,1,1,63,63,229,949,2389,226.0,946.0,2386.0,1,1.0,1.0,-70.12,10.0,2026-03-12,2026-03-12T23:30Z,
64,40181081294,94,45,Personal Foul,Taurean Prince personal foul,12,24,1,1st Quarter,3:46,False,0,15.0,2990962.0,,,2026-03-12T23:56:21Z,False,10.0,20.0,0,Foul,2026,2,14,Miami,Heat,MIA,Miami,15,Milwaukee,Bucks,MIL,Milwaukee,5.5,True,True,-5.5,1,3:46,3,46,False,False,1,1,64,64,226,946,2386,226.0,946.0,2386.0,1,1.0,1.0,-67.75,9.0,2026-03-12,2026-03-12T23:30Z,
65,40181081296,96,584,Substitution,Dru Smith enters the game for Davion Mitchell,12,24,1,1st Quarter,3:46,False,0,14.0,4066993.0,4278053.0,,2026-03-12T23:56:31Z,False,,,0,Substitution,2026,2,14,Miami,Heat,MIA,Miami,15,Milwaukee,Bucks,MIL,Milwaukee,5.5,True,True,-5.5,1,3:46,3,46,False,False,1,1,65,65,226,946,2386,226.0,946.0,2386.0,1,1.0,1.0,,,2026-03-12,2026-03-12T23:30Z,
66,40181081297,97,584,Substitution,Bobby Portis enters the game for Myles Turner,12,24,1,1st Quarter,3:46,False,0,15.0,3064482.0,3133628.0,,2026-03-12T23:56:31Z,False,,,0,Substitution,2026,2,14,Miami,Heat,MIA,Miami,15,Milwaukee,Bucks,MIL,Milwaukee,5.5,True,True,-5.5,1,3:46,3,46,False,False,1,1,66,66,226,946,2386,226.0,946.0,2386.0,1,1.0,1.0,,,2026-03-12,2026-03-12T23:30Z,
67,40181081298,98,584,Substitution,Ryan Rollins enters the game for Kevin Porter Jr.,12,24,1,1st Quarter,3:46,False,0,15.0,4591725.0,4397140.0,,2026-03-12T23:56:31Z,False,,,0,Substitution,2026,2,14,Miami,Heat,MIA,Miami,15,Milwaukee,Bucks,MIL,Milwaukee,5.5,True,True,-5.5,1,3:46,3,46,False,False,1,1,67,67,226,946,2386,216.0,936.0,2376.0,1,1.0,1.0,,,2026-03-12,2026-03-12T23:30Z,
68,401810812102,102,92,Jump Shot,Kel'el Ware misses 25-foot three point jumper,12,24,1,1st Quarter,3:36,False,0,14.0,5105623.0,,,2026-03-12T23:56:55Z,True,38.0,22.0,3,Missed 3PT,2026,2,14,Miami,Heat,MIA,Miami,15,Milwaukee,Bucks,MIL,Milwaukee,5.5,True,True,-5.5,1,3:36,3,36,False,False,1,1,68,68,216,936,2376,213.0,933.0,2373.0,1,1.0,1.0,-1.25,11.0,2026-03-12,2026-03-12T23:30Z,
69,401810812103,103,155,Defensive Rebound,Jericho Sims defensive rebound,12,24,1,1st Quarter,3:33,False,0,15.0,4277922.0,,,2026-03-12T23:56:58Z,False,38.0,22.0,0,Rebound,2026,2,14,Miami,Heat,MIA,Miami,15,Milwaukee,Bucks,MIL,Milwaukee,5.5,True,True,-5.5,1,3:33,3,33,False,False,1,1,69,69,213,933,2373,202.0,922.0,2362.0,1,1.0,1.0,-1.25,11.0,2026-03-12,2026-03-12T23:30Z,
70,401810812104,104,144,Driving Floating Jump Shot,Bobby Portis misses driving floating jump shot,12,24,1,1st Quarter,3:22,False,0,15.0,3064482.0,,,2026-03-12T23:57:09Z,True,13.0,5.0,2,Missed FG,2026,2,14,Miami,Heat,MIA,Miami,15,Milwaukee,Bucks,MIL,Milwaukee,5.5,True,True,-5.5,1,3:22,3,22,False,False,1,1,70,70,202,922,2362,198.0,918.0,2358.0,1,1.0,1.0,-60.62,-6.0,2026-03-12,2026-03-12T23:30Z,
71,401810812105,105,155,Defensive Rebound,Kasparas Jakucionis defensive rebound,12,24,1,1st Quarter,3:18,False,0,14.0,5214640.0,,,2026-03-12T23:57:13Z,False,13.0,5.0,0,Rebound,2026,2,14,Miami,Heat,MIA,Miami,15,Milwaukee,Bucks,MIL,Milwaukee,5.5,True,True,-5.5,1,3:18,3,18,False,False,1,1,71,71,198,918,2358,194.0,914.0,2354.0,1,1.0,1.0,-60.62,-6.0,2026-03-12,2026-03-12T23:30Z,
72,401810812106,106,109,Running Layup Shot,Dru Smith makes running layup,12,26,1,1st Quarter,3:14,True,2,14.0,4066993.0,,,2026-03-12T23:57:18Z,True,21.0,2.0,2,+2 Points,2026,2,14,Miami,Heat,MIA,Miami,15,Milwaukee,Bucks,MIL,Milwaukee,5.5,True,True,-5.5,1,3:14,3,14,False,False,1,1,72,72,194,914,2354,177.0,897.0,2337.0,1,1.0,1.0,-41.62,-9.0,2026-03-12,2026-03-12T23:30Z,
73,401810812107,107,110,Driving Layup Shot,Ryan Rollins makes driving layup (Jericho Sims assists),14,26,1,1st Quarter,2:57,True,2,15.0,4591725.0,4277922.0,,2026-03-12T23:57:34Z,True,23.0,2.0,2,+2 Points,2026,2,14,Miami,Heat,MIA,Miami,15,Milwaukee,Bucks,MIL,Milwaukee,5.5,True,True,-5.5,1,2:57,2,57,False,False,1,1,73,73,177,897,2337,166.0,886.0,2326.0,1,1.0,1.0,-36.88,-9.0,2026-03-12,2026-03-12T23:30Z,
74,401810812108,108,110,Driving Layup Shot,Kel'el Ware misses driving layup,14,26,1,1st Quarter,2:46,False,0,14.0,5105623.0,,,2026-03-12T23:57:45Z,True,24.0,0.0,2,Missed FG,2026,2,14,Miami,Heat,MIA,Miami,15,Milwaukee,Bucks,MIL,Milwaukee,5.5,True,True,-5.5,1,2:46,2,46,False,False,1,1,74,74,166,886,2326,163.0,883.0,2323.0,1,1.0,1.0,-34.5,-11.0,2026-03-12,2026-03-12T23:30Z,
75,401810812109,109,155,Defensive Rebound,Bobby Portis defensive rebound,14,26,1,1st Quarter,2:43,False,0,15.0,3064482.0,,,2026-03-12T23:57:48Z,False,24.0,0.0,0,Rebound,2026,2,14,Miami,Heat,MIA,Miami,15,Milwaukee,Bucks,MIL,Milwaukee,5.5,True,True,-5.5,1,2:43,2,43,False,False,1,1,75,75,163,883,2323,163.0,883.0,2323.0,1,1.0,1.0,-34.5,-11.0,2026-03-12,2026-03-12T23:30Z,
76,401810812110,110,24,Offensive Charge,Kyle Kuzma offensive charge,14,26,1,1st Quarter,2:43,False,0,15.0,3134907.0,,,2026-03-12T23:57:51Z,False,27.0,2.0,0,Foul,2026,2,14,Miami,Heat,MIA,Miami,15,Milwaukee,Bucks,MIL,Milwaukee,5.5,True,True,-5.5,1,2:43,2,43,False,False,1,1,76,76,163,883,2323,163.0,883.0,2323.0,1,1.0,1.0,-27.38,-9.0,2026-03-12,2026-03-12T23:30Z,
77,401810812112,112,84,Offensive Foul Turnover,Kyle Kuzma offensive foul turnover,14,26,1,1st Quarter,2:43,False,0,15.0,3134907.0,,,2026-03-12T23:57:51Z,False,27.0,2.0,0,Turnover,2026,2,14,Miami,Heat,MIA,Miami,15,Milwaukee,Bucks,MIL,Milwaukee,5.5,True,True,-5.5,1,2:43,2,43,False,False,1,1,77,77,163,883,2323,163.0,883.0,2323.0,1,1.0,1.0,-27.38,-9.0,2026-03-12,2026-03-12T23:30Z,
78,401810812113,113,16,Full Timeout,Bucks Full timeout,14,26,1,1st Quarter,2:43,False,0,15.0,,,,2026-03-12T23:58:14Z,False,,,0,Timeout,2026,2,14,Miami,Heat,MIA,Miami,15,Milwaukee,Bucks,MIL,Milwaukee,5.5,True,True,-5.5,1,2:43,2,43,False,True,1,1,78,78,163,883,2323,163.0,883.0,2323.0,1,1.0,1.0,,,2026-03-12,2026-03-12T23:30Z,
79,401810812114,114,214,Coach's Challenge (Supported),(02:43) [Bucks] COACH'S CHALLENGE (REPLAY SUPPORTS CALL) [Bucks] charged with a timeout,14,26,1,1st Quarter,2:43,False,0,15.0,,,,2026-03-12T23:58:24Z,False,,,0,Challenge,2026,2,14,Miami,Heat,MIA,Miami,15,Milwaukee,Bucks,MIL,Milwaukee,5.5,True,True,-5.5,1,2:43,2,43,False,False,1,1,79,79,163,883,2323,163.0,883.0,2323.0,1,1.0,1.0,,,2026-03-12,2026-03-12T23:30Z,
80,401810812116,116,584,Substitution,Simone Fontecchio enters the game for Kel'el Ware,14,26,1,1st Quarter,2:43,False,0,14.0,3899664.0,5105623.0,,2026-03-13T00:00:22Z,False,,,0,Substitution,2026,2,14,Miami,Heat,MIA,Miami,15,Milwaukee,Bucks,MIL,Milwaukee,5.5,True,True,-5.5,1,2:43,2,43,False,False,1,1,80,80,163,883,2323,163.0,883.0,2323.0,1,1.0,1.0,,,2026-03-12,2026-03-12T23:30Z,
81,401810812117,117,584,Substitution,Bam Adebayo enters the game for Pelle Larsson,14,26,1,1st Quarter,2:43,False,0,14.0,4066261.0,4601025.0,,2026-03-13T00:00:22Z,False,,,0,Substitution,2026,2,14,Miami,Heat,MIA,Miami,15,Milwaukee,Bucks,MIL,Milwaukee,5.5,True,True,-5.5,1,2:43,2,43,False,False,1,1,81,81,163,883,2323,163.0,883.0,2323.0,1,1.0,1.0,,,2026-03-12,2026-03-12T23:30Z,
82,401810812118,118,584,Substitution,AJ Green enters the game for Kyle Kuzma,14,26,1,1st Quarter,2:43,False,0,15.0,4397475.0,3134907.0,,2026-03-13T00:00:22Z,False,,,0,Substitution,2026,2,14,Miami,Heat,MIA,Miami,15,Milwaukee,Bucks,MIL,Milwaukee,5.5,True,True,-5.5,1,2:43,2,43,False,False,1,1,82,82,163,883,2323,144.0,864.0,2304.0,1,1.0,1.0,,,2026-03-12,2026-03-12T23:30Z,
83,401810812122,122,144,Driving Floating Jump Shot,Dru Smith misses driving floating jump shot,14,26,1,1st Quarter,2:24,False,0,14.0,4066993.0,,,2026-03-13T00:01:31Z,True,18.0,9.0,2,Missed FG,2026,2,14,Miami,Heat,MIA,Miami,15,Milwaukee,Bucks,MIL,Milwaukee,5.5,True,True,-5.5,1,2:24,2,24,False,False,1,1,83,83,144,864,2304,142.0,862.0,2302.0,1,1.0,1.0,-48.75,-2.0,2026-03-12,2026-03-12T23:30Z,
84,401810812123,123,156,Offensive Rebound,Simone Fontecchio offensive rebound,14,26,1,1st Quarter,2:22,False,0,14.0,3899664.0,,,2026-03-13T00:01:33Z,False,18.0,9.0,0,Rebound,2026,2,14,Miami,Heat,MIA,Miami,15,Milwaukee,Bucks,MIL,Milwaukee,5.5,True,True,-5.5,1,2:22,2,22,False,False,1,1,84,84,142,862,2302,142.0,862.0,2302.0,1,1.0,1.0,-48.75,-2.0,2026-03-12,2026-03-12T23:30Z,
85,401810812149,149,94,Tip Shot,Simone Fontecchio misses 3-foot tip shot,14,26,1,1st Quarter,2:22,False,0,14.0,3899664.0,,,2026-03-13T00:01:36Z,True,27.0,3.0,2,Missed FG,2026,2,14,Miami,Heat,MIA,Miami,15,Milwaukee,Bucks,MIL,Milwaukee,5.5,True,True,-5.5,1,2:22,2,22,False,False,1,1,85,85,142,862,2302,139.0,859.0,2299.0,1,1.0,1.0,-27.38,-8.0,2026-03-12,2026-03-12T23:30Z,
86,401810812150,150,155,Defensive Rebound,Ryan Rollins defensive rebound,14,26,1,1st Quarter,2:19,False,0,15.0,4591725.0,,,2026-03-13T00:01:39Z,False,27.0,3.0,0,Rebound,2026,2,14,Miami,Heat,MIA,Miami,15,Milwaukee,Bucks,MIL,Milwaukee,5.5,True,True,-5.5,1,2:19,2,19,False,False,1,1,86,86,139,859,2299,135.0,855.0,2295.0,1,1.0,1.0,-27.38,-8.0,2026-03-12,2026-03-12T23:30Z,
87,401810812124,124,64,Traveling,AJ Green traveling turnover,14,26,1,1st Quarter,2:15,False,0,15.0,4397475.0,,,2026-03-13T00:01:42Z,False,5.0,3.0,0,Turnover,2026,2,14,Miami,Heat,MIA,Miami,15,Milwaukee,Bucks,MIL,Milwaukee,5.5,True,True,-5.5,1,2:15,2,15,False,False,1,1,87,87,135,855,2295,121.0,841.0,2281.0,1,1.0,1.0,-79.62,-8.0,2026-03-12,2026-03-12T23:30Z,
88,401810812125,125,137,Turnaround Fade Away Jump Shot,Bam Adebayo misses 8-foot two point shot,14,26,1,1st Quarter,2:01,False,0,14.0,4066261.0,,,2026-03-13T00:02:06Z,True,24.0,9.0,2,Missed FG,2026,2,14,Miami,Heat,MIA,Miami,15,Milwaukee,Bucks,MIL,Milwaukee,5.5,True,True,-5.5,1,2:01,2,1,False,False,1,1,88,88,121,841,2281,118.0,838.0,2278.0,1,1.0,1.0,-34.5,-2.0,2026-03-12,2026-03-12T23:30Z,
89,401810812126,126,155,Defensive Rebound,Ryan Rollins defensive rebound,14,26,1,1st Quarter,1:58,False,0,15.0,4591725.0,,,2026-03-13T00:02:09Z,False,24.0,9.0,0,Rebound,2026,2,14,Miami,Heat,MIA,Miami,15,Milwaukee,Bucks,MIL,Milwaukee,5.5,True,True,-5.5,1,1:58,1,58,False,False,1,1,89,89,118,838,2278,113.0,833.0,2273.0,1,1.0,1.0,-34.5,-2.0,2026-03-12,2026-03-12T23:30Z,
90,401810812127,127,92,Jump Shot,Bobby Portis makes 18-foot jumper (Ryan Rollins assists),16,26,1,1st Quarter,1:53,True,2,15.0,3064482.0,4591725.0,,2026-03-13T00:02:15Z,True,37.0,14.0,2,+2 Points,2026,2,14,Miami,Heat,MIA,Miami,15,Milwaukee,Bucks,MIL,Milwaukee,5.5,True,True,-5.5,1,1:53,1,53,False,False,1,1,90,90,113,833,2273,97.0,817.0,2257.0,1,1.0,1.0,-3.62,3.0,2026-03-12,2026-03-12T23:30Z,
91,401810812129,129,92,Jump Shot,Simone Fontecchio misses 23-foot three point jumper,16,26,1,1st Quarter,1:37,False,0,14.0,3899664.0,,,2026-03-13T00:02:29Z,True,48.0,2.0,3,Missed 3PT,2026,2,14,Miami,Heat,MIA,Miami,15,Milwaukee,Bucks,MIL,Milwaukee,5.5,True,True,-5.5,1,1:37,1,37,False,False,1,1,91,91,97,817,2257,93.0,813.0,2253.0,1,1.0,1.0,22.5,-9.0,2026-03-12,2026-03-12T23:30Z,
92,401810812130,130,155,Defensive Rebound,Bobby Portis defensive rebound,16,26,1,1st Quarter,1:33,False,0,15.0,3064482.0,,,2026-03-13T00:02:33Z,False,48.0,2.0,0,Rebound,2026,2,14,Miami,Heat,MIA,Miami,15,Milwaukee,Bucks,MIL,Milwaukee,5.5,True,True,-5.5,1,1:33,1,33,False,False,1,1,92,92,93,813,2253,85.0,805.0,2245.0,1,1.0,1.0,22.5,-9.0,2026-03-12,2026-03-12T23:30Z,
93,401810812131,131,92,Jump Shot,Bobby Portis makes 15-foot jumper (Ryan Rollins assists),18,26,1,1st Quarter,1:25,True,2,15.0,3064482.0,4591725.0,,2026-03-13T00:02:41Z,True,40.0,4.0,2,+2 Points,2026,2,14,Miami,Heat,MIA,Miami,15,Milwaukee,Bucks,MIL,Milwaukee,5.5,True,True,-5.5,1,1:25,1,25,False,False,1,1,93,93,85,805,2245,76.0,796.0,2236.0,1,1.0,1.0,3.5,-7.0,2026-03-12,2026-03-12T23:30Z,
94,401810812133,133,92,Jump Shot,Kasparas Jakucionis makes 25-foot three point jumper (Simone Fontecchio assists),18,29,1,1st Quarter,1:16,True,3,14.0,5214640.0,3899664.0,,2026-03-13T00:02:50Z,True,40.0,21.0,3,+3 Points,2026,2,14,Miami,Heat,MIA,Miami,15,Milwaukee,Bucks,MIL,Milwaukee,5.5,True,True,-5.5,1,1:16,1,16,False,False,1,1,94,94,76,796,2236,0.0,720.0,2160.0,1,1.0,1.0,3.5,10.0,2026-03-12,2026-03-12T23:30Z,
95,401810812135,135,131,Pullup Jump Shot,Taurean Prince misses 13-foot pullup jump shot,18,29,1,1st Quarter,58.3,False,0,15.0,2990962.0,,,2026-03-13T00:03:09Z,True,11.0,-1.0,2,Missed FG,2026,2,14,Miami,Heat,MIA,Miami,15,Milwaukee,Bucks,MIL,Milwaukee,5.5,True,True,-5.5,1,58.3,0,0,False,False,1,1,95,95,0,720,2160,0.0,720.0,2160.0,1,1.0,1.0,-65.38,-12.0,2026-03-12,2026-03-12T23:30Z,
96,401810812136,136,155,Defensive Rebound,Dru Smith defensive rebound,18,29,1,1st Quarter,54.6,False,0,14.0,4066993.0,,,2026-03-13T00:03:13Z,False,11.0,-1.0,0,Rebound,2026,2,14,Miami,Heat,MIA,Miami,15,Milwaukee,Bucks,MIL,Milwaukee,5.5,True,True,-5.5,1,54.6,0,0,False,False,1,1,96,96,0,720,2160,0.0,720.0,2160.0,1,1.0,1.0,-65.38,-12.0,2026-03-12,2026-03-12T23:30Z,
97,401810812137,137,109,Running Layup Shot,Simone Fontecchio makes running layup (Dru Smith assists),18,31,1,1st Quarter,51.3,True,2,14.0,3899664.0,4066993.0,,2026-03-13T00:03:17Z,True,26.0,2.0,2,+2 Points,2026,2,14,Miami,Heat,MIA,Miami,15,Milwaukee,Bucks,MIL,Milwaukee,5.5,True,True,-5.5,1,51.3,0,0,False,False,1,1,97,97,0,720,2160,0.0,720.0,2160.0,1,1.0,1.0,-29.75,-9.0,2026-03-12,2026-03-12T23:30Z,
98,401810812139,139,92,Jump Shot,AJ Green makes 24-foot three point jumper (Ryan Rollins assists),21,31,1,1st Quarter,35.2,True,3,15.0,4397475.0,4591725.0,,2026-03-13T00:03:35Z,True,45.0,15.0,3,+3 Points,2026,2,14,Miami,Heat,MIA,Miami,15,Milwaukee,Bucks,MIL,Milwaukee,5.5,True,True,-5.5,1,35.2,0,0,False,False,1,1,98,98,0,720,2160,0.0,720.0,2160.0,1,1.0,1.0,15.38,4.0,2026-03-12,2026-03-12T23:30Z,
99,401810812142,142,40,Away from Play Foul,Jericho Sims away from play foul,21,31,1,1st Quarter,26.5,False,0,15.0,4277922.0,,,2026-03-13T00:04:15Z,False,38.0,22.0,0,Foul,2026,2,14,Miami,Heat,MIA,Miami,15,Milwaukee,Bucks,MIL,Milwaukee,5.5,True,True,-5.5,1,26.5,0,0,False,False,1,1,99,99,0,720,2160,0.0,720.0,2160.0,1,1.0,1.0,-1.25,11.0,2026-03-12,2026-03-12T23:30Z,
100,401810812144,144,97,Free Throw - 1 of 1,Bam Adebayo misses free throw 1 of 1,21,31,1,1st Quarter,26.5,False,0,14.0,4066261.0,,,2026-03-13T00:04:50Z,True,,,1,Missed FT,2026,2,14,Miami,Heat,MIA,Miami,15,Milwaukee,Bucks,MIL,Milwaukee,5.5,True,True,-5.5,1,26.5,0,0,False,False,1,1,100,100,0,720,2160,0.0,720.0,2160.0,1,1.0,1.0,,,2026-03-12,2026-03-12T23:30Z,
101,401810812145,145,156,Offensive Rebound,Heat offensive team rebound,21,31,1,1st Quarter,26.5,False,0,14.0,,,,2026-03-13T00:04:50Z,False,,,0,Rebound,2026,2,14,Miami,Heat,MIA,Miami,15,Milwaukee,Bucks,MIL,Milwaukee,5.5,True,True,-5.5,1,26.5,0,0,False,False,1,1,101,101,0,720,2160,0.0,720.0,2160.0,1,1.0,1.0,,,2026-03-12,2026-03-12T23:30Z,
102,401810812146,146,144,Driving Floating Jump Shot,Bam Adebayo misses driving floating jump shot,21,31,1,1st Quarter,14.9,False,0,14.0,4066261.0,,,2026-03-13T00:05:11Z,True,21.0,5.0,2,Missed FG,2026,2,14,Miami,Heat,MIA,Miami,15,Milwaukee,Bucks,MIL,Milwaukee,5.5,True,True,-5.5,1,14.9,0,0,False,False,1,1,102,102,0,720,2160,0.0,720.0,2160.0,1,1.0,1.0,-41.62,-6.0,2026-03-12,2026-03-12T23:30Z,
103,401810812147,147,155,Defensive Rebound,Bobby Portis defensive rebound,21,31,1,1st Quarter,9.0,False,0,15.0,3064482.0,,,2026-03-13T00:05:17Z,False,21.0,5.0,0,Rebound,2026,2,14,Miami,Heat,MIA,Miami,15,Milwaukee,Bucks,MIL,Milwaukee,5.5,True,True,-5.5,1,9.0,0,0,False,False,1,1,103,103,0,720,2160,0.0,720.0,2160.0,1,1.0,1.0,-41.62,-6.0,2026-03-12,2026-03-12T23:30Z,
104,401810812148,148,90,Out of Bounds - Bad Pass Turnover,Ryan Rollins out of bounds bad pass turnover,21,31,1,1st Quarter,1.9,False,0,15.0,4591725.0,,,2026-03-13T00:05:26Z,False,21.0,4.0,0,Turnover,2026,2,14,Miami,Heat,MIA,Miami,15,Milwaukee,Bucks,MIL,Milwaukee,5.5,True,True,-5.5,1,1.9,0,0,False,False,1,1,104,104,0,720,2160,0.0,720.0,2160.0,1,1.0,1.0,-41.62,-7.0,2026-03-12,2026-03-12T23:30Z,
105,401810812151,151,282,Heave Jump Shot,Jaime Jaquez Jr. misses heave jump shot,21,31,1,1st Quarter,0.3,False,0,14.0,4432848.0,,,2026-03-13T00:05:45Z,True,11.0,67.0,3,Missed 3PT,2026,2,14,Miami,Heat,MIA,Miami,15,Milwaukee,Bucks,MIL,Milwaukee,5.5,True,True,-5.5,1,0.3,0,0,False,False,1,1,105,105,0,720,2160,0.0,720.0,2160.0,1,1.0,1.0,-65.38,56.0,2026-03-12,2026-03-12T23:30Z,
106,401810812152,152,156,Offensive Rebound,Heat offensive team rebound,21,31,1,1st Quarter,0.3,False,0,14.0,,,,2026-03-13T00:05:45Z,False,35.0,33.0,0,Rebound,2026,2,14,Miami,Heat,MIA,Miami,15,Milwaukee,Bucks,MIL,Milwaukee,5.5,True,True,-5.5,1,0.3,0,0,False,False,1,1,106,106,0,720,2160,0.0,720.0,2160.0,1,1.0,1.0,-8.38,22.0,2026-03-12,2026-03-12T23:30Z,
107,401810812153,153,412,End Period,End of the 1st Quarter,21,31,1,1st Quarter,0.0,False,0,,,,,2026-03-13T00:06:03Z,False,,,0,End of 1st,2026,2,14,Miami,Heat,MIA,Miami,15,Milwaukee,Bucks,MIL,Milwaukee,5.5,True,True,-5.5,1,0.0,0,0,False,False,1,1,107,107,0,720,2160,720.0,720.0,2160.0,1,1.0,1.0,,,2026-03-12,2026-03-12T23:30Z,
108,401810812154,154,584,Substitution,Myron Gardner enters the game for Kasparas Jakucionis,21,31,2,2nd Quarter,12:00,False,0,14.0,4431772.0,5214640.0,,2026-03-13T00:07:50Z,False,,,0,Substitution,2026,2,14,Miami,Heat,MIA,Miami,15,Milwaukee,Bucks,MIL,Milwaukee,5.5,True,True,-5.5,2,12:00,12,0,False,False,1,1,108,108,720,720,2160,708.0,708.0,2148.0,2,1.0,1.0,,,2026-03-12,2026-03-12T23:30Z,
109,401810812157,157,131,Pullup Jump Shot,Bobby Portis makes 20-foot pullup jump shot (Ryan Rollins assists),23,31,2,2nd Quarter,11:48,True,2,15.0,3064482.0,4591725.0,,2026-03-13T00:08:37Z,True,24.0,21.0,2,+2 Points,2026,2,14,Miami,Heat,MIA,Miami,15,Milwaukee,Bucks,MIL,Milwaukee,5.5,True,True,-5.5,2,11:48,11,48,False,False,1,1,109,109,708,708,2148,691.0,691.0,2131.0,2,2.0,1.0,-34.5,10.0,2026-03-12,2026-03-12T23:30Z,
110,401810812159,159,92,Jump Shot,Simone Fontecchio makes 24-foot three point jumper (Dru Smith assists),23,34,2,2nd Quarter,11:31,True,3,14.0,3899664.0,4066993.0,,2026-03-13T00:08:53Z,True,22.0,25.0,3,+3 Points,2026,2,14,Miami,Heat,MIA,Miami,15,Milwaukee,Bucks,MIL,Milwaukee,5.5,True,True,-5.5,2,11:31,11,31,False,False,1,1,110,110,691,691,2131,675.0,675.0,2115.0,2,2.0,1.0,-39.25,14.0,2026-03-12,2026-03-12T23:30Z,
111,401810812161,161,128,Driving Finger Roll Layup,Bobby Portis misses two point shot,23,34,2,2nd Quarter,11:15,False,0,15.0,3064482.0,,,2026-03-13T00:09:09Z,True,25.0,4.0,2,Missed FG,2026,2,14,Miami,Heat,MIA,Miami,15,Milwaukee,Bucks,MIL,Milwaukee,5.5,True,True,-5.5,2,11:15,11,15,False,False,1,1,111,111,675,675,2115,671.0,671.0,2111.0,2,2.0,1.0,-32.12,-7.0,2026-03-12,2026-03-12T23:30Z,
112,401810812162,162,155,Defensive Rebound,Simone Fontecchio defensive rebound,23,34,2,2nd Quarter,11:11,False,0,14.0,3899664.0,,,2026-03-13T00:09:13Z,False,25.0,4.0,0,Rebound,2026,2,14,Miami,Heat,MIA,Miami,15,Milwaukee,Bucks,MIL,Milwaukee,5.5,True,True,-5.5,2,11:11,11,11,False,False,1,1,112,112,671,671,2111,669.0,669.0,2109.0,2,2.0,1.0,-32.12,-7.0,2026-03-12,2026-03-12T23:30Z,
113,401810812163,163,113,Running Jump Shot,Simone Fontecchio misses 25-foot running jump shot,23,34,2,2nd Quarter,11:09,False,0,14.0,3899664.0,,,2026-03-13T00:09:15Z,True,44.0,18.0,3,Missed 3PT,2026,2,14,Miami,Heat,MIA,Miami,15,Milwaukee,Bucks,MIL,Milwaukee,5.5,True,True,-5.5,2,11:09,11,9,False,False,1,1,113,113,669,669,2109,665.0,665.0,2105.0,2,2.0,1.0,13.0,7.0,2026-03-12,2026-03-12T23:30Z,
114,401810812164,164,155,Defensive Rebound,Ryan Rollins defensive rebound,23,34,2,2nd Quarter,11:05,False,0,15.0,4591725.0,,,2026-03-13T00:09:19Z,False,44.0,18.0,0,Rebound,2026,2,14,Miami,Heat,MIA,Miami,15,Milwaukee,Bucks,MIL,Milwaukee,5.5,True,True,-5.5,2,11:05,11,5,False,False,1,1,114,114,665,665,2105,654.0,654.0,2094.0,2,2.0,1.0,13.0,7.0,2026-03-12,2026-03-12T23:30Z,
115,401810812165,165,92,Jump Shot,Taurean Prince makes 22-foot three point jumper (Bobby Portis assists),26,34,2,2nd Quarter,10:54,True,3,15.0,2990962.0,3064482.0,,2026-03-13T00:09:30Z,True,2.0,1.0,3,+3 Points,2026,2,14,Miami,Heat,MIA,Miami,15,Milwaukee,Bucks,MIL,Milwaukee,5.5,True,True,-5.5,2,10:54,10,54,False,False,1,1,115,115,654,654,2094,643.0,643.0,2083.0,2,2.0,1.0,-86.75,-10.0,2026-03-12,2026-03-12T23:30Z,
116,401810812167,167,45,Personal Foul,Taurean Prince personal foul,26,34,2,2nd Quarter,10:43,False,0,15.0,2990962.0,,,2026-03-13T00:09:43Z,False,33.0,18.0,0,Foul,2026,2,14,Miami,Heat,MIA,Miami,15,Milwaukee,Bucks,MIL,Milwaukee,5.5,True,True,-5.5,2,10:43,10,43,False,False,1,1,116,116,643,643,2083,633.0,633.0,2073.0,2,2.0,1.0,-13.12,7.0,2026-03-12,2026-03-12T23:30Z,
117,401810812169,169,45,Personal Foul,Taurean Prince personal foul,26,34,2,2nd Quarter,10:33,False,0,15.0,2990962.0,,,2026-03-13T00:10:11Z,False,31.0,1.0,0,Foul,2026,2,14,Miami,Heat,MIA,Miami,15,Milwaukee,Bucks,MIL,Milwaukee,5.5,True,True,-5.5,2,10:33,10,33,False,False,1,1,117,117,633,633,2073,633.0,633.0,2073.0,2,2.0,1.0,-17.88,-10.0,2026-03-12,2026-03-12T23:30Z,
118,401810812171,171,584,Substitution,Cam Thomas enters the game for Taurean Prince,26,34,2,2nd Quarter,10:33,False,0,15.0,4432174.0,2990962.0,,2026-03-13T00:10:27Z,False,,,0,Substitution,2026,2,14,Miami,Heat,MIA,Miami,15,Milwaukee,Bucks,MIL,Milwaukee,5.5,True,True,-5.5,2,10:33,10,33,False,False,1,1,118,118,633,633,2073,627.0,627.0,2067.0,2,2.0,1.0,,,2026-03-12,2026-03-12T23:30Z,
119,401810812173,173,92,Jump Shot,Bam Adebayo misses 24-foot three point jumper,26,34,2,2nd Quarter,10:27,False,0,14.0,4066261.0,,,2026-03-13T00:10:42Z,True,3.0,11.0,3,Missed 3PT,2026,2,14,Miami,Heat,MIA,Miami,15,Milwaukee,Bucks,MIL,Milwaukee,5.5,True,True,-5.5,2,10:27,10,27,False,False,1,1,119,119,627,627,2067,623.0,623.0,2063.0,2,2.0,1.0,-84.38,0.0,2026-03-12,2026-03-12T23:30Z,
120,401810812174,174,156,Offensive Rebound,Jaime Jaquez Jr. offensive rebound,26,34,2,2nd Quarter,10:23,False,0,14.0,4432848.0,,,2026-03-13T00:10:46Z,False,3.0,11.0,0,Rebound,2026,2,14,Miami,Heat,MIA,Miami,15,Milwaukee,Bucks,MIL,Milwaukee,5.5,True,True,-5.5,2,10:23,10,23,False,False,1,1,120,120,623,623,2063,622.0,622.0,2062.0,2,2.0,1.0,-84.38,0.0,2026-03-12,2026-03-12T23:30Z,
121,401810812175,175,92,Jump Shot,Simone Fontecchio makes 24-foot three point jumper (Jaime Jaquez Jr. assists),26,37,2,2nd Quarter,10:22,True,3,14.0,3899664.0,4432848.0,,2026-03-13T00:10:47Z,True,47.0,11.0,3,+3 Points,2026,2,14,Miami,Heat,MIA,Miami,15,Milwaukee,Bucks,MIL,Milwaukee,5.5,True,True,-5.5,2,10:22,10,22,False,False,1,1,121,121,622,622,2062,607.0,607.0,2047.0,2,2.0,1.0,20.12,0.0,2026-03-12,2026-03-12T23:30Z,
122,401810812177,177,132,Step Back Jump Shot,Ryan Rollins makes 25-foot three point step back jumpshot,29,37,2,2nd Quarter,10:07,True,3,15.0,4591725.0,,,2026-03-13T00:11:02Z,True,5.0,16.0,3,+3 Points,2026,2,14,Miami,Heat,MIA,Miami,15,Milwaukee,Bucks,MIL,Milwaukee,5.5,True,True,-5.5,2,10:07,10,7,False,False,1,1,122,122,607,607,2047,598.0,598.0,2038.0,2,2.0,1.0,-79.62,5.0,2026-03-12,2026-03-12T23:30Z,
123,401810812178,178,145,Driving Floating Bank Jump Shot,Dru Smith makes 9-foot two point shot (Jaime Jaquez Jr. assists),29,39,2,2nd Quarter,9:58,True,2,14.0,4066993.0,4432848.0,,2026-03-13T00:11:12Z,True,35.0,3.0,2,+2 Points,2026,2,14,Miami,Heat,MIA,Miami,15,Milwaukee,Bucks,MIL,Milwaukee,5.5,True,True,-5.5,2,9:58,9,58,False,False,1,1,123,123,598,598,2038,582.0,582.0,2022.0,2,2.0,1.0,-8.38,-8.0,2026-03-12,2026-03-12T23:30Z,
124,401810812179,179,110,Driving Layup Shot,Jericho Sims makes driving layup (Ryan Rollins assists),31,39,2,2nd Quarter,9:42,True,2,15.0,4277922.0,4591725.0,,2026-03-13T00:11:27Z,True,26.0,2.0,2,+2 Points,2026,2,14,Miami,Heat,MIA,Miami,15,Milwaukee,Bucks,MIL,Milwaukee,5.5,True,True,-5.5,2,9:42,9,42,False,False,1,1,124,124,582,582,2022,564.0,564.0,2004.0,2,2.0,1.0,-29.75,-9.0,2026-03-12,2026-03-12T23:30Z,
125,401810812182,182,62,"Bad Pass
Turnover","Simone Fontecchio bad pass
turnover (Bobby Portis steals)",31,39,2,2nd Quarter,9:24,False,0,14.0,3899664.0,3064482.0,,2026-03-13T00:11:45Z,False,22.0,25.0,0,Turnover,2026,2,14,Miami,Heat,MIA,Miami,15,Milwaukee,Bucks,MIL,Milwaukee,5.5,True,True,-5.5,2,9:24,9,24,False,False,1,1,125,125,564,564,2004,564.0,564.0,2004.0,2,2.0,1.0,-39.25,14.0,2026-03-12,2026-03-12T23:30Z,
126,401810812184,184,257,Transition Take Foul,Simone Fontecchio transition take foul,31,39,2,2nd Quarter,9:24,False,0,14.0,3899664.0,,,2026-03-13T00:11:51Z,False,4.0,26.0,0,Foul,2026,2,14,Miami,Heat,MIA,Miami,15,Milwaukee,Bucks,MIL,Milwaukee,5.5,True,True,-5.5,2,9:24,9,24,False,False,1,1,126,126,564,564,2004,564.0,564.0,2004.0,2,2.0,1.0,-82.0,15.0,2026-03-12,2026-03-12T23:30Z,
127,401810812186,186,97,Free Throw - 1 of 1,Bobby Portis makes free throw 1 of 1,32,39,2,2nd Quarter,9:24,True,1,15.0,3064482.0,,,2026-03-13T00:12:37Z,True,,,1,+1 Point,2026,2,14,Miami,Heat,MIA,Miami,15,Milwaukee,Bucks,MIL,Milwaukee,5.5,True,True,-5.5,2,9:24,9,24,False,False,1,1,127,127,564,564,2004,564.0,564.0,2004.0,2,2.0,1.0,,,2026-03-12,2026-03-12T23:30Z,
128,401810812193,193,584,Substitution,Giannis Antetokounmpo enters the game for Jericho Sims,32,39,2,2nd Quarter,9:24,False,0,15.0,3032977.0,4277922.0,,2026-03-13T00:12:38Z,False,,,0,Substitution,2026,2,14,Miami,Heat,MIA,Miami,15,Milwaukee,Bucks,MIL,Milwaukee,5.5,True,True,-5.5,2,9:24,9,24,False,False,1,1,128,128,564,564,2004,540.0,540.0,1980.0,2,2.0,1.0,,,2026-03-12,2026-03-12T23:30Z,
129,401810812189,189,137,Turnaround Fade Away Jump Shot,Giannis Antetokounmpo misses 10-foot two point shot,32,39,2,2nd Quarter,9:00,False,0,15.0,3032977.0,,,2026-03-13T00:12:57Z,True,25.0,11.0,2,Missed FG,2026,2,14,Miami,Heat,MIA,Miami,15,Milwaukee,Bucks,MIL,Milwaukee,5.5,True,True,-5.5,2,9:00,9,0,False,False,1,1,129,129,540,540,1980,536.0,536.0,1976.0,2,2.0,1.0,-32.12,0.0,2026-03-12,2026-03-12T23:30Z,
130,401810812190,190,155,Defensive Rebound,Bam Adebayo defensive rebound,32,39,2,2nd Quarter,8:56,False,0,14.0,4066261.0,,,2026-03-13T00:13:01Z,False,25.0,11.0,0,Rebound,2026,2,14,Miami,Heat,MIA,Miami,15,Milwaukee,Bucks,MIL,Milwaukee,5.5,True,True,-5.5,2,8:56,8,56,False,False,1,1,130,130,536,536,1976,526.0,526.0,1966.0,2,2.0,1.0,-32.12,0.0,2026-03-12,2026-03-12T23:30Z,
131,401810812191,191,44,Shooting Foul,AJ Green shooting foul,32,39,2,2nd Quarter,8:46,False,0,15.0,4397475.0,,,2026-03-13T00:13:12Z,False,24.0,5.0,0,Foul,2026,2,14,Miami,Heat,MIA,Miami,15,Milwaukee,Bucks,MIL,Milwaukee,5.5,True,True,-5.5,2,8:46,8,46,False,False,1,1,131,131,526,526,1966,526.0,526.0,1966.0,2,2.0,1.0,-34.5,-6.0,2026-03-12,2026-03-12T23:30Z,
132,401810812195,195,98,Free Throw - 1 of 2,Jaime Jaquez Jr. makes free throw 1 of 2,32,40,2,2nd Quarter,8:46,True,1,14.0,4432848.0,,,2026-03-13T00:14:16Z,True,,,1,+1 Point,2026,2,14,Miami,Heat,MIA,Miami,15,Milwaukee,Bucks,MIL,Milwaukee,5.5,True,True,-5.5,2,8:46,8,46,False,False,1,1,132,132,526,526,1966,526.0,526.0,1966.0,2,2.0,1.0,,,2026-03-12,2026-03-12T23:30Z,
133,401810812196,196,584,Substitution,Pelle Larsson enters the game for Simone Fontecchio,32,40,2,2nd Quarter,8:46,False,0,14.0,4601025.0,3899664.0,,2026-03-13T00:14:17Z,False,,,0,Substitution,2026,2,14,Miami,Heat,MIA,Miami,15,Milwaukee,Bucks,MIL,Milwaukee,5.5,True,True,-5.5,2,8:46,8,46,False,False,1,1,133,133,526,526,1966,526.0,526.0,1966.0,2,2.0,1.0,,,2026-03-12,2026-03-12T23:30Z,
134,401810812197,197,584,Substitution,Kevin Porter Jr. enters the game for AJ Green,32,40,2,2nd Quarter,8:46,False,0,15.0,4397140.0,4397475.0,,2026-03-13T00:14:17Z,False,,,0,Substitution,2026,2,14,Miami,Heat,MIA,Miami,15,Milwaukee,Bucks,MIL,Milwaukee,5.5,True,True,-5.5,2,8:46,8,46,False,False,1,1,134,134,526,526,1966,526.0,526.0,1966.0,2,2.0,1.0,,,2026-03-12,2026-03-12T23:30Z,
135,401810812200,200,99,Free Throw - 2 of 2,Jaime Jaquez Jr. makes free throw 2 of 2,32,41,2,2nd Quarter,8:46,True,1,14.0,4432848.0,,,2026-03-13T00:14:36Z,True,,,1,+1 Point,2026,2,14,Miami,Heat,MIA,Miami,15,Milwaukee,Bucks,MIL,Milwaukee,5.5,True,True,-5.5,2,8:46,8,46,False,False,1,1,135,135,526,526,1966,508.0,508.0,1948.0,2,2.0,1.0,,,2026-03-12,2026-03-12T23:30Z,
136,401810812201,201,137,Turnaround Fade Away Jump Shot,Bobby Portis misses 17-foot two point shot,32,41,2,2nd Quarter,8:28,False,0,15.0,3064482.0,,,2026-03-13T00:14:55Z,True,9.0,7.0,2,Missed FG,2026,2,14,Miami,Heat,MIA,Miami,15,Milwaukee,Bucks,MIL,Milwaukee,5.5,True,True,-5.5,2,8:28,8,28,False,False,1,1,136,136,508,508,1948,508.0,508.0,1948.0,2,2.0,1.0,-70.12,-4.0,2026-03-12,2026-03-12T23:30Z,
137,401810812202,202,155,Defensive Rebound,Dru Smith defensive rebound,32,41,2,2nd Quarter,8:28,False,0,14.0,4066993.0,,,2026-03-13T00:14:55Z,False,9.0,7.0,0,Rebound,2026,2,14,Miami,Heat,MIA,Miami,15,Milwaukee,Bucks,MIL,Milwaukee,5.5,True,True,-5.5,2,8:28,8,28,False,False,1,1,137,137,508,508,1948,498.0,498.0,1938.0,2,2.0,1.0,-70.12,-4.0,2026-03-12,2026-03-12T23:30Z,
138,401810812204,204,92,Jump Shot,Jaime Jaquez Jr. misses 25-foot three point jumper,32,41,2,2nd Quarter,8:18,False,0,14.0,4432848.0,,,2026-03-13T00:15:14Z,True,29.0,26.0,3,Missed 3PT,2026,2,14,Miami,Heat,MIA,Miami,15,Milwaukee,Bucks,MIL,Milwaukee,5.5,True,True,-5.5,2,8:18,8,18,False,False,1,1,138,138,498,498,1938,494.0,494.0,1934.0,2,2.0,1.0,-22.62,15.0,2026-03-12,2026-03-12T23:30Z,
139,401810812205,205,156,Offensive Rebound,Myron Gardner offensive rebound,32,41,2,2nd Quarter,8:14,False,0,14.0,4431772.0,,,2026-03-13T00:15:18Z,False,29.0,26.0,0,Rebound,2026,2,14,Miami,Heat,MIA,Miami,15,Milwaukee,Bucks,MIL,Milwaukee,5.5,True,True,-5.5,2,8:14,8,14,False,False,1,1,139,139,494,494,1934,493.0,493.0,1933.0,2,2.0,1.0,-22.62,15.0,2026-03-12,2026-03-12T23:30Z,
140,401810812206,206,44,Shooting Foul,Cam Thomas shooting foul,32,41,2,2nd Quarter,8:13,False,0,15.0,4432174.0,,,2026-03-13T00:15:21Z,False,22.0,3.0,0,Foul,2026,2,14,Miami,Heat,MIA,Miami,15,Milwaukee,Bucks,MIL,Milwaukee,5.5,True,True,-5.5,2,8:13,8,13,False,False,1,1,140,140,493,493,1933,493.0,493.0,1933.0,2,2.0,1.0,-39.25,-8.0,2026-03-12,2026-03-12T23:30Z,
141,401810812208,208,98,Free Throw - 1 of 2,Pelle Larsson makes free throw 1 of 2,32,42,2,2nd Quarter,8:13,True,1,14.0,4601025.0,,,2026-03-13T00:15:47Z,True,,,1,+1 Point,2026,2,14,Miami,Heat,MIA,Miami,15,Milwaukee,Bucks,MIL,Milwaukee,5.5,True,True,-5.5,2,8:13,8,13,False,False,1,1,141,141,493,493,1933,493.0,493.0,1933.0,2,2.0,1.0,,,2026-03-12,2026-03-12T23:30Z,
142,401810812209,209,584,Substitution,Simone Fontecchio enters the game for Jaime Jaquez Jr.,32,42,2,2nd Quarter,8:13,False,0,14.0,3899664.0,4432848.0,,2026-03-13T00:15:48Z,False,,,0,Substitution,2026,2,14,Miami,Heat,MIA,Miami,15,Milwaukee,Bucks,MIL,Milwaukee,5.5,True,True,-5.5,2,8:13,8,13,False,False,1,1,142,142,493,493,1933,493.0,493.0,1933.0,2,2.0,1.0,,,2026-03-12,2026-03-12T23:30Z,
143,401810812211,211,99,Free Throw - 2 of 2,Pelle Larsson makes free throw 2 of 2,32,43,2,2nd Quarter,8:13,True,1,14.0,4601025.0,,,2026-03-13T00:16:15Z,True,,,1,+1 Point,2026,2,14,Miami,Heat,MIA,Miami,15,Milwaukee,Bucks,MIL,Milwaukee,5.5,True,True,-5.5,2,8:13,8,13,False,False,1,1,143,143,493,493,1933,479.0,479.0,1919.0,2,2.0,1.0,,,2026-03-12,2026-03-12T23:30Z,
144,401810812212,212,132,Step Back Jump Shot,Kevin Porter Jr. misses 21-foot step back jumpshot,32,43,2,2nd Quarter,7:59,False,0,15.0,4397140.0,,,2026-03-13T00:16:30Z,True,29.0,21.0,2,Missed FG,2026,2,14,Miami,Heat,MIA,Miami,15,Milwaukee,Bucks,MIL,Milwaukee,5.5,True,True,-5.5,2,7:59,7,59,False,False,1,1,144,144,479,479,1919,475.0,475.0,1915.0,2,2.0,1.0,-22.62,10.0,2026-03-12,2026-03-12T23:30Z,
145,401810812213,213,155,Defensive Rebound,Myron Gardner defensive rebound,32,43,2,2nd Quarter,7:55,False,0,14.0,4431772.0,,,2026-03-13T00:16:34Z,False,29.0,21.0,0,Rebound,2026,2,14,Miami,Heat,MIA,Miami,15,Milwaukee,Bucks,MIL,Milwaukee,5.5,True,True,-5.5,2,7:55,7,55,False,False,1,1,145,145,475,475,1915,468.0,468.0,1908.0,2,2.0,1.0,-22.62,10.0,2026-03-12,2026-03-12T23:30Z,
146,401810812214,214,63,Lost Ball Turnover,Bam Adebayo lost ball turnover (Kevin Porter Jr. steals),32,43,2,2nd Quarter,7:48,False,0,14.0,4066261.0,4397140.0,,2026-03-13T00:16:43Z,False,25.0,14.0,0,Turnover,2026,2,14,Miami,Heat,MIA,Miami,15,Milwaukee,Bucks,MIL,Milwaukee,5.5,True,True,-5.5,2,7:48,7,48,False,False,1,1,146,146,468,468,1908,461.0,461.0,1901.0,2,2.0,1.0,-32.12,3.0,2026-03-12,2026-03-12T23:30Z,
147,401810812216,216,42,Offensive Foul,Giannis Antetokounmpo offensive foul,32,43,2,2nd Quarter,7:41,False,0,15.0,3032977.0,,,2026-03-13T00:16:52Z,False,27.0,2.0,0,Foul,2026,2,14,Miami,Heat,MIA,Miami,15,Milwaukee,Bucks,MIL,Milwaukee,5.5,True,True,-5.5,2,7:41,7,41,False,False,1,1,147,147,461,461,1901,461.0,461.0,1901.0,2,2.0,1.0,-27.38,-9.0,2026-03-12,2026-03-12T23:30Z,
148,401810812218,218,84,Offensive Foul Turnover,Giannis Antetokounmpo offensive foul turnover,32,43,2,2nd Quarter,7:41,False,0,15.0,3032977.0,,,2026-03-13T00:16:52Z,False,27.0,2.0,0,Turnover,2026,2,14,Miami,Heat,MIA,Miami,15,Milwaukee,Bucks,MIL,Milwaukee,5.5,True,True,-5.5,2,7:41,7,41,False,False,1,1,148,148,461,461,1901,446.0,446.0,1886.0,2,2.0,1.0,-27.38,-9.0,2026-03-12,2026-03-12T23:30Z,
149,401810812219,219,92,Jump Shot,Simone Fontecchio misses 22-foot three point jumper,32,43,2,2nd Quarter,7:26,False,0,14.0,3899664.0,,,2026-03-13T00:17:22Z,True,48.0,1.0,3,Missed 3PT,2026,2,14,Miami,Heat,MIA,Miami,15,Milwaukee,Bucks,MIL,Milwaukee,5.5,True,True,-5.5,2,7:26,7,26,False,False,1,1,149,149,446,446,1886,442.0,442.0,1882.0,2,2.0,1.0,22.5,-10.0,2026-03-12,2026-03-12T23:30Z,
150,401810812220,220,155,Defensive Rebound,Bobby Portis defensive rebound,32,43,2,2nd Quarter,7:22,False,0,15.0,3064482.0,,,2026-03-13T00:17:26Z,False,48.0,1.0,0,Rebound,2026,2,14,Miami,Heat,MIA,Miami,15,Milwaukee,Bucks,MIL,Milwaukee,5.5,True,True,-5.5,2,7:22,7,22,False,False,1,1,150,150,442,442,1882,429.0,429.0,1869.0,2,2.0,1.0,22.5,-10.0,2026-03-12,2026-03-12T23:30Z,
151,401810812221,221,110,Driving Layup Shot,Kevin Porter Jr. makes driving layup,34,43,2,2nd Quarter,7:09,True,2,15.0,4397140.0,,,2026-03-13T00:17:39Z,True,23.0,4.0,2,+2 Points,2026,2,14,Miami,Heat,MIA,Miami,15,Milwaukee,Bucks,MIL,Milwaukee,5.5,True,True,-5.5,2,7:09,7,9,False,False,1,1,151,151,429,429,1869,414.0,414.0,1854.0,2,2.0,1.0,-36.88,-7.0,2026-03-12,2026-03-12T23:30Z,
152,401810812222,222,64,Traveling,Dru Smith traveling turnover,34,43,2,2nd Quarter,6:54,False,0,14.0,4066993.0,,,2026-03-13T00:17:56Z,False,27.0,3.0,0,Turnover,2026,2,14,Miami,Heat,MIA,Miami,15,Milwaukee,Bucks,MIL,Milwaukee,5.5,True,True,-5.5,2,6:54,6,54,False,False,1,1,152,152,414,414,1854,414.0,414.0,1854.0,2,2.0,1.0,-27.38,-8.0,2026-03-12,2026-03-12T23:30Z,
153,401810812223,223,16,Full Timeout,Heat Full timeout,34,43,2,2nd Quarter,6:54,False,0,14.0,,,,2026-03-13T00:18:05Z,False,,,0,Timeout,2026,2,14,Miami,Heat,MIA,Miami,15,Milwaukee,Bucks,MIL,Milwaukee,5.5,True,True,-5.5,2,6:54,6,54,True,False,1,1,153,153,414,414,1854,414.0,414.0,1854.0,2,2.0,1.0,,,2026-03-12,2026-03-12T23:30Z,
154,401810812224,224,584,Substitution,Davion Mitchell enters the game for Dru Smith,34,43,2,2nd Quarter,6:54,False,0,14.0,4278053.0,4066993.0,,2026-03-13T00:20:09Z,False,,,0,Substitution,2026,2,14,Miami,Heat,MIA,Miami,15,Milwaukee,Bucks,MIL,Milwaukee,5.5,True,True,-5.5,2,6:54,6,54,False,False,1,1,154,154,414,414,1854,414.0,414.0,1854.0,2,2.0,1.0,,,2026-03-12,2026-03-12T23:30Z,
155,401810812225,225,584,Substitution,Jaime Jaquez Jr. enters the game for Bam Adebayo,34,43,2,2nd Quarter,6:54,False,0,14.0,4432848.0,4066261.0,,2026-03-13T00:20:09Z,False,,,0,Substitution,2026,2,14,Miami,Heat,MIA,Miami,15,Milwaukee,Bucks,MIL,Milwaukee,5.5,True,True,-5.5,2,6:54,6,54,False,False,1,1,155,155,414,414,1854,414.0,414.0,1854.0,2,2.0,1.0,,,2026-03-12,2026-03-12T23:30Z,
156,401810812226,226,584,Substitution,Kel'el Ware enters the game for Myron Gardner,34,43,2,2nd Quarter,6:54,False,0,14.0,5105623.0,4431772.0,,2026-03-13T00:20:09Z,False,,,0,Substitution,2026,2,14,Miami,Heat,MIA,Miami,15,Milwaukee,Bucks,MIL,Milwaukee,5.5,True,True,-5.5,2,6:54,6,54,False,False,1,1,156,156,414,414,1854,414.0,414.0,1854.0,2,2.0,1.0,,,2026-03-12,2026-03-12T23:30Z,
157,401810812227,227,584,Substitution,Kyle Kuzma enters the game for Bobby Portis,34,43,2,2nd Quarter,6:54,False,0,15.0,3134907.0,3064482.0,,2026-03-13T00:20:09Z,False,,,0,Substitution,2026,2,14,Miami,Heat,MIA,Miami,15,Milwaukee,Bucks,MIL,Milwaukee,5.5,True,True,-5.5,2,6:54,6,54,False,False,1,1,157,157,414,414,1854,397.0,397.0,1837.0,2,2.0,1.0,,,2026-03-12,2026-03-12T23:30Z,
158,401810812232,232,44,Shooting Foul,Jaime Jaquez Jr. shooting foul,34,43,2,2nd Quarter,6:37,False,0,14.0,4432848.0,,,2026-03-13T00:21:22Z,False,28.0,9.0,0,Foul,2026,2,14,Miami,Heat,MIA,Miami,15,Milwaukee,Bucks,MIL,Milwaukee,5.5,True,True,-5.5,2,6:37,6,37,False,False,1,1,158,158,397,397,1837,397.0,397.0,1837.0,2,2.0,1.0,-25.0,-2.0,2026-03-12,2026-03-12T23:30Z,
159,401810812234,234,98,Free Throw - 1 of 2,Cam Thomas makes free throw 1 of 2,35,43,2,2nd Quarter,6:37,True,1,15.0,4432174.0,,,2026-03-13T00:22:02Z,True,,,1,+1 Point,2026,2,14,Miami,Heat,MIA,Miami,15,Milwaukee,Bucks,MIL,Milwaukee,5.5,True,True,-5.5,2,6:37,6,37,False,False,1,1,159,159,397,397,1837,397.0,397.0,1837.0,2,2.0,1.0,,,2026-03-12,2026-03-12T23:30Z,
160,401810812235,235,584,Substitution,Myles Turner enters the game for Ryan Rollins,35,43,2,2nd Quarter,6:37,False,0,15.0,3133628.0,4591725.0,,2026-03-13T00:22:03Z,False,,,0,Substitution,2026,2,14,Miami,Heat,MIA,Miami,15,Milwaukee,Bucks,MIL,Milwaukee,5.5,True,True,-5.5,2,6:37,6,37,False,False,1,1,160,160,397,397,1837,397.0,397.0,1837.0,2,2.0,1.0,,,2026-03-12,2026-03-12T23:30Z,
161,401810812237,237,99,Free Throw - 2 of 2,Cam Thomas misses free throw 2 of 2,35,43,2,2nd Quarter,6:37,False,0,15.0,4432174.0,,,2026-03-13T00:22:02Z,True,,,1,Missed FT,2026,2,14,Miami,Heat,MIA,Miami,15,Milwaukee,Bucks,MIL,Milwaukee,5.5,True,True,-5.5,2,6:37,6,37,False,False,1,1,161,161,397,397,1837,395.0,395.0,1835.0,2,2.0,1.0,,,2026-03-12,2026-03-12T23:30Z,
162,401810812238,238,155,Defensive Rebound,Kel'el Ware defensive rebound,35,43,2,2nd Quarter,6:35,False,0,14.0,5105623.0,,,2026-03-13T00:22:04Z,False,,,0,Rebound,2026,2,14,Miami,Heat,MIA,Miami,15,Milwaukee,Bucks,MIL,Milwaukee,5.5,True,True,-5.5,2,6:35,6,35,False,False,1,1,162,162,395,395,1835,383.0,383.0,1823.0,2,2.0,1.0,,,2026-03-12,2026-03-12T23:30Z,
163,401810812239,239,92,Jump Shot,Jaime Jaquez Jr. misses 22-foot three point jumper,35,43,2,2nd Quarter,6:23,False,0,14.0,4432848.0,,,2026-03-13T00:22:34Z,True,2.0,0.0,3,Missed 3PT,2026,2,14,Miami,Heat,MIA,Miami,15,Milwaukee,Bucks,MIL,Milwaukee,5.5,True,True,-5.5,2,6:23,6,23,False,False,1,1,163,163,383,383,1823,377.0,377.0,1817.0,2,2.0,1.0,-86.75,-11.0,2026-03-12,2026-03-12T23:30Z,
164,401810812240,240,155,Defensive Rebound,Myles Turner defensive rebound,35,43,2,2nd Quarter,6:17,False,0,15.0,3133628.0,,,2026-03-13T00:22:40Z,False,2.0,0.0,0,Rebound,2026,2,14,Miami,Heat,MIA,Miami,15,Milwaukee,Bucks,MIL,Milwaukee,5.5,True,True,-5.5,2,6:17,6,17,False,False,1,1,164,164,377,377,1817,374.0,374.0,1814.0,2,2.0,1.0,-86.75,-11.0,2026-03-12,2026-03-12T23:30Z,
165,401810812241,241,113,Running Jump Shot,Kyle Kuzma misses 26-foot running jump shot,35,43,2,2nd Quarter,6:14,False,0,15.0,3134907.0,,,2026-03-13T00:22:43Z,True,12.0,23.0,3,Missed 3PT,2026,2,14,Miami,Heat,MIA,Miami,15,Milwaukee,Bucks,MIL,Milwaukee,5.5,True,True,-5.5,2,6:14,6,14,False,False,1,1,165,165,374,374,1814,371.0,371.0,1811.0,2,2.0,1.0,-63.0,12.0,2026-03-12,2026-03-12T23:30Z,
166,401810812242,242,156,Offensive Rebound,Bucks offensive team rebound,35,43,2,2nd Quarter,6:11,False,0,15.0,,,,2026-03-13T00:22:56Z,False,12.0,23.0,0,Rebound,2026,2,14,Miami,Heat,MIA,Miami,15,Milwaukee,Bucks,MIL,Milwaukee,5.5,True,True,-5.5,2,6:11,6,11,False,False,1,1,166,166,371,371,1811,367.0,367.0,1807.0,2,2.0,1.0,-63.0,12.0,2026-03-12,2026-03-12T23:30Z,
167,401810812244,244,151,Cutting Dunk Shot,Giannis Antetokounmpo makes 1-foot dunk (Kyle Kuzma assists),37,43,2,2nd Quarter,6:07,True,2,15.0,3032977.0,3134907.0,,2026-03-13T00:23:09Z,True,26.0,2.0,2,+2 Points,2026,2,14,Miami,Heat,MIA,Miami,15,Milwaukee,Bucks,MIL,Milwaukee,5.5,True,True,-5.5,2,6:07,6,7,False,False,1,1,167,167,367,367,1807,347.0,347.0,1787.0,2,2.0,1.0,-29.75,-9.0,2026-03-12,2026-03-12T23:30Z,
168,401810812246,246,92,Jump Shot,Davion Mitchell makes 25-foot three point jumper (Jaime Jaquez Jr. assists),37,46,2,2nd Quarter,5:47,True,3,14.0,4278053.0,4432848.0,,2026-03-13T00:23:28Z,True,40.0,21.0,3,+3 Points,2026,2,14,Miami,Heat,MIA,Miami,15,Milwaukee,Bucks,MIL,Milwaukee,5.5,True,True,-5.5,2,5:47,5,47,False,False,1,1,168,168,347,347,1787,325.0,325.0,1765.0,2,2.0,1.0,3.5,10.0,2026-03-12,2026-03-12T23:30Z,
169,401810812248,248,115,Driving Dunk Shot,Giannis Antetokounmpo makes 1-foot driving dunk (Kevin Porter Jr. assists),39,46,2,2nd Quarter,5:25,True,2,15.0,3032977.0,4397140.0,,2026-03-13T00:23:51Z,True,24.0,1.0,2,+2 Points,2026,2,14,Miami,Heat,MIA,Miami,15,Milwaukee,Bucks,MIL,Milwaukee,5.5,True,True,-5.5,2,5:25,5,25,False,False,1,1,169,169,325,325,1765,305.0,305.0,1745.0,2,2.0,1.0,-34.5,-10.0,2026-03-12,2026-03-12T23:30Z,
170,401810812250,250,137,Turnaround Fade Away Jump Shot,Jaime Jaquez Jr. misses 10-foot two point shot,39,46,2,2nd Quarter,5:05,False,0,14.0,4432848.0,,,2026-03-13T00:24:11Z,True,27.0,11.0,2,Missed FG,2026,2,14,Miami,Heat,MIA,Miami,15,Milwaukee,Bucks,MIL,Milwaukee,5.5,True,True,-5.5,2,5:05,5,5,False,False,1,1,170,170,305,305,1745,302.0,302.0,1742.0,2,2.0,1.0,-27.38,0.0,2026-03-12,2026-03-12T23:30Z,
171,401810812251,251,155,Defensive Rebound,Giannis Antetokounmpo defensive rebound,39,46,2,2nd Quarter,5:02,False,0,15.0,3032977.0,,,2026-03-13T00:24:14Z,False,27.0,11.0,0,Rebound,2026,2,14,Miami,Heat,MIA,Miami,15,Milwaukee,Bucks,MIL,Milwaukee,5.5,True,True,-5.5,2,5:02,5,2,False,False,1,1,171,171,302,302,1742,299.0,299.0,1739.0,2,2.0,1.0,-27.38,0.0,2026-03-12,2026-03-12T23:30Z,
172,401810812252,252,44,Shooting Foul,Jaime Jaquez Jr. shooting foul,39,46,2,2nd Quarter,4:59,False,0,14.0,4432848.0,,,2026-03-13T00:24:19Z,False,20.0,7.0,0,Foul,2026,2,14,Miami,Heat,MIA,Miami,15,Milwaukee,Bucks,MIL,Milwaukee,5.5,True,True,-5.5,2,4:59,4,59,False,False,1,1,172,172,299,299,1739,299.0,299.0,1739.0,2,2.0,1.0,-44.0,-4.0,2026-03-12,2026-03-12T23:30Z,
173,401810812254,254,98,Free Throw - 1 of 2,Giannis Antetokounmpo makes free throw 1 of 2,40,46,2,2nd Quarter,4:59,True,1,15.0,3032977.0,,,2026-03-13T00:25:00Z,True,,,1,+1 Point,2026,2,14,Miami,Heat,MIA,Miami,15,Milwaukee,Bucks,MIL,Milwaukee,5.5,True,True,-5.5,2,4:59,4,59,False,False,1,1,173,173,299,299,1739,299.0,299.0,1739.0,2,2.0,1.0,,,2026-03-12,2026-03-12T23:30Z,
174,401810812255,255,584,Substitution,Kasparas Jakucionis enters the game for Simone Fontecchio,40,46,2,2nd Quarter,4:59,False,0,14.0,5214640.0,3899664.0,,2026-03-13T00:25:04Z,False,,,0,Substitution,2026,2,14,Miami,Heat,MIA,Miami,15,Milwaukee,Bucks,MIL,Milwaukee,5.5,True,True,-5.5,2,4:59,4,59,False,False,1,1,174,174,299,299,1739,299.0,299.0,1739.0,2,2.0,1.0,,,2026-03-12,2026-03-12T23:30Z,
175,401810812257,257,99,Free Throw - 2 of 2,Giannis Antetokounmpo makes free throw 2 of 2,41,46,2,2nd Quarter,4:59,True,1,15.0,3032977.0,,,2026-03-13T00:25:00Z,True,,,1,+1 Point,2026,2,14,Miami,Heat,MIA,Miami,15,Milwaukee,Bucks,MIL,Milwaukee,5.5,True,True,-5.5,2,4:59,4,59,False,False,1,1,175,175,299,299,1739,284.0,284.0,1724.0,2,2.0,1.0,,,2026-03-12,2026-03-12T23:30Z,
176,401810812258,258,144,Driving Floating Jump Shot,Davion Mitchell misses driving floating jump shot,41,46,2,2nd Quarter,4:44,False,0,14.0,4278053.0,,,2026-03-13T00:25:42Z,True,24.0,8.0,2,Missed FG,2026,2,14,Miami,Heat,MIA,Miami,15,Milwaukee,Bucks,MIL,Milwaukee,5.5,True,True,-5.5,2,4:44,4,44,False,False,1,1,176,176,284,284,1724,281.0,281.0,1721.0,2,2.0,1.0,-34.5,-3.0,2026-03-12,2026-03-12T23:30Z,
177,401810812259,259,155,Defensive Rebound,Kyle Kuzma defensive rebound,41,46,2,2nd Quarter,4:41,False,0,15.0,3134907.0,,,2026-03-13T00:25:45Z,False,24.0,8.0,0,Rebound,2026,2,14,Miami,Heat,MIA,Miami,15,Milwaukee,Bucks,MIL,Milwaukee,5.5,True,True,-5.5,2,4:41,4,41,False,False,1,1,177,177,281,281,1721,276.0,276.0,1716.0,2,2.0,1.0,-34.5,-3.0,2026-03-12,2026-03-12T23:30Z,
178,401810812260,260,129,Running Finger Roll Layup,Giannis Antetokounmpo misses two point shot,41,46,2,2nd Quarter,4:36,False,0,15.0,3032977.0,,,2026-03-13T00:25:49Z,True,24.0,0.0,2,Missed FG,2026,2,14,Miami,Heat,MIA,Miami,15,Milwaukee,Bucks,MIL,Milwaukee,5.5,True,True,-5.5,2,4:36,4,36,False,False,1,1,178,178,276,276,1716,274.0,274.0,1714.0,2,2.0,1.0,-34.5,-11.0,2026-03-12,2026-03-12T23:30Z,
179,401810812261,261,155,Defensive Rebound,Kel'el Ware defensive rebound,41,46,2,2nd Quarter,4:34,False,0,14.0,5105623.0,,,2026-03-13T00:25:51Z,False,24.0,0.0,0,Rebound,2026,2,14,Miami,Heat,MIA,Miami,15,Milwaukee,Bucks,MIL,Milwaukee,5.5,True,True,-5.5,2,4:34,4,34,False,False,1,1,179,179,274,274,1714,268.0,268.0,1708.0,2,2.0,1.0,-34.5,-11.0,2026-03-12,2026-03-12T23:30Z,
180,401810812262,262,62,"Bad Pass
Turnover","Kasparas Jakucionis bad pass
turnover (Cam Thomas steals)",41,46,2,2nd Quarter,4:28,False,0,14.0,5214640.0,4432174.0,,2026-03-13T00:25:58Z,False,25.0,26.0,0,Turnover,2026,2,14,Miami,Heat,MIA,Miami,15,Milwaukee,Bucks,MIL,Milwaukee,5.5,True,True,-5.5,2,4:28,4,28,False,False,1,1,180,180,268,268,1708,265.0,265.0,1705.0,2,2.0,1.0,-32.12,15.0,2026-03-12,2026-03-12T23:30Z,
181,401810812264,264,149,Running Alley Oop Dunk Shot,Giannis Antetokounmpo makes dunk (Kevin Porter Jr. assists),43,46,2,2nd Quarter,4:25,True,2,15.0,3032977.0,4397140.0,,2026-03-13T00:26:04Z,True,25.0,1.0,2,+2 Points,2026,2,14,Miami,Heat,MIA,Miami,15,Milwaukee,Bucks,MIL,Milwaukee,5.5,True,True,-5.5,2,4:25,4,25,False,False,1,1,181,181,265,265,1705,265.0,265.0,1705.0,2,2.0,1.0,-32.12,-10.0,2026-03-12,2026-03-12T23:30Z,
182,401810812266,266,16,Full Timeout,Heat Full timeout,43,46,2,2nd Quarter,4:25,False,0,14.0,,,,2026-03-13T00:26:21Z,False,,,0,Timeout,2026,2,14,Miami,Heat,MIA,Miami,15,Milwaukee,Bucks,MIL,Milwaukee,5.5,True,True,-5.5,2,4:25,4,25,True,False,1,1,182,182,265,265,1705,265.0,265.0,1705.0,2,2.0,1.0,,,2026-03-12,2026-03-12T23:30Z,
183,401810812267,267,584,Substitution,Ryan Rollins enters the game for Kevin Porter Jr.,43,46,2,2nd Quarter,4:25,False,0,15.0,4591725.0,4397140.0,,2026-03-13T00:28:33Z,False,,,0,Substitution,2026,2,14,Miami,Heat,MIA,Miami,15,Milwaukee,Bucks,MIL,Milwaukee,5.5,True,True,-5.5,2,4:25,4,25,False,False,1,1,183,183,265,265,1705,250.0,250.0,1690.0,2,2.0,1.0,,,2026-03-12,2026-03-12T23:30Z,
184,401810812269,269,44,Shooting Foul,Myles Turner shooting foul,43,46,2,2nd Quarter,4:10,False,0,15.0,3133628.0,,,2026-03-13T00:29:23Z,False,25.0,7.0,0,Foul,2026,2,14,Miami,Heat,MIA,Miami,15,Milwaukee,Bucks,MIL,Milwaukee,5.5,True,True,-5.5,2,4:10,4,10,False,False,1,1,184,184,250,250,1690,250.0,250.0,1690.0,2,2.0,1.0,-32.12,-4.0,2026-03-12,2026-03-12T23:30Z,
185,401810812271,271,98,Free Throw - 1 of 2,Kel'el Ware misses free throw 1 of 2,43,46,2,2nd Quarter,4:10,False,0,14.0,5105623.0,,,2026-03-13T00:29:48Z,True,,,1,Missed FT,2026,2,14,Miami,Heat,MIA,Miami,15,Milwaukee,Bucks,MIL,Milwaukee,5.5,True,True,-5.5,2,4:10,4,10,False,False,1,1,185,185,250,250,1690,250.0,250.0,1690.0,2,2.0,1.0,,,2026-03-12,2026-03-12T23:30Z,
186,401810812272,272,156,Offensive Rebound,Heat offensive team rebound,43,46,2,2nd Quarter,4:10,False,0,14.0,,,,2026-03-13T00:29:48Z,False,,,0,Rebound,2026,2,14,Miami,Heat,MIA,Miami,15,Milwaukee,Bucks,MIL,Milwaukee,5.5,True,True,-5.5,2,4:10,4,10,False,False,1,1,186,186,250,250,1690,250.0,250.0,1690.0,2,2.0,1.0,,,2026-03-12,2026-03-12T23:30Z,
187,401810812273,273,99,Free Throw - 2 of 2,Kel'el Ware makes free throw 2 of 2,43,47,2,2nd Quarter,4:10,True,1,14.0,5105623.0,,,2026-03-13T00:30:04Z,True,,,1,+1 Point,2026,2,14,Miami,Heat,MIA,Miami,15,Milwaukee,Bucks,MIL,Milwaukee,5.5,True,True,-5.5,2,4:10,4,10,False,False,1,1,187,187,250,250,1690,240.0,240.0,1680.0,2,2.0,1.0,,,2026-03-12,2026-03-12T23:30Z,
188,401810812274,274,92,Jump Shot,Ryan Rollins makes 23-foot three point jumper (Myles Turner assists),46,47,2,2nd Quarter,4:00,True,3,15.0,4591725.0,3133628.0,,2026-03-13T00:30:16Z,True,2.0,3.0,3,+3 Points,2026,2,14,Miami,Heat,MIA,Miami,15,Milwaukee,Bucks,MIL,Milwaukee,5.5,True,True,-5.5,2,4:00,4,0,False,False,1,1,188,188,240,240,1680,222.0,222.0,1662.0,2,2.0,1.0,-86.75,-8.0,2026-03-12,2026-03-12T23:30Z,
189,401810812276,276,44,Shooting Foul,Kyle Kuzma shooting foul,46,47,2,2nd Quarter,3:42,False,0,15.0,3134907.0,,,2026-03-13T00:30:36Z,False,24.0,6.0,0,Foul,2026,2,14,Miami,Heat,MIA,Miami,15,Milwaukee,Bucks,MIL,Milwaukee,5.5,True,True,-5.5,2,3:42,3,42,False,False,1,1,189,189,222,222,1662,222.0,222.0,1662.0,2,2.0,1.0,-34.5,-5.0,2026-03-12,2026-03-12T23:30Z,
190,401810812278,278,98,Free Throw - 1 of 2,Pelle Larsson makes free throw 1 of 2,46,48,2,2nd Quarter,3:42,True,1,14.0,4601025.0,,,2026-03-13T00:31:02Z,True,,,1,+1 Point,2026,2,14,Miami,Heat,MIA,Miami,15,Milwaukee,Bucks,MIL,Milwaukee,5.5,True,True,-5.5,2,3:42,3,42,False,False,1,1,190,190,222,222,1662,222.0,222.0,1662.0,2,2.0,1.0,,,2026-03-12,2026-03-12T23:30Z,
191,401810812279,279,584,Substitution,Ousmane Dieng enters the game for Kyle Kuzma,46,48,2,2nd Quarter,3:42,False,0,15.0,4997526.0,3134907.0,,2026-03-13T00:31:03Z,False,,,0,Substitution,2026,2,14,Miami,Heat,MIA,Miami,15,Milwaukee,Bucks,MIL,Milwaukee,5.5,True,True,-5.5,2,3:42,3,42,False,False,1,1,191,191,222,222,1662,222.0,222.0,1662.0,2,2.0,1.0,,,2026-03-12,2026-03-12T23:30Z,
192,401810812281,281,584,Substitution,Bam Adebayo enters the game for Jaime Jaquez Jr.,46,48,2,2nd Quarter,3:42,False,0,14.0,4066261.0,4432848.0,,2026-03-13T00:31:17Z,False,,,0,Substitution,2026,2,14,Miami,Heat,MIA,Miami,15,Milwaukee,Bucks,MIL,Milwaukee,5.5,True,True,-5.5,2,3:42,3,42,False,False,1,1,192,192,222,222,1662,222.0,222.0,1662.0,2,2.0,1.0,,,2026-03-12,2026-03-12T23:30Z,
193,401810812283,283,99,Free Throw - 2 of 2,Pelle Larsson makes free throw 2 of 2,46,49,2,2nd Quarter,3:42,True,1,14.0,4601025.0,,,2026-03-13T00:31:27Z,True,,,1,+1 Point,2026,2,14,Miami,Heat,MIA,Miami,15,Milwaukee,Bucks,MIL,Milwaukee,5.5,True,True,-5.5,2,3:42,3,42,False,False,1,1,193,193,222,222,1662,196.0,196.0,1636.0,2,2.0,1.0,,,2026-03-12,2026-03-12T23:30Z,
194,401810812284,284,121,Fade Away Jump Shot,Myles Turner makes 20-foot fade away jump shot (Giannis Antetokounmpo assists),48,49,2,2nd Quarter,3:16,True,2,15.0,3133628.0,3032977.0,,2026-03-13T00:31:53Z,True,46.0,3.0,2,+2 Points,2026,2,14,Miami,Heat,MIA,Miami,15,Milwaukee,Bucks,MIL,Milwaukee,5.5,True,True,-5.5,2,3:16,3,16,False,False,1,1,194,194,196,196,1636,176.0,176.0,1616.0,2,2.0,1.0,17.75,-8.0,2026-03-12,2026-03-12T23:30Z,
195,401810812286,286,132,Step Back Jump Shot,Bam Adebayo makes 12-foot step back jumpshot (Davion Mitchell assists),48,51,2,2nd Quarter,2:56,True,2,14.0,4066261.0,4278053.0,,2026-03-13T00:32:14Z,True,32.0,11.0,2,+2 Points,2026,2,14,Miami,Heat,MIA,Miami,15,Milwaukee,Bucks,MIL,Milwaukee,5.5,True,True,-5.5,2,2:56,2,56,False,False,1,1,195,195,176,176,1616,161.0,161.0,1601.0,2,2.0,1.0,-15.5,0.0,2026-03-12,2026-03-12T23:30Z,
196,401810812287,287,128,Driving Finger Roll Layup,Giannis Antetokounmpo misses two point shot,48,51,2,2nd Quarter,2:41,False,0,15.0,3032977.0,,,2026-03-13T00:32:29Z,True,26.0,2.0,2,Missed FG,2026,2,14,Miami,Heat,MIA,Miami,15,Milwaukee,Bucks,MIL,Milwaukee,5.5,True,True,-5.5,2,2:41,2,41,False,False,1,1,196,196,161,161,1601,158.0,158.0,1598.0,2,2.0,1.0,-29.75,-9.0,2026-03-12,2026-03-12T23:30Z,
197,401810812288,288,155,Defensive Rebound,Kel'el Ware defensive rebound,48,51,2,2nd Quarter,2:38,False,0,14.0,5105623.0,,,2026-03-13T00:32:32Z,False,26.0,2.0,0,Rebound,2026,2,14,Miami,Heat,MIA,Miami,15,Milwaukee,Bucks,MIL,Milwaukee,5.5,True,True,-5.5,2,2:38,2,38,False,False,1,1,197,197,158,158,1598,156.0,156.0,1596.0,2,2.0,1.0,-29.75,-9.0,2026-03-12,2026-03-12T23:30Z,
198,401810812289,289,113,Running Jump Shot,Kasparas Jakucionis misses 25-foot running jump shot,48,51,2,2nd Quarter,2:36,False,0,14.0,5214640.0,,,2026-03-13T00:32:34Z,True,8.0,19.0,3,Missed 3PT,2026,2,14,Miami,Heat,MIA,Miami,15,Milwaukee,Bucks,MIL,Milwaukee,5.5,True,True,-5.5,2,2:36,2,36,False,False,1,1,198,198,156,156,1596,151.0,151.0,1591.0,2,2.0,1.0,-72.5,8.0,2026-03-12,2026-03-12T23:30Z,
199,401810812290,290,156,Offensive Rebound,Bam Adebayo offensive rebound,48,51,2,2nd Quarter,2:31,False,0,14.0,4066261.0,,,2026-03-13T00:32:39Z,False,8.0,19.0,0,Rebound,2026,2,14,Miami,Heat,MIA,Miami,15,Milwaukee,Bucks,MIL,Milwaukee,5.5,True,True,-5.5,2,2:31,2,31,False,False,1,1,199,199,151,151,1591,151.0,151.0,1591.0,2,2.0,1.0,-72.5,8.0,2026-03-12,2026-03-12T23:30Z,
200,401810812291,291,94,Tip Shot,Bam Adebayo misses tip shot,48,51,2,2nd Quarter,2:31,False,0,14.0,4066261.0,,,2026-03-13T00:32:40Z,True,25.0,0.0,2,Missed FG,2026,2,14,Miami,Heat,MIA,Miami,15,Milwaukee,Bucks,MIL,Milwaukee,5.5,True,True,-5.5,2,2:31,2,31,False,False,1,1,200,200,151,151,1591,151.0,151.0,1591.0,2,2.0,1.0,-32.12,-11.0,2026-03-12,2026-03-12T23:30Z,
201,401810812292,292,156,Offensive Rebound,Heat offensive team rebound,48,51,2,2nd Quarter,2:31,False,0,14.0,,,,2026-03-13T00:32:40Z,False,25.0,0.0,0,Rebound,2026,2,14,Miami,Heat,MIA,Miami,15,Milwaukee,Bucks,MIL,Milwaukee,5.5,True,True,-5.5,2,2:31,2,31,False,False,1,1,201,201,151,151,1591,139.0,139.0,1579.0,2,2.0,1.0,-32.12,-11.0,2026-03-12,2026-03-12T23:30Z,
202,401810812294,294,120,Turnaround Hook Shot,Kel'el Ware misses 4-foot two point shot,48,51,2,2nd Quarter,2:19,False,0,14.0,5105623.0,,,2026-03-13T00:33:13Z,True,22.0,3.0,2,Missed FG,2026,2,14,Miami,Heat,MIA,Miami,15,Milwaukee,Bucks,MIL,Milwaukee,5.5,True,True,-5.5,2,2:19,2,19,False,False,1,1,202,202,139,139,1579,139.0,139.0,1579.0,2,2.0,1.0,-39.25,-8.0,2026-03-12,2026-03-12T23:30Z,
203,401810812295,295,155,Defensive Rebound,Myles Turner defensive rebound,48,51,2,2nd Quarter,2:19,False,0,15.0,3133628.0,,,2026-03-13T00:33:13Z,False,22.0,3.0,0,Rebound,2026,2,14,Miami,Heat,MIA,Miami,15,Milwaukee,Bucks,MIL,Milwaukee,5.5,True,True,-5.5,2,2:19,2,19,False,False,1,1,203,203,139,139,1579,130.0,130.0,1570.0,2,2.0,1.0,-39.25,-8.0,2026-03-12,2026-03-12T23:30Z,
204,401810812296,296,92,Jump Shot,Myles Turner makes 26-foot three point jumper (Ryan Rollins assists),51,51,2,2nd Quarter,2:10,True,3,15.0,3133628.0,4591725.0,,2026-03-13T00:33:22Z,True,11.0,22.0,3,+3 Points,2026,2,14,Miami,Heat,MIA,Miami,15,Milwaukee,Bucks,MIL,Milwaukee,5.5,True,True,-5.5,2,2:10,2,10,False,False,1,1,204,204,130,130,1570,116.0,116.0,1556.0,2,2.0,1.0,-65.38,11.0,2026-03-12,2026-03-12T23:30Z,
205,401810812298,298,144,Driving Floating Jump Shot,Kasparas Jakucionis makes 5-foot driving floating jump shot (Pelle Larsson assists),51,53,2,2nd Quarter,1:56,True,2,14.0,5214640.0,4601025.0,,2026-03-13T00:33:39Z,True,20.0,2.0,2,+2 Points,2026,2,14,Miami,Heat,MIA,Miami,15,Milwaukee,Bucks,MIL,Milwaukee,5.5,True,True,-5.5,2,1:56,1,56,False,False,1,1,205,205,116,116,1556,116.0,116.0,1556.0,2,2.0,1.0,-44.0,-9.0,2026-03-12,2026-03-12T23:30Z,
206,401810812300,300,44,Shooting Foul,Ousmane Dieng shooting foul,51,53,2,2nd Quarter,1:56,False,0,15.0,4997526.0,,,2026-03-13T00:33:46Z,False,19.0,2.0,0,Foul,2026,2,14,Miami,Heat,MIA,Miami,15,Milwaukee,Bucks,MIL,Milwaukee,5.5,True,True,-5.5,2,1:56,1,56,False,False,1,1,206,206,116,116,1556,116.0,116.0,1556.0,2,2.0,1.0,-46.38,-9.0,2026-03-12,2026-03-12T23:30Z,
207,401810812302,302,97,Free Throw - 1 of 1,Kasparas Jakucionis makes free throw 1 of 1,51,54,2,2nd Quarter,1:56,True,1,14.0,5214640.0,,,2026-03-13T00:34:12Z,True,,,1,+1 Point,2026,2,14,Miami,Heat,MIA,Miami,15,Milwaukee,Bucks,MIL,Milwaukee,5.5,True,True,-5.5,2,1:56,1,56,False,False,1,1,207,207,116,116,1556,107.0,107.0,1547.0,2,2.0,1.0,,,2026-03-12,2026-03-12T23:30Z,
208,401810812303,303,90,Out of Bounds - Bad Pass Turnover,Giannis Antetokounmpo out of bounds bad pass turnover,51,54,2,2nd Quarter,1:47,False,0,15.0,3032977.0,,,2026-03-13T00:34:27Z,False,44.0,23.0,0,Turnover,2026,2,14,Miami,Heat,MIA,Miami,15,Milwaukee,Bucks,MIL,Milwaukee,5.5,True,True,-5.5,2,1:47,1,47,False,False,1,1,208,208,107,107,1547,107.0,107.0,1547.0,2,2.0,1.0,13.0,12.0,2026-03-12,2026-03-12T23:30Z,
209,401810812304,304,584,Substitution,Jericho Sims enters the game for Giannis Antetokounmpo,51,54,2,2nd Quarter,1:47,False,0,15.0,4277922.0,3032977.0,,2026-03-13T00:34:35Z,False,,,0,Substitution,2026,2,14,Miami,Heat,MIA,Miami,15,Milwaukee,Bucks,MIL,Milwaukee,5.5,True,True,-5.5,2,1:47,1,47,False,False,1,1,209,209,107,107,1547,93.0,93.0,1533.0,2,2.0,1.0,,,2026-03-12,2026-03-12T23:30Z,
210,401810812306,306,137,Turnaround Fade Away Jump Shot,Bam Adebayo misses 6-foot two point shot,51,54,2,2nd Quarter,1:33,False,0,14.0,4066261.0,,,2026-03-13T00:34:58Z,True,26.0,7.0,2,Missed FG,2026,2,14,Miami,Heat,MIA,Miami,15,Milwaukee,Bucks,MIL,Milwaukee,5.5,True,True,-5.5,2,1:33,1,33,False,False,1,1,210,210,93,93,1533,91.0,91.0,1531.0,2,2.0,1.0,-29.75,-4.0,2026-03-12,2026-03-12T23:30Z,
211,401810812307,307,155,Defensive Rebound,Bucks defensive team rebound,51,54,2,2nd Quarter,1:31,False,0,15.0,,,,2026-03-13T00:35:04Z,False,26.0,7.0,0,Rebound,2026,2,14,Miami,Heat,MIA,Miami,15,Milwaukee,Bucks,MIL,Milwaukee,5.5,True,True,-5.5,2,1:31,1,31,False,False,1,1,211,211,91,91,1531,81.0,81.0,1521.0,2,2.0,1.0,-29.75,-4.0,2026-03-12,2026-03-12T23:30Z,
212,401810812309,309,132,Step Back Jump Shot,Ryan Rollins misses 26-foot three point step back jumpshot,51,54,2,2nd Quarter,1:21,False,0,15.0,4591725.0,,,2026-03-13T00:35:22Z,True,10.0,22.0,3,Missed 3PT,2026,2,14,Miami,Heat,MIA,Miami,15,Milwaukee,Bucks,MIL,Milwaukee,5.5,True,True,-5.5,2,1:21,1,21,False,False,1,1,212,212,81,81,1521,76.0,76.0,1516.0,2,2.0,1.0,-67.75,11.0,2026-03-12,2026-03-12T23:30Z,
213,401810812311,311,155,Defensive Rebound,Kasparas Jakucionis defensive rebound,51,54,2,2nd Quarter,1:16,False,0,14.0,5214640.0,,,2026-03-13T00:35:27Z,False,10.0,22.0,0,Rebound,2026,2,14,Miami,Heat,MIA,Miami,15,Milwaukee,Bucks,MIL,Milwaukee,5.5,True,True,-5.5,2,1:16,1,16,False,False,1,1,213,213,76,76,1516,74.0,74.0,1514.0,2,2.0,1.0,-67.75,11.0,2026-03-12,2026-03-12T23:30Z,
214,401810812312,312,146,Running Pullup Jump Shot,Davion Mitchell makes 24-foot running pullup jump shot (Kasparas Jakucionis assists),51,57,2,2nd Quarter,1:14,True,3,14.0,4278053.0,5214640.0,,2026-03-13T00:35:29Z,True,9.0,19.0,3,+3 Points,2026,2,14,Miami,Heat,MIA,Miami,15,Milwaukee,Bucks,MIL,Milwaukee,5.5,True,True,-5.5,2,1:14,1,14,False,False,1,1,214,214,74,74,1514,0.0,0.0,1440.0,2,2.0,1.0,-70.12,8.0,2026-03-12,2026-03-12T23:30Z,
215,401810812314,314,144,Driving Floating Jump Shot,Cam Thomas misses driving floating jump shot,51,57,2,2nd Quarter,50.6,False,0,15.0,4432174.0,,,2026-03-13T00:35:53Z,True,26.0,6.0,2,Missed FG,2026,2,14,Miami,Heat,MIA,Miami,15,Milwaukee,Bucks,MIL,Milwaukee,5.5,True,True,-5.5,2,50.6,0,0,False,False,1,1,215,215,0,0,1440,0.0,0.0,1440.0,2,2.0,1.0,-29.75,-5.0,2026-03-12,2026-03-12T23:30Z,
216,401810812315,315,155,Defensive Rebound,Pelle Larsson defensive rebound,51,57,2,2nd Quarter,46.7,False,0,14.0,4601025.0,,,2026-03-13T00:35:57Z,False,26.0,6.0,0,Rebound,2026,2,14,Miami,Heat,MIA,Miami,15,Milwaukee,Bucks,MIL,Milwaukee,5.5,True,True,-5.5,2,46.7,0,0,False,False,1,1,216,216,0,0,1440,0.0,0.0,1440.0,2,2.0,1.0,-29.75,-5.0,2026-03-12,2026-03-12T23:30Z,
217,401810812316,316,141,Cutting Layup Shot,Pelle Larsson makes 1-foot layup (Kel'el Ware assists),51,59,2,2nd Quarter,31.8,True,2,14.0,4601025.0,5105623.0,,2026-03-13T00:36:13Z,True,24.0,1.0,2,+2 Points,2026,2,14,Miami,Heat,MIA,Miami,15,Milwaukee,Bucks,MIL,Milwaukee,5.5,True,True,-5.5,2,31.8,0,0,False,False,1,1,217,217,0,0,1440,0.0,0.0,1440.0,2,2.0,1.0,-34.5,-10.0,2026-03-12,2026-03-12T23:30Z,
218,401810812318,318,131,Pullup Jump Shot,Myles Turner misses 25-foot three point pullup jump shot,51,59,2,2nd Quarter,11.9,False,0,15.0,3133628.0,,,2026-03-13T00:36:35Z,True,28.0,26.0,3,Missed 3PT,2026,2,14,Miami,Heat,MIA,Miami,15,Milwaukee,Bucks,MIL,Milwaukee,5.5,True,True,-5.5,2,11.9,0,0,False,False,1,1,218,218,0,0,1440,0.0,0.0,1440.0,2,2.0,1.0,-25.0,15.0,2026-03-12,2026-03-12T23:30Z,
219,401810812319,319,155,Defensive Rebound,Kel'el Ware defensive rebound,51,59,2,2nd Quarter,8.1,False,0,14.0,5105623.0,,,2026-03-13T00:36:39Z,False,28.0,26.0,0,Rebound,2026,2,14,Miami,Heat,MIA,Miami,15,Milwaukee,Bucks,MIL,Milwaukee,5.5,True,True,-5.5,2,8.1,0,0,False,False,1,1,219,219,0,0,1440,0.0,0.0,1440.0,2,2.0,1.0,-25.0,15.0,2026-03-12,2026-03-12T23:30Z,
220,401810812320,320,412,End Period,End of the 2nd Quarter,51,59,2,2nd Quarter,0.0,False,0,,,,,2026-03-13T00:36:54Z,False,,,0,Halftime,2026,2,14,Miami,Heat,MIA,Miami,15,Milwaukee,Bucks,MIL,Milwaukee,5.5,True,True,-5.5,2,0.0,0,0,False,False,1,1,220,220,0,0,1440,720.0,1440.0,1440.0,2,2.0,1.0,,,2026-03-12,2026-03-12T23:30Z,
221,401810812321,321,584,Substitution,Kevin Porter Jr. enters the game for Ryan Rollins,51,59,3,3rd Quarter,12:00,False,0,15.0,4397140.0,4591725.0,,2026-03-13T00:51:47Z,False,,,0,Substitution,2026,2,14,Miami,Heat,MIA,Miami,15,Milwaukee,Bucks,MIL,Milwaukee,5.5,True,True,-5.5,3,12:00,12,0,False,False,2,2,221,221,720,1440,1440,720.0,1440.0,1440.0,3,2.0,1.0,,,2026-03-12,2026-03-12T23:30Z,
222,401810812322,322,584,Substitution,Giannis Antetokounmpo enters the game for Cam Thomas,51,59,3,3rd Quarter,12:00,False,0,15.0,3032977.0,4432174.0,,2026-03-13T00:51:47Z,False,,,0,Substitution,2026,2,14,Miami,Heat,MIA,Miami,15,Milwaukee,Bucks,MIL,Milwaukee,5.5,True,True,-5.5,3,12:00,12,0,False,False,2,2,222,222,720,1440,1440,720.0,1440.0,1440.0,3,3.0,2.0,,,2026-03-12,2026-03-12T23:30Z,
223,401810812323,323,584,Substitution,Kyle Kuzma enters the game for Jericho Sims,51,59,3,3rd Quarter,12:00,False,0,15.0,3134907.0,4277922.0,,2026-03-13T00:51:47Z,False,,,0,Substitution,2026,2,14,Miami,Heat,MIA,Miami,15,Milwaukee,Bucks,MIL,Milwaukee,5.5,True,True,-5.5,3,12:00,12,0,False,False,2,2,223,223,720,1440,1440,705.0,1425.0,1425.0,3,3.0,2.0,,,2026-03-12,2026-03-12T23:30Z,
224,401810812328,328,63,Lost Ball Turnover,Kevin Porter Jr. lost ball turnover (Kasparas Jakucionis steals),51,59,3,3rd Quarter,11:45,False,0,15.0,4397140.0,5214640.0,,2026-03-13T00:52:30Z,False,18.0,8.0,0,Turnover,2026,2,14,Miami,Heat,MIA,Miami,15,Milwaukee,Bucks,MIL,Milwaukee,5.5,True,True,-5.5,3,11:45,11,45,False,False,2,2,224,224,705,1425,1425,700.0,1420.0,1420.0,3,3.0,2.0,-48.75,-3.0,2026-03-12,2026-03-12T23:30Z,
225,401810812330,330,113,Running Jump Shot,Davion Mitchell makes 26-foot running jump shot (Bam Adebayo assists),51,62,3,3rd Quarter,11:40,True,3,14.0,4278053.0,4066261.0,,2026-03-13T00:52:35Z,True,10.0,22.0,3,+3 Points,2026,2,14,Miami,Heat,MIA,Miami,15,Milwaukee,Bucks,MIL,Milwaukee,5.5,True,True,-5.5,3,11:40,11,40,False,False,2,2,225,225,700,1420,1420,686.0,1406.0,1406.0,3,3.0,2.0,-67.75,11.0,2026-03-12,2026-03-12T23:30Z,
226,401810812332,332,92,Jump Shot,Myles Turner misses 26-foot three point jumper,51,62,3,3rd Quarter,11:26,False,0,15.0,3133628.0,,,2026-03-13T00:52:48Z,True,36.0,24.0,3,Missed 3PT,2026,2,14,Miami,Heat,MIA,Miami,15,Milwaukee,Bucks,MIL,Milwaukee,5.5,True,True,-5.5,3,11:26,11,26,False,False,2,2,226,226,686,1406,1406,684.0,1404.0,1404.0,3,3.0,2.0,-6.0,13.0,2026-03-12,2026-03-12T23:30Z,
227,401810812333,333,155,Defensive Rebound,Heat defensive team rebound,51,62,3,3rd Quarter,11:24,False,0,14.0,,,,2026-03-13T00:52:50Z,False,36.0,24.0,0,Rebound,2026,2,14,Miami,Heat,MIA,Miami,15,Milwaukee,Bucks,MIL,Milwaukee,5.5,True,True,-5.5,3,11:24,11,24,False,False,2,2,227,227,684,1404,1404,673.0,1393.0,1393.0,3,3.0,2.0,-6.0,13.0,2026-03-12,2026-03-12T23:30Z,
228,401810812335,335,128,Driving Finger Roll Layup,Pelle Larsson makes 1-foot two point shot,51,64,3,3rd Quarter,11:13,True,2,14.0,4601025.0,,,2026-03-13T00:53:11Z,True,26.0,0.0,2,+2 Points,2026,2,14,Miami,Heat,MIA,Miami,15,Milwaukee,Bucks,MIL,Milwaukee,5.5,True,True,-5.5,3,11:13,11,13,False,False,2,2,228,228,673,1393,1393,659.0,1379.0,1379.0,3,3.0,2.0,-29.75,-11.0,2026-03-12,2026-03-12T23:30Z,
229,401810812336,336,131,Pullup Jump Shot,Ousmane Dieng misses 14-foot pullup jump shot,51,64,3,3rd Quarter,10:59,False,0,15.0,4997526.0,,,2026-03-13T00:53:24Z,True,27.0,15.0,2,Missed FG,2026,2,14,Miami,Heat,MIA,Miami,15,Milwaukee,Bucks,MIL,Milwaukee,5.5,True,True,-5.5,3,10:59,10,59,False,False,2,2,229,229,659,1379,1379,656.0,1376.0,1376.0,3,3.0,2.0,-27.38,4.0,2026-03-12,2026-03-12T23:30Z,
230,401810812337,337,155,Defensive Rebound,Bam Adebayo defensive rebound,51,64,3,3rd Quarter,10:56,False,0,14.0,4066261.0,,,2026-03-13T00:53:27Z,False,27.0,15.0,0,Rebound,2026,2,14,Miami,Heat,MIA,Miami,15,Milwaukee,Bucks,MIL,Milwaukee,5.5,True,True,-5.5,3,10:56,10,56,False,False,2,2,230,230,656,1376,1376,652.0,1372.0,1372.0,3,3.0,2.0,-27.38,4.0,2026-03-12,2026-03-12T23:30Z,
231,401810812338,338,109,Running Layup Shot,Bam Adebayo misses running layup,51,64,3,3rd Quarter,10:52,False,0,14.0,4066261.0,,,2026-03-13T00:53:32Z,True,21.0,2.0,2,Missed FG,2026,2,14,Miami,Heat,MIA,Miami,15,Milwaukee,Bucks,MIL,Milwaukee,5.5,True,True,-5.5,3,10:52,10,52,False,False,2,2,231,231,652,1372,1372,648.0,1368.0,1368.0,3,3.0,2.0,-41.62,-9.0,2026-03-12,2026-03-12T23:30Z,
232,401810812339,339,155,Defensive Rebound,Myles Turner defensive rebound,51,64,3,3rd Quarter,10:48,False,0,15.0,3133628.0,,,2026-03-13T00:53:36Z,False,21.0,2.0,0,Rebound,2026,2,14,Miami,Heat,MIA,Miami,15,Milwaukee,Bucks,MIL,Milwaukee,5.5,True,True,-5.5,3,10:48,10,48,False,False,2,2,232,232,648,1368,1368,647.0,1367.0,1367.0,3,3.0,2.0,-41.62,-9.0,2026-03-12,2026-03-12T23:30Z,
233,401810812340,340,44,Shooting Foul,Davion Mitchell shooting foul,51,64,3,3rd Quarter,10:47,False,0,14.0,4278053.0,,,2026-03-13T00:53:39Z,False,19.0,5.0,0,Foul,2026,2,14,Miami,Heat,MIA,Miami,15,Milwaukee,Bucks,MIL,Milwaukee,5.5,True,True,-5.5,3,10:47,10,47,False,False,2,2,233,233,647,1367,1367,647.0,1367.0,1367.0,3,3.0,2.0,-46.38,-6.0,2026-03-12,2026-03-12T23:30Z,
234,401810812342,342,98,Free Throw - 1 of 2,Giannis Antetokounmpo makes free throw 1 of 2,52,64,3,3rd Quarter,10:47,True,1,15.0,3032977.0,,,2026-03-13T00:54:17Z,True,,,1,+1 Point,2026,2,14,Miami,Heat,MIA,Miami,15,Milwaukee,Bucks,MIL,Milwaukee,5.5,True,True,-5.5,3,10:47,10,47,False,False,2,2,234,234,647,1367,1367,647.0,1367.0,1367.0,3,3.0,2.0,,,2026-03-12,2026-03-12T23:30Z,
235,401810812343,343,99,Free Throw - 2 of 2,Giannis Antetokounmpo misses free throw 2 of 2,52,64,3,3rd Quarter,10:47,False,0,15.0,3032977.0,,,2026-03-13T00:54:17Z,True,,,1,Missed FT,2026,2,14,Miami,Heat,MIA,Miami,15,Milwaukee,Bucks,MIL,Milwaukee,5.5,True,True,-5.5,3,10:47,10,47,False,False,2,2,235,235,647,1367,1367,644.0,1364.0,1364.0,3,3.0,2.0,,,2026-03-12,2026-03-12T23:30Z,
236,401810812344,344,155,Defensive Rebound,Kel'el Ware defensive rebound,52,64,3,3rd Quarter,10:44,False,0,14.0,5105623.0,,,2026-03-13T00:54:20Z,False,,,0,Rebound,2026,2,14,Miami,Heat,MIA,Miami,15,Milwaukee,Bucks,MIL,Milwaukee,5.5,True,True,-5.5,3,10:44,10,44,False,False,2,2,236,236,644,1364,1364,639.0,1359.0,1359.0,3,3.0,2.0,,,2026-03-12,2026-03-12T23:30Z,
237,401810812345,345,92,Jump Shot,Davion Mitchell misses 25-foot three point jumper,52,64,3,3rd Quarter,10:39,False,0,14.0,4278053.0,,,2026-03-13T00:54:49Z,True,24.0,26.0,3,Missed 3PT,2026,2,14,Miami,Heat,MIA,Miami,15,Milwaukee,Bucks,MIL,Milwaukee,5.5,True,True,-5.5,3,10:39,10,39,False,False,2,2,237,237,639,1359,1359,634.0,1354.0,1354.0,3,3.0,2.0,-34.5,15.0,2026-03-12,2026-03-12T23:30Z,
238,401810812346,346,156,Offensive Rebound,Davion Mitchell offensive rebound,52,64,3,3rd Quarter,10:34,False,0,14.0,4278053.0,,,2026-03-13T00:54:54Z,False,24.0,26.0,0,Rebound,2026,2,14,Miami,Heat,MIA,Miami,15,Milwaukee,Bucks,MIL,Milwaukee,5.5,True,True,-5.5,3,10:34,10,34,False,False,2,2,238,238,634,1354,1354,629.0,1349.0,1349.0,3,3.0,2.0,-34.5,15.0,2026-03-12,2026-03-12T23:30Z,
239,401810812347,347,62,"Bad Pass
Turnover","Kel'el Ware bad pass
turnover (Kyle Kuzma steals)",52,64,3,3rd Quarter,10:29,False,0,14.0,5105623.0,3134907.0,,2026-03-13T00:54:59Z,False,35.0,3.0,0,Turnover,2026,2,14,Miami,Heat,MIA,Miami,15,Milwaukee,Bucks,MIL,Milwaukee,5.5,True,True,-5.5,3,10:29,10,29,False,False,2,2,239,239,629,1349,1349,620.0,1340.0,1340.0,3,3.0,2.0,-8.38,-8.0,2026-03-12,2026-03-12T23:30Z,
240,401810812349,349,62,"Bad Pass
Turnover","Kevin Porter Jr. bad pass
turnover (Davion Mitchell steals)",52,64,3,3rd Quarter,10:20,False,0,15.0,4397140.0,4278053.0,,2026-03-13T00:55:07Z,False,24.0,2.0,0,Turnover,2026,2,14,Miami,Heat,MIA,Miami,15,Milwaukee,Bucks,MIL,Milwaukee,5.5,True,True,-5.5,3,10:20,10,20,False,False,2,2,240,240,620,1340,1340,618.0,1338.0,1338.0,3,3.0,2.0,-34.5,-9.0,2026-03-12,2026-03-12T23:30Z,
241,401810812351,351,45,Personal Foul,Ousmane Dieng personal foul,52,64,3,3rd Quarter,10:18,False,0,15.0,4997526.0,,,2026-03-13T00:55:13Z,False,32.0,10.0,0,Foul,2026,2,14,Miami,Heat,MIA,Miami,15,Milwaukee,Bucks,MIL,Milwaukee,5.5,True,True,-5.5,3,10:18,10,18,False,False,2,2,241,241,618,1338,1338,607.0,1327.0,1327.0,3,3.0,2.0,-15.5,-1.0,2026-03-12,2026-03-12T23:30Z,
242,401810812353,353,144,Driving Floating Jump Shot,Davion Mitchell makes 10-foot driving floating jump shot (Kasparas Jakucionis assists),52,66,3,3rd Quarter,10:07,True,2,14.0,4278053.0,5214640.0,,2026-03-13T00:55:45Z,True,32.0,8.0,2,+2 Points,2026,2,14,Miami,Heat,MIA,Miami,15,Milwaukee,Bucks,MIL,Milwaukee,5.5,True,True,-5.5,3,10:07,10,7,False,False,2,2,242,242,607,1327,1327,605.0,1325.0,1325.0,3,3.0,2.0,-15.5,-3.0,2026-03-12,2026-03-12T23:30Z,
243,401810812355,355,16,Full Timeout,Bucks Full timeout,52,66,3,3rd Quarter,10:05,False,0,15.0,,,,2026-03-13T00:55:56Z,False,,,0,Timeout,2026,2,14,Miami,Heat,MIA,Miami,15,Milwaukee,Bucks,MIL,Milwaukee,5.5,True,True,-5.5,3,10:05,10,5,False,True,2,2,243,243,605,1325,1325,594.0,1314.0,1314.0,3,3.0,2.0,,,2026-03-12,2026-03-12T23:30Z,
244,401810812356,356,131,Pullup Jump Shot,Giannis Antetokounmpo misses 17-foot pullup jump shot,52,66,3,3rd Quarter,9:54,False,0,15.0,3032977.0,,,2026-03-13T00:58:52Z,True,20.0,17.0,2,Missed FG,2026,2,14,Miami,Heat,MIA,Miami,15,Milwaukee,Bucks,MIL,Milwaukee,5.5,True,True,-5.5,3,9:54,9,54,False,False,2,2,244,244,594,1314,1314,589.0,1309.0,1309.0,3,3.0,2.0,-44.0,6.0,2026-03-12,2026-03-12T23:30Z,
245,401810812357,357,155,Defensive Rebound,Kasparas Jakucionis defensive rebound,52,66,3,3rd Quarter,9:49,False,0,14.0,5214640.0,,,2026-03-13T00:58:57Z,False,20.0,17.0,0,Rebound,2026,2,14,Miami,Heat,MIA,Miami,15,Milwaukee,Bucks,MIL,Milwaukee,5.5,True,True,-5.5,3,9:49,9,49,False,False,2,2,245,245,589,1309,1309,573.0,1293.0,1293.0,3,3.0,2.0,-44.0,6.0,2026-03-12,2026-03-12T23:30Z,
246,401810812359,359,63,Lost Ball Turnover,Pelle Larsson lost ball turnover (Kyle Kuzma steals),52,66,3,3rd Quarter,9:33,False,0,14.0,4601025.0,3134907.0,,2026-03-13T00:59:30Z,False,31.0,11.0,0,Turnover,2026,2,14,Miami,Heat,MIA,Miami,15,Milwaukee,Bucks,MIL,Milwaukee,5.5,True,True,-5.5,3,9:33,9,33,False,False,2,2,246,246,573,1293,1293,558.0,1278.0,1278.0,3,3.0,2.0,-17.88,0.0,2026-03-12,2026-03-12T23:30Z,
247,401810812361,361,44,Shooting Foul,Davion Mitchell shooting foul,52,66,3,3rd Quarter,9:18,False,0,14.0,4278053.0,,,2026-03-13T00:59:48Z,False,21.0,8.0,0,Foul,2026,2,14,Miami,Heat,MIA,Miami,15,Milwaukee,Bucks,MIL,Milwaukee,5.5,True,True,-5.5,3,9:18,9,18,False,False,2,2,247,247,558,1278,1278,558.0,1278.0,1278.0,3,3.0,2.0,-41.62,-3.0,2026-03-12,2026-03-12T23:30Z,
248,401810812363,363,98,Free Throw - 1 of 2,Myles Turner makes free throw 1 of 2,53,66,3,3rd Quarter,9:18,True,1,15.0,3133628.0,,,2026-03-13T01:00:13Z,True,,,1,+1 Point,2026,2,14,Miami,Heat,MIA,Miami,15,Milwaukee,Bucks,MIL,Milwaukee,5.5,True,True,-5.5,3,9:18,9,18,False,False,2,2,248,248,558,1278,1278,558.0,1278.0,1278.0,3,3.0,2.0,,,2026-03-12,2026-03-12T23:30Z,
249,401810812364,364,99,Free Throw - 2 of 2,Myles Turner makes free throw 2 of 2,54,66,3,3rd Quarter,9:18,True,1,15.0,3133628.0,,,2026-03-13T01:00:30Z,True,,,1,+1 Point,2026,2,14,Miami,Heat,MIA,Miami,15,Milwaukee,Bucks,MIL,Milwaukee,5.5,True,True,-5.5,3,9:18,9,18,False,False,2,2,249,249,558,1278,1278,545.0,1265.0,1265.0,3,3.0,2.0,,,2026-03-12,2026-03-12T23:30Z,
250,401810812365,365,92,Jump Shot,Bam Adebayo misses 23-foot three point jumper,54,66,3,3rd Quarter,9:05,False,0,14.0,4066261.0,,,2026-03-13T01:00:45Z,True,2.0,4.0,3,Missed 3PT,2026,2,14,Miami,Heat,MIA,Miami,15,Milwaukee,Bucks,MIL,Milwaukee,5.5,True,True,-5.5,3,9:05,9,5,False,False,2,2,250,250,545,1265,1265,541.0,1261.0,1261.0,3,3.0,2.0,-86.75,-7.0,2026-03-12,2026-03-12T23:30Z,
251,401810812366,366,156,Offensive Rebound,Kasparas Jakucionis offensive rebound,54,66,3,3rd Quarter,9:01,False,0,14.0,5214640.0,,,2026-03-13T01:00:49Z,False,2.0,4.0,0,Rebound,2026,2,14,Miami,Heat,MIA,Miami,15,Milwaukee,Bucks,MIL,Milwaukee,5.5,True,True,-5.5,3,9:01,9,1,False,False,2,2,251,251,541,1261,1261,540.0,1260.0,1260.0,3,3.0,2.0,-86.75,-7.0,2026-03-12,2026-03-12T23:30Z,
252,401810812445,445,63,Lost Ball Turnover,Bam Adebayo lost ball turnover (Giannis Antetokounmpo steals),54,66,3,3rd Quarter,9:00,False,0,14.0,4066261.0,3032977.0,,2026-03-13T01:00:48Z,False,20.0,6.0,0,Turnover,2026,2,14,Miami,Heat,MIA,Miami,15,Milwaukee,Bucks,MIL,Milwaukee,5.5,True,True,-5.5,3,9:00,9,0,False,False,2,2,252,252,540,1260,1260,536.0,1256.0,1256.0,3,3.0,2.0,-44.0,-5.0,2026-03-12,2026-03-12T23:30Z,
253,401810812370,370,44,Shooting Foul,Davion Mitchell shooting foul,54,66,3,3rd Quarter,8:56,False,0,14.0,4278053.0,,,2026-03-13T01:00:57Z,False,23.0,1.0,0,Foul,2026,2,14,Miami,Heat,MIA,Miami,15,Milwaukee,Bucks,MIL,Milwaukee,5.5,True,True,-5.5,3,8:56,8,56,False,False,2,2,253,253,536,1256,1256,536.0,1256.0,1256.0,3,3.0,2.0,-36.88,-10.0,2026-03-12,2026-03-12T23:30Z,
254,401810812372,372,98,Free Throw - 1 of 2,Giannis Antetokounmpo misses free throw 1 of 2,54,66,3,3rd Quarter,8:56,False,0,15.0,3032977.0,,,2026-03-13T01:01:47Z,True,,,1,Missed FT,2026,2,14,Miami,Heat,MIA,Miami,15,Milwaukee,Bucks,MIL,Milwaukee,5.5,True,True,-5.5,3,8:56,8,56,False,False,2,2,254,254,536,1256,1256,536.0,1256.0,1256.0,3,3.0,2.0,,,2026-03-12,2026-03-12T23:30Z,
255,401810812373,373,156,Offensive Rebound,Bucks offensive team rebound,54,66,3,3rd Quarter,8:56,False,0,15.0,,,,2026-03-13T01:01:47Z,False,,,0,Rebound,2026,2,14,Miami,Heat,MIA,Miami,15,Milwaukee,Bucks,MIL,Milwaukee,5.5,True,True,-5.5,3,8:56,8,56,False,False,2,2,255,255,536,1256,1256,536.0,1256.0,1256.0,3,3.0,2.0,,,2026-03-12,2026-03-12T23:30Z,
256,401810812374,374,584,Substitution,Dru Smith enters the game for Davion Mitchell,54,66,3,3rd Quarter,8:56,False,0,14.0,4066993.0,4278053.0,,2026-03-13T01:01:50Z,False,,,0,Substitution,2026,2,14,Miami,Heat,MIA,Miami,15,Milwaukee,Bucks,MIL,Milwaukee,5.5,True,True,-5.5,3,8:56,8,56,False,False,2,2,256,256,536,1256,1256,536.0,1256.0,1256.0,3,3.0,2.0,,,2026-03-12,2026-03-12T23:30Z,
257,401810812376,376,99,Free Throw - 2 of 2,Giannis Antetokounmpo makes free throw 2 of 2,55,66,3,3rd Quarter,8:56,True,1,15.0,3032977.0,,,2026-03-13T01:01:47Z,True,,,1,+1 Point,2026,2,14,Miami,Heat,MIA,Miami,15,Milwaukee,Bucks,MIL,Milwaukee,5.5,True,True,-5.5,3,8:56,8,56,False,False,2,2,257,257,536,1256,1256,521.0,1241.0,1241.0,3,3.0,2.0,,,2026-03-12,2026-03-12T23:30Z,
258,401810812377,377,137,Turnaround Fade Away Jump Shot,Bam Adebayo makes 6-foot two point shot,55,68,3,3rd Quarter,8:41,True,2,14.0,4066261.0,,,2026-03-13T01:02:29Z,True,19.0,2.0,2,+2 Points,2026,2,14,Miami,Heat,MIA,Miami,15,Milwaukee,Bucks,MIL,Milwaukee,5.5,True,True,-5.5,3,8:41,8,41,False,False,2,2,258,258,521,1241,1241,507.0,1227.0,1227.0,3,3.0,2.0,-46.38,-9.0,2026-03-12,2026-03-12T23:30Z,
259,401810812378,378,42,Offensive Foul,Giannis Antetokounmpo offensive foul,55,68,3,3rd Quarter,8:27,False,0,15.0,3032977.0,,,2026-03-13T01:02:47Z,False,22.0,1.0,0,Foul,2026,2,14,Miami,Heat,MIA,Miami,15,Milwaukee,Bucks,MIL,Milwaukee,5.5,True,True,-5.5,3,8:27,8,27,False,False,2,2,259,259,507,1227,1227,507.0,1227.0,1227.0,3,3.0,2.0,-39.25,-10.0,2026-03-12,2026-03-12T23:30Z,
260,401810812380,380,84,Offensive Foul Turnover,Giannis Antetokounmpo offensive foul turnover,55,68,3,3rd Quarter,8:27,False,0,15.0,3032977.0,,,2026-03-13T01:02:47Z,False,22.0,1.0,0,Turnover,2026,2,14,Miami,Heat,MIA,Miami,15,Milwaukee,Bucks,MIL,Milwaukee,5.5,True,True,-5.5,3,8:27,8,27,False,False,2,2,260,260,507,1227,1227,507.0,1227.0,1227.0,3,3.0,2.0,-39.25,-10.0,2026-03-12,2026-03-12T23:30Z,
261,401810812381,381,584,Substitution,Ryan Rollins enters the game for Ousmane Dieng,55,68,3,3rd Quarter,8:27,False,0,15.0,4591725.0,4997526.0,,2026-03-13T01:02:58Z,False,,,0,Substitution,2026,2,14,Miami,Heat,MIA,Miami,15,Milwaukee,Bucks,MIL,Milwaukee,5.5,True,True,-5.5,3,8:27,8,27,False,False,2,2,261,261,507,1227,1227,489.0,1209.0,1209.0,3,3.0,2.0,,,2026-03-12,2026-03-12T23:30Z,
262,401810812383,383,110,Driving Layup Shot,Giannis Antetokounmpo blocks Bam Adebayo 's 4-foot driving layup,55,68,3,3rd Quarter,8:09,False,0,14.0,4066261.0,3032977.0,,2026-03-13T01:03:22Z,True,22.0,4.0,2,Missed FG,2026,2,14,Miami,Heat,MIA,Miami,15,Milwaukee,Bucks,MIL,Milwaukee,5.5,True,True,-5.5,3,8:09,8,9,False,False,2,2,262,262,489,1209,1209,484.0,1204.0,1204.0,3,3.0,2.0,-39.25,-7.0,2026-03-12,2026-03-12T23:30Z,
263,401810812385,385,156,Offensive Rebound,Kel'el Ware offensive rebound,55,68,3,3rd Quarter,8:04,False,0,14.0,5105623.0,,,2026-03-13T01:03:27Z,False,22.0,4.0,0,Rebound,2026,2,14,Miami,Heat,MIA,Miami,15,Milwaukee,Bucks,MIL,Milwaukee,5.5,True,True,-5.5,3,8:04,8,4,False,False,2,2,263,263,484,1204,1204,483.0,1203.0,1203.0,3,3.0,2.0,-39.25,-7.0,2026-03-12,2026-03-12T23:30Z,
264,401810812386,386,128,Driving Finger Roll Layup,Pelle Larsson makes 1-foot two point shot,55,70,3,3rd Quarter,8:03,True,2,14.0,4601025.0,,,2026-03-13T01:03:29Z,True,26.0,2.0,2,+2 Points,2026,2,14,Miami,Heat,MIA,Miami,15,Milwaukee,Bucks,MIL,Milwaukee,5.5,True,True,-5.5,3,8:03,8,3,False,False,2,2,264,264,483,1203,1203,467.0,1187.0,1187.0,3,3.0,2.0,-29.75,-9.0,2026-03-12,2026-03-12T23:30Z,
265,401810812387,387,110,Driving Layup Shot,Giannis Antetokounmpo makes driving layup,57,70,3,3rd Quarter,7:47,True,2,15.0,3032977.0,,,2026-03-13T01:03:45Z,True,25.0,0.0,2,+2 Points,2026,2,14,Miami,Heat,MIA,Miami,15,Milwaukee,Bucks,MIL,Milwaukee,5.5,True,True,-5.5,3,7:47,7,47,False,False,2,2,265,265,467,1187,1187,459.0,1179.0,1179.0,3,3.0,2.0,-32.12,-11.0,2026-03-12,2026-03-12T23:30Z,
266,401810812388,388,63,Lost Ball Turnover,Dru Smith lost ball turnover (Kevin Porter Jr. steals),57,70,3,3rd Quarter,7:39,False,0,14.0,4066993.0,4397140.0,,2026-03-13T01:03:53Z,False,39.0,22.0,0,Turnover,2026,2,14,Miami,Heat,MIA,Miami,15,Milwaukee,Bucks,MIL,Milwaukee,5.5,True,True,-5.5,3,7:39,7,39,False,False,2,2,266,266,459,1179,1179,444.0,1164.0,1164.0,3,3.0,2.0,1.12,11.0,2026-03-12,2026-03-12T23:30Z,
267,401810812390,390,126,Layup Driving Reverse,Giannis Antetokounmpo makes two point shot,59,70,3,3rd Quarter,7:24,True,2,15.0,3032977.0,,,2026-03-13T01:04:08Z,True,25.0,2.0,2,+2 Points,2026,2,14,Miami,Heat,MIA,Miami,15,Milwaukee,Bucks,MIL,Milwaukee,5.5,True,True,-5.5,3,7:24,7,24,False,False,2,2,267,267,444,1164,1164,437.0,1157.0,1157.0,3,3.0,2.0,-32.12,-9.0,2026-03-12,2026-03-12T23:30Z,
268,401810812391,391,45,Personal Foul,Ryan Rollins personal foul,59,70,3,3rd Quarter,7:17,False,0,15.0,4591725.0,,,2026-03-13T01:04:18Z,False,23.0,15.0,0,Foul,2026,2,14,Miami,Heat,MIA,Miami,15,Milwaukee,Bucks,MIL,Milwaukee,5.5,True,True,-5.5,3,7:17,7,17,False,False,2,2,268,268,437,1157,1157,437.0,1157.0,1157.0,3,3.0,2.0,-36.88,4.0,2026-03-12,2026-03-12T23:30Z,
269,401810812393,393,584,Substitution,Jericho Sims enters the game for Giannis Antetokounmpo,59,70,3,3rd Quarter,7:17,False,0,15.0,4277922.0,3032977.0,,2026-03-13T01:04:30Z,False,,,0,Substitution,2026,2,14,Miami,Heat,MIA,Miami,15,Milwaukee,Bucks,MIL,Milwaukee,5.5,True,True,-5.5,3,7:17,7,17,False,False,2,2,269,269,437,1157,1157,430.0,1150.0,1150.0,3,3.0,2.0,,,2026-03-12,2026-03-12T23:30Z,
270,401810812395,395,92,Jump Shot,Bam Adebayo misses 26-foot three point jumper,59,70,3,3rd Quarter,7:10,False,0,14.0,4066261.0,,,2026-03-13T01:04:56Z,True,10.0,22.0,3,Missed 3PT,2026,2,14,Miami,Heat,MIA,Miami,15,Milwaukee,Bucks,MIL,Milwaukee,5.5,True,True,-5.5,3,7:10,7,10,False,False,2,2,270,270,430,1150,1150,426.0,1146.0,1146.0,3,3.0,2.0,-67.75,11.0,2026-03-12,2026-03-12T23:30Z,
271,401810812396,396,156,Offensive Rebound,Kel'el Ware offensive rebound,59,70,3,3rd Quarter,7:06,False,0,14.0,5105623.0,,,2026-03-13T01:05:00Z,False,10.0,22.0,0,Rebound,2026,2,14,Miami,Heat,MIA,Miami,15,Milwaukee,Bucks,MIL,Milwaukee,5.5,True,True,-5.5,3,7:06,7,6,False,False,2,2,271,271,426,1146,1146,426.0,1146.0,1146.0,3,3.0,2.0,-67.75,11.0,2026-03-12,2026-03-12T23:30Z,
272,401810812397,397,45,Personal Foul,Kevin Porter Jr. personal foul,59,70,3,3rd Quarter,7:06,False,0,15.0,4397140.0,,,2026-03-13T01:05:05Z,False,40.0,7.0,0,Foul,2026,2,14,Miami,Heat,MIA,Miami,15,Milwaukee,Bucks,MIL,Milwaukee,5.5,True,True,-5.5,3,7:06,7,6,False,False,2,2,272,272,426,1146,1146,421.0,1141.0,1141.0,3,3.0,2.0,3.5,-4.0,2026-03-12,2026-03-12T23:30Z,
273,401810812399,399,45,Personal Foul,Kyle Kuzma personal foul,59,70,3,3rd Quarter,7:01,False,0,15.0,3134907.0,,,2026-03-13T01:05:29Z,False,39.0,8.0,0,Foul,2026,2,14,Miami,Heat,MIA,Miami,15,Milwaukee,Bucks,MIL,Milwaukee,5.5,True,True,-5.5,3,7:01,7,1,False,False,2,2,273,273,421,1141,1141,421.0,1141.0,1141.0,3,3.0,2.0,1.12,-3.0,2026-03-12,2026-03-12T23:30Z,
274,401810812401,401,584,Substitution,AJ Green enters the game for Kyle Kuzma,59,70,3,3rd Quarter,7:01,False,0,15.0,4397475.0,3134907.0,,2026-03-13T01:05:44Z,False,,,0,Substitution,2026,2,14,Miami,Heat,MIA,Miami,15,Milwaukee,Bucks,MIL,Milwaukee,5.5,True,True,-5.5,3,7:01,7,1,False,False,2,2,274,274,421,1141,1141,412.0,1132.0,1132.0,3,3.0,2.0,,,2026-03-12,2026-03-12T23:30Z,
275,401810812403,403,144,Driving Floating Jump Shot,Pelle Larsson misses driving floating jump shot,59,70,3,3rd Quarter,6:52,False,0,14.0,4601025.0,,,2026-03-13T01:06:05Z,True,25.0,9.0,2,Missed FG,2026,2,14,Miami,Heat,MIA,Miami,15,Milwaukee,Bucks,MIL,Milwaukee,5.5,True,True,-5.5,3,6:52,6,52,False,False,2,2,275,275,412,1132,1132,408.0,1128.0,1128.0,3,3.0,2.0,-32.12,-2.0,2026-03-12,2026-03-12T23:30Z,
276,401810812404,404,155,Defensive Rebound,Jericho Sims defensive rebound,59,70,3,3rd Quarter,6:48,False,0,15.0,4277922.0,,,2026-03-13T01:06:09Z,False,25.0,9.0,0,Rebound,2026,2,14,Miami,Heat,MIA,Miami,15,Milwaukee,Bucks,MIL,Milwaukee,5.5,True,True,-5.5,3,6:48,6,48,False,False,2,2,276,276,408,1128,1128,402.0,1122.0,1122.0,3,3.0,2.0,-32.12,-2.0,2026-03-12,2026-03-12T23:30Z,
277,401810812405,405,118,Alley Oop Dunk Shot,Jericho Sims makes alley oop dunk (Kevin Porter Jr. assists),61,70,3,3rd Quarter,6:42,True,2,15.0,4277922.0,4397140.0,,2026-03-13T01:06:15Z,True,26.0,1.0,2,+2 Points,2026,2,14,Miami,Heat,MIA,Miami,15,Milwaukee,Bucks,MIL,Milwaukee,5.5,True,True,-5.5,3,6:42,6,42,False,False,2,2,277,277,402,1122,1122,386.0,1106.0,1106.0,3,3.0,2.0,-29.75,-10.0,2026-03-12,2026-03-12T23:30Z,
278,401810812407,407,119,Driving Hook Shot,Kel'el Ware misses 6-foot two point shot,61,70,3,3rd Quarter,6:26,False,0,14.0,5105623.0,,,2026-03-13T01:06:32Z,True,25.0,7.0,2,Missed FG,2026,2,14,Miami,Heat,MIA,Miami,15,Milwaukee,Bucks,MIL,Milwaukee,5.5,True,True,-5.5,3,6:26,6,26,False,False,2,2,278,278,386,1106,1106,381.0,1101.0,1101.0,3,3.0,2.0,-32.12,-4.0,2026-03-12,2026-03-12T23:30Z,
279,401810812408,408,155,Defensive Rebound,Myles Turner defensive rebound,61,70,3,3rd Quarter,6:21,False,0,15.0,3133628.0,,,2026-03-13T01:06:37Z,False,25.0,7.0,0,Rebound,2026,2,14,Miami,Heat,MIA,Miami,15,Milwaukee,Bucks,MIL,Milwaukee,5.5,True,True,-5.5,3,6:21,6,21,False,False,2,2,279,279,381,1101,1101,374.0,1094.0,1094.0,3,3.0,2.0,-32.12,-4.0,2026-03-12,2026-03-12T23:30Z,
280,401810812409,409,132,Step Back Jump Shot,Kel'el Ware blocks Kevin Porter Jr.'s step back jumpshot,61,70,3,3rd Quarter,6:14,False,0,15.0,4397140.0,5105623.0,,2026-03-13T01:06:42Z,True,25.0,8.0,2,Missed FG,2026,2,14,Miami,Heat,MIA,Miami,15,Milwaukee,Bucks,MIL,Milwaukee,5.5,True,True,-5.5,3,6:14,6,14,False,False,2,2,280,280,374,1094,1094,374.0,1094.0,1094.0,3,3.0,2.0,-32.12,-3.0,2026-03-12,2026-03-12T23:30Z,
281,401810812411,411,156,Offensive Rebound,Bucks offensive team rebound,61,70,3,3rd Quarter,6:14,False,0,15.0,,,,2026-03-13T01:06:42Z,False,25.0,8.0,0,Rebound,2026,2,14,Miami,Heat,MIA,Miami,15,Milwaukee,Bucks,MIL,Milwaukee,5.5,True,True,-5.5,3,6:14,6,14,False,False,2,2,281,281,374,1094,1094,374.0,1094.0,1094.0,3,3.0,2.0,-32.12,-3.0,2026-03-12,2026-03-12T23:30Z,
282,401810812413,413,584,Substitution,Jaime Jaquez Jr. enters the game for Bam Adebayo,61,70,3,3rd Quarter,6:14,False,0,14.0,4432848.0,4066261.0,,2026-03-13T01:06:51Z,False,,,0,Substitution,2026,2,14,Miami,Heat,MIA,Miami,15,Milwaukee,Bucks,MIL,Milwaukee,5.5,True,True,-5.5,3,6:14,6,14,False,False,2,2,282,282,374,1094,1094,368.0,1088.0,1088.0,3,3.0,2.0,,,2026-03-12,2026-03-12T23:30Z,
283,401810812415,415,137,Turnaround Fade Away Jump Shot,Ryan Rollins misses 10-foot two point shot,61,70,3,3rd Quarter,6:08,False,0,15.0,4591725.0,,,2026-03-13T01:07:12Z,True,25.0,10.0,2,Missed FG,2026,2,14,Miami,Heat,MIA,Miami,15,Milwaukee,Bucks,MIL,Milwaukee,5.5,True,True,-5.5,3,6:08,6,8,False,False,2,2,283,283,368,1088,1088,364.0,1084.0,1084.0,3,3.0,2.0,-32.12,-1.0,2026-03-12,2026-03-12T23:30Z,
284,401810812416,416,155,Defensive Rebound,Jaime Jaquez Jr. defensive rebound,61,70,3,3rd Quarter,6:04,False,0,14.0,4432848.0,,,2026-03-13T01:07:16Z,False,25.0,10.0,0,Rebound,2026,2,14,Miami,Heat,MIA,Miami,15,Milwaukee,Bucks,MIL,Milwaukee,5.5,True,True,-5.5,3,6:04,6,4,False,False,2,2,284,284,364,1084,1084,351.0,1071.0,1071.0,3,3.0,2.0,-32.12,-1.0,2026-03-12,2026-03-12T23:30Z,
285,401810812417,417,92,Jump Shot,Jaime Jaquez Jr. misses 26-foot three point jumper,61,70,3,3rd Quarter,5:51,False,0,14.0,4432848.0,,,2026-03-13T01:07:29Z,True,41.0,21.0,3,Missed 3PT,2026,2,14,Miami,Heat,MIA,Miami,15,Milwaukee,Bucks,MIL,Milwaukee,5.5,True,True,-5.5,3,5:51,5,51,False,False,2,2,285,285,351,1071,1071,348.0,1068.0,1068.0,3,3.0,2.0,5.88,10.0,2026-03-12,2026-03-12T23:30Z,
286,401810812418,418,155,Defensive Rebound,Kevin Porter Jr. defensive rebound,61,70,3,3rd Quarter,5:48,False,0,15.0,4397140.0,,,2026-03-13T01:07:32Z,False,41.0,21.0,0,Rebound,2026,2,14,Miami,Heat,MIA,Miami,15,Milwaukee,Bucks,MIL,Milwaukee,5.5,True,True,-5.5,3,5:48,5,48,False,False,2,2,286,286,348,1068,1068,339.0,1059.0,1059.0,3,3.0,2.0,5.88,10.0,2026-03-12,2026-03-12T23:30Z,
287,401810812419,419,45,Personal Foul,Dru Smith personal foul,61,70,3,3rd Quarter,5:39,False,0,14.0,4066993.0,,,2026-03-13T01:07:44Z,False,13.0,14.0,0,Foul,2026,2,14,Miami,Heat,MIA,Miami,15,Milwaukee,Bucks,MIL,Milwaukee,5.5,True,True,-5.5,3,5:39,5,39,False,False,2,2,287,287,339,1059,1059,329.0,1049.0,1049.0,3,3.0,2.0,-60.62,3.0,2026-03-12,2026-03-12T23:30Z,
288,401810812421,421,92,Jump Shot,AJ Green misses 22-foot three point jumper,61,70,3,3rd Quarter,5:29,False,0,15.0,4397475.0,,,2026-03-13T01:08:18Z,True,3.0,3.0,3,Missed 3PT,2026,2,14,Miami,Heat,MIA,Miami,15,Milwaukee,Bucks,MIL,Milwaukee,5.5,True,True,-5.5,3,5:29,5,29,False,False,2,2,288,288,329,1049,1049,325.0,1045.0,1045.0,3,3.0,2.0,-84.38,-8.0,2026-03-12,2026-03-12T23:30Z,
289,401810812422,422,155,Defensive Rebound,Kel'el Ware defensive rebound,61,70,3,3rd Quarter,5:25,False,0,14.0,5105623.0,,,2026-03-13T01:08:22Z,False,3.0,3.0,0,Rebound,2026,2,14,Miami,Heat,MIA,Miami,15,Milwaukee,Bucks,MIL,Milwaukee,5.5,True,True,-5.5,3,5:25,5,25,False,False,2,2,289,289,325,1045,1045,321.0,1041.0,1041.0,3,3.0,2.0,-84.38,-8.0,2026-03-12,2026-03-12T23:30Z,
290,401810812423,423,109,Running Layup Shot,Dru Smith makes running layup (Jaime Jaquez Jr. assists),61,72,3,3rd Quarter,5:21,True,2,14.0,4066993.0,4432848.0,,2026-03-13T01:08:27Z,True,26.0,1.0,2,+2 Points,2026,2,14,Miami,Heat,MIA,Miami,15,Milwaukee,Bucks,MIL,Milwaukee,5.5,True,True,-5.5,3,5:21,5,21,False,False,2,2,290,290,321,1041,1041,321.0,1041.0,1041.0,3,3.0,2.0,-29.75,-10.0,2026-03-12,2026-03-12T23:30Z,
291,401810812424,424,44,Shooting Foul,Kevin Porter Jr. shooting foul,61,72,3,3rd Quarter,5:21,False,0,15.0,4397140.0,,,2026-03-13T01:08:32Z,False,26.0,1.0,0,Foul,2026,2,14,Miami,Heat,MIA,Miami,15,Milwaukee,Bucks,MIL,Milwaukee,5.5,True,True,-5.5,3,5:21,5,21,False,False,2,2,291,291,321,1041,1041,321.0,1041.0,1041.0,3,3.0,2.0,-29.75,-10.0,2026-03-12,2026-03-12T23:30Z,
292,401810812426,426,584,Substitution,Bobby Portis enters the game for Myles Turner,61,72,3,3rd Quarter,5:21,False,0,15.0,3064482.0,3133628.0,,2026-03-13T01:08:49Z,False,,,0,Substitution,2026,2,14,Miami,Heat,MIA,Miami,15,Milwaukee,Bucks,MIL,Milwaukee,5.5,True,True,-5.5,3,5:21,5,21,False,False,2,2,292,292,321,1041,1041,321.0,1041.0,1041.0,3,3.0,2.0,,,2026-03-12,2026-03-12T23:30Z,
293,401810812429,429,97,Free Throw - 1 of 1,Dru Smith makes free throw 1 of 1,61,73,3,3rd Quarter,5:21,True,1,14.0,4066993.0,,,2026-03-13T01:09:14Z,True,,,1,+1 Point,2026,2,14,Miami,Heat,MIA,Miami,15,Milwaukee,Bucks,MIL,Milwaukee,5.5,True,True,-5.5,3,5:21,5,21,False,False,2,2,293,293,321,1041,1041,309.0,1029.0,1029.0,3,3.0,2.0,,,2026-03-12,2026-03-12T23:30Z,
294,401810812430,430,92,Jump Shot,Bobby Portis misses 23-foot three point jumper,61,73,3,3rd Quarter,5:09,False,0,15.0,3064482.0,,,2026-03-13T01:09:27Z,True,48.0,0.0,3,Missed 3PT,2026,2,14,Miami,Heat,MIA,Miami,15,Milwaukee,Bucks,MIL,Milwaukee,5.5,True,True,-5.5,3,5:09,5,9,False,False,2,2,294,294,309,1029,1029,305.0,1025.0,1025.0,3,3.0,2.0,22.5,-11.0,2026-03-12,2026-03-12T23:30Z,
295,401810812431,431,155,Defensive Rebound,Kasparas Jakucionis defensive rebound,61,73,3,3rd Quarter,5:05,False,0,14.0,5214640.0,,,2026-03-13T01:09:31Z,False,48.0,0.0,0,Rebound,2026,2,14,Miami,Heat,MIA,Miami,15,Milwaukee,Bucks,MIL,Milwaukee,5.5,True,True,-5.5,3,5:05,5,5,False,False,2,2,295,295,305,1025,1025,301.0,1021.0,1021.0,3,3.0,2.0,22.5,-11.0,2026-03-12,2026-03-12T23:30Z,
296,401810812432,432,109,Running Layup Shot,Pelle Larsson misses running layup,61,73,3,3rd Quarter,5:01,False,0,14.0,4601025.0,,,2026-03-13T01:09:36Z,True,27.0,1.0,2,Missed FG,2026,2,14,Miami,Heat,MIA,Miami,15,Milwaukee,Bucks,MIL,Milwaukee,5.5,True,True,-5.5,3,5:01,5,1,False,False,2,2,296,296,301,1021,1021,298.0,1018.0,1018.0,3,3.0,2.0,-27.38,-10.0,2026-03-12,2026-03-12T23:30Z,
297,401810812433,433,155,Defensive Rebound,Ryan Rollins defensive rebound,61,73,3,3rd Quarter,4:58,False,0,15.0,4591725.0,,,2026-03-13T01:09:39Z,False,27.0,1.0,0,Rebound,2026,2,14,Miami,Heat,MIA,Miami,15,Milwaukee,Bucks,MIL,Milwaukee,5.5,True,True,-5.5,3,4:58,4,58,False,False,2,2,297,297,298,1018,1018,285.0,1005.0,1005.0,3,3.0,2.0,-27.38,-10.0,2026-03-12,2026-03-12T23:30Z,
298,401810812434,434,137,Turnaround Fade Away Jump Shot,Bobby Portis makes 9-foot two point shot (Jericho Sims assists),63,73,3,3rd Quarter,4:45,True,2,15.0,3064482.0,4277922.0,,2026-03-13T01:09:51Z,True,31.0,8.0,2,+2 Points,2026,2,14,Miami,Heat,MIA,Miami,15,Milwaukee,Bucks,MIL,Milwaukee,5.5,True,True,-5.5,3,4:45,4,45,False,False,2,2,298,298,285,1005,1005,269.0,989.0,989.0,3,3.0,2.0,-17.88,-3.0,2026-03-12,2026-03-12T23:30Z,
299,401810812436,436,92,Jump Shot,Kasparas Jakucionis makes 23-foot three point jumper (Jaime Jaquez Jr. assists),63,76,3,3rd Quarter,4:29,True,3,14.0,5214640.0,4432848.0,,2026-03-13T01:10:08Z,True,48.0,4.0,3,+3 Points,2026,2,14,Miami,Heat,MIA,Miami,15,Milwaukee,Bucks,MIL,Milwaukee,5.5,True,True,-5.5,3,4:29,4,29,False,False,2,2,299,299,269,989,989,253.0,973.0,973.0,3,3.0,2.0,22.5,-7.0,2026-03-12,2026-03-12T23:30Z,
300,401810812438,438,130,Floating Jump Shot,Bobby Portis makes 9-foot floating jump shot (AJ Green assists),65,76,3,3rd Quarter,4:13,True,2,15.0,3064482.0,4397475.0,,2026-03-13T01:10:23Z,True,34.0,1.0,2,+2 Points,2026,2,14,Miami,Heat,MIA,Miami,15,Milwaukee,Bucks,MIL,Milwaukee,5.5,True,True,-5.5,3,4:13,4,13,False,False,2,2,300,300,253,973,973,236.0,956.0,956.0,3,3.0,2.0,-10.75,-10.0,2026-03-12,2026-03-12T23:30Z,
301,401810812440,440,92,Jump Shot,Kasparas Jakucionis misses 23-foot three point jumper,65,76,3,3rd Quarter,3:56,False,0,14.0,5214640.0,,,2026-03-13T01:10:40Z,True,2.0,1.0,3,Missed 3PT,2026,2,14,Miami,Heat,MIA,Miami,15,Milwaukee,Bucks,MIL,Milwaukee,5.5,True,True,-5.5,3,3:56,3,56,False,False,2,2,301,301,236,956,956,232.0,952.0,952.0,3,3.0,2.0,-86.75,-10.0,2026-03-12,2026-03-12T23:30Z,
302,401810812441,441,155,Defensive Rebound,Kevin Porter Jr. defensive rebound,65,76,3,3rd Quarter,3:52,False,0,15.0,4397140.0,,,2026-03-13T01:10:44Z,False,2.0,1.0,0,Rebound,2026,2,14,Miami,Heat,MIA,Miami,15,Milwaukee,Bucks,MIL,Milwaukee,5.5,True,True,-5.5,3,3:52,3,52,False,False,2,2,302,302,232,952,952,224.0,944.0,944.0,3,3.0,2.0,-86.75,-10.0,2026-03-12,2026-03-12T23:30Z,
303,401810812442,442,92,Jump Shot,Bobby Portis makes 12-foot jumper (Ryan Rollins assists),67,76,3,3rd Quarter,3:44,True,2,15.0,3064482.0,4591725.0,,2026-03-13T01:10:52Z,True,37.0,2.0,2,+2 Points,2026,2,14,Miami,Heat,MIA,Miami,15,Milwaukee,Bucks,MIL,Milwaukee,5.5,True,True,-5.5,3,3:44,3,44,False,False,2,2,303,303,224,944,944,222.0,942.0,942.0,3,3.0,2.0,-3.62,-9.0,2026-03-12,2026-03-12T23:30Z,
304,401810812444,444,16,Full Timeout,Heat Full timeout,67,76,3,3rd Quarter,3:42,False,0,14.0,,,,2026-03-13T01:11:02Z,False,,,0,Timeout,2026,2,14,Miami,Heat,MIA,Miami,15,Milwaukee,Bucks,MIL,Milwaukee,5.5,True,True,-5.5,3,3:42,3,42,True,False,2,2,304,304,222,942,942,222.0,942.0,942.0,3,3.0,2.0,,,2026-03-12,2026-03-12T23:30Z,
305,401810812447,447,584,Substitution,Taurean Prince enters the game for Kevin Porter Jr.,67,76,3,3rd Quarter,3:42,False,0,15.0,2990962.0,4397140.0,,2026-03-13T01:13:22Z,False,,,0,Substitution,2026,2,14,Miami,Heat,MIA,Miami,15,Milwaukee,Bucks,MIL,Milwaukee,5.5,True,True,-5.5,3,3:42,3,42,False,False,2,2,305,305,222,942,942,202.0,922.0,922.0,3,3.0,2.0,,,2026-03-12,2026-03-12T23:30Z,
306,401810812449,449,145,Driving Floating Bank Jump Shot,Pelle Larsson makes 7-foot two point shot,67,78,3,3rd Quarter,3:22,True,2,14.0,4601025.0,,,2026-03-13T01:14:09Z,True,23.0,7.0,2,+2 Points,2026,2,14,Miami,Heat,MIA,Miami,15,Milwaukee,Bucks,MIL,Milwaukee,5.5,True,True,-5.5,3,3:22,3,22,False,False,2,2,306,306,202,922,922,181.0,901.0,901.0,3,3.0,2.0,-36.88,-4.0,2026-03-12,2026-03-12T23:30Z,
307,401810812451,451,144,Driving Floating Jump Shot,Ryan Rollins makes 4-foot driving floating jump shot,69,78,3,3rd Quarter,3:01,True,2,15.0,4591725.0,,,2026-03-13T01:14:31Z,True,23.0,4.0,2,+2 Points,2026,2,14,Miami,Heat,MIA,Miami,15,Milwaukee,Bucks,MIL,Milwaukee,5.5,True,True,-5.5,3,3:01,3,1,False,False,2,2,307,307,181,901,901,159.0,879.0,879.0,3,3.0,2.0,-36.88,-7.0,2026-03-12,2026-03-12T23:30Z,
308,401810812452,452,131,Pullup Jump Shot,Pelle Larsson misses 11-foot pullup jump shot,69,78,3,3rd Quarter,2:39,False,0,14.0,4601025.0,,,2026-03-13T01:14:52Z,True,24.0,12.0,2,Missed FG,2026,2,14,Miami,Heat,MIA,Miami,15,Milwaukee,Bucks,MIL,Milwaukee,5.5,True,True,-5.5,3,2:39,2,39,False,False,2,2,308,308,159,879,879,155.0,875.0,875.0,3,3.0,2.0,-34.5,1.0,2026-03-12,2026-03-12T23:30Z,
309,401810812453,453,155,Defensive Rebound,Jericho Sims defensive rebound,69,78,3,3rd Quarter,2:35,False,0,15.0,4277922.0,,,2026-03-13T01:14:56Z,False,24.0,12.0,0,Rebound,2026,2,14,Miami,Heat,MIA,Miami,15,Milwaukee,Bucks,MIL,Milwaukee,5.5,True,True,-5.5,3,2:35,2,35,False,False,2,2,309,309,155,875,875,152.0,872.0,872.0,3,3.0,2.0,-34.5,1.0,2026-03-12,2026-03-12T23:30Z,
310,401810812454,454,109,Running Layup Shot,Ryan Rollins makes running layup,71,78,3,3rd Quarter,2:32,True,2,15.0,4591725.0,,,2026-03-13T01:15:00Z,True,27.0,1.0,2,+2 Points,2026,2,14,Miami,Heat,MIA,Miami,15,Milwaukee,Bucks,MIL,Milwaukee,5.5,True,True,-5.5,3,2:32,2,32,False,False,2,2,310,310,152,872,872,138.0,858.0,858.0,3,3.0,2.0,-27.38,-10.0,2026-03-12,2026-03-12T23:30Z,
311,401810812456,456,62,"Bad Pass
Turnover","Kel'el Ware bad pass
turnover (Ryan Rollins steals)",71,78,3,3rd Quarter,2:18,False,0,14.0,5105623.0,4591725.0,,2026-03-13T01:15:13Z,False,2.0,1.0,0,Turnover,2026,2,14,Miami,Heat,MIA,Miami,15,Milwaukee,Bucks,MIL,Milwaukee,5.5,True,True,-5.5,3,2:18,2,18,False,False,2,2,311,311,138,858,858,122.0,842.0,842.0,3,3.0,2.0,-86.75,-10.0,2026-03-12,2026-03-12T23:30Z,
312,401810812458,458,92,Jump Shot,Taurean Prince makes 22-foot three point jumper (Ryan Rollins assists),74,78,3,3rd Quarter,2:02,True,3,15.0,2990962.0,4591725.0,,2026-03-13T01:15:29Z,True,2.0,-1.0,3,+3 Points,2026,2,14,Miami,Heat,MIA,Miami,15,Milwaukee,Bucks,MIL,Milwaukee,5.5,True,True,-5.5,3,2:02,2,2,False,False,2,2,312,312,122,842,842,102.0,822.0,822.0,3,3.0,2.0,-86.75,-12.0,2026-03-12,2026-03-12T23:30Z,
313,401810812460,460,131,Pullup Jump Shot,Kasparas Jakucionis misses 25-foot three point pullup jump shot,74,78,3,3rd Quarter,1:42,False,0,14.0,5214640.0,,,2026-03-13T01:15:50Z,True,41.0,20.0,3,Missed 3PT,2026,2,14,Miami,Heat,MIA,Miami,15,Milwaukee,Bucks,MIL,Milwaukee,5.5,True,True,-5.5,3,1:42,1,42,False,False,2,2,313,313,102,822,822,97.0,817.0,817.0,3,3.0,2.0,5.88,9.0,2026-03-12,2026-03-12T23:30Z,
314,401810812461,461,155,Defensive Rebound,Taurean Prince defensive rebound,74,78,3,3rd Quarter,1:37,False,0,15.0,2990962.0,,,2026-03-13T01:15:55Z,False,41.0,20.0,0,Rebound,2026,2,14,Miami,Heat,MIA,Miami,15,Milwaukee,Bucks,MIL,Milwaukee,5.5,True,True,-5.5,3,1:37,1,37,False,False,2,2,314,314,97,817,817,87.0,807.0,807.0,3,3.0,2.0,5.88,9.0,2026-03-12,2026-03-12T23:30Z,
315,401810812462,462,131,Pullup Jump Shot,Bobby Portis misses 19-foot pullup jump shot,74,78,3,3rd Quarter,1:27,False,0,15.0,3064482.0,,,2026-03-13T01:16:04Z,True,6.0,-2.0,2,Missed FG,2026,2,14,Miami,Heat,MIA,Miami,15,Milwaukee,Bucks,MIL,Milwaukee,5.5,True,True,-5.5,3,1:27,1,27,False,False,2,2,315,315,87,807,807,82.0,802.0,802.0,3,3.0,2.0,-77.25,-13.0,2026-03-12,2026-03-12T23:30Z,
316,401810812463,463,155,Defensive Rebound,Kel'el Ware defensive rebound,74,78,3,3rd Quarter,1:22,False,0,14.0,5105623.0,,,2026-03-13T01:16:09Z,False,6.0,-2.0,0,Rebound,2026,2,14,Miami,Heat,MIA,Miami,15,Milwaukee,Bucks,MIL,Milwaukee,5.5,True,True,-5.5,3,1:22,1,22,False,False,2,2,316,316,82,802,802,77.0,797.0,797.0,3,3.0,2.0,-77.25,-13.0,2026-03-12,2026-03-12T23:30Z,
317,401810812464,464,119,Driving Hook Shot,Jaime Jaquez Jr. makes 9-foot two point shot (Pelle Larsson assists),74,80,3,3rd Quarter,1:17,True,2,14.0,4432848.0,4601025.0,,2026-03-13T01:16:14Z,True,25.0,10.0,2,+2 Points,2026,2,14,Miami,Heat,MIA,Miami,15,Milwaukee,Bucks,MIL,Milwaukee,5.5,True,True,-5.5,3,1:17,1,17,False,False,2,2,317,317,77,797,797,0.0,720.0,720.0,3,3.0,2.0,-32.12,-1.0,2026-03-12,2026-03-12T23:30Z,
318,401810812466,466,145,Driving Floating Bank Jump Shot,Taurean Prince misses two point shot,74,80,3,3rd Quarter,57.4,False,0,15.0,2990962.0,,,2026-03-13T01:16:34Z,True,18.0,3.0,2,Missed FG,2026,2,14,Miami,Heat,MIA,Miami,15,Milwaukee,Bucks,MIL,Milwaukee,5.5,True,True,-5.5,3,57.4,0,0,False,False,2,2,318,318,0,720,720,0.0,720.0,720.0,3,3.0,2.0,-48.75,-8.0,2026-03-12,2026-03-12T23:30Z,
319,401810812467,467,155,Defensive Rebound,Kel'el Ware defensive rebound,74,80,3,3rd Quarter,57.4,False,0,14.0,5105623.0,,,2026-03-13T01:16:34Z,False,18.0,3.0,0,Rebound,2026,2,14,Miami,Heat,MIA,Miami,15,Milwaukee,Bucks,MIL,Milwaukee,5.5,True,True,-5.5,3,57.4,0,0,False,False,2,2,319,319,0,720,720,0.0,720.0,720.0,3,3.0,2.0,-48.75,-8.0,2026-03-12,2026-03-12T23:30Z,
320,401810812468,468,144,Driving Floating Jump Shot,Jaime Jaquez Jr. misses driving floating jump shot,74,80,3,3rd Quarter,46.7,False,0,14.0,4432848.0,,,2026-03-13T01:16:46Z,True,25.0,9.0,2,Missed FG,2026,2,14,Miami,Heat,MIA,Miami,15,Milwaukee,Bucks,MIL,Milwaukee,5.5,True,True,-5.5,3,46.7,0,0,False,False,2,2,320,320,0,720,720,0.0,720.0,720.0,3,3.0,2.0,-32.12,-2.0,2026-03-12,2026-03-12T23:30Z,
321,401810812469,469,156,Offensive Rebound,Kel'el Ware offensive rebound,74,80,3,3rd Quarter,46.7,False,0,14.0,5105623.0,,,2026-03-13T01:16:46Z,False,25.0,9.0,0,Rebound,2026,2,14,Miami,Heat,MIA,Miami,15,Milwaukee,Bucks,MIL,Milwaukee,5.5,True,True,-5.5,3,46.7,0,0,False,False,2,2,321,321,0,720,720,0.0,720.0,720.0,3,3.0,2.0,-32.12,-2.0,2026-03-12,2026-03-12T23:30Z,
322,401810812470,470,94,Tip Shot,Kel'el Ware misses tip shot,74,80,3,3rd Quarter,42.0,False,0,14.0,5105623.0,,,2026-03-13T01:16:51Z,True,25.0,0.0,2,Missed FG,2026,2,14,Miami,Heat,MIA,Miami,15,Milwaukee,Bucks,MIL,Milwaukee,5.5,True,True,-5.5,3,42.0,0,0,False,False,2,2,322,322,0,720,720,0.0,720.0,720.0,3,3.0,2.0,-32.12,-11.0,2026-03-12,2026-03-12T23:30Z,
323,401810812471,471,156,Offensive Rebound,Dru Smith offensive rebound,74,80,3,3rd Quarter,42.0,False,0,14.0,4066993.0,,,2026-03-13T01:16:51Z,False,25.0,0.0,0,Rebound,2026,2,14,Miami,Heat,MIA,Miami,15,Milwaukee,Bucks,MIL,Milwaukee,5.5,True,True,-5.5,3,42.0,0,0,False,False,2,2,323,323,0,720,720,0.0,720.0,720.0,3,3.0,2.0,-32.12,-11.0,2026-03-12,2026-03-12T23:30Z,
324,401810812566,566,94,Tip Shot,Dru Smith misses 3-foot tip shot,74,80,3,3rd Quarter,42.0,False,0,14.0,4066993.0,,,2026-03-13T01:16:52Z,True,22.0,2.0,2,Missed FG,2026,2,14,Miami,Heat,MIA,Miami,15,Milwaukee,Bucks,MIL,Milwaukee,5.5,True,True,-5.5,3,42.0,0,0,False,False,2,2,324,324,0,720,720,0.0,720.0,720.0,3,3.0,2.0,-39.25,-9.0,2026-03-12,2026-03-12T23:30Z,
325,401810812567,567,156,Offensive Rebound,Dru Smith offensive rebound,74,80,3,3rd Quarter,42.0,False,0,14.0,4066993.0,,,2026-03-13T01:16:52Z,False,22.0,2.0,0,Rebound,2026,2,14,Miami,Heat,MIA,Miami,15,Milwaukee,Bucks,MIL,Milwaukee,5.5,True,True,-5.5,3,42.0,0,0,False,False,2,2,325,325,0,720,720,0.0,720.0,720.0,3,3.0,2.0,-39.25,-9.0,2026-03-12,2026-03-12T23:30Z,
326,401810812472,472,92,Jump Shot,Kasparas Jakucionis makes 25-foot three point jumper (Pelle Larsson assists),74,83,3,3rd Quarter,40.6,True,3,14.0,5214640.0,4601025.0,,2026-03-13T01:16:53Z,True,38.0,22.0,3,+3 Points,2026,2,14,Miami,Heat,MIA,Miami,15,Milwaukee,Bucks,MIL,Milwaukee,5.5,True,True,-5.5,3,40.6,0,0,False,False,2,2,326,326,0,720,720,0.0,720.0,720.0,3,3.0,2.0,-1.25,11.0,2026-03-12,2026-03-12T23:30Z,
327,401810812474,474,131,Pullup Jump Shot,Bobby Portis makes 25-foot three pointer (Ryan Rollins assists),77,83,3,3rd Quarter,30.7,True,3,15.0,3064482.0,4591725.0,,2026-03-13T01:17:04Z,True,12.0,23.0,3,+3 Points,2026,2,14,Miami,Heat,MIA,Miami,15,Milwaukee,Bucks,MIL,Milwaukee,5.5,True,True,-5.5,3,30.7,0,0,False,False,2,2,327,327,0,720,720,0.0,720.0,720.0,3,3.0,2.0,-63.0,12.0,2026-03-12,2026-03-12T23:30Z,
328,401810812476,476,45,Personal Foul,Ryan Rollins personal foul,77,83,3,3rd Quarter,13.7,False,0,15.0,4591725.0,,,2026-03-13T01:17:27Z,False,31.0,37.0,0,Foul,2026,2,14,Miami,Heat,MIA,Miami,15,Milwaukee,Bucks,MIL,Milwaukee,5.5,True,True,-5.5,3,13.7,0,0,False,False,2,2,328,328,0,720,720,0.0,720.0,720.0,3,3.0,2.0,-17.88,26.0,2026-03-12,2026-03-12T23:30Z,
329,401810812479,479,98,Free Throw - 1 of 2,Pelle Larsson makes free throw 1 of 2,77,84,3,3rd Quarter,13.7,True,1,14.0,4601025.0,,,2026-03-13T01:18:15Z,True,,,1,+1 Point,2026,2,14,Miami,Heat,MIA,Miami,15,Milwaukee,Bucks,MIL,Milwaukee,5.5,True,True,-5.5,3,13.7,0,0,False,False,2,2,329,329,0,720,720,0.0,720.0,720.0,3,3.0,2.0,,,2026-03-12,2026-03-12T23:30Z,
330,401810812480,480,584,Substitution,Bam Adebayo enters the game for Kel'el Ware,77,84,3,3rd Quarter,13.7,False,0,14.0,4066261.0,5105623.0,,2026-03-13T01:18:16Z,False,,,0,Substitution,2026,2,14,Miami,Heat,MIA,Miami,15,Milwaukee,Bucks,MIL,Milwaukee,5.5,True,True,-5.5,3,13.7,0,0,False,False,2,2,330,330,0,720,720,0.0,720.0,720.0,3,3.0,2.0,,,2026-03-12,2026-03-12T23:30Z,
331,401810812481,481,584,Substitution,Simone Fontecchio enters the game for Kasparas Jakucionis,77,84,3,3rd Quarter,13.7,False,0,14.0,3899664.0,5214640.0,,2026-03-13T01:18:16Z,False,,,0,Substitution,2026,2,14,Miami,Heat,MIA,Miami,15,Milwaukee,Bucks,MIL,Milwaukee,5.5,True,True,-5.5,3,13.7,0,0,False,False,2,2,331,331,0,720,720,0.0,720.0,720.0,3,3.0,2.0,,,2026-03-12,2026-03-12T23:30Z,
332,401810812484,484,99,Free Throw - 2 of 2,Pelle Larsson makes free throw 2 of 2,77,85,3,3rd Quarter,13.7,True,1,14.0,4601025.0,,,2026-03-13T01:18:36Z,True,,,1,+1 Point,2026,2,14,Miami,Heat,MIA,Miami,15,Milwaukee,Bucks,MIL,Milwaukee,5.5,True,True,-5.5,3,13.7,0,0,False,False,2,2,332,332,0,720,720,0.0,720.0,720.0,3,3.0,2.0,,,2026-03-12,2026-03-12T23:30Z,
333,401810812485,485,92,Jump Shot,Taurean Prince misses 22-foot three point jumper,77,85,3,3rd Quarter,2.4,False,0,15.0,2990962.0,,,2026-03-13T01:18:51Z,True,3.0,0.0,3,Missed 3PT,2026,2,14,Miami,Heat,MIA,Miami,15,Milwaukee,Bucks,MIL,Milwaukee,5.5,True,True,-5.5,3,2.4,0,0,False,False,2,2,333,333,0,720,720,0.0,720.0,720.0,3,3.0,2.0,-84.38,-11.0,2026-03-12,2026-03-12T23:30Z,
334,401810812486,486,155,Defensive Rebound,Bam Adebayo defensive rebound,77,85,3,3rd Quarter,0.7,False,0,14.0,4066261.0,,,2026-03-13T01:18:53Z,False,3.0,0.0,0,Rebound,2026,2,14,Miami,Heat,MIA,Miami,15,Milwaukee,Bucks,MIL,Milwaukee,5.5,True,True,-5.5,3,0.7,0,0,False,False,2,2,334,334,0,720,720,0.0,720.0,720.0,3,3.0,2.0,-84.38,-11.0,2026-03-12,2026-03-12T23:30Z,
335,401810812487,487,412,End Period,End of the 3rd Quarter,77,85,3,3rd Quarter,0.0,False,0,,,,,2026-03-13T01:18:57Z,False,,,0,End of 3rd,2026,2,14,Miami,Heat,MIA,Miami,15,Milwaukee,Bucks,MIL,Milwaukee,5.5,True,True,-5.5,3,0.0,0,0,False,False,2,2,335,335,0,720,720,720.0,720.0,720.0,3,3.0,2.0,,,2026-03-12,2026-03-12T23:30Z,
336,401810812488,488,584,Substitution,Myron Gardner enters the game for Pelle Larsson,77,85,4,4th Quarter,12:00,False,0,14.0,4431772.0,4601025.0,,2026-03-13T01:21:28Z,False,,,0,Substitution,2026,2,14,Miami,Heat,MIA,Miami,15,Milwaukee,Bucks,MIL,Milwaukee,5.5,True,True,-5.5,4,12:00,12,0,False,False,2,2,336,336,720,720,720,720.0,720.0,720.0,4,3.0,2.0,,,2026-03-12,2026-03-12T23:30Z,
337,401810812489,489,584,Substitution,Giannis Antetokounmpo enters the game for Jericho Sims,77,85,4,4th Quarter,12:00,False,0,15.0,3032977.0,4277922.0,,2026-03-13T01:21:28Z,False,,,0,Substitution,2026,2,14,Miami,Heat,MIA,Miami,15,Milwaukee,Bucks,MIL,Milwaukee,5.5,True,True,-5.5,4,12:00,12,0,False,False,2,2,337,337,720,720,720,708.0,708.0,708.0,4,4.0,2.0,,,2026-03-12,2026-03-12T23:30Z,
338,401810812493,493,92,Jump Shot,Jaime Jaquez Jr. misses 25-foot three point jumper,77,85,4,4th Quarter,11:48,False,0,14.0,4432848.0,,,2026-03-13T01:21:57Z,True,41.0,20.0,3,Missed 3PT,2026,2,14,Miami,Heat,MIA,Miami,15,Milwaukee,Bucks,MIL,Milwaukee,5.5,True,True,-5.5,4,11:48,11,48,False,False,2,2,338,338,708,708,708,701.0,701.0,701.0,4,4.0,2.0,5.88,9.0,2026-03-12,2026-03-12T23:30Z,
339,401810812494,494,155,Defensive Rebound,Bucks defensive team rebound,77,85,4,4th Quarter,11:41,False,0,15.0,,,,2026-03-13T01:22:04Z,False,41.0,20.0,0,Rebound,2026,2,14,Miami,Heat,MIA,Miami,15,Milwaukee,Bucks,MIL,Milwaukee,5.5,True,True,-5.5,4,11:41,11,41,False,False,2,2,339,339,701,701,701,701.0,701.0,701.0,4,4.0,2.0,5.88,9.0,2026-03-12,2026-03-12T23:30Z,
340,401810812495,495,615,Jumpball,Bobby Portis vs. Myron Gardner (AJ Green gains possession),77,85,4,4th Quarter,11:41,False,0,15.0,3064482.0,4431772.0,4397475.0,2026-03-13T01:22:39Z,False,,,0,Jump Ball,2026,2,14,Miami,Heat,MIA,Miami,15,Milwaukee,Bucks,MIL,Milwaukee,5.5,True,True,-5.5,4,11:41,11,41,False,False,2,2,340,340,701,701,701,688.0,688.0,688.0,4,4.0,2.0,,,2026-03-12,2026-03-12T23:30Z,
341,401810812498,498,137,Turnaround Fade Away Jump Shot,Giannis Antetokounmpo misses 9-foot two point shot,77,85,4,4th Quarter,11:28,False,0,15.0,3032977.0,,,2026-03-13T01:22:49Z,True,25.0,9.0,2,Missed FG,2026,2,14,Miami,Heat,MIA,Miami,15,Milwaukee,Bucks,MIL,Milwaukee,5.5,True,True,-5.5,4,11:28,11,28,False,False,2,2,341,341,688,688,688,684.0,684.0,684.0,4,4.0,2.0,-32.12,-2.0,2026-03-12,2026-03-12T23:30Z,
342,401810812499,499,155,Defensive Rebound,Myron Gardner defensive rebound,77,85,4,4th Quarter,11:24,False,0,14.0,4431772.0,,,2026-03-13T01:22:53Z,False,25.0,9.0,0,Rebound,2026,2,14,Miami,Heat,MIA,Miami,15,Milwaukee,Bucks,MIL,Milwaukee,5.5,True,True,-5.5,4,11:24,11,24,False,False,2,2,342,342,684,684,684,680.0,680.0,680.0,4,4.0,2.0,-32.12,-2.0,2026-03-12,2026-03-12T23:30Z,
343,401810812500,500,146,Running Pullup Jump Shot,Myron Gardner makes 25-foot running pullup jump shot,77,88,4,4th Quarter,11:20,True,3,14.0,4431772.0,,,2026-03-13T01:22:57Z,True,36.0,23.0,3,+3 Points,2026,2,14,Miami,Heat,MIA,Miami,15,Milwaukee,Bucks,MIL,Milwaukee,5.5,True,True,-5.5,4,11:20,11,20,False,False,2,2,343,343,680,680,680,658.0,658.0,658.0,4,4.0,2.0,-6.0,12.0,2026-03-12,2026-03-12T23:30Z,
344,401810812501,501,92,Jump Shot,Bobby Portis makes 22-foot three point jumper (AJ Green assists),80,88,4,4th Quarter,10:58,True,3,15.0,3064482.0,4397475.0,,2026-03-13T01:23:19Z,True,2.0,1.0,3,+3 Points,2026,2,14,Miami,Heat,MIA,Miami,15,Milwaukee,Bucks,MIL,Milwaukee,5.5,True,True,-5.5,4,10:58,10,58,False,False,2,2,344,344,658,658,658,637.0,637.0,637.0,4,4.0,2.0,-86.75,-10.0,2026-03-12,2026-03-12T23:30Z,
345,401810812503,503,110,Driving Layup Shot,Dru Smith makes driving layup (Jaime Jaquez Jr. assists),80,90,4,4th Quarter,10:37,True,2,14.0,4066993.0,4432848.0,,2026-03-13T01:23:40Z,True,31.0,3.0,2,+2 Points,2026,2,14,Miami,Heat,MIA,Miami,15,Milwaukee,Bucks,MIL,Milwaukee,5.5,True,True,-5.5,4,10:37,10,37,False,False,2,2,345,345,637,637,637,613.0,613.0,613.0,4,4.0,2.0,-17.88,-8.0,2026-03-12,2026-03-12T23:30Z,
346,401810812506,506,141,Cutting Layup Shot,Ryan Rollins makes 1-foot layup (Giannis Antetokounmpo assists),82,90,4,4th Quarter,10:13,True,2,15.0,4591725.0,3032977.0,,2026-03-13T01:24:33Z,True,26.0,1.0,2,+2 Points,2026,2,14,Miami,Heat,MIA,Miami,15,Milwaukee,Bucks,MIL,Milwaukee,5.5,True,True,-5.5,4,10:13,10,13,False,False,2,2,346,346,613,613,613,597.0,597.0,597.0,4,4.0,2.0,-29.75,-10.0,2026-03-12,2026-03-12T23:30Z,
347,401810812508,508,131,Pullup Jump Shot,Jaime Jaquez Jr. misses 17-foot pullup jump shot,82,90,4,4th Quarter,9:57,False,0,14.0,4432848.0,,,2026-03-13T01:24:48Z,True,33.0,16.0,2,Missed FG,2026,2,14,Miami,Heat,MIA,Miami,15,Milwaukee,Bucks,MIL,Milwaukee,5.5,True,True,-5.5,4,9:57,9,57,False,False,2,2,347,347,597,597,597,596.0,596.0,596.0,4,4.0,2.0,-13.12,5.0,2026-03-12,2026-03-12T23:30Z,
348,401810812509,509,155,Defensive Rebound,Bucks defensive team rebound,82,90,4,4th Quarter,9:56,False,0,15.0,,,,2026-03-13T01:24:49Z,False,33.0,16.0,0,Rebound,2026,2,14,Miami,Heat,MIA,Miami,15,Milwaukee,Bucks,MIL,Milwaukee,5.5,True,True,-5.5,4,9:56,9,56,False,False,2,2,348,348,596,596,596,596.0,596.0,596.0,4,4.0,2.0,-13.12,5.0,2026-03-12,2026-03-12T23:30Z,
349,401810812510,510,43,Loose Ball Foul,Myron Gardner loose ball foul,82,90,4,4th Quarter,9:56,False,0,14.0,4431772.0,,,2026-03-13T01:24:56Z,False,26.0,6.0,0,Foul,2026,2,14,Miami,Heat,MIA,Miami,15,Milwaukee,Bucks,MIL,Milwaukee,5.5,True,True,-5.5,4,9:56,9,56,False,False,2,2,349,349,596,596,596,596.0,596.0,596.0,4,4.0,2.0,-29.75,-5.0,2026-03-12,2026-03-12T23:30Z,
350,401810812522,522,584,Substitution,Cam Thomas enters the game for AJ Green,82,90,4,4th Quarter,9:56,False,0,15.0,4432174.0,4397475.0,,2026-03-13T01:25:10Z,False,,,0,Substitution,2026,2,14,Miami,Heat,MIA,Miami,15,Milwaukee,Bucks,MIL,Milwaukee,5.5,True,True,-5.5,4,9:56,9,56,False,False,2,2,350,350,596,596,596,581.0,581.0,581.0,4,4.0,2.0,,,2026-03-12,2026-03-12T23:30Z,
351,401810812513,513,131,Pullup Jump Shot,Cam Thomas makes 10-foot pullup jump shot (Giannis Antetokounmpo assists),84,90,4,4th Quarter,9:41,True,2,15.0,4432174.0,3032977.0,,2026-03-13T01:25:23Z,True,18.0,8.0,2,+2 Points,2026,2,14,Miami,Heat,MIA,Miami,15,Milwaukee,Bucks,MIL,Milwaukee,5.5,True,True,-5.5,4,9:41,9,41,False,False,2,2,351,351,581,581,581,564.0,564.0,564.0,4,4.0,2.0,-48.75,-3.0,2026-03-12,2026-03-12T23:30Z,
352,401810812515,515,144,Driving Floating Jump Shot,Simone Fontecchio misses driving floating jump shot,84,90,4,4th Quarter,9:24,False,0,14.0,3899664.0,,,2026-03-13T01:25:39Z,True,29.0,2.0,2,Missed FG,2026,2,14,Miami,Heat,MIA,Miami,15,Milwaukee,Bucks,MIL,Milwaukee,5.5,True,True,-5.5,4,9:24,9,24,False,False,2,2,352,352,564,564,564,564.0,564.0,564.0,4,4.0,2.0,-22.62,-9.0,2026-03-12,2026-03-12T23:30Z,
353,401810812516,516,156,Offensive Rebound,Bam Adebayo offensive rebound,84,90,4,4th Quarter,9:24,False,0,14.0,4066261.0,,,2026-03-13T01:25:39Z,False,29.0,2.0,0,Rebound,2026,2,14,Miami,Heat,MIA,Miami,15,Milwaukee,Bucks,MIL,Milwaukee,5.5,True,True,-5.5,4,9:24,9,24,False,False,2,2,353,353,564,564,564,561.0,561.0,561.0,4,4.0,2.0,-22.62,-9.0,2026-03-12,2026-03-12T23:30Z,
354,401810812517,517,125,Layup Shot Putback,Bam Adebayo makes two point shot,84,92,4,4th Quarter,9:21,True,2,14.0,4066261.0,,,2026-03-13T01:25:43Z,True,26.0,1.0,2,+2 Points,2026,2,14,Miami,Heat,MIA,Miami,15,Milwaukee,Bucks,MIL,Milwaukee,5.5,True,True,-5.5,4,9:21,9,21,False,False,2,2,354,354,561,561,561,543.0,543.0,543.0,4,4.0,2.0,-29.75,-10.0,2026-03-12,2026-03-12T23:30Z,
355,401810812518,518,120,Turnaround Hook Shot,Giannis Antetokounmpo misses 10-foot two point shot,84,92,4,4th Quarter,9:03,False,0,15.0,3032977.0,,,2026-03-13T01:26:02Z,True,26.0,11.0,2,Missed FG,2026,2,14,Miami,Heat,MIA,Miami,15,Milwaukee,Bucks,MIL,Milwaukee,5.5,True,True,-5.5,4,9:03,9,3,False,False,2,2,355,355,543,543,543,538.0,538.0,538.0,4,4.0,2.0,-29.75,0.0,2026-03-12,2026-03-12T23:30Z,
356,401810812519,519,155,Defensive Rebound,Myron Gardner defensive rebound,84,92,4,4th Quarter,8:58,False,0,14.0,4431772.0,,,2026-03-13T01:26:07Z,False,26.0,11.0,0,Rebound,2026,2,14,Miami,Heat,MIA,Miami,15,Milwaukee,Bucks,MIL,Milwaukee,5.5,True,True,-5.5,4,8:58,8,58,False,False,2,2,356,356,538,538,538,531.0,531.0,531.0,4,4.0,2.0,-29.75,0.0,2026-03-12,2026-03-12T23:30Z,
357,401810812520,520,113,Running Jump Shot,Dru Smith misses 24-foot running jump shot,84,92,4,4th Quarter,8:51,False,0,14.0,4066993.0,,,2026-03-13T01:26:13Z,True,2.0,8.0,3,Missed 3PT,2026,2,14,Miami,Heat,MIA,Miami,15,Milwaukee,Bucks,MIL,Milwaukee,5.5,True,True,-5.5,4,8:51,8,51,False,False,2,2,357,357,531,531,531,525.0,525.0,525.0,4,4.0,2.0,-86.75,-3.0,2026-03-12,2026-03-12T23:30Z,
358,401810812521,521,156,Offensive Rebound,Bam Adebayo offensive rebound,84,92,4,4th Quarter,8:45,False,0,14.0,4066261.0,,,2026-03-13T01:26:20Z,False,2.0,8.0,0,Rebound,2026,2,14,Miami,Heat,MIA,Miami,15,Milwaukee,Bucks,MIL,Milwaukee,5.5,True,True,-5.5,4,8:45,8,45,False,False,2,2,358,358,525,525,525,524.0,524.0,524.0,4,4.0,2.0,-86.75,-3.0,2026-03-12,2026-03-12T23:30Z,
359,401810812524,524,125,Layup Shot Putback,Bam Adebayo makes two point shot,84,94,4,4th Quarter,8:44,True,2,14.0,4066261.0,,,2026-03-13T01:26:20Z,True,25.0,2.0,2,+2 Points,2026,2,14,Miami,Heat,MIA,Miami,15,Milwaukee,Bucks,MIL,Milwaukee,5.5,True,True,-5.5,4,8:44,8,44,False,False,2,2,359,359,524,524,524,515.0,515.0,515.0,4,4.0,2.0,-32.12,-9.0,2026-03-12,2026-03-12T23:30Z,
360,401810812525,525,148,Turnaround Fadeaway Bank Jump Shot,Taurean Prince makes 11-foot two point shot,86,94,4,4th Quarter,8:35,True,2,15.0,2990962.0,,,2026-03-13T01:26:28Z,True,30.0,11.0,2,+2 Points,2026,2,14,Miami,Heat,MIA,Miami,15,Milwaukee,Bucks,MIL,Milwaukee,5.5,True,True,-5.5,4,8:35,8,35,False,False,2,2,360,360,515,515,515,507.0,507.0,507.0,4,4.0,2.0,-20.25,0.0,2026-03-12,2026-03-12T23:30Z,
361,401810812588,588,62,"Bad Pass
Turnover","Myron Gardner bad pass
turnover (Taurean Prince steals)",86,94,4,4th Quarter,8:27,False,0,14.0,4431772.0,2990962.0,,2026-03-13T01:26:40Z,False,21.0,16.0,0,Turnover,2026,2,14,Miami,Heat,MIA,Miami,15,Milwaukee,Bucks,MIL,Milwaukee,5.5,True,True,-5.5,4,8:27,8,27,False,False,2,2,361,361,507,507,507,504.0,504.0,504.0,4,4.0,2.0,-41.62,5.0,2026-03-12,2026-03-12T23:30Z,
362,401810812529,529,24,Offensive Charge,Ryan Rollins offensive charge,86,94,4,4th Quarter,8:24,False,0,15.0,4591725.0,,,2026-03-13T01:26:43Z,False,24.0,1.0,0,Foul,2026,2,14,Miami,Heat,MIA,Miami,15,Milwaukee,Bucks,MIL,Milwaukee,5.5,True,True,-5.5,4,8:24,8,24,False,False,2,2,362,362,504,504,504,504.0,504.0,504.0,4,4.0,2.0,-34.5,-10.0,2026-03-12,2026-03-12T23:30Z,
363,401810812531,531,84,Offensive Foul Turnover,Ryan Rollins offensive foul turnover,86,94,4,4th Quarter,8:24,False,0,15.0,4591725.0,,,2026-03-13T01:26:43Z,False,24.0,1.0,0,Turnover,2026,2,14,Miami,Heat,MIA,Miami,15,Milwaukee,Bucks,MIL,Milwaukee,5.5,True,True,-5.5,4,8:24,8,24,False,False,2,2,363,363,504,504,504,504.0,504.0,504.0,4,4.0,2.0,-34.5,-10.0,2026-03-12,2026-03-12T23:30Z,
364,401810812538,538,584,Substitution,Davion Mitchell enters the game for Dru Smith,86,94,4,4th Quarter,8:24,False,0,14.0,4278053.0,4066993.0,,2026-03-13T01:27:01Z,False,,,0,Substitution,2026,2,14,Miami,Heat,MIA,Miami,15,Milwaukee,Bucks,MIL,Milwaukee,5.5,True,True,-5.5,4,8:24,8,24,False,False,2,2,364,364,504,504,504,497.0,497.0,497.0,4,4.0,2.0,,,2026-03-12,2026-03-12T23:30Z,
365,401810812532,532,45,Personal Foul,Ryan Rollins personal foul,86,94,4,4th Quarter,8:17,False,0,15.0,4591725.0,,,2026-03-13T01:27:19Z,False,16.0,13.0,0,Foul,2026,2,14,Miami,Heat,MIA,Miami,15,Milwaukee,Bucks,MIL,Milwaukee,5.5,True,True,-5.5,4,8:17,8,17,False,False,2,2,365,365,497,497,497,489.0,489.0,489.0,4,4.0,2.0,-53.5,2.0,2026-03-12,2026-03-12T23:30Z,
366,401810812534,534,92,Jump Shot,Bam Adebayo misses 26-foot three point jumper,86,94,4,4th Quarter,8:09,False,0,14.0,4066261.0,,,2026-03-13T01:27:47Z,True,12.0,24.0,3,Missed 3PT,2026,2,14,Miami,Heat,MIA,Miami,15,Milwaukee,Bucks,MIL,Milwaukee,5.5,True,True,-5.5,4,8:09,8,9,False,False,2,2,366,366,489,489,489,488.0,488.0,488.0,4,4.0,2.0,-63.0,13.0,2026-03-12,2026-03-12T23:30Z,
367,401810812535,535,156,Offensive Rebound,Heat offensive team rebound,86,94,4,4th Quarter,8:08,False,0,14.0,,,,2026-03-13T01:27:48Z,False,12.0,24.0,0,Rebound,2026,2,14,Miami,Heat,MIA,Miami,15,Milwaukee,Bucks,MIL,Milwaukee,5.5,True,True,-5.5,4,8:08,8,8,False,False,2,2,367,367,488,488,488,487.0,487.0,487.0,4,4.0,2.0,-63.0,13.0,2026-03-12,2026-03-12T23:30Z,
368,401810812541,541,68,5-Second Turnover,5 second violation,86,94,4,4th Quarter,8:07,False,0,14.0,,,,2026-03-13T01:27:55Z,False,48.0,16.0,0,Turnover,2026,2,14,Miami,Heat,MIA,Miami,15,Milwaukee,Bucks,MIL,Milwaukee,5.5,True,True,-5.5,4,8:07,8,7,False,False,2,2,368,368,487,487,487,467.0,467.0,467.0,4,4.0,2.0,22.5,5.0,2026-03-12,2026-03-12T23:30Z,
369,401810812542,542,110,Driving Layup Shot,Giannis Antetokounmpo makes driving layup,88,94,4,4th Quarter,7:47,True,2,15.0,3032977.0,,,2026-03-13T01:28:49Z,True,25.0,0.0,2,+2 Points,2026,2,14,Miami,Heat,MIA,Miami,15,Milwaukee,Bucks,MIL,Milwaukee,5.5,True,True,-5.5,4,7:47,7,47,False,False,2,2,369,369,467,467,467,467.0,467.0,467.0,4,4.0,2.0,-32.12,-11.0,2026-03-12,2026-03-12T23:30Z,
370,401810812543,543,44,Shooting Foul,Myron Gardner shooting foul,88,94,4,4th Quarter,7:47,False,0,14.0,4431772.0,,,2026-03-13T01:28:53Z,False,25.0,0.0,0,Foul,2026,2,14,Miami,Heat,MIA,Miami,15,Milwaukee,Bucks,MIL,Milwaukee,5.5,True,True,-5.5,4,7:47,7,47,False,False,2,2,370,370,467,467,467,467.0,467.0,467.0,4,4.0,2.0,-32.12,-11.0,2026-03-12,2026-03-12T23:30Z,
371,401810812545,545,584,Substitution,Pelle Larsson enters the game for Myron Gardner,88,94,4,4th Quarter,7:47,False,0,14.0,4601025.0,4431772.0,,2026-03-13T01:29:21Z,False,,,0,Substitution,2026,2,14,Miami,Heat,MIA,Miami,15,Milwaukee,Bucks,MIL,Milwaukee,5.5,True,True,-5.5,4,7:47,7,47,False,False,2,2,371,371,467,467,467,467.0,467.0,467.0,4,4.0,2.0,,,2026-03-12,2026-03-12T23:30Z,
372,401810812547,547,97,Free Throw - 1 of 1,Giannis Antetokounmpo makes free throw 1 of 1,89,94,4,4th Quarter,7:47,True,1,15.0,3032977.0,,,2026-03-13T01:29:42Z,True,,,1,+1 Point,2026,2,14,Miami,Heat,MIA,Miami,15,Milwaukee,Bucks,MIL,Milwaukee,5.5,True,True,-5.5,4,7:47,7,47,False,False,2,2,372,372,467,467,467,458.0,458.0,458.0,4,4.0,2.0,,,2026-03-12,2026-03-12T23:30Z,
373,401810812548,548,45,Personal Foul,Bobby Portis personal foul,89,94,4,4th Quarter,7:38,False,0,15.0,3064482.0,,,2026-03-13T01:29:56Z,False,15.0,12.0,0,Foul,2026,2,14,Miami,Heat,MIA,Miami,15,Milwaukee,Bucks,MIL,Milwaukee,5.5,True,True,-5.5,4,7:38,7,38,False,False,2,2,373,373,458,458,458,458.0,458.0,458.0,4,4.0,2.0,-55.88,1.0,2026-03-12,2026-03-12T23:30Z,
374,401810812550,550,584,Substitution,Kyle Kuzma enters the game for Taurean Prince,89,94,4,4th Quarter,7:38,False,0,15.0,3134907.0,2990962.0,,2026-03-13T01:30:15Z,False,,,0,Substitution,2026,2,14,Miami,Heat,MIA,Miami,15,Milwaukee,Bucks,MIL,Milwaukee,5.5,True,True,-5.5,4,7:38,7,38,False,False,2,2,374,374,458,458,458,449.0,449.0,449.0,4,4.0,2.0,,,2026-03-12,2026-03-12T23:30Z,
375,401810812552,552,145,Driving Floating Bank Jump Shot,Pelle Larsson makes 8-foot two point shot,89,96,4,4th Quarter,7:29,True,2,14.0,4601025.0,,,2026-03-13T01:30:30Z,True,21.0,8.0,2,+2 Points,2026,2,14,Miami,Heat,MIA,Miami,15,Milwaukee,Bucks,MIL,Milwaukee,5.5,True,True,-5.5,4,7:29,7,29,False,False,2,2,375,375,449,449,449,432.0,432.0,432.0,4,4.0,2.0,-41.62,-3.0,2026-03-12,2026-03-12T23:30Z,
376,401810812553,553,144,Driving Floating Jump Shot,Giannis Antetokounmpo misses driving floating jump shot,89,96,4,4th Quarter,7:12,False,0,15.0,3032977.0,,,2026-03-13T01:30:51Z,True,23.0,6.0,2,Missed FG,2026,2,14,Miami,Heat,MIA,Miami,15,Milwaukee,Bucks,MIL,Milwaukee,5.5,True,True,-5.5,4,7:12,7,12,False,False,2,2,376,376,432,432,432,431.0,431.0,431.0,4,4.0,2.0,-36.88,-5.0,2026-03-12,2026-03-12T23:30Z,
377,401810812555,555,156,Offensive Rebound,Kyle Kuzma offensive rebound,89,96,4,4th Quarter,7:11,False,0,15.0,3134907.0,,,2026-03-13T01:30:52Z,False,23.0,6.0,0,Rebound,2026,2,14,Miami,Heat,MIA,Miami,15,Milwaukee,Bucks,MIL,Milwaukee,5.5,True,True,-5.5,4,7:11,7,11,False,False,2,2,377,377,431,431,431,425.0,425.0,425.0,4,4.0,2.0,-36.88,-5.0,2026-03-12,2026-03-12T23:30Z,
378,401810812565,565,125,Layup Shot Putback,Kyle Kuzma makes two point shot,91,96,4,4th Quarter,7:05,True,2,15.0,3134907.0,,,2026-03-13T01:31:00Z,True,29.0,3.0,2,+2 Points,2026,2,14,Miami,Heat,MIA,Miami,15,Milwaukee,Bucks,MIL,Milwaukee,5.5,True,True,-5.5,4,7:05,7,5,False,False,2,2,378,378,425,425,425,420.0,420.0,420.0,4,4.0,2.0,-22.62,-8.0,2026-03-12,2026-03-12T23:30Z,
379,401810812557,557,115,Driving Dunk Shot,Jaime Jaquez Jr. misses driving dunk,89,96,4,4th Quarter,7:00,False,0,14.0,4432848.0,,,2026-03-13T01:31:08Z,True,26.0,2.0,2,Missed FG,2026,2,14,Miami,Heat,MIA,Miami,15,Milwaukee,Bucks,MIL,Milwaukee,5.5,True,True,-5.5,4,7:00,7,0,False,False,2,2,379,379,420,420,420,417.0,417.0,417.0,4,4.0,2.0,-29.75,-9.0,2026-03-12,2026-03-12T23:30Z,
380,401810812558,558,155,Defensive Rebound,Cam Thomas defensive rebound,89,96,4,4th Quarter,6:57,False,0,15.0,4432174.0,,,2026-03-13T01:31:11Z,False,26.0,2.0,0,Rebound,2026,2,14,Miami,Heat,MIA,Miami,15,Milwaukee,Bucks,MIL,Milwaukee,5.5,True,True,-5.5,4,6:57,6,57,False,False,2,2,380,380,417,417,417,411.0,411.0,411.0,4,4.0,2.0,-29.75,-9.0,2026-03-12,2026-03-12T23:30Z,
381,401810812562,562,16,Full Timeout,Heat Full timeout,89,96,4,4th Quarter,6:51,False,0,14.0,,,,2026-03-13T01:31:30Z,False,,,0,Timeout,2026,2,14,Miami,Heat,MIA,Miami,15,Milwaukee,Bucks,MIL,Milwaukee,5.5,True,True,-5.5,4,6:51,6,51,True,False,2,2,381,381,411,411,411,411.0,411.0,411.0,4,4.0,2.0,,,2026-03-12,2026-03-12T23:30Z,
382,401810812563,563,113,Running Jump Shot,Kyle Kuzma makes 23-foot running jump shot (Ryan Rollins assists),92,96,4,4th Quarter,6:51,True,3,15.0,3134907.0,4591725.0,,2026-03-13T01:31:19Z,True,48.0,4.0,3,+3 Points,2026,2,14,Miami,Heat,MIA,Miami,15,Milwaukee,Bucks,MIL,Milwaukee,5.5,True,True,-5.5,4,6:51,6,51,False,False,2,2,382,382,411,411,411,411.0,411.0,411.0,4,4.0,2.0,22.5,-7.0,2026-03-12,2026-03-12T23:30Z,
383,401810812568,568,584,Substitution,Kevin Porter Jr. enters the game for Giannis Antetokounmpo,94,96,4,4th Quarter,6:51,False,0,15.0,4397140.0,3032977.0,,2026-03-13T01:33:43Z,False,,,0,Substitution,2026,2,14,Miami,Heat,MIA,Miami,15,Milwaukee,Bucks,MIL,Milwaukee,5.5,True,True,-5.5,4,6:51,6,51,False,False,2,2,383,383,411,411,411,397.0,397.0,397.0,4,4.0,2.0,,,2026-03-12,2026-03-12T23:30Z,
384,401810812570,570,92,Jump Shot,Simone Fontecchio misses 24-foot three point jumper,94,96,4,4th Quarter,6:37,False,0,14.0,3899664.0,,,2026-03-13T01:34:21Z,True,44.0,15.0,3,Missed 3PT,2026,2,14,Miami,Heat,MIA,Miami,15,Milwaukee,Bucks,MIL,Milwaukee,5.5,True,True,-5.5,4,6:37,6,37,False,False,2,2,384,384,397,397,397,393.0,393.0,393.0,4,4.0,2.0,13.0,4.0,2026-03-12,2026-03-12T23:30Z,
385,401810812571,571,155,Defensive Rebound,Kyle Kuzma defensive rebound,94,96,4,4th Quarter,6:33,False,0,15.0,3134907.0,,,2026-03-13T01:34:27Z,False,44.0,15.0,0,Rebound,2026,2,14,Miami,Heat,MIA,Miami,15,Milwaukee,Bucks,MIL,Milwaukee,5.5,True,True,-5.5,4,6:33,6,33,False,False,2,2,385,385,393,393,393,393.0,393.0,393.0,4,4.0,2.0,13.0,4.0,2026-03-12,2026-03-12T23:30Z,
386,401810812572,572,45,Personal Foul,Bam Adebayo personal foul,94,96,4,4th Quarter,6:33,False,0,14.0,4066261.0,,,2026-03-13T01:34:30Z,False,14.0,12.0,0,Foul,2026,2,14,Miami,Heat,MIA,Miami,15,Milwaukee,Bucks,MIL,Milwaukee,5.5,True,True,-5.5,4,6:33,6,33,False,False,2,2,386,386,393,393,393,384.0,384.0,384.0,4,4.0,2.0,-58.25,1.0,2026-03-12,2026-03-12T23:30Z,
387,401810812574,574,42,Offensive Foul,Ryan Rollins offensive foul,94,96,4,4th Quarter,6:24,False,0,15.0,4591725.0,,,2026-03-13T01:34:53Z,False,24.0,17.0,0,Foul,2026,2,14,Miami,Heat,MIA,Miami,15,Milwaukee,Bucks,MIL,Milwaukee,5.5,True,True,-5.5,4,6:24,6,24,False,False,2,2,387,387,384,384,384,384.0,384.0,384.0,4,4.0,2.0,-34.5,6.0,2026-03-12,2026-03-12T23:30Z,
388,401810812576,576,84,Offensive Foul Turnover,Ryan Rollins offensive foul turnover,94,96,4,4th Quarter,6:24,False,0,15.0,4591725.0,,,2026-03-13T01:34:53Z,False,24.0,17.0,0,Turnover,2026,2,14,Miami,Heat,MIA,Miami,15,Milwaukee,Bucks,MIL,Milwaukee,5.5,True,True,-5.5,4,6:24,6,24,False,False,2,2,388,388,384,384,384,384.0,384.0,384.0,4,4.0,2.0,-34.5,6.0,2026-03-12,2026-03-12T23:30Z,
389,401810812577,577,584,Substitution,Kasparas Jakucionis enters the game for Simone Fontecchio,94,96,4,4th Quarter,6:24,False,0,14.0,5214640.0,3899664.0,,2026-03-13T01:35:04Z,False,,,0,Substitution,2026,2,14,Miami,Heat,MIA,Miami,15,Milwaukee,Bucks,MIL,Milwaukee,5.5,True,True,-5.5,4,6:24,6,24,False,False,2,2,389,389,384,384,384,384.0,384.0,384.0,4,4.0,2.0,,,2026-03-12,2026-03-12T23:30Z,
390,401810812579,579,584,Substitution,Jericho Sims enters the game for Ryan Rollins,94,96,4,4th Quarter,6:24,False,0,15.0,4277922.0,4591725.0,,2026-03-13T01:35:14Z,False,,,0,Substitution,2026,2,14,Miami,Heat,MIA,Miami,15,Milwaukee,Bucks,MIL,Milwaukee,5.5,True,True,-5.5,4,6:24,6,24,False,False,2,2,390,390,384,384,384,372.0,372.0,372.0,4,4.0,2.0,,,2026-03-12,2026-03-12T23:30Z,
391,401810812581,581,121,Fade Away Jump Shot,Bam Adebayo misses 9-foot fade away jump shot,94,96,4,4th Quarter,6:12,False,0,14.0,4066261.0,,,2026-03-13T01:35:42Z,True,23.0,9.0,2,Missed FG,2026,2,14,Miami,Heat,MIA,Miami,15,Milwaukee,Bucks,MIL,Milwaukee,5.5,True,True,-5.5,4,6:12,6,12,False,False,2,2,391,391,372,372,372,369.0,369.0,369.0,4,4.0,2.0,-36.88,-2.0,2026-03-12,2026-03-12T23:30Z,
392,401810812582,582,155,Defensive Rebound,Kevin Porter Jr. defensive rebound,94,96,4,4th Quarter,6:09,False,0,15.0,4397140.0,,,2026-03-13T01:35:45Z,False,23.0,9.0,0,Rebound,2026,2,14,Miami,Heat,MIA,Miami,15,Milwaukee,Bucks,MIL,Milwaukee,5.5,True,True,-5.5,4,6:09,6,9,False,False,2,2,392,392,369,369,369,354.0,354.0,354.0,4,4.0,2.0,-36.88,-2.0,2026-03-12,2026-03-12T23:30Z,
393,401810812583,583,92,Jump Shot,Kyle Kuzma misses 22-foot three point jumper,94,96,4,4th Quarter,5:54,False,0,15.0,3134907.0,,,2026-03-13T01:36:00Z,True,48.0,3.0,3,Missed 3PT,2026,2,14,Miami,Heat,MIA,Miami,15,Milwaukee,Bucks,MIL,Milwaukee,5.5,True,True,-5.5,4,5:54,5,54,False,False,2,2,393,393,354,354,354,349.0,349.0,349.0,4,4.0,2.0,22.5,-8.0,2026-03-12,2026-03-12T23:30Z,
394,401810812584,584,155,Defensive Rebound,Kasparas Jakucionis defensive rebound,94,96,4,4th Quarter,5:49,False,0,14.0,5214640.0,,,2026-03-13T01:36:05Z,False,48.0,3.0,0,Rebound,2026,2,14,Miami,Heat,MIA,Miami,15,Milwaukee,Bucks,MIL,Milwaukee,5.5,True,True,-5.5,4,5:49,5,49,False,False,2,2,394,394,349,349,349,332.0,332.0,332.0,4,4.0,2.0,22.5,-8.0,2026-03-12,2026-03-12T23:30Z,
395,401810812585,585,132,Step Back Jump Shot,Kasparas Jakucionis misses 23-foot three point step back jumpshot,94,96,4,4th Quarter,5:32,False,0,14.0,5214640.0,,,2026-03-13T01:36:22Z,True,2.0,4.0,3,Missed 3PT,2026,2,14,Miami,Heat,MIA,Miami,15,Milwaukee,Bucks,MIL,Milwaukee,5.5,True,True,-5.5,4,5:32,5,32,False,False,2,2,395,395,332,332,332,327.0,327.0,327.0,4,4.0,2.0,-86.75,-7.0,2026-03-12,2026-03-12T23:30Z,
396,401810812586,586,156,Offensive Rebound,Jaime Jaquez Jr. offensive rebound,94,96,4,4th Quarter,5:27,False,0,14.0,4432848.0,,,2026-03-13T01:36:28Z,False,2.0,4.0,0,Rebound,2026,2,14,Miami,Heat,MIA,Miami,15,Milwaukee,Bucks,MIL,Milwaukee,5.5,True,True,-5.5,4,5:27,5,27,False,False,2,2,396,396,327,327,327,327.0,327.0,327.0,4,4.0,2.0,-86.75,-7.0,2026-03-12,2026-03-12T23:30Z,
397,401810812587,587,94,Tip Shot,Jaime Jaquez Jr. makes tip shot,94,98,4,4th Quarter,5:27,True,2,14.0,4432848.0,,,2026-03-13T01:36:28Z,True,25.0,0.0,2,+2 Points,2026,2,14,Miami,Heat,MIA,Miami,15,Milwaukee,Bucks,MIL,Milwaukee,5.5,True,True,-5.5,4,5:27,5,27,False,False,2,2,397,397,327,327,327,308.0,308.0,308.0,4,4.0,2.0,-32.12,-11.0,2026-03-12,2026-03-12T23:30Z,
398,401810812590,590,110,Driving Layup Shot,Kevin Porter Jr. misses driving layup,94,98,4,4th Quarter,5:08,False,0,15.0,4397140.0,,,2026-03-13T01:36:46Z,True,24.0,3.0,2,Missed FG,2026,2,14,Miami,Heat,MIA,Miami,15,Milwaukee,Bucks,MIL,Milwaukee,5.5,True,True,-5.5,4,5:08,5,8,False,False,2,2,398,398,308,308,308,304.0,304.0,304.0,4,4.0,2.0,-34.5,-8.0,2026-03-12,2026-03-12T23:30Z,
399,401810812591,591,156,Offensive Rebound,Kevin Porter Jr. offensive rebound,94,98,4,4th Quarter,5:04,False,0,15.0,4397140.0,,,2026-03-13T01:36:50Z,False,24.0,3.0,0,Rebound,2026,2,14,Miami,Heat,MIA,Miami,15,Milwaukee,Bucks,MIL,Milwaukee,5.5,True,True,-5.5,4,5:04,5,4,False,False,2,2,399,399,304,304,304,304.0,304.0,304.0,4,4.0,2.0,-34.5,-8.0,2026-03-12,2026-03-12T23:30Z,
400,401810812592,592,94,Tip Shot,Kevin Porter Jr. misses tip shot,94,98,4,4th Quarter,5:04,False,0,15.0,4397140.0,,,2026-03-13T01:36:50Z,True,25.0,0.0,2,Missed FG,2026,2,14,Miami,Heat,MIA,Miami,15,Milwaukee,Bucks,MIL,Milwaukee,5.5,True,True,-5.5,4,5:04,5,4,False,False,2,2,400,400,304,304,304,302.0,302.0,302.0,4,4.0,2.0,-32.12,-11.0,2026-03-12,2026-03-12T23:30Z,
401,401810812593,593,155,Defensive Rebound,Davion Mitchell defensive rebound,94,98,4,4th Quarter,5:02,False,0,14.0,4278053.0,,,2026-03-13T01:36:52Z,False,25.0,0.0,0,Rebound,2026,2,14,Miami,Heat,MIA,Miami,15,Milwaukee,Bucks,MIL,Milwaukee,5.5,True,True,-5.5,4,5:02,5,2,False,False,2,2,401,401,302,302,302,299.0,299.0,299.0,4,4.0,2.0,-32.12,-11.0,2026-03-12,2026-03-12T23:30Z,
402,401810812594,594,44,Shooting Foul,Bobby Portis shooting foul,94,98,4,4th Quarter,4:59,False,0,15.0,3064482.0,,,2026-03-13T01:36:56Z,False,22.0,12.0,0,Foul,2026,2,14,Miami,Heat,MIA,Miami,15,Milwaukee,Bucks,MIL,Milwaukee,5.5,True,True,-5.5,4,4:59,4,59,False,False,2,2,402,402,299,299,299,299.0,299.0,299.0,4,4.0,2.0,-39.25,1.0,2026-03-12,2026-03-12T23:30Z,
403,401810812596,596,98,Free Throw - 1 of 2,Bam Adebayo makes free throw 1 of 2,94,99,4,4th Quarter,4:59,True,1,14.0,4066261.0,,,2026-03-13T01:37:27Z,True,,,1,+1 Point,2026,2,14,Miami,Heat,MIA,Miami,15,Milwaukee,Bucks,MIL,Milwaukee,5.5,True,True,-5.5,4,4:59,4,59,False,False,2,2,403,403,299,299,299,299.0,299.0,299.0,4,4.0,2.0,,,2026-03-12,2026-03-12T23:30Z,
404,401810812597,597,584,Substitution,Giannis Antetokounmpo enters the game for Jericho Sims,94,99,4,4th Quarter,4:59,False,0,15.0,3032977.0,4277922.0,,2026-03-13T01:37:28Z,False,,,0,Substitution,2026,2,14,Miami,Heat,MIA,Miami,15,Milwaukee,Bucks,MIL,Milwaukee,5.5,True,True,-5.5,4,4:59,4,59,False,False,2,2,404,404,299,299,299,299.0,299.0,299.0,4,4.0,2.0,,,2026-03-12,2026-03-12T23:30Z,
405,401810812599,599,584,Substitution,Ryan Rollins enters the game for Kyle Kuzma,94,99,4,4th Quarter,4:59,False,0,15.0,4591725.0,3134907.0,,2026-03-13T01:37:40Z,False,,,0,Substitution,2026,2,14,Miami,Heat,MIA,Miami,15,Milwaukee,Bucks,MIL,Milwaukee,5.5,True,True,-5.5,4,4:59,4,59,False,False,2,2,405,405,299,299,299,299.0,299.0,299.0,4,4.0,2.0,,,2026-03-12,2026-03-12T23:30Z,
406,401810812601,601,99,Free Throw - 2 of 2,Bam Adebayo makes free throw 2 of 2,94,100,4,4th Quarter,4:59,True,1,14.0,4066261.0,,,2026-03-13T01:37:58Z,True,,,1,+1 Point,2026,2,14,Miami,Heat,MIA,Miami,15,Milwaukee,Bucks,MIL,Milwaukee,5.5,True,True,-5.5,4,4:59,4,59,False,False,2,2,406,406,299,299,299,284.0,284.0,284.0,4,4.0,2.0,,,2026-03-12,2026-03-12T23:30Z,
407,401810812602,602,92,Jump Shot,Kevin Porter Jr. misses 26-foot three point jumper,94,100,4,4th Quarter,4:44,False,0,15.0,4397140.0,,,2026-03-13T01:38:15Z,True,25.0,27.0,3,Missed 3PT,2026,2,14,Miami,Heat,MIA,Miami,15,Milwaukee,Bucks,MIL,Milwaukee,5.5,True,True,-5.5,4,4:44,4,44,False,False,2,2,407,407,284,284,284,280.0,280.0,280.0,4,4.0,2.0,-32.12,16.0,2026-03-12,2026-03-12T23:30Z,
408,401810812603,603,156,Offensive Rebound,Ryan Rollins offensive rebound,94,100,4,4th Quarter,4:40,False,0,15.0,4591725.0,,,2026-03-13T01:38:19Z,False,25.0,27.0,0,Rebound,2026,2,14,Miami,Heat,MIA,Miami,15,Milwaukee,Bucks,MIL,Milwaukee,5.5,True,True,-5.5,4,4:40,4,40,False,False,2,2,408,408,280,280,280,279.0,279.0,279.0,4,4.0,2.0,-32.12,16.0,2026-03-12,2026-03-12T23:30Z,
409,401810812604,604,92,Jump Shot,Cam Thomas misses 25-foot three point jumper,94,100,4,4th Quarter,4:39,False,0,15.0,4432174.0,,,2026-03-13T01:38:20Z,True,41.0,20.0,3,Missed 3PT,2026,2,14,Miami,Heat,MIA,Miami,15,Milwaukee,Bucks,MIL,Milwaukee,5.5,True,True,-5.5,4,4:39,4,39,False,False,2,2,409,409,279,279,279,273.0,273.0,273.0,4,4.0,2.0,5.88,9.0,2026-03-12,2026-03-12T23:30Z,
410,401810812605,605,155,Defensive Rebound,Pelle Larsson defensive rebound,94,100,4,4th Quarter,4:33,False,0,14.0,4601025.0,,,2026-03-13T01:38:26Z,False,41.0,20.0,0,Rebound,2026,2,14,Miami,Heat,MIA,Miami,15,Milwaukee,Bucks,MIL,Milwaukee,5.5,True,True,-5.5,4,4:33,4,33,False,False,2,2,410,410,273,273,273,266.0,266.0,266.0,4,4.0,2.0,5.88,9.0,2026-03-12,2026-03-12T23:30Z,
411,401810812606,606,111,Alley Oop Layup Shot,Bam Adebayo misses alley oop layup,94,100,4,4th Quarter,4:26,False,0,14.0,4066261.0,,,2026-03-13T01:38:33Z,True,23.0,6.0,2,Missed FG,2026,2,14,Miami,Heat,MIA,Miami,15,Milwaukee,Bucks,MIL,Milwaukee,5.5,True,True,-5.5,4,4:26,4,26,False,False,2,2,411,411,266,266,266,264.0,264.0,264.0,4,4.0,2.0,-36.88,-5.0,2026-03-12,2026-03-12T23:30Z,
412,401810812607,607,156,Offensive Rebound,Bam Adebayo offensive rebound,94,100,4,4th Quarter,4:24,False,0,14.0,4066261.0,,,2026-03-13T01:38:38Z,False,23.0,6.0,0,Rebound,2026,2,14,Miami,Heat,MIA,Miami,15,Milwaukee,Bucks,MIL,Milwaukee,5.5,True,True,-5.5,4,4:24,4,24,False,False,2,2,412,412,264,264,264,264.0,264.0,264.0,4,4.0,2.0,-36.88,-5.0,2026-03-12,2026-03-12T23:30Z,
413,401810812608,608,44,Shooting Foul,Cam Thomas shooting foul,94,100,4,4th Quarter,4:24,False,0,15.0,4432174.0,,,2026-03-13T01:38:40Z,False,25.0,6.0,0,Foul,2026,2,14,Miami,Heat,MIA,Miami,15,Milwaukee,Bucks,MIL,Milwaukee,5.5,True,True,-5.5,4,4:24,4,24,False,False,2,2,413,413,264,264,264,264.0,264.0,264.0,4,4.0,2.0,-32.12,-5.0,2026-03-12,2026-03-12T23:30Z,
414,401810812610,610,98,Free Throw - 1 of 2,Bam Adebayo misses free throw 1 of 2,94,100,4,4th Quarter,4:24,False,0,14.0,4066261.0,,,2026-03-13T01:39:03Z,True,,,1,Missed FT,2026,2,14,Miami,Heat,MIA,Miami,15,Milwaukee,Bucks,MIL,Milwaukee,5.5,True,True,-5.5,4,4:24,4,24,False,False,2,2,414,414,264,264,264,264.0,264.0,264.0,4,4.0,2.0,,,2026-03-12,2026-03-12T23:30Z,
415,401810812611,611,156,Offensive Rebound,Heat offensive team rebound,94,100,4,4th Quarter,4:24,False,0,14.0,,,,2026-03-13T01:39:03Z,False,,,0,Rebound,2026,2,14,Miami,Heat,MIA,Miami,15,Milwaukee,Bucks,MIL,Milwaukee,5.5,True,True,-5.5,4,4:24,4,24,False,False,2,2,415,415,264,264,264,264.0,264.0,264.0,4,4.0,2.0,,,2026-03-12,2026-03-12T23:30Z,
416,401810812612,612,99,Free Throw - 2 of 2,Bam Adebayo makes free throw 2 of 2,94,101,4,4th Quarter,4:24,True,1,14.0,4066261.0,,,2026-03-13T01:39:20Z,True,,,1,+1 Point,2026,2,14,Miami,Heat,MIA,Miami,15,Milwaukee,Bucks,MIL,Milwaukee,5.5,True,True,-5.5,4,4:24,4,24,False,False,2,2,416,416,264,264,264,264.0,264.0,264.0,4,4.0,2.0,,,2026-03-12,2026-03-12T23:30Z,
417,401810812613,613,16,Full Timeout,Bucks Full timeout,94,101,4,4th Quarter,4:24,False,0,15.0,,,,2026-03-13T01:39:27Z,False,,,0,Timeout,2026,2,14,Miami,Heat,MIA,Miami,15,Milwaukee,Bucks,MIL,Milwaukee,5.5,True,True,-5.5,4,4:24,4,24,False,True,2,2,417,417,264,264,264,264.0,264.0,264.0,4,4.0,2.0,,,2026-03-12,2026-03-12T23:30Z,
418,401810812616,616,584,Substitution,Jericho Sims enters the game for Cam Thomas,94,101,4,4th Quarter,4:24,False,0,15.0,4277922.0,4432174.0,,2026-03-13T01:41:43Z,False,,,0,Substitution,2026,2,14,Miami,Heat,MIA,Miami,15,Milwaukee,Bucks,MIL,Milwaukee,5.5,True,True,-5.5,4,4:24,4,24,False,False,2,2,418,418,264,264,264,248.0,248.0,248.0,4,4.0,2.0,,,2026-03-12,2026-03-12T23:30Z,
419,401810812618,618,128,Driving Finger Roll Layup,Giannis Antetokounmpo makes 1-foot two point shot,96,101,4,4th Quarter,4:08,True,2,15.0,3032977.0,,,2026-03-13T01:42:38Z,True,26.0,1.0,2,+2 Points,2026,2,14,Miami,Heat,MIA,Miami,15,Milwaukee,Bucks,MIL,Milwaukee,5.5,True,True,-5.5,4,4:08,4,8,False,False,2,2,419,419,248,248,248,222.0,222.0,222.0,4,4.0,2.0,-29.75,-10.0,2026-03-12,2026-03-12T23:30Z,
420,401810812619,619,144,Driving Floating Jump Shot,Davion Mitchell misses driving floating jump shot,96,101,4,4th Quarter,3:42,False,0,14.0,4278053.0,,,2026-03-13T01:43:03Z,True,15.0,11.0,2,Missed FG,2026,2,14,Miami,Heat,MIA,Miami,15,Milwaukee,Bucks,MIL,Milwaukee,5.5,True,True,-5.5,4,3:42,3,42,False,False,2,2,420,420,222,222,222,219.0,219.0,219.0,4,4.0,2.0,-55.88,0.0,2026-03-12,2026-03-12T23:30Z,
421,401810812620,620,155,Defensive Rebound,Jericho Sims defensive rebound,96,101,4,4th Quarter,3:39,False,0,15.0,4277922.0,,,2026-03-13T01:43:06Z,False,15.0,11.0,0,Rebound,2026,2,14,Miami,Heat,MIA,Miami,15,Milwaukee,Bucks,MIL,Milwaukee,5.5,True,True,-5.5,4,3:39,3,39,False,False,2,2,421,421,219,219,219,217.0,217.0,217.0,4,4.0,2.0,-55.88,0.0,2026-03-12,2026-03-12T23:30Z,
422,401810812621,621,44,Shooting Foul,Jaime Jaquez Jr. shooting foul,96,101,4,4th Quarter,3:37,False,0,14.0,4432848.0,,,2026-03-13T01:43:10Z,False,24.0,2.0,0,Foul,2026,2,14,Miami,Heat,MIA,Miami,15,Milwaukee,Bucks,MIL,Milwaukee,5.5,True,True,-5.5,4,3:37,3,37,False,False,2,2,422,422,217,217,217,217.0,217.0,217.0,4,4.0,2.0,-34.5,-9.0,2026-03-12,2026-03-12T23:30Z,
423,401810812623,623,98,Free Throw - 1 of 2,Giannis Antetokounmpo misses free throw 1 of 2,96,101,4,4th Quarter,3:37,False,0,15.0,3032977.0,,,2026-03-13T01:43:56Z,True,,,1,Missed FT,2026,2,14,Miami,Heat,MIA,Miami,15,Milwaukee,Bucks,MIL,Milwaukee,5.5,True,True,-5.5,4,3:37,3,37,False,False,2,2,423,423,217,217,217,217.0,217.0,217.0,4,4.0,2.0,,,2026-03-12,2026-03-12T23:30Z,
424,401810812624,624,156,Offensive Rebound,Bucks offensive team rebound,96,101,4,4th Quarter,3:37,False,0,15.0,,,,2026-03-13T01:43:56Z,False,,,0,Rebound,2026,2,14,Miami,Heat,MIA,Miami,15,Milwaukee,Bucks,MIL,Milwaukee,5.5,True,True,-5.5,4,3:37,3,37,False,False,2,2,424,424,217,217,217,217.0,217.0,217.0,4,4.0,2.0,,,2026-03-12,2026-03-12T23:30Z,
425,401810812625,625,99,Free Throw - 2 of 2,Giannis Antetokounmpo misses free throw 2 of 2,96,101,4,4th Quarter,3:37,False,0,15.0,3032977.0,,,2026-03-13T01:43:56Z,True,,,1,Missed FT,2026,2,14,Miami,Heat,MIA,Miami,15,Milwaukee,Bucks,MIL,Milwaukee,5.5,True,True,-5.5,4,3:37,3,37,False,False,2,2,425,425,217,217,217,214.0,214.0,214.0,4,4.0,2.0,,,2026-03-12,2026-03-12T23:30Z,
426,401810812626,626,155,Defensive Rebound,Jaime Jaquez Jr. defensive rebound,96,101,4,4th Quarter,3:34,False,0,14.0,4432848.0,,,2026-03-13T01:43:59Z,False,,,0,Rebound,2026,2,14,Miami,Heat,MIA,Miami,15,Milwaukee,Bucks,MIL,Milwaukee,5.5,True,True,-5.5,4,3:34,3,34,False,False,2,2,426,426,214,214,214,210.0,210.0,210.0,4,4.0,2.0,,,2026-03-12,2026-03-12T23:30Z,
427,401810812627,627,16,Full Timeout,Heat Full timeout,96,101,4,4th Quarter,3:30,False,0,14.0,,,,2026-03-13T01:44:34Z,False,,,0,Timeout,2026,2,14,Miami,Heat,MIA,Miami,15,Milwaukee,Bucks,MIL,Milwaukee,5.5,True,True,-5.5,4,3:30,3,30,True,False,2,2,427,427,210,210,210,204.0,204.0,204.0,4,4.0,2.0,,,2026-03-12,2026-03-12T23:30Z,
428,401810812629,629,45,Personal Foul,Bobby Portis personal foul,96,101,4,4th Quarter,3:24,False,0,15.0,3064482.0,,,2026-03-13T01:46:27Z,False,39.0,2.0,0,Foul,2026,2,14,Miami,Heat,MIA,Miami,15,Milwaukee,Bucks,MIL,Milwaukee,5.5,True,True,-5.5,4,3:24,3,24,False,False,2,2,428,428,204,204,204,204.0,204.0,204.0,4,4.0,2.0,1.12,-9.0,2026-03-12,2026-03-12T23:30Z,
429,401810812631,631,98,Free Throw - 1 of 2,Bam Adebayo makes free throw 1 of 2,96,102,4,4th Quarter,3:24,True,1,14.0,4066261.0,,,2026-03-13T01:46:47Z,True,,,1,+1 Point,2026,2,14,Miami,Heat,MIA,Miami,15,Milwaukee,Bucks,MIL,Milwaukee,5.5,True,True,-5.5,4,3:24,3,24,False,False,2,2,429,429,204,204,204,204.0,204.0,204.0,4,4.0,2.0,,,2026-03-12,2026-03-12T23:30Z,
430,401810812632,632,99,Free Throw - 2 of 2,Bam Adebayo makes free throw 2 of 2,96,103,4,4th Quarter,3:24,True,1,14.0,4066261.0,,,2026-03-13T01:47:03Z,True,,,1,+1 Point,2026,2,14,Miami,Heat,MIA,Miami,15,Milwaukee,Bucks,MIL,Milwaukee,5.5,True,True,-5.5,4,3:24,3,24,False,False,2,2,430,430,204,204,204,204.0,204.0,204.0,4,4.0,2.0,,,2026-03-12,2026-03-12T23:30Z,
431,401810812633,633,16,Full Timeout,Bucks Full timeout,96,103,4,4th Quarter,3:24,False,0,15.0,,,,2026-03-13T01:47:07Z,False,,,0,Timeout,2026,2,14,Miami,Heat,MIA,Miami,15,Milwaukee,Bucks,MIL,Milwaukee,5.5,True,True,-5.5,4,3:24,3,24,False,True,2,2,431,431,204,204,204,180.0,180.0,180.0,4,4.0,2.0,,,2026-03-12,2026-03-12T23:30Z,
432,401810812634,634,135,Fade Away Bank Jump Shot,Kevin Porter Jr. makes 15-foot two point shot,98,103,4,4th Quarter,3:00,True,2,15.0,4397140.0,,,2026-03-13T01:49:04Z,True,17.0,14.0,2,+2 Points,2026,2,14,Miami,Heat,MIA,Miami,15,Milwaukee,Bucks,MIL,Milwaukee,5.5,True,True,-5.5,4,3:00,3,0,False,False,2,2,432,432,180,180,180,158.0,158.0,158.0,4,4.0,2.0,-51.12,3.0,2026-03-12,2026-03-12T23:30Z,
433,401810812635,635,131,Pullup Jump Shot,Bam Adebayo misses 14-foot pullup jump shot,98,103,4,4th Quarter,2:38,False,0,14.0,4066261.0,,,2026-03-13T01:49:26Z,True,34.0,13.0,2,Missed FG,2026,2,14,Miami,Heat,MIA,Miami,15,Milwaukee,Bucks,MIL,Milwaukee,5.5,True,True,-5.5,4,2:38,2,38,False,False,2,2,433,433,158,158,158,155.0,155.0,155.0,4,4.0,2.0,-10.75,2.0,2026-03-12,2026-03-12T23:30Z,
434,401810812636,636,155,Defensive Rebound,Giannis Antetokounmpo defensive rebound,98,103,4,4th Quarter,2:35,False,0,15.0,3032977.0,,,2026-03-13T01:49:29Z,False,34.0,13.0,0,Rebound,2026,2,14,Miami,Heat,MIA,Miami,15,Milwaukee,Bucks,MIL,Milwaukee,5.5,True,True,-5.5,4,2:35,2,35,False,False,2,2,434,434,155,155,155,146.0,146.0,146.0,4,4.0,2.0,-10.75,2.0,2026-03-12,2026-03-12T23:30Z,
435,401810812637,637,95,Layup Shot,Jericho Sims makes layup,100,103,4,4th Quarter,2:26,True,2,15.0,4277922.0,,,2026-03-13T01:49:40Z,True,23.0,1.0,2,+2 Points,2026,2,14,Miami,Heat,MIA,Miami,15,Milwaukee,Bucks,MIL,Milwaukee,5.5,True,True,-5.5,4,2:26,2,26,False,False,2,2,435,435,146,146,146,146.0,146.0,146.0,4,4.0,2.0,-36.88,-10.0,2026-03-12,2026-03-12T23:30Z,
436,401810812639,639,44,Shooting Foul,Pelle Larsson shooting foul,100,103,4,4th Quarter,2:26,False,0,14.0,4601025.0,,,2026-03-13T01:49:50Z,False,23.0,1.0,0,Foul,2026,2,14,Miami,Heat,MIA,Miami,15,Milwaukee,Bucks,MIL,Milwaukee,5.5,True,True,-5.5,4,2:26,2,26,False,False,2,2,436,436,146,146,146,146.0,146.0,146.0,4,4.0,2.0,-36.88,-10.0,2026-03-12,2026-03-12T23:30Z,
437,401810812641,641,97,Free Throw - 1 of 1,Jericho Sims makes free throw 1 of 1,101,103,4,4th Quarter,2:26,True,1,15.0,4277922.0,,,2026-03-13T01:50:27Z,True,,,1,+1 Point,2026,2,14,Miami,Heat,MIA,Miami,15,Milwaukee,Bucks,MIL,Milwaukee,5.5,True,True,-5.5,4,2:26,2,26,False,False,2,2,437,437,146,146,146,136.0,136.0,136.0,4,4.0,2.0,,,2026-03-12,2026-03-12T23:30Z,
438,401810812642,642,110,Driving Layup Shot,Pelle Larsson makes driving layup,101,105,4,4th Quarter,2:16,True,2,14.0,4601025.0,,,2026-03-13T01:50:39Z,True,23.0,0.0,2,+2 Points,2026,2,14,Miami,Heat,MIA,Miami,15,Milwaukee,Bucks,MIL,Milwaukee,5.5,True,True,-5.5,4,2:16,2,16,False,False,2,2,438,438,136,136,136,115.0,115.0,115.0,4,4.0,2.0,-36.88,-11.0,2026-03-12,2026-03-12T23:30Z,
439,401810812643,643,63,Lost Ball Turnover,Kevin Porter Jr. lost ball turnover (Bam Adebayo steals),101,105,4,4th Quarter,1:55,False,0,15.0,4397140.0,4066261.0,,2026-03-13T01:50:59Z,False,27.0,13.0,0,Turnover,2026,2,14,Miami,Heat,MIA,Miami,15,Milwaukee,Bucks,MIL,Milwaukee,5.5,True,True,-5.5,4,1:55,1,55,False,False,2,2,439,439,115,115,115,113.0,113.0,113.0,4,4.0,2.0,-27.38,2.0,2026-03-12,2026-03-12T23:30Z,
440,401810812645,645,44,Shooting Foul,Bobby Portis shooting foul,101,105,4,4th Quarter,1:53,False,0,15.0,3064482.0,,,2026-03-13T01:51:03Z,False,28.0,2.0,0,Foul,2026,2,14,Miami,Heat,MIA,Miami,15,Milwaukee,Bucks,MIL,Milwaukee,5.5,True,True,-5.5,4,1:53,1,53,False,False,2,2,440,440,113,113,113,113.0,113.0,113.0,4,4.0,2.0,-25.0,-9.0,2026-03-12,2026-03-12T23:30Z,
441,401810812647,647,98,Free Throw - 1 of 2,Bam Adebayo makes free throw 1 of 2,101,106,4,4th Quarter,1:53,True,1,14.0,4066261.0,,,2026-03-13T01:51:32Z,True,,,1,+1 Point,2026,2,14,Miami,Heat,MIA,Miami,15,Milwaukee,Bucks,MIL,Milwaukee,5.5,True,True,-5.5,4,1:53,1,53,False,False,2,2,441,441,113,113,113,113.0,113.0,113.0,4,4.0,2.0,,,2026-03-12,2026-03-12T23:30Z,
442,401810812648,648,99,Free Throw - 2 of 2,Bam Adebayo makes free throw 2 of 2,101,107,4,4th Quarter,1:53,True,1,14.0,4066261.0,,,2026-03-13T01:51:32Z,True,,,1,+1 Point,2026,2,14,Miami,Heat,MIA,Miami,15,Milwaukee,Bucks,MIL,Milwaukee,5.5,True,True,-5.5,4,1:53,1,53,False,False,2,2,442,442,113,113,113,104.0,104.0,104.0,4,4.0,2.0,,,2026-03-12,2026-03-12T23:30Z,
443,401810812649,649,45,Personal Foul,Kasparas Jakucionis personal foul,101,107,4,4th Quarter,1:44,False,0,14.0,5214640.0,,,2026-03-13T01:52:03Z,False,14.0,13.0,0,Foul,2026,2,14,Miami,Heat,MIA,Miami,15,Milwaukee,Bucks,MIL,Milwaukee,5.5,True,True,-5.5,4,1:44,1,44,False,False,2,2,443,443,104,104,104,104.0,104.0,104.0,4,4.0,2.0,-58.25,2.0,2026-03-12,2026-03-12T23:30Z,
444,401810812651,651,98,Free Throw - 1 of 2,Ryan Rollins makes free throw 1 of 2,102,107,4,4th Quarter,1:44,True,1,15.0,4591725.0,,,2026-03-13T01:52:33Z,True,,,1,+1 Point,2026,2,14,Miami,Heat,MIA,Miami,15,Milwaukee,Bucks,MIL,Milwaukee,5.5,True,True,-5.5,4,1:44,1,44,False,False,2,2,444,444,104,104,104,104.0,104.0,104.0,4,4.0,2.0,,,2026-03-12,2026-03-12T23:30Z,
445,401810812652,652,99,Free Throw - 2 of 2,Ryan Rollins makes free throw 2 of 2,103,107,4,4th Quarter,1:44,True,1,15.0,4591725.0,,,2026-03-13T01:52:49Z,True,,,1,+1 Point,2026,2,14,Miami,Heat,MIA,Miami,15,Milwaukee,Bucks,MIL,Milwaukee,5.5,True,True,-5.5,4,1:44,1,44,False,False,2,2,445,445,104,104,104,93.0,93.0,93.0,4,4.0,2.0,,,2026-03-12,2026-03-12T23:30Z,
446,401810812653,653,131,Pullup Jump Shot,Pelle Larsson misses 26-foot three point pullup jump shot,103,107,4,4th Quarter,1:33,False,0,14.0,4601025.0,,,2026-03-13T01:53:02Z,True,17.0,26.0,3,Missed 3PT,2026,2,14,Miami,Heat,MIA,Miami,15,Milwaukee,Bucks,MIL,Milwaukee,5.5,True,True,-5.5,4,1:33,1,33,False,False,2,2,446,446,93,93,93,93.0,93.0,93.0,4,4.0,2.0,-51.12,15.0,2026-03-12,2026-03-12T23:30Z,
447,401810812654,654,156,Offensive Rebound,Heat offensive team rebound,103,107,4,4th Quarter,1:33,False,0,14.0,,,,2026-03-13T01:53:02Z,False,17.0,26.0,0,Rebound,2026,2,14,Miami,Heat,MIA,Miami,15,Milwaukee,Bucks,MIL,Milwaukee,5.5,True,True,-5.5,4,1:33,1,33,False,False,2,2,447,447,93,93,93,93.0,93.0,93.0,4,4.0,2.0,-51.12,15.0,2026-03-12,2026-03-12T23:30Z,
448,401810812655,655,43,Loose Ball Foul,Jericho Sims loose ball foul,103,107,4,4th Quarter,1:33,False,0,15.0,4277922.0,,,2026-03-13T01:53:11Z,False,26.0,8.0,0,Foul,2026,2,14,Miami,Heat,MIA,Miami,15,Milwaukee,Bucks,MIL,Milwaukee,5.5,True,True,-5.5,4,1:33,1,33,False,False,2,2,448,448,93,93,93,93.0,93.0,93.0,4,4.0,2.0,-29.75,-3.0,2026-03-12,2026-03-12T23:30Z,
449,401810812657,657,98,Free Throw - 1 of 2,Bam Adebayo misses free throw 1 of 2,103,107,4,4th Quarter,1:33,False,0,14.0,4066261.0,,,2026-03-13T01:53:29Z,True,,,1,Missed FT,2026,2,14,Miami,Heat,MIA,Miami,15,Milwaukee,Bucks,MIL,Milwaukee,5.5,True,True,-5.5,4,1:33,1,33,False,False,2,2,449,449,93,93,93,93.0,93.0,93.0,4,4.0,2.0,,,2026-03-12,2026-03-12T23:30Z,
450,401810812658,658,156,Offensive Rebound,Heat offensive team rebound,103,107,4,4th Quarter,1:33,False,0,14.0,,,,2026-03-13T01:53:29Z,False,,,0,Rebound,2026,2,14,Miami,Heat,MIA,Miami,15,Milwaukee,Bucks,MIL,Milwaukee,5.5,True,True,-5.5,4,1:33,1,33,False,False,2,2,450,450,93,93,93,93.0,93.0,93.0,4,4.0,2.0,,,2026-03-12,2026-03-12T23:30Z,
451,401810812659,659,99,Free Throw - 2 of 2,Bam Adebayo makes free throw 2 of 2,103,108,4,4th Quarter,1:33,True,1,14.0,4066261.0,,,2026-03-13T01:53:47Z,True,,,1,+1 Point,2026,2,14,Miami,Heat,MIA,Miami,15,Milwaukee,Bucks,MIL,Milwaukee,5.5,True,True,-5.5,4,1:33,1,33,False,False,2,2,451,451,93,93,93,83.0,83.0,83.0,4,4.0,2.0,,,2026-03-12,2026-03-12T23:30Z,
452,401810812660,660,110,Driving Layup Shot,Giannis Antetokounmpo makes driving layup,105,108,4,4th Quarter,1:23,True,2,15.0,3032977.0,,,2026-03-13T01:53:59Z,True,28.0,4.0,2,+2 Points,2026,2,14,Miami,Heat,MIA,Miami,15,Milwaukee,Bucks,MIL,Milwaukee,5.5,True,True,-5.5,4,1:23,1,23,False,False,2,2,452,452,83,83,83,62.0,62.0,62.0,4,4.0,2.0,-25.0,-7.0,2026-03-12,2026-03-12T23:30Z,
453,401810812661,661,92,Jump Shot,Jaime Jaquez Jr. misses 23-foot three point jumper,105,108,4,4th Quarter,1:02,False,0,14.0,4432848.0,,,2026-03-13T01:54:21Z,True,2.0,2.0,3,Missed 3PT,2026,2,14,Miami,Heat,MIA,Miami,15,Milwaukee,Bucks,MIL,Milwaukee,5.5,True,True,-5.5,4,1:02,1,2,False,False,2,2,453,453,62,62,62,0.0,0.0,0.0,4,4.0,2.0,-86.75,-9.0,2026-03-12,2026-03-12T23:30Z,
454,401810812662,662,155,Defensive Rebound,Bobby Portis defensive rebound,105,108,4,4th Quarter,58.5,False,0,15.0,3064482.0,,,2026-03-13T01:54:25Z,False,2.0,2.0,0,Rebound,2026,2,14,Miami,Heat,MIA,Miami,15,Milwaukee,Bucks,MIL,Milwaukee,5.5,True,True,-5.5,4,58.5,0,0,False,False,2,2,454,454,0,0,0,0.0,0.0,0.0,4,4.0,2.0,-86.75,-9.0,2026-03-12,2026-03-12T23:30Z,
455,401810812663,663,131,Pullup Jump Shot,Giannis Antetokounmpo misses 25-foot three point pullup jump shot,105,108,4,4th Quarter,51.9,False,0,15.0,3032977.0,,,2026-03-13T01:54:32Z,True,21.0,25.0,3,Missed 3PT,2026,2,14,Miami,Heat,MIA,Miami,15,Milwaukee,Bucks,MIL,Milwaukee,5.5,True,True,-5.5,4,51.9,0,0,False,False,2,2,455,455,0,0,0,0.0,0.0,0.0,4,4.0,2.0,-41.62,14.0,2026-03-12,2026-03-12T23:30Z,
456,401810812664,664,155,Defensive Rebound,Pelle Larsson defensive rebound,105,108,4,4th Quarter,49.2,False,0,14.0,4601025.0,,,2026-03-13T01:54:34Z,False,21.0,25.0,0,Rebound,2026,2,14,Miami,Heat,MIA,Miami,15,Milwaukee,Bucks,MIL,Milwaukee,5.5,True,True,-5.5,4,49.2,0,0,False,False,2,2,456,456,0,0,0,0.0,0.0,0.0,4,4.0,2.0,-41.62,14.0,2026-03-12,2026-03-12T23:30Z,
457,401810812665,665,92,Jump Shot,Pelle Larsson makes 25-foot three point jumper (Davion Mitchell assists),105,111,4,4th Quarter,27.9,True,3,14.0,4601025.0,4278053.0,,2026-03-13T01:54:56Z,True,45.0,16.0,3,+3 Points,2026,2,14,Miami,Heat,MIA,Miami,15,Milwaukee,Bucks,MIL,Milwaukee,5.5,True,True,-5.5,4,27.9,0,0,False,False,2,2,457,457,0,0,0,0.0,0.0,0.0,4,4.0,2.0,15.38,5.0,2026-03-12,2026-03-12T23:30Z,
458,401810812667,667,16,Full Timeout,Bucks Full timeout,105,111,4,4th Quarter,27.0,False,0,15.0,,,,2026-03-13T01:55:05Z,False,,,0,Timeout,2026,2,14,Miami,Heat,MIA,Miami,15,Milwaukee,Bucks,MIL,Milwaukee,5.5,True,True,-5.5,4,27.0,0,0,False,True,2,2,458,458,0,0,0,0.0,0.0,0.0,4,4.0,2.0,,,2026-03-12,2026-03-12T23:30Z,
459,401810812668,668,584,Substitution,AJ Green enters the game for Jericho Sims,105,111,4,4th Quarter,27.0,False,0,15.0,4397475.0,4277922.0,,2026-03-13T01:56:13Z,False,,,0,Substitution,2026,2,14,Miami,Heat,MIA,Miami,15,Milwaukee,Bucks,MIL,Milwaukee,5.5,True,True,-5.5,4,27.0,0,0,False,False,2,2,459,459,0,0,0,0.0,0.0,0.0,4,4.0,2.0,,,2026-03-12,2026-03-12T23:30Z,
460,401810812670,670,92,Jump Shot,Bobby Portis misses 25-foot three point jumper,105,111,4,4th Quarter,23.2,False,0,15.0,3064482.0,,,2026-03-13T01:57:02Z,True,46.0,14.0,3,Missed 3PT,2026,2,14,Miami,Heat,MIA,Miami,15,Milwaukee,Bucks,MIL,Milwaukee,5.5,True,True,-5.5,4,23.2,0,0,False,False,2,2,460,460,0,0,0,0.0,0.0,0.0,4,4.0,2.0,17.75,3.0,2026-03-12,2026-03-12T23:30Z,
461,401810812671,671,155,Defensive Rebound,Bam Adebayo defensive rebound,105,111,4,4th Quarter,18.8,False,0,14.0,4066261.0,,,2026-03-13T01:57:06Z,False,46.0,14.0,0,Rebound,2026,2,14,Miami,Heat,MIA,Miami,15,Milwaukee,Bucks,MIL,Milwaukee,5.5,True,True,-5.5,4,18.8,0,0,False,False,2,2,461,461,0,0,0,0.0,0.0,0.0,4,4.0,2.0,17.75,3.0,2026-03-12,2026-03-12T23:30Z,
462,401810812672,672,45,Personal Foul,Kevin Porter Jr. personal foul,105,111,4,4th Quarter,18.5,False,0,15.0,4397140.0,,,2026-03-13T01:57:08Z,False,10.0,5.0,0,Foul,2026,2,14,Miami,Heat,MIA,Miami,15,Milwaukee,Bucks,MIL,Milwaukee,5.5,True,True,-5.5,4,18.5,0,0,False,False,2,2,462,462,0,0,0,0.0,0.0,0.0,4,4.0,2.0,-67.75,-6.0,2026-03-12,2026-03-12T23:30Z,
463,401810812674,674,98,Free Throw - 1 of 2,Bam Adebayo makes free throw 1 of 2,105,112,4,4th Quarter,18.5,True,1,14.0,4066261.0,,,2026-03-13T01:57:47Z,True,,,1,+1 Point,2026,2,14,Miami,Heat,MIA,Miami,15,Milwaukee,Bucks,MIL,Milwaukee,5.5,True,True,-5.5,4,18.5,0,0,False,False,2,2,463,463,0,0,0,0.0,0.0,0.0,4,4.0,2.0,,,2026-03-12,2026-03-12T23:30Z,
464,401810812675,675,99,Free Throw - 2 of 2,Bam Adebayo misses free throw 2 of 2,105,112,4,4th Quarter,18.5,False,0,14.0,4066261.0,,,2026-03-13T01:57:47Z,True,,,1,Missed FT,2026,2,14,Miami,Heat,MIA,Miami,15,Milwaukee,Bucks,MIL,Milwaukee,5.5,True,True,-5.5,4,18.5,0,0,False,False,2,2,464,464,0,0,0,0.0,0.0,0.0,4,4.0,2.0,,,2026-03-12,2026-03-12T23:30Z,
465,401810812676,676,155,Defensive Rebound,Giannis Antetokounmpo defensive rebound,105,112,4,4th Quarter,16.2,False,0,15.0,3032977.0,,,2026-03-13T01:57:49Z,False,,,0,Rebound,2026,2,14,Miami,Heat,MIA,Miami,15,Milwaukee,Bucks,MIL,Milwaukee,5.5,True,True,-5.5,4,16.2,0,0,False,False,2,2,465,465,0,0,0,0.0,0.0,0.0,4,4.0,2.0,,,2026-03-12,2026-03-12T23:30Z,
466,401810812677,677,131,Pullup Jump Shot,Ryan Rollins misses 29-foot three point pullup jump shot,105,112,4,4th Quarter,11.7,False,0,15.0,4591725.0,,,2026-03-13T01:58:09Z,True,10.0,26.0,3,Missed 3PT,2026,2,14,Miami,Heat,MIA,Miami,15,Milwaukee,Bucks,MIL,Milwaukee,5.5,True,True,-5.5,4,11.7,0,0,False,False,2,2,466,466,0,0,0,0.0,0.0,0.0,4,4.0,2.0,-67.75,15.0,2026-03-12,2026-03-12T23:30Z,
467,401810812678,678,155,Defensive Rebound,Pelle Larsson defensive rebound,105,112,4,4th Quarter,7.3,False,0,14.0,4601025.0,,,2026-03-13T01:58:13Z,False,10.0,26.0,0,Rebound,2026,2,14,Miami,Heat,MIA,Miami,15,Milwaukee,Bucks,MIL,Milwaukee,5.5,True,True,-5.5,4,7.3,0,0,False,False,2,2,467,467,0,0,0,0.0,0.0,0.0,4,4.0,2.0,-67.75,15.0,2026-03-12,2026-03-12T23:30Z,
468,401810812679,679,412,End Period,End of the 4th Quarter,105,112,4,4th Quarter,0.0,False,0,,,,,2026-03-13T01:58:22Z,False,,,0,End of 4th,2026,2,14,Miami,Heat,MIA,Miami,15,Milwaukee,Bucks,MIL,Milwaukee,5.5,True,True,-5.5,4,0.0,0,0,False,False,2,2,468,468,0,0,0,0.0,0.0,0.0,4,4.0,2.0,,,2026-03-12,2026-03-12T23:30Z,
469,401810812680,680,402,End Game,End of Game,105,112,4,4th Quarter,0.0,False,0,,,,,2026-03-13T01:58:26Z,False,,,0,End of Game,2026,2,14,Miami,Heat,MIA,Miami,15,Milwaukee,Bucks,MIL,Milwaukee,5.5,True,True,-5.5,4,0.0,0,0,False,False,2,2,469,469,0,0,0,0.0,0.0,0.0,4,4.0,2.0,,,2026-03-12,2026-03-12T23:30Z,
